{
    "min_scaled_matching_probability": 0.08400713086142296,
    "scaled_matching_probabilities": {
        "(0, 10)": 0.6239466712176734,
        "(0, 11)": 0.33895679145543106,
        "(0, 12)": 0.7485042035721389,
        "(0, 13)": 6.891563697903953,
        "(0, 14)": 0.7571686744417575,
        "(0, 15)": 0.7054322660217022,
        "(0, 16)": 0.731207083533035,
        "(0, 17)": 0.6810922615338553,
        "(0, 18)": 0.6538670352461893,
        "(0, 19)": 39.3438220190727,
        "(10, 1)": 0.8078379396381826,
        "(10, 2)": 9.773666167479544,
        "(10, 3)": 138.41539300866174,
        "(10, 4)": 0.7597133932137425,
        "(10, 5)": 0.6093937112846529,
        "(10, 6)": 0.6524863437019875,
        "(10, 7)": 0.6151394351745288,
        "(10, 8)": 0.6817277291925823,
        "(10, 9)": 0.7758080291355307,
        "(11, 1)": 0.6884320842799758,
        "(11, 2)": 0.6264436412727236,
        "(11, 3)": 0.6024415475815184,
        "(11, 4)": 282.4908204582236,
        "(11, 5)": 6.91183122744777,
        "(11, 6)": 1.0755749435349378,
        "(11, 7)": 0.7113105611345077,
        "(11, 8)": 2.026490848699553,
        "(11, 9)": 1.944117486889515,
        "(12, 1)": 41.08340961979848,
        "(12, 2)": 0.6024557679257806,
        "(12, 3)": 0.6655761707369051,
        "(12, 4)": 0.6343759858874952,
        "(12, 5)": 130.2693069404873,
        "(12, 6)": 1.2630461106187636,
        "(12, 7)": 3.2462768919095244,
        "(12, 8)": 0.6717836743738685,
        "(12, 9)": 0.8132645794070669,
        "(13, 1)": 1.4127894807649712,
        "(13, 2)": 0.6821902929595965,
        "(13, 3)": 1.023951103018424,
        "(13, 4)": 1.455771076014638,
        "(13, 5)": 0.6827808320021652,
        "(13, 6)": 0.6486990351374884,
        "(13, 7)": 0.6788000666668175,
        "(13, 8)": 1.687742446793223,
        "(13, 9)": 4.277353866127943,
        "(14, 1)": 0.13277509548260621,
        "(14, 2)": 1.0947363370654586,
        "(14, 3)": 1.4436921806669865,
        "(14, 4)": 0.6366039930341981,
        "(14, 5)": 0.7252906635791577,
        "(14, 6)": 0.8878086890049283,
        "(14, 7)": 1.1386615272864742,
        "(14, 8)": 8.079028640737661,
        "(14, 9)": 0.7344243556628255,
        "(15, 1)": 12.587463668288244,
        "(15, 2)": 0.6926706443758381,
        "(15, 3)": 0.6757933349704109,
        "(15, 4)": 3.027477325921478,
        "(15, 5)": 0.6667287383118479,
        "(15, 6)": 0.745671036531609,
        "(15, 7)": 4.80405109581968,
        "(15, 8)": 2.5603500066344806,
        "(15, 9)": 8.662894309374652,
        "(16, 1)": 2.3495278221986657,
        "(16, 2)": 0.6425672758240629,
        "(16, 3)": 7.038497610799078,
        "(16, 4)": 0.6536070743328318,
        "(16, 5)": 0.557491316781219,
        "(16, 6)": 1.2211596498572534,
        "(16, 7)": 0.7111754484518426,
        "(16, 8)": 0.7089250970079145,
        "(16, 9)": 0.6999917702575574,
        "(17, 1)": 0.6635947885848775,
        "(17, 2)": 0.6718676905978412,
        "(17, 3)": 0.08400713086142296,
        "(17, 4)": 4.661289322988522,
        "(17, 5)": 550.0509994102445,
        "(17, 6)": 0.7646542659147603,
        "(17, 7)": 0.6975688071257502,
        "(17, 8)": 0.6819930050989698,
        "(17, 9)": 0.9184132107691183,
        "(18, 1)": 0.6297017292419294,
        "(18, 2)": 1.7986989996068317,
        "(18, 3)": 5.805254196083043,
        "(18, 4)": 1.3601278595380686,
        "(18, 5)": 0.6806449221403211,
        "(18, 6)": 0.5937791926318402,
        "(18, 7)": 0.7173737535326149,
        "(18, 8)": 1.0306515014277733,
        "(18, 9)": 0.6177326033047098,
        "(19, 1)": 0.7013113660958007,
        "(19, 2)": 0.6209189920889698,
        "(19, 3)": 0.6800222062310799,
        "(19, 4)": 0.6922405938815656,
        "(19, 5)": 0.7743706472829448,
        "(19, 6)": 0.7494968668482008,
        "(19, 7)": 0.6686554458543237,
        "(19, 8)": 9.334657046748754,
        "(19, 9)": 0.6773602476288069
    },
    "matching_probabilities": {
        "(0, 10)": 0.0008119365902537929,
        "(0, 11)": 0.0686014173799582,
        "(0, 12)": 0.000585177643859666,
        "(0, 13)": 0.04529370111330931,
        "(0, 14)": 0.02894805844975506,
        "(0, 15)": 0.003279229379153091,
        "(0, 16)": 0.08839388732419749,
        "(0, 17)": 0.10215403549665648,
        "(0, 18)": 0.30709947994563985,
        "(0, 19)": 0.19215790521158443,
        "(10, 1)": 0.006772262451948783,
        "(10, 2)": 0.06688183402379805,
        "(10, 3)": 0.22017677922731096,
        "(10, 4)": 0.11648827208461167,
        "(10, 5)": 0.008486704396329293,
        "(10, 6)": 0.1255323376032904,
        "(10, 7)": 0.03113400080835484,
        "(10, 8)": 0.22935899254273245,
        "(10, 9)": 0.1455856439354093,
        "(11, 1)": 0.42600286620235345,
        "(11, 2)": 0.027968178039010968,
        "(11, 3)": 9.921793058701476e-05,
        "(11, 4)": 0.09072479422691741,
        "(11, 5)": 0.049309685185773396,
        "(11, 6)": 0.018677551804331283,
        "(11, 7)": 0.001062705049316041,
        "(11, 8)": 0.037109927759748765,
        "(11, 9)": 0.17365353707587597,
        "(12, 1)": 0.0720020316807728,
        "(12, 2)": 0.09140019639779141,
        "(12, 3)": 0.3160101865711121,
        "(12, 4)": 0.006259632132021266,
        "(12, 5)": 0.024510923922444285,
        "(12, 6)": 0.052843133974960835,
        "(12, 7)": 0.13683464850233495,
        "(12, 8)": 0.1006989320736315,
        "(12, 9)": 0.0864455035902794,
        "(13, 1)": 0.13744003655319367,
        "(13, 2)": 0.000625697087672033,
        "(13, 3)": 0.0013322038945521514,
        "(13, 4)": 0.16714515900288537,
        "(13, 5)": 0.0018783148104438644,
        "(13, 6)": 0.2510831341283432,
        "(13, 7)": 0.18210345611204445,
        "(13, 8)": 0.007454612271673152,
        "(13, 9)": 0.10471743025843096,
        "(14, 1)": 0.021746362386103342,
        "(14, 2)": 0.040423836061987774,
        "(14, 3)": 0.1322985439539371,
        "(14, 4)": 0.15876997433184512,
        "(14, 5)": 0.06949514288404594,
        "(14, 6)": 0.007991296881517203,
        "(14, 7)": 0.015092780254640135,
        "(14, 8)": 0.08408526803786004,
        "(14, 9)": 0.2025644786247288,
        "(15, 1)": 0.21720733140745915,
        "(15, 2)": 0.03506112315112025,
        "(15, 3)": 0.1963287931531376,
        "(15, 4)": 0.03634448401353461,
        "(15, 5)": 0.341564098447423,
        "(15, 6)": 0.07090503607375484,
        "(15, 7)": 0.06205860291961922,
        "(15, 8)": 0.0014075780312713556,
        "(15, 9)": 0.018384718847970875,
        "(16, 1)": 0.03958596337913918,
        "(16, 2)": 0.0009180934612780012,
        "(16, 3)": 0.04731060624330208,
        "(16, 4)": 0.022992832846447063,
        "(16, 5)": 0.00011186466793244462,
        "(16, 6)": 0.15310080486948477,
        "(16, 7)": 0.36814863460604147,
        "(16, 8)": 0.029198531092684728,
        "(16, 9)": 0.07999995866913169,
        "(17, 1)": 0.005612709485554777,
        "(17, 2)": 0.4220468169704825,
        "(17, 3)": 0.00849394229841644,
        "(17, 4)": 0.13099549160390217,
        "(17, 5)": 0.16843181112696676,
        "(17, 6)": 0.012293146083581131,
        "(17, 7)": 0.0030929876329575863,
        "(17, 8)": 0.03726187730979026,
        "(17, 9)": 0.004300479698628787,
        "(18, 1)": 0.0004434644470703759,
        "(18, 2)": 0.11382167038293955,
        "(18, 3)": 0.03373456186247477,
        "(18, 4)": 0.014870933091664642,
        "(18, 5)": 0.0018294357987539104,
        "(18, 6)": 0.0017556678637975047,
        "(18, 7)": 0.000869668982178141,
        "(18, 8)": 0.38937084440595066,
        "(18, 9)": 0.037180554682232095,
        "(19, 1)": 0.046158804518280035,
        "(19, 2)": 0.009296545238437712,
        "(19, 3)": 0.01625068601884556,
        "(19, 4)": 0.2003174133346877,
        "(19, 5)": 0.2823100662971022,
        "(19, 6)": 0.07847862482212137,
        "(19, 7)": 0.051927608601656086,