{
    "min_scaled_matching_probability": 0.1302853881622326,
    "scaled_matching_probabilities": {
        "(0, 1)": 0.7687176843975936,
        "(0, 2)": 1.3736174270255996,
        "(0, 3)": 2.3288017693511414,
        "(1, 4)": 3.881830834399427,
        "(1, 5)": 0.9477054193034653,
        "(1, 6)": 6.493043536867487,
        "(2, 7)": 4.294847526315419,
        "(2, 8)": 1.1560044869978343,
        "(2, 9)": 1.4237340227289872,
        "(3, 10)": 0.6459910602981115,
        "(3, 11)": 4.47705602301084,
        "(3, 12)": 0.17278954016493467,
        "(4, 13)": 0.5740233028619067,
        "(4, 14)": 1.9963909056852742,
        "(4, 15)": 0.39732185004288784,
        "(5, 16)": 2.543033163782141,
        "(5, 17)": 0.46524551326836466,
        "(5, 18)": 0.22063267648674134,
        "(6, 19)": 0.6980221412441822,
        "(6, 20)": 1.2308144803751884,
        "(6, 21)": 2.234150663280905,
        "(7, 22)": 1.2780679494417506,
        "(7, 23)": 1.1550479995857326,
        "(7, 24)": 0.8210426129801754,
        "(8, 25)": 0.3941436621004988,
        "(8, 26)": 3.261762488758984,
        "(8, 27)": 0.446118116186179,
        "(9, 28)": 0.7673150344590227,
        "(9, 29)": 0.8306249978964456,
        "(9, 30)": 0.9290123679768753,
        "(10, 31)": 1.7060315619445887,
        "(10, 32)": 0.31018776271523457,
        "(10, 33)": 2.0489057580196444,
        "(11, 34)": 0.8859212171404776,
        "(11, 35)": 0.1302853881622326,
        "(11, 36)": 0.8837617283743854,
        "(12, 37)": 1.3153184988083315,
        "(12, 38)": 1.1123343165547772,
        "(12, 39)": 0.5148172160066218,
        "(13, 40)": 3.8122190692608897,
        "(13, 41)": 1.032967655636669,
        "(13, 42)": 2.43700330787658,
        "(14, 43)": 1.505038217010658,
        "(14, 44)": 1.640228020404929,
        "(14, 45)": 0.9285742606452471,
        "(15, 46)": 0.9837563927091055,
        "(15, 47)": 1.7756472849241982,
        "(15, 48)": 1.8603873133867466,
        "(16, 49)": 1.5478752219181058,
        "(16, 50)": 0.7127091599212366,
        "(16, 51)": 0.4349720211577977,
        "(17, 52)": 0.8186399418480799,
        "(17, 53)": 1.8655565376886476,
        "(17, 54)": 0.609296677565612,
        "(18, 55)": 1.083552865041302,
        "(18, 56)": 1.837017112462302,
        "(18, 57)": 0.4548568753995927,
        "(19, 58)": 1.2952264820095793,
        "(19, 59)": 2.1940431763291177,
        "(19, 60)": 2.46037378043152,
        "(20, 61)": 0.7945652178485847,
        "(20, 62)": 6.147112635389641,
        "(20, 63)": 0.40463102064750384,
        "(21, 64)": 0.8205952439277987,
        "(21, 65)": 0.6699114514690974,
        "(21, 66)": 5.409123182936993,
        "(22, 67)": 1.5237441296924055,
        "(22, 68)": 1.0995833519198224,
        "(22, 69)": 2.6571432748510895,
        "(23, 70)": 0.6273158604472707,
        "(23, 71)": 4.430782271972005,
        "(23, 72)": 0.5126131434066191,
        "(24, 73)": 1.5615426685640896,
        "(24, 74)": 0.801431287684503,
        "(24, 75)": 1.922751228110473,
        "(25, 76)": 2.018365737247372,
        "(25, 77)": 0.6397717228910444,
        "(25, 78)": 0.7895904490331983,
        "(26, 79)": 1.1620710849829476,
        "(26, 80)": 0.5417523387942145,
        "(26, 81)": 0.780405907741904,
        "(27, 82)": 0.9378773869569538,
        "(27, 83)": 1.7012917294842422,
        "(27, 84)": 1.6700784033678788,
        "(28, 85)": 9.71728071681903,
        "(28, 86)": 2.0783360893121174,
        "(28, 87)": 0.8504811955431856,
        "(29, 88)": 3.7108260292398185,
        "(29, 89)": 0.9541894725914495,
        "(29, 90)": 0.5328139208071475,
        "(30, 91)": 1.287649891975367,
        "(30, 92)": 1.3319337349897882,
        "(30, 93)": 3.262731811172086,
        "(31, 94)": 0.9532440662992833,
        "(31, 95)": 4.190584375694837,
        "(31, 96)": 0.8113399893984901,
        "(32, 97)": 0.5557034539276826,
        "(32, 98)": 0.4754968693406012,
        "(32, 99)": 1.9939299552611371,
        "(33, 100)": 1.5082012519030354,
        "(33, 101)": 0.4820011325342202,
        "(33, 102)": 0.7225472776812221,
        "(34, 103)": 1.712159690668455,
        "(34, 104)": 0.7489472887969317,
        "(34, 105)": 1.5401423105093441,
        "(35, 106)": 0.9871536743204696,
        "(35, 107)": 1.0720238672250053,
        "(35, 108)": 0.9176146201010442,
        "(36, 109)": 0.7171532442961001,
        "(36, 110)": 3.01522353164584,
        "(36, 111)": 2.073548956691574,
        "(37, 112)": 0.8704515929050688,
        "(37, 113)": 1.82090996259976,
        "(37, 114)": 2.7535488229160774,
        "(38, 115)": 1.8772910665445455,
        "(38, 116)": 1.236151172626791,
        "(38, 117)": 1.9493722981830308,
        "(39, 118)": 1.8819196667868037,
        "(39, 119)": 0.9156527708989644,
        "(39, 120)": 0.8500702969060402
    },
    "matching_probabilities": {
        "(0, 1)": 0.3190204664515074,
        "(0, 2)": 0.1705116103406536,
        "(0, 3)": 0.19583688970366805,
        "(1, 4)": 0.1189247579163991,
        "(1, 5)": 0.3639572235634036,
        "(1, 6)": 0.527057835164863,
        "(2, 7)": 0.606383174245885,
        "(2, 8)": 0.4773366200922277,
        "(2, 9)": 0.23551000258623594,
        "(3, 10)": 0.09476465567171971,
        "(3, 11)": 0.8052465073992143,
        "(3, 12)": 0.05222068201701714,
        "(4, 13)": 0.14395515371596662,
        "(4, 14)": 0.26698360427857953,
        "(4, 15)": 0.03351499964900398,
        "(5, 16)": 0.3103721543140737,
        "(5, 17)": 0.06402228973408326,
        "(5, 18)": 0.02299749981208622,
        "(6, 19)": 0.07662458922242837,
        "(6, 20)": 0.4426140284541404,
        "(6, 21)": 0.23842360479728342,
        "(7, 22)": 0.10783295868048864,
        "(7, 23)": 0.2715698357760233,
        "(7, 24)": 0.054218964243191066,
        "(8, 25)": 0.007966956675704889,
        "(8, 26)": 0.5917106081470702,
        "(8, 27)": 0.038557058308660144,
        "(9, 28)": 0.09702278026980127,
        "(9, 29)": 0.33136655177249824,
        "(9, 30)": 0.13062866525103567,
        "(10, 31)": 0.23355402948432785,
        "(10, 32)": 0.04080713236976312,
        "(10, 33)": 0.7303839119256815,
        "(11, 34)": 0.0223179028773458,
        "(11, 35)": 0.015916955702586878,
        "(11, 36)": 0.4775793261894691,
        "(12, 37)": 0.7289172775074858,
        "(12, 38)": 0.10097869185515157,
        "(12, 39)": 0.014658573809922106,
        "(13, 40)": 0.08763912179399602,
        "(13, 41)": 0.27005959696489257,
        "(13, 42)": 1.0184702987493004,
        "(14, 43)": 0.3305823696776655,
        "(14, 44)": 0.8695536500607627,
        "(14, 45)": 0.04422546001065623,
        "(15, 46)": 0.1804980934310875,
        "(15, 47)": 0.08216819652992356,
        "(15, 48)": 1.1421304199211086,
        "(16, 49)": 1.109752290404102,
        "(16, 50)": 0.03641663282522224,
        "(16, 51)": 0.030747728619952723,
        "(17, 52)": 0.018379346102953022,
        "(17, 53)": 1.4349855355803038,
        "(17, 54)": 0.032226273654421426,
        "(18, 55)": 0.06929964789324637,
        "(18, 56)": 1.2824007910106838,
        "(18, 57)": 0.04880654610784508,
        "(19, 58)": 0.6122341246250241,
        "(19, 59)": 0.1145184131161318,
        "(19, 60)": 0.6965971846582147,
        "(20, 61)": 0.33378290796534765,
        "(20, 62)": 0.2266009111801756,
        "(20, 63)": 0.06502695183109498,
        "(21, 64)": 0.36245769534695244,
        "(21, 65)": 0.18041257578143502,
        "(21, 66)": 0.5085520203606501,
        "(22, 67)": 0.1383227902642688,
        "(22, 68)": 0.5594228427987202,
        "(22, 69)": 0.6450606908809482,
        "(23, 70)": 0.12530756021038184,
        "(23, 71)": 0.785475083994674,
        "(23, 72)": 0.14281978642123533,
        "(24, 73)": 0.9716879454612745,
        "(24, 74)": 0.03254481005021953,
        "(24, 75)": 0.49379093247540295,
        "(25, 76)": 1.2909149896324401,
        "(25, 77)": 0.0477435691882116,