{
    "min_scaled_matching_probability": 0.5436776519737799,
    "scaled_matching_probabilities": {
        "(0, 1)": 0.6629362173280864,
        "(0, 2)": 0.6543865389608469,
        "(0, 3)": 0.7071092609141759,
        "(0, 4)": 0.6580786648429803,
        "(0, 5)": 0.7122093318428828,
        "(0, 6)": 0.6327706590483531,
        "(0, 7)": 0.7004180488603006,
        "(0, 8)": 0.6839355102836537,
        "(0, 9)": 0.6830436513804135,
        "(1, 2)": 0.7012072067842969,
        "(1, 3)": 0.7818399573916093,
        "(1, 4)": 0.704644469806795,
        "(1, 5)": 0.6845421349042905,
        "(1, 6)": 0.6674962313961706,
        "(1, 7)": 0.6930337381026863,
        "(1, 8)": 0.7829521748450126,
        "(1, 9)": 0.7213181775734914,
        "(2, 3)": 0.667072224816672,
        "(2, 4)": 0.732659210415824,
        "(2, 5)": 0.6683675929209489,
        "(2, 6)": 0.7429507753761109,
        "(2, 7)": 0.6816128464833695,
        "(2, 8)": 0.6964060718200449,
        "(2, 9)": 0.7031727880640306,
        "(3, 4)": 0.677632037912759,
        "(3, 5)": 0.6407777079546978,
        "(3, 6)": 0.5795207330253848,
        "(3, 7)": 0.6640739707759075,
        "(3, 8)": 0.6959495468483755,
        "(3, 9)": 0.6783230552763889,
        "(4, 5)": 0.779636541774055,
        "(4, 6)": 0.6528423469518327,
        "(4, 7)": 0.5436776519737799,
        "(4, 8)": 0.7278970826265598,
        "(4, 9)": 0.7355344631575379,
        "(5, 6)": 0.6357454298280681,
        "(5, 7)": 0.6693406219689692,
        "(5, 8)": 0.7264213674253873,
        "(5, 9)": 0.7021695416676536,
        "(6, 7)": 0.6044317527381738,
        "(6, 8)": 0.6937476709292862,
        "(6, 9)": 0.680847140458621,
        "(7, 8)": 0.6533518814332069,
        "(7, 9)": 0.7098082826500879,
        "(8, 9)": 0.7404469022938415
    },
    "matching_probabilities": {
        "(0, 1)": 0.035555603564381325,
        "(0, 2)": 0.04183766828600315,
        "(0, 3)": 0.08955861822118932,
        "(0, 4)": 0.019252992400326376,
        "(0, 5)": 0.05570671026374905,
        "(0, 6)": 0.018847144751110816,
        "(0, 7)": 0.003138271496534541,
        "(0, 8)": 0.3422319385749809,
        "(0, 9)": 0.06657136487519104,
        "(1, 2)": 0.0930871098326761,
        "(1, 3)": 0.0014732653748596631,
        "(1, 4)": 0.16647799385713669,
        "(1, 5)": 0.03450048647724884,
        "(1, 6)": 0.014283216886323205,
        "(1, 7)": 0.17529680087300284,
        "(1, 8)": 0.0016501298337786737,
        "(1, 9)": 0.17707838938209053,
        "(2, 3)": 0.1786584764061989,
        "(2, 4)": 0.002434890256969911,
        "(2, 5)": 0.06502315998979603,
        "(2, 6)": 0.057045118982388864,
        "(2, 7)": 0.16116156961976452,
        "(2, 8)": 0.002659701189742752,
        "(2, 9)": 0.0070566242360700715,
        "(3, 4)": 0.011534835392805214,
        "(3, 5)": 0.018721963971206786,
        "(3, 6)": 0.006232205124269094,
        "(3, 7)": 0.008216998722518553,
        "(3, 8)": 0.112883360249769,
        "(3, 9)": 0.17488487802756114,
        "(4, 5)": 0.09923474481638916,
        "(4, 6)": 0.2960258110071741,
        "(4, 7)": 0.00021769632817721064,
        "(4, 8)": 0.006974947777609151,
        "(4, 9)": 0.0885828083623731,
        "(5, 6)": 0.043236751399396124,
        "(5, 7)": 0.2947941100189826,
        "(5, 8)": 0.0014974580819677133,
        "(5, 9)": 0.06008999757734533,
        "(6, 7)": 0.001015226163723302,
        "(6, 8)": 0.18404995751409903,
        "(6, 9)": 0.034404346735193124,
        "(7, 8)": 0.0002625465423329851,
        "(7, 9)": 0.0359540302798867,
        "(8, 9)": 0.03832017080854448
    },
    "matching_counts": {
        "(0, 1)": 355.55603564381323,
        "(0, 2)": 418.3766828600315,
        "(0, 3)": 895.5861822118932,
        "(0, 4)": 192.52992400326377,
        "(0, 5)": 557.0671026374905,
        "(0, 6)": 188.47144751110815,
        "(0, 7)": 31.38271496534541,
        "(0, 8)": 3422.319385749809,
        "(0, 9)": 665.7136487519105,
        "(1, 2)": 930.871098326761,
        "(1, 3)": 14.732653748596631,
        "(1, 4)": 1664.779938571367,
        "(1, 5)": 345.0048647724884,
        "(1, 6)": 142.83216886323206,
        "(1, 7)": 1752.9680087300283,
        "(1, 8)": 16.501298337786736,
        "(1, 9)": 1770.7838938209052,
        "(2, 3)": 1786.5847640619888,
        "(2, 4)": 24.34890256969911,
        "(2, 5)": 650.2315998979603,
        "(2, 6)": 570.4511898238886,
        "(2, 7)": 1611.615696197645,
        "(2, 8)": 26.59701189742752,
        "(2, 9)": 70.56624236070071,
        "(3, 4)": 115.34835392805213,
        "(3, 5)": 187.21963971206787,
        "(3, 6)": 62.32205124269095,
        "(3, 7)": 82.16998722518554,
        "(3, 8)": 1128.83360249769,
        "(3, 9)": 1748.8487802756115,
        "(4, 5)": 992.3474481638916,
        "(4, 6)": 2960.258110071741,
        "(4, 7)": 2.1769632817721063,
        "(4, 8)": 69.74947777609151,
        "(4, 9)": 885.828083623731,
        "(5, 6)": 432.3675139939612,
        "(5, 7)": 2947.941100189826,
        "(5, 8)": 14.974580819677133,
        "(5, 9)": 600.8999757734533,
        "(6, 7)": 10.15226163723302,
        "(6, 8)": 1840.4995751409904,
        "(6, 9)": 344.0434673519312,
        "(7, 8)": 2.6254654233298513,
        "(7, 9)": 359.540302798867,
        "(8, 9)": 383.2017080854448
    },
    "average_num_matching_probability_capped": 0.0,
    "average_num_matching_probability_exceeds_one": 0.0,
    "average_num_proposal_matching_probability_exceeds_one": 0.0,
    "simulation_parameters": {
        "graph_file": "nonuniform_complete_10_order_0.json",
        "c_guarantee": 0.7,
        "experiment_name": "nonuniform_complete_10_order_0_mc_c70_r50_sim10000",
        "average_edge_weight": 0.1111111111111111,
        "r": 0.5,
        "num_sim_instances": 10000,
        "rounding_scheme_class": "SimulatedRecursiveRoundingScheme",
        "parallel": true
    }
}