{
    "min_scaled_matching_probability": 0.4377082318024433,
    "scaled_matching_probabilities": {
        "(0, 1)": 0.5019208975906307,
        "(0, 2)": 0.5036823618036176,
        "(0, 3)": 0.5317636499067018,
        "(1, 4)": 0.4377082318024433,
        "(1, 5)": 0.5137533157929339,
        "(1, 6)": 0.4971808251896074,
        "(2, 7)": 0.48760336590347897,
        "(2, 8)": 0.4828829655610912,
        "(2, 9)": 0.5234240522884737,
        "(3, 10)": 0.5123041121750251,
        "(3, 11)": 0.4669420624355048,
        "(3, 12)": 0.5046266892782502,
        "(4, 13)": 0.48111076546660053,
        "(4, 14)": 0.49599420208586414,
        "(4, 15)": 0.534723184943523,
        "(5, 16)": 0.49819535721990327,
        "(5, 17)": 0.5042493213168106,
        "(5, 18)": 0.5011650400494114,
        "(6, 19)": 0.5023300503000875,
        "(6, 20)": 0.48541062009178876,
        "(6, 21)": 0.4975526980244159,
        "(7, 22)": 0.5127762125064874,
        "(7, 23)": 0.4909926885556398,
        "(7, 24)": 0.5255482247534133,
        "(8, 25)": 0.5501831714012195,
        "(8, 26)": 0.4892996069973641,
        "(8, 27)": 0.5221281791303886,
        "(9, 28)": 0.47357257508525485,
        "(9, 29)": 0.47082683197192504,
        "(9, 30)": 0.5100149525555674,
        "(10, 31)": 0.4962156492207289,
        "(10, 32)": 0.46485150227447586,
        "(10, 33)": 0.49696037144750793,
        "(11, 34)": 0.4846647606176172,
        "(11, 35)": 0.5101859644570294,
        "(11, 36)": 0.503196273627797,
        "(12, 37)": 0.4766043848922526,
        "(12, 38)": 0.5042128723508973,
        "(12, 39)": 0.5486451421242332,
        "(13, 40)": 0.49583933070287695,
        "(13, 41)": 0.47635829762997633,
        "(13, 42)": 0.5223276671691672,
        "(14, 43)": 0.5063283182632846,
        "(14, 44)": 0.5091027255070605,
        "(14, 45)": 0.4866073344563446,
        "(15, 46)": 0.5158174121799513,
        "(15, 47)": 0.5347034395229059,
        "(15, 48)": 0.4923268996400746,
        "(16, 49)": 0.5078919460439948,
        "(16, 50)": 0.5252647831129051,
        "(16, 51)": 0.518288804273606,
        "(17, 52)": 0.4638500103470817,
        "(17, 53)": 0.5044284604822508,
        "(17, 54)": 0.48667719314500774,
        "(18, 55)": 0.48285602867080396,
        "(18, 56)": 0.4940340123987712,
        "(18, 57)": 0.53942162071109,
        "(19, 58)": 0.5028917021558073,
        "(19, 59)": 0.49792009291241235,
        "(19, 60)": 0.48965524665715215,
        "(20, 61)": 0.49013863104191263,
        "(20, 62)": 0.4791169519074123,
        "(20, 63)": 0.4948178184947725,
        "(21, 64)": 0.48443932702021103,
        "(21, 65)": 0.5046245221717013,
        "(21, 66)": 0.4940590374286351,
        "(22, 67)": 0.47288643332759,
        "(22, 68)": 0.5026886047385282,
        "(22, 69)": 0.5143473001156437,
        "(23, 70)": 0.5462829244263251,
        "(23, 71)": 0.5043247112287578,
        "(23, 72)": 0.4478635759975393,
        "(24, 73)": 0.49751088321604375,
        "(24, 74)": 0.5042681697991424,
        "(24, 75)": 0.48862579674552037,
        "(25, 76)": 0.494272328415351,
        "(25, 77)": 0.5343797830977132,
        "(25, 78)": 0.4931380004119297,
        "(26, 79)": 0.5195801643962952,
        "(26, 80)": 0.5149177073755155,
        "(26, 81)": 0.4902535263537615,
        "(27, 82)": 0.4962139103287624,
        "(27, 83)": 0.4985245848410221,
        "(27, 84)": 0.47141215011987847,
        "(28, 85)": 0.46975052648505733,
        "(28, 86)": 0.48706702082446485,
        "(28, 87)": 0.5154074717406788,
        "(29, 88)": 0.5187340144480751,
        "(29, 89)": 0.49633072036494685,
        "(29, 90)": 0.4881060377571318,
        "(30, 91)": 0.4996547943328698,
        "(30, 92)": 0.5268726845849248,
        "(30, 93)": 0.5101515360527523,
        "(31, 94)": 0.49012558052801825,
        "(31, 95)": 0.5253327775859026,
        "(31, 96)": 0.5074986591305835,
        "(32, 97)": 0.5161127836791713,
        "(32, 98)": 0.5309629214641438,
        "(32, 99)": 0.5188459975932684,
        "(33, 100)": 0.4981977949757624,
        "(33, 101)": 0.4929321562379763,
        "(33, 102)": 0.5121333011795228,
        "(34, 103)": 0.5125731040118093,
        "(34, 104)": 0.45034243094011034,
        "(34, 105)": 0.47714709847775,
        "(35, 106)": 0.5248712707759811,
        "(35, 107)": 0.5058301367367188,
        "(35, 108)": 0.5444359234480578,
        "(36, 109)": 0.5079364168158405,
        "(36, 110)": 0.47336447417635685,
        "(36, 111)": 0.531228558156419,
        "(37, 112)": 0.49235613505761433,
        "(37, 113)": 0.5071012670212169,
        "(37, 114)": 0.4974768724860872,
        "(38, 115)": 0.4978133729618879,
        "(38, 116)": 0.49366139413224464,
        "(38, 117)": 0.48338649065066625,
        "(39, 118)": 0.5037883294585872,
        "(39, 119)": 0.5010609884832802,
        "(39, 120)": 0.5091505478698266
    },
    "matching_probabilities": {
        "(0, 1)": 0.20829888803274102,
        "(0, 2)": 0.06252373398995757,
        "(0, 3)": 0.04471782039405366,
        "(1, 4)": 0.013409740848012558,
        "(1, 5)": 0.19730205885064628,
        "(1, 6)": 0.040357506910593595,
        "(2, 7)": 0.06884399853030186,
        "(2, 8)": 0.1993917197325504,
        "(2, 9)": 0.0865833069521453,
        "(3, 10)": 0.0751532424722229,
        "(3, 11)": 0.08398453425675745,
        "(3, 12)": 0.1525089415305209,
        "(4, 13)": 0.12065429025589992,
        "(4, 14)": 0.06633085704660999,
        "(4, 15)": 0.04510511403730251,
        "(5, 16)": 0.060803755331150504,
        "(5, 17)": 0.06938959157449838,
        "(5, 18)": 0.05223860353728309,
        "(6, 19)": 0.05514271179094463,
        "(6, 20)": 0.17455884167673788,
        "(6, 21)": 0.053097720663738426,
        "(7, 22)": 0.04326387823096695,
        "(7, 23)": 0.11544005430606027,
        "(7, 24)": 0.034705482949964596,
        "(8, 25)": 0.011121035073596547,
        "(8, 26)": 0.08876298290274624,
        "(8, 27)": 0.045126449513929495,
        "(9, 28)": 0.05988065635478486,
        "(9, 29)": 0.18782996440947092,
        "(9, 30)": 0.07171333214377873,
        "(10, 31)": 0.06793143043413823,
        "(10, 32)": 0.06115411072168038,
        "(10, 33)": 0.1771540046432875,
        "(11, 34)": 0.01220955187239958,
        "(11, 35)": 0.062329379456061824,
        "(11, 36)": 0.27192412794595533,
        "(12, 37)": 0.26412246995578414,
        "(12, 38)": 0.04577288995651948,
        "(12, 39)": 0.015621768389306996,
        "(13, 40)": 0.011398852664085727,
        "(13, 41)": 0.12453935916274493,
        "(13, 42)": 0.21829072349119205,
        "(14, 43)": 0.1112152591173693,
        "(14, 44)": 0.2698967019910183,
        "(14, 45)": 0.023175780465783082,
        "(15, 46)": 0.09464137681549914,
        "(15, 47)": 0.024743437323938928,
        "(15, 48)": 0.30224971143279444,
        "(16, 49)": 0.3641341643169867,
        "(16, 50)": 0.026838962957564053,
        "(16, 51)": 0.03663730705746554,
        "(17, 52)": 0.01041393101438659,
        "(17, 53)": 0.38800622222036213,
        "(17, 54)": 0.02574081393373071,
        "(18, 55)": 0.030881513814042215,
        "(18, 56)": 0.34487953541008043,
        "(18, 57)": 0.05788041827371685,
        "(19, 58)": 0.2377093622829987,
        "(19, 59)": 0.025989014033155435,
        "(19, 60)": 0.13863440953051953,
        "(20, 61)": 0.20589863978478407,
        "(20, 62)": 0.01766168025603557,
        "(20, 63)": 0.07952058247273576,
        "(21, 64)": 0.21397730891872407,
        "(21, 65)": 0.1358994679786753,
        "(21, 66)": 0.046450175594882015,
        "(22, 67)": 0.042927791918184265,
        "(22, 68)": 0.2557473135750557,
        "(22, 69)": 0.12486538754066291,
        "(23, 70)": 0.10912107402425397,
        "(23, 71)": 0.08940509160624834,
        "(23, 72)": 0.12477982879007336,
        "(24, 73)": 0.309581888275492,
        "(24, 74)": 0.020477503252837228,
        "(24, 75)": 0.1254863261970801,