{
    "min_scaled_matching_probability": 0.35669010202193635,
    "scaled_matching_probabilities": {
        "(0, 10)": 0.5898574940166338,
        "(0, 11)": 0.7959352107992717,
        "(0, 12)": 0.4937111393460961,
        "(0, 13)": 0.5342253814521233,
        "(0, 14)": 0.6746693447239912,
        "(0, 15)": 0.4764699800979592,
        "(0, 16)": 0.49134889220647465,
        "(0, 17)": 0.5224994433081482,
        "(0, 18)": 0.5693647321050552,
        "(0, 19)": 6.322882449305518,
        "(10, 1)": 3.234047363032853,
        "(10, 2)": 0.5038130789894264,
        "(10, 3)": 0.4140389855045185,
        "(10, 4)": 0.7132278939250762,
        "(10, 5)": 0.8041766550978311,
        "(10, 6)": 0.5469341857989736,
        "(10, 7)": 0.7731135572411212,
        "(10, 8)": 0.5194034262771107,
        "(10, 9)": 0.5304556453728324,
        "(11, 1)": 0.5004498710462869,
        "(11, 2)": 0.42778742235278555,
        "(11, 3)": 0.6435608855881254,
        "(11, 4)": 0.6653359774875032,
        "(11, 5)": 0.4596721758489957,
        "(11, 6)": 2.389228909685935,
        "(11, 7)": 0.47091580411851847,
        "(11, 8)": 0.6217769018346045,
        "(11, 9)": 0.7079269789072928,
        "(12, 1)": 0.6272037388640063,
        "(12, 2)": 0.470705486615625,
        "(12, 3)": 0.5629118457754431,
        "(12, 4)": 0.4148662282144317,
        "(12, 5)": 0.7471693540340385,
        "(12, 6)": 1.8856834395049655,
        "(12, 7)": 0.5049448301042432,
        "(12, 8)": 0.5154041455371681,
        "(12, 9)": 0.48768342542588067,
        "(13, 1)": 0.45357253142632115,
        "(13, 2)": 0.6117631737402587,
        "(13, 3)": 0.5394304302648538,
        "(13, 4)": 0.889195342791137,
        "(13, 5)": 2.3095576151390063,
        "(13, 6)": 0.49890127259996253,
        "(13, 7)": 0.5581669094123678,
        "(13, 8)": 1.2793270800586987,
        "(13, 9)": 0.5586969964807613,
        "(14, 1)": 0.7109426839452574,
        "(14, 2)": 0.486285594087281,
        "(14, 3)": 1.2870610621306786,
        "(14, 4)": 0.5312674329439553,
        "(14, 5)": 0.6938733439157274,
        "(14, 6)": 0.35669010202193635,
        "(14, 7)": 0.7535735813473005,
        "(14, 8)": 0.6728209074791897,
        "(14, 9)": 0.5250401904532858,
        "(15, 1)": 1.2311438116314464,
        "(15, 2)": 0.5555101112980287,
        "(15, 3)": 0.5026770745267934,
        "(15, 4)": 1.1768036273185223,
        "(15, 5)": 0.5250766607360867,
        "(15, 6)": 0.7434664495404453,
        "(15, 7)": 1.2551750551735568,
        "(15, 8)": 1.36922713024609,
        "(15, 9)": 0.5503663999857968,
        "(16, 1)": 0.47931649634927276,
        "(16, 2)": 0.5338993126935451,
        "(16, 3)": 0.5275207156324885,
        "(16, 4)": 0.50493101837675,
        "(16, 5)": 1.058108445810057,
        "(16, 6)": 0.7453951331836688,
        "(16, 7)": 0.5160983827608238,
        "(16, 8)": 0.7756314479304726,
        "(16, 9)": 0.7744187715582149,
        "(17, 1)": 1.2483860629858439,
        "(17, 2)": 0.5119484013252183,
        "(17, 3)": 0.5336537721849789,
        "(17, 4)": 0.5437137927639429,
        "(17, 5)": 0.5456201119572042,
        "(17, 6)": 0.6254293748091261,
        "(17, 7)": 0.4772912144191063,
        "(17, 8)": 0.5488620822159611,
        "(17, 9)": 0.5790745428783246,
        "(18, 1)": 0.5449021017663308,
        "(18, 2)": 0.5063025911641468,
        "(18, 3)": 0.6262404314868925,
        "(18, 4)": 0.6435297422557991,
        "(18, 5)": 0.47789495061582804,
        "(18, 6)": 0.5843635250079658,
        "(18, 7)": 0.4425814072546369,
        "(18, 8)": 0.5063897366426784,
        "(18, 9)": 0.5285291231165301,
        "(19, 1)": 0.737368026576124,
        "(19, 2)": 0.4858995221302076,
        "(19, 3)": 0.5181855162359401,
        "(19, 4)": 0.4831893108007391,
        "(19, 5)": 0.5093979855003439,
        "(19, 6)": 0.723435906623938,
        "(19, 7)": 1.2051570487978636,
        "(19, 8)": 1.1686461100662815,
        "(19, 9)": 1.0095389397870163
    },
    "matching_probabilities": {
        "(0, 10)": 0.0007675766287731851,
        "(0, 11)": 0.16108921543950072,
        "(0, 12)": 0.0003859814278811535,
        "(0, 13)": 0.0035111109488831366,
        "(0, 14)": 0.02579394563533326,
        "(0, 15)": 0.002214889270423092,
        "(0, 16)": 0.05939800036497618,
        "(0, 17)": 0.0783673955691107,
        "(0, 18)": 0.2674115740718098,
        "(0, 19)": 0.030881388335089792,
        "(10, 1)": 0.027111647584044926,
        "(10, 2)": 0.003447625706728948,
        "(10, 3)": 0.0006586100600619143,
        "(10, 4)": 0.10936056374420638,
        "(10, 5)": 0.011199343589970562,
        "(10, 6)": 0.10522507868740301,
        "(10, 7)": 0.03912953184226584,
        "(10, 8)": 0.17474695757975886,
        "(10, 9)": 0.09954360332778368,
        "(11, 1)": 0.30967917435064474,
        "(11, 2)": 0.019098980343873497,
        "(11, 3)": 0.00010598999941344557,
        "(11, 4)": 0.00021367940222413506,
        "(11, 5)": 0.0032793466064047825,
        "(11, 6)": 0.04148938853707636,
        "(11, 7)": 0.0007035528926230015,
        "(11, 8)": 0.011386232474017715,
        "(11, 9)": 0.06323384502619663,
        "(12, 1)": 0.0010992257919659697,
        "(12, 2)": 0.07141200435396323,
        "(12, 3)": 0.2672659948291676,
        "(12, 4)": 0.004093644826401229,
        "(12, 5)": 0.00014058423756162843,
        "(12, 6)": 0.07889294127140756,
        "(12, 7)": 0.02128405882830991,
        "(12, 8)": 0.07725797607435016,
        "(12, 9)": 0.05183803693296125,
        "(13, 1)": 0.04412478019372283,
        "(13, 2)": 0.0005611021442325774,
        "(13, 3)": 0.0007018219111443748,
        "(13, 4)": 0.10209345370587326,
        "(13, 5)": 0.0063535413865795955,
        "(13, 6)": 0.19310294660522825,
        "(13, 7)": 0.1497408858406339,
        "(13, 8)": 0.005650676955248603,
        "(13, 9)": 0.013677922284585413,
        "(14, 1)": 0.11644064110537843,
        "(14, 2)": 0.017956405089635002,
        "(14, 3)": 0.11794502095386344,
        "(14, 4)": 0.13249888096024842,
        "(14, 5)": 0.06648483097920292,
        "(14, 6)": 0.0032106201879492195,
        "(14, 7)": 0.009988499827583566,
        "(14, 8)": 0.007002614901201579,
        "(14, 9)": 0.14481340605896997,
        "(15, 1)": 0.021244427706033596,
        "(15, 2)": 0.028118426242046315,
        "(15, 3)": 0.14603574536868763,
        "(15, 4)": 0.014127379337888024,
        "(15, 5)": 0.26899595882759003,
        "(15, 6)": 0.07069540432935548,
        "(15, 7)": 0.016214317622767992,
        "(15, 8)": 0.0007527463133403787,
        "(15, 9)": 0.0011680081928460199,
        "(16, 1)": 0.008075752537266714,
        "(16, 2)": 0.0007628298022742334,
        "(16, 3)": 0.003545831261515508,
        "(16, 4)": 0.017762651232582784,
        "(16, 5)": 0.00021231711842699074,
        "(16, 6)": 0.09345264138850029,
        "(16, 7)": 0.26716461507409506,
        "(16, 8)": 0.03194596868476945,
        "(16, 9)": 0.08850599728402743,
        "(17, 1)": 0.010558895907391256,
        "(17, 2)": 0.32159039087022556,
        "(17, 3)": 0.05395761409526971,
        "(17, 4)": 0.015279904472711544,
        "(17, 5)": 0.00016707502348470177,
        "(17, 6)": 0.010054864024453736,
        "(17, 7)": 0.002116287036400525,
        "(17, 8)": 0.029988037142051404,
        "(17, 9)": 0.002711522750805706,
        "(18, 1)": 0.0003837447128471398,
        "(18, 2)": 0.0320388273180284,
        "(18, 3)": 0.0036391079293360998,
        "(18, 4)": 0.007036020674433019,
        "(18, 5)": 0.001284484908740842,
        "(18, 6)": 0.0017278279103795271,
        "(18, 7)": 0.0005365394539216442,
        "(18, 8)": 0.19130947665813333,
        "(18, 9)": 0.03181150850393605,
        "(19, 1)": 0.04853197629782579,
        "(19, 2)": 0.007275001967038375,
        "(19, 3)": 0.012383228145644035,
        "(19, 4)": 0.13982311026841399,
        "(19, 5)": 0.1857097496693554,
        "(19, 6)": 0.07574982312806654,