{
    "min_scaled_matching_probability": 0.21372189121369892,
    "scaled_matching_probabilities": {
        "(0, 10)": 0.6142966552945667,
        "(0, 11)": 1.1055105333331614,
        "(0, 12)": 0.9366129996220086,
        "(0, 13)": 1.1102980667490574,
        "(0, 14)": 1.042232932909796,
        "(0, 15)": 0.9408125572594673,
        "(0, 16)": 0.21372189121369892,
        "(0, 17)": 0.849642713565595,
        "(0, 18)": 1.1600746239864808,
        "(0, 19)": 0.9102295049836817,
        "(10, 1)": 1.314892220918659,
        "(10, 2)": 0.9932906152235251,
        "(10, 3)": 1.4818534721031162,
        "(10, 4)": 0.9739082505495675,
        "(10, 5)": 0.8262914823572951,
        "(10, 6)": 1.1118892316393347,
        "(10, 7)": 0.735374127017713,
        "(10, 8)": 1.0713840671101837,
        "(10, 9)": 0.9328750614177657,
        "(11, 1)": 1.0012055838535503,
        "(11, 2)": 0.9537828021918896,
        "(11, 3)": 1.2801955031086794,
        "(11, 4)": 1.0148182198407416,
        "(11, 5)": 0.9994557508600587,
        "(11, 6)": 1.120396038461635,
        "(11, 7)": 0.7031655305698938,
        "(11, 8)": 1.070552367359235,
        "(11, 9)": 1.0912273410440685,
        "(12, 1)": 1.2042753679473401,
        "(12, 2)": 0.9950763437675992,
        "(12, 3)": 1.0413819567174165,
        "(12, 4)": 1.3792197068938603,
        "(12, 5)": 0.7711868241028592,
        "(12, 6)": 1.0222430277843393,
        "(12, 7)": 1.1162761906275127,
        "(12, 8)": 0.6499695794660104,
        "(12, 9)": 1.3737499584650747,
        "(13, 1)": 0.9093811743731026,
        "(13, 2)": 0.8590226823182566,
        "(13, 3)": 1.273696196450856,
        "(13, 4)": 0.5037368837438552,
        "(13, 5)": 1.2804140065197311,
        "(13, 6)": 1.0725594880189817,
        "(13, 7)": 1.1957006535061805,
        "(13, 8)": 1.0756904331602246,
        "(13, 9)": 1.135410943692722,
        "(14, 1)": 0.6216977799603443,
        "(14, 2)": 0.9200158810131893,
        "(14, 3)": 1.2387980159534064,
        "(14, 4)": 1.050175364427788,
        "(14, 5)": 1.4127294003154565,
        "(14, 6)": 0.9860145722924862,
        "(14, 7)": 0.9273124179269218,
        "(14, 8)": 1.1495794605189271,
        "(14, 9)": 0.6897324987460649,
        "(15, 1)": 0.8722877711291016,
        "(15, 2)": 1.0198275350626531,
        "(15, 3)": 0.3073270426076333,
        "(15, 4)": 0.9683145728926833,
        "(15, 5)": 1.0342587334721531,
        "(15, 6)": 1.3069994697831504,
        "(15, 7)": 1.6898480712859083,
        "(15, 8)": 0.8384754967511706,
        "(15, 9)": 0.887253988776583,
        "(16, 1)": 1.0761619860598333,
        "(16, 2)": 0.7932399171339168,
        "(16, 3)": 1.4107682265320671,
        "(16, 4)": 1.093383427618762,
        "(16, 5)": 1.0560093935056885,
        "(16, 6)": 1.0532625088673837,
        "(16, 7)": 1.0472885201988356,
        "(16, 8)": 1.21945425101286,
        "(16, 9)": 1.181797483151466,
        "(17, 1)": 0.8404120462339068,
        "(17, 2)": 0.8621975068999966,
        "(17, 3)": 1.1674763211608015,
        "(17, 4)": 1.1275579453551183,
        "(17, 5)": 1.0840758862920523,
        "(17, 6)": 0.9309580091730333,
        "(17, 7)": 1.1812320678958002,
        "(17, 8)": 0.8327727261504516,
        "(17, 9)": 0.9202287378485148,
        "(18, 1)": 0.9714898643135284,
        "(18, 2)": 0.975056639382978,
        "(18, 3)": 1.02672603110442,
        "(18, 4)": 0.8740628825463319,
        "(18, 5)": 1.2058923689425112,
        "(18, 6)": 1.2791442861014901,
        "(18, 7)": 0.9469371671754474,
        "(18, 8)": 0.5703791631412429,
        "(18, 9)": 1.0468304116451876,
        "(19, 1)": 0.811859804912387,
        "(19, 2)": 0.9997812918508073,
        "(19, 3)": 0.8097017714966428,
        "(19, 4)": 1.205395438796512,
        "(19, 5)": 0.967155600090339,
        "(19, 6)": 0.26021977728964707,
        "(19, 7)": 0.34497395945925985,
        "(19, 8)": 1.0032091442120254,
        "(19, 9)": 1.004274204533344
    },
    "matching_probabilities": {
        "(0, 10)": 0.000799379105157813,
        "(0, 11)": 0.22374412145419556,
        "(0, 12)": 0.0007322403611248634,
        "(0, 13)": 0.007297256614970033,
        "(0, 14)": 0.03984662979140876,
        "(0, 15)": 0.004373403835693678,
        "(0, 16)": 0.025836331726133494,
        "(0, 17)": 0.12743417716358976,
        "(0, 18)": 0.5448482558694003,
        "(0, 19)": 0.0044456228694469925,
        "(10, 1)": 0.011022997038335796,
        "(10, 2)": 0.006797152360884041,
        "(10, 3)": 0.0023571780398301133,
        "(10, 4)": 0.14933116921310843,
        "(10, 5)": 0.011507325110375994,
        "(10, 6)": 0.21391720416965868,
        "(10, 7)": 0.0372194292152914,
        "(10, 8)": 0.3604541222780596,
        "(10, 9)": 0.17506033893349132,
        "(11, 1)": 0.6195476040683118,
        "(11, 2)": 0.04258254927459035,
        "(11, 3)": 0.00021083929067501462,
        "(11, 4)": 0.00032591917154488093,
        "(11, 5)": 0.007130215829968726,
        "(11, 6)": 0.019455878156625157,
        "(11, 7)": 0.001050536292684559,
        "(11, 8)": 0.019604392016486873,
        "(11, 9)": 0.09747121190159574,
        "(12, 1)": 0.0021105909659828283,
        "(12, 2)": 0.15096572743305425,
        "(12, 3)": 0.4944397364312268,
        "(12, 4)": 0.013609291944290069,
        "(12, 5)": 0.00014510326353553175,
        "(12, 6)": 0.04276845066702584,
        "(12, 7)": 0.04705244354131276,
        "(12, 8)": 0.09742904602970295,
        "(12, 9)": 0.14602198346474166,
        "(13, 1)": 0.08846709545073243,
        "(13, 2)": 0.0007878857206233869,
        "(13, 3)": 0.0016571328732262341,
        "(13, 4)": 0.057836828136114196,
        "(13, 5)": 0.0035223903179785678,
        "(13, 6)": 0.4151410487820751,
        "(13, 7)": 0.32077371846485364,
        "(13, 8)": 0.004751231515681648,
        "(13, 9)": 0.02779693241009147,
        "(14, 1)": 0.10182380339108614,
        "(14, 2)": 0.03397217201010717,
        "(14, 3)": 0.1135222424547205,
        "(14, 4)": 0.26191528403620773,
        "(14, 5)": 0.1353634293966065,
        "(14, 6)": 0.00887526251350726,
        "(14, 7)": 0.012291380902736763,
        "(14, 8)": 0.011964643445022701,
        "(14, 9)": 0.19023784127220775,
        "(15, 1)": 0.01505206322570289,
        "(15, 2)": 0.051620924157908976,
        "(15, 3)": 0.08928343068243097,
        "(15, 4)": 0.011624494496869272,
        "(15, 5)": 0.5298491448775038,
        "(15, 6)": 0.1242811374093438,
        "(15, 7)": 0.02182941196059936,
        "(15, 8)": 0.00046096029290060053,
        "(15, 9)": 0.0018829636548544815,
        "(16, 1)": 0.0181316895112656,
        "(16, 2)": 0.001133372968941473,
        "(16, 3)": 0.009482748131307919,
        "(16, 4)": 0.03846344902856985,
        "(16, 5)": 0.0002118959283888091,
        "(16, 6)": 0.13205098765366108,
        "(16, 7)": 0.542141660808319,
        "(16, 8)": 0.050225719211500916,
        "(16, 9)": 0.13506408764293668,
        "(17, 1)": 0.007108236449129707,
        "(17, 2)": 0.5416062097929351,
        "(17, 3)": 0.11804327091072109,
        "(17, 4)": 0.031687586229678724,
        "(17, 5)": 0.0003319562460990255,
        "(17, 6)": 0.01496676774666647,
        "(17, 7)": 0.005237528026387232,
        "(17, 8)": 0.045499990347048457,
        "(17, 9)": 0.00430898092362828,
        "(18, 1)": 0.0006841671151688282,
        "(18, 2)": 0.06170158288674492,
        "(18, 3)": 0.0059663455969723375,
        "(18, 4)": 0.009556550550084683,
        "(18, 5)": 0.003241194633834027,
        "(18, 6)": 0.003782134072961727,
        "(18, 7)": 0.0011479676783668147,
        "(18, 8)": 0.2154841050308497,
        "(18, 9)": 0.06300741640472951,
        "(19, 1)": 0.05343486480166463,
        "(19, 2)": 0.014968960728621007,
        "(19, 3)": 0.019349675844296848,
        "(19, 4)": 0.34881181265492134,
        "(19, 5)": 0.3525931187334285,
        "(19, 6)": 0.02724719898975414,
        "(19, 7)": 0.026790588270280493,