{
    "min_scaled_matching_probability": 0.4661155757246293,
    "scaled_matching_probabilities": {
        "(0, 10)": 0.8362994985311184,
        "(0, 11)": 0.9415947137377464,
        "(0, 12)": 0.8281965666000728,
        "(0, 13)": 0.7910244273871184,
        "(0, 14)": 0.9489544897213598,
        "(0, 15)": 0.7697613206578238,
        "(0, 16)": 0.9459767667521407,
        "(0, 17)": 0.9395689044375884,
        "(0, 18)": 0.6822012731065871,
        "(0, 19)": 0.8268147623726027,
        "(10, 1)": 0.9298863021095288,
        "(10, 2)": 0.9365221887096686,
        "(10, 3)": 1.01004880734447,
        "(10, 4)": 0.8113711192845678,
        "(10, 5)": 1.032482624451592,
        "(10, 6)": 0.9166051765853842,
        "(10, 7)": 0.8337847366369077,
        "(10, 8)": 0.7962425157005063,
        "(10, 9)": 0.8686537968680503,
        "(11, 1)": 0.8117994191383281,
        "(11, 2)": 0.9690825038924763,
        "(11, 3)": 0.780966652379137,
        "(11, 4)": 0.8178900050419204,
        "(11, 5)": 1.03453163390143,
        "(11, 6)": 0.8455678156964389,
        "(11, 7)": 0.809126839350678,
        "(11, 8)": 0.9479845664744267,
        "(11, 9)": 0.9256320110026613,
        "(12, 1)": 0.6348270628120826,
        "(12, 2)": 0.6281791631964659,
        "(12, 3)": 0.9310740662043883,
        "(12, 4)": 0.9442619387367014,
        "(12, 5)": 1.0845217334823016,
        "(12, 6)": 0.900312947463671,
        "(12, 7)": 0.8683132778913615,
        "(12, 8)": 0.8693276633108897,
        "(12, 9)": 0.8578973684536556,
        "(13, 1)": 0.8599049587008643,
        "(13, 2)": 1.0364229750968375,
        "(13, 3)": 1.0120295899516942,
        "(13, 4)": 0.9713878993699548,
        "(13, 5)": 0.8652763774428539,
        "(13, 6)": 0.9388146931956168,
        "(13, 7)": 0.9573291123177201,
        "(13, 8)": 0.7799351658696929,
        "(13, 9)": 0.8076246697784906,
        "(14, 1)": 0.9404700749891873,
        "(14, 2)": 0.9359732373643236,
        "(14, 3)": 0.9181980274172116,
        "(14, 4)": 0.9407721315167588,
        "(14, 5)": 0.967962857897789,
        "(14, 6)": 0.7258902026702984,
        "(14, 7)": 0.8554697365564066,
        "(14, 8)": 0.8861153348047167,
        "(14, 9)": 0.9097219888670445,
        "(15, 1)": 0.8455108018327488,
        "(15, 2)": 0.8638688876807747,
        "(15, 3)": 0.9498086803823402,
        "(15, 4)": 0.7783189713315304,
        "(15, 5)": 0.9010330532460907,
        "(15, 6)": 0.907610124052062,
        "(15, 7)": 0.8799835581432397,
        "(15, 8)": 1.0025953601915427,
        "(15, 9)": 0.8057649851946546,
        "(16, 1)": 0.8999367890628187,
        "(16, 2)": 0.8595876727328753,
        "(16, 3)": 0.6408608112411812,
        "(16, 4)": 0.8499897084186703,
        "(16, 5)": 0.9326084533216552,
        "(16, 6)": 0.6870463923880682,
        "(16, 7)": 0.9231118931272941,
        "(16, 8)": 0.967032576628405,
        "(16, 9)": 0.8237419259051254,
        "(17, 1)": 0.9513984756688088,
        "(17, 2)": 0.9176760901017528,
        "(17, 3)": 0.4661155757246293,
        "(17, 4)": 0.8023827871396605,
        "(17, 5)": 0.8835263280890331,
        "(17, 6)": 0.9567889486836784,
        "(17, 7)": 0.9418014052506798,
        "(17, 8)": 1.062131139299564,
        "(17, 9)": 0.788545762199577,
        "(18, 1)": 0.7664719015167687,
        "(18, 2)": 0.8667256325578516,
        "(18, 3)": 0.854307968090086,
        "(18, 4)": 0.8883606999749013,
        "(18, 5)": 0.9450712239283718,
        "(18, 6)": 1.0044224281549319,
        "(18, 7)": 0.7213011110251425,
        "(18, 8)": 0.9183438840915293,
        "(18, 9)": 0.8909657863433781,
        "(19, 1)": 0.926602297587068,
        "(19, 2)": 0.8429523995593843,
        "(19, 3)": 0.7421716164746478,
        "(19, 4)": 0.9165079608160117,
        "(19, 5)": 0.7142258459994729,
        "(19, 6)": 0.9828775888224027,
        "(19, 7)": 0.8625816383057174,
        "(19, 8)": 0.6862942665631495,
        "(19, 9)": 0.8976656169232967
    },
    "matching_probabilities": {
        "(0, 10)": 0.0010882695502536397,
        "(0, 11)": 0.19056922176577445,
        "(0, 12)": 0.0006474808199911291,
        "(0, 13)": 0.00519888164108472,
        "(0, 14)": 0.03628041011451599,
        "(0, 15)": 0.003578265496519212,
        "(0, 16)": 0.11435688413680364,
        "(0, 17)": 0.1409218113847284,
        "(0, 18)": 0.3204071239199351,
        "(0, 19)": 0.00403821958777959,
        "(10, 1)": 0.007795417594744785,
        "(10, 2)": 0.006408682321614115,
        "(10, 3)": 0.0016066803585174625,
        "(10, 4)": 0.12440904760806966,
        "(10, 5)": 0.014378840256810514,
        "(10, 6)": 0.17634635818308175,
        "(10, 7)": 0.04220027717306442,
        "(10, 8)": 0.2678860979251276,
        "(10, 9)": 0.16300878261712426,
        "(11, 1)": 0.5023427687802092,
        "(11, 2)": 0.04326561915177261,
        "(11, 3)": 0.00012861977301796508,
        "(11, 4)": 0.0002626736765722773,
        "(11, 5)": 0.007380450636558715,
        "(11, 6)": 0.01468343677646529,
        "(11, 7)": 0.0012088435413410033,
        "(11, 8)": 0.017359880406959807,
        "(11, 9)": 0.08267981427318088,
        "(12, 1)": 0.0011125862899748222,
        "(12, 2)": 0.09530276237015058,
        "(12, 3)": 0.4420664415419375,
        "(12, 4)": 0.00931739615662123,
        "(12, 5)": 0.00020405903989161617,
        "(12, 6)": 0.0376671582313868,
        "(12, 7)": 0.03660049531396726,
        "(12, 8)": 0.1303103523601753,
        "(12, 9)": 0.09118972093782954,
        "(13, 1)": 0.0836539134564666,
        "(13, 2)": 0.0009505952280574045,
        "(13, 3)": 0.0013166934994857905,
        "(13, 4)": 0.11153043742163024,
        "(13, 5)": 0.002380355977645509,
        "(13, 6)": 0.36337426566903197,
        "(13, 7)": 0.25682516627580426,
        "(13, 8)": 0.0034449061049858015,
        "(13, 9)": 0.019772126104000885,
        "(14, 1)": 0.15403342765194908,
        "(14, 2)": 0.03456140755046578,
        "(14, 3)": 0.08414277206416135,
        "(14, 4)": 0.2346299564680976,
        "(14, 5)": 0.09274725361015852,
        "(14, 6)": 0.006533844717632455,
        "(14, 7)": 0.011339117410166407,
        "(14, 8)": 0.00922254998129448,
        "(14, 9)": 0.25091401033669697,
        "(15, 1)": 0.014590003973949658,
        "(15, 2)": 0.043726717312655074,
        "(15, 3)": 0.2759346419922944,
        "(15, 4)": 0.009343621228403277,
        "(15, 5)": 0.4615978355493979,
        "(15, 6)": 0.0863036452188774,
        "(15, 7)": 0.011367603949534424,
        "(15, 8)": 0.0005511868297706833,
        "(15, 9)": 0.0017100246385682268,
        "(16, 1)": 0.01516256348990302,
        "(16, 2)": 0.001228169954218627,
        "(16, 3)": 0.004307668365316458,
        "(16, 4)": 0.02990125421579919,
        "(16, 5)": 0.00018713463654315398,
        "(16, 6)": 0.08613726769434683,
        "(16, 7)": 0.47786011705439796,
        "(16, 8)": 0.0398292159150465,
        "(16, 9)": 0.09414299257003228,
        "(17, 1)": 0.008046963811027085,
        "(17, 2)": 0.5764561657857564,
        "(17, 3)": 0.04712884208757392,
        "(17, 4)": 0.022549239142375336,
        "(17, 5)": 0.00027054571263019305,
        "(17, 6)": 0.015382044986375097,
        "(17, 7)": 0.00417590360891425,
        "(17, 8)": 0.05803138727756417,
        "(17, 9)": 0.003692373979397761,
        "(18, 1)": 0.0005397841902233745,
        "(18, 2)": 0.05484639691410761,
        "(18, 3)": 0.004964417409763992,
        "(18, 4)": 0.00971287547560257,
        "(18, 5)": 0.002540160182184241,
        "(18, 6)": 0.002969845020962952,
        "(18, 7)": 0.0008744301000422348,
        "(18, 8)": 0.3469420391940483,
        "(18, 9)": 0.053626119071454426,
        "(19, 1)": 0.06098696868213601,
        "(19, 2)": 0.012620881654769161,
        "(19, 3)": 0.017735888329696928,
        "(19, 4)": 0.2652148770731052,
        "(19, 5)": 0.26038325011761587,
        "(19, 6)": 0.10291554901841518,
        "(19, 7)": 0.0669878664394713,