{
    "min_scaled_matching_probability": 0.5208676243509877,
    "scaled_matching_probabilities": {
        "(0, 2)": 0.591640352767671,
        "(0, 3)": 0.5208676243509877,
        "(0, 4)": 0.6281131627538119,
        "(0, 5)": 0.6715914068122587,
        "(0, 6)": 0.6722656598694171,
        "(0, 7)": 0.6366630137648239,
        "(0, 8)": 0.8468427443598034,
        "(0, 9)": 0.7259131869681205,
        "(0, 10)": 0.6752207777600739,
        "(0, 11)": 0.6105295094805299,
        "(0, 12)": 0.6777721511069865,
        "(0, 13)": 0.5724220703849314,
        "(0, 14)": 0.7613495865352136,
        "(0, 15)": 0.6402049284750815,
        "(0, 16)": 0.5385568058664422,
        "(0, 19)": 0.7838810607513848,
        "(0, 20)": 0.689182148779129
    },
    "matching_probabilities": {
        "(0, 2)": 1.7833800917999598e-06,
        "(0, 3)": 0.00010088280291699284,
        "(0, 4)": 4.204486245466888e-06,
        "(0, 5)": 8.382311187898277e-07,
        "(0, 6)": 0.027591798158679195,
        "(0, 7)": 0.09649522601239309,
        "(0, 8)": 0.00016093522265788336,
        "(0, 9)": 0.014597209501957862,
        "(0, 10)": 0.23811841384103563,
        "(0, 11)": 0.010235734385365045,
        "(0, 12)": 1.2376938294521911e-05,
        "(0, 13)": 0.004435292892261425,
        "(0, 14)": 2.0277754395981437e-05,
        "(0, 15)": 0.029561784765387893,
        "(0, 16)": 0.0026680361140967155,
        "(0, 19)": 0.0012456222910644796,
        "(0, 20)": 0.2460094909698545
    },
    "matching_counts": {
        "(0, 2)": 0.017833800917999597,
        "(0, 3)": 1.0088280291699283,
        "(0, 4)": 0.04204486245466888,
        "(0, 5)": 0.008382311187898277,
        "(0, 6)": 275.91798158679194,
        "(0, 7)": 964.9522601239308,
        "(0, 8)": 1.6093522265788336,
        "(0, 9)": 145.97209501957863,
        "(0, 10)": 2381.1841384103564,
        "(0, 11)": 102.35734385365045,
        "(0, 12)": 0.12376938294521912,
        "(0, 13)": 44.35292892261425,
        "(0, 14)": 0.20277754395981437,
        "(0, 15)": 295.6178476538789,
        "(0, 16)": 26.680361140967154,
        "(0, 19)": 12.456222910644797,
        "(0, 20)": 2460.094909698545
    },
    "average_num_matching_probability_capped": 0.0,
    "average_num_matching_probability_exceeds_one": 0.0,
    "average_num_proposal_matching_probability_exceeds_one": 0.0,
    "simulation_parameters": {
        "graph_file": "nonuniform_star_20_order_0.json",
        "c_guarantee": 0.6666666666666666,
        "experiment_name": "nonuniform_star_20_order_0_mc_c66_r90_sim10000",
        "average_edge_weight": 0.05,
        "r": 0.9,
        "num_sim_instances": 10000,
        "rounding_scheme_class": "SimulatedRecursiveRoundingScheme",
        "parallel": true
    }
}