{
    "min_scaled_matching_probability": 0.332640087302443,
    "scaled_matching_probabilities": {
        "(0, 1)": 0.5325359874370604,
        "(0, 2)": 0.6756868623408663,
        "(0, 3)": 0.5131587689028079,
        "(1, 4)": 0.7173089764614544,
        "(1, 5)": 0.5391263732841134,
        "(1, 6)": 0.6653209736437268,
        "(2, 7)": 0.6432311012711766,
        "(2, 8)": 0.6291899233996306,
        "(2, 9)": 0.5651524182799118,
        "(3, 10)": 0.6507365365367104,
        "(3, 11)": 0.706097440387073,
        "(3, 12)": 0.7045364151218592,
        "(4, 13)": 0.8276713021365156,
        "(4, 14)": 0.5326599588462152,
        "(4, 15)": 0.6046650016506553,
        "(5, 16)": 0.8068186429705569,
        "(5, 17)": 0.5809720104879854,
        "(5, 18)": 0.5426308379714251,
        "(6, 19)": 0.637987392494227,
        "(6, 20)": 0.54143543672714,
        "(6, 21)": 0.5498249676682926,
        "(7, 22)": 0.8159841252598248,
        "(7, 23)": 0.7630250878671571,
        "(7, 24)": 1.0446214469771893,
        "(8, 25)": 0.7218180216749769,
        "(8, 26)": 0.5147256847670421,
        "(8, 27)": 0.8044436687206018,
        "(9, 28)": 0.5594263194227039,
        "(9, 29)": 0.5316362030609809,
        "(9, 30)": 0.6282107393867116,
        "(10, 31)": 0.5488302430918037,
        "(10, 32)": 0.7777664758842123,
        "(10, 33)": 0.7090117712789709,
        "(11, 34)": 0.5011569634405443,
        "(11, 35)": 0.615512569556108,
        "(11, 36)": 0.6929553059567662,
        "(12, 37)": 0.68570001186759,
        "(12, 38)": 0.5686004155132356,
        "(12, 39)": 0.6605745173075661,
        "(13, 40)": 0.8545116027618704,
        "(13, 41)": 0.6740730942209293,
        "(13, 42)": 0.5289477903655135,
        "(14, 43)": 0.6949134069299945,
        "(14, 44)": 0.5255141991235643,
        "(14, 45)": 0.7371381161073547,
        "(15, 46)": 0.6749270859822618,
        "(15, 47)": 0.6305451258757208,
        "(15, 48)": 0.6201345372732964,
        "(16, 49)": 0.572668573761704,
        "(16, 50)": 0.7142733154825931,
        "(16, 51)": 0.6722779892264917,
        "(17, 52)": 0.8665956764172718,
        "(17, 53)": 0.6373392498584124,
        "(17, 54)": 0.9009769221527371,
        "(18, 55)": 0.520460583404798,
        "(18, 56)": 0.6664942160505736,
        "(18, 57)": 0.5938006235895528,
        "(19, 58)": 0.6204870708468321,
        "(19, 59)": 0.6337439292629742,
        "(19, 60)": 0.8677887281416309,
        "(20, 61)": 0.7861636640578832,
        "(20, 62)": 0.9345069318636794,
        "(20, 63)": 0.5045256308435486,
        "(21, 64)": 0.5445199072071935,
        "(21, 65)": 0.9348560174978977,
        "(21, 66)": 0.5365572197674363,
        "(22, 67)": 0.7386371669564731,
        "(22, 68)": 0.6742994726376343,
        "(22, 69)": 0.5117063903086804,
        "(23, 70)": 0.6165183309989782,
        "(23, 71)": 0.7537170384490182,
        "(23, 72)": 0.5248806209768653,
        "(24, 73)": 0.5422427028663295,
        "(24, 74)": 0.5485226287401799,
        "(24, 75)": 0.4349477578258437,
        "(25, 76)": 0.573333155899684,
        "(25, 77)": 0.6249253378149283,
        "(25, 78)": 0.883037268448073,
        "(26, 79)": 0.5934598391293882,
        "(26, 80)": 0.6987224710489003,
        "(26, 81)": 0.5850324332708852,
        "(27, 82)": 0.6155001577205789,
        "(27, 83)": 0.5827065944405415,
        "(27, 84)": 0.8177931436174573,
        "(28, 85)": 0.5256295091099341,
        "(28, 86)": 0.8886129257106534,
        "(28, 87)": 0.5100637948554996,
        "(29, 88)": 1.1277274797505759,
        "(29, 89)": 0.5815860708239401,
        "(29, 90)": 0.6813263202918745,
        "(30, 91)": 0.6098928527736543,
        "(30, 92)": 0.5939798429330766,
        "(30, 93)": 0.5092194354251036,
        "(31, 94)": 0.5573025732926564,
        "(31, 95)": 0.6956374880962298,
        "(31, 96)": 0.5920944858582401,
        "(32, 97)": 0.332640087302443,
        "(32, 98)": 1.0166330108030392,
        "(32, 99)": 0.6698611190963242,
        "(33, 100)": 0.6190290446174108,
        "(33, 101)": 0.5846411934985406,
        "(33, 102)": 0.583757370572649,
        "(34, 103)": 0.5025537360510579,
        "(34, 104)": 0.5276081461406523,
        "(34, 105)": 0.5204678366371365,
        "(35, 106)": 0.5055136691442735,
        "(35, 107)": 0.7415782185663025,
        "(35, 108)": 0.5579167189950183,
        "(36, 109)": 0.43682932846850125,
        "(36, 110)": 0.4323695597840154,
        "(36, 111)": 0.6946804138983518,
        "(37, 112)": 0.5613484191203933,
        "(37, 113)": 0.610545904075789,
        "(37, 114)": 0.7211922744147118,
        "(38, 115)": 0.5362969093980762,
        "(38, 116)": 0.5857727442131323,
        "(38, 117)": 0.878075048518042,
        "(39, 118)": 0.565769117053147,
        "(39, 119)": 0.6226072109134297,
        "(39, 120)": 0.5727245807920224
    },
    "matching_probabilities": {
        "(0, 1)": 0.22100425495937365,
        "(0, 2)": 0.08387521351796119,
        "(0, 3)": 0.0431532724462373,
        "(1, 4)": 0.021975660459231855,
        "(1, 5)": 0.20704633947805004,
        "(1, 6)": 0.05400589570474615,
        "(2, 7)": 0.09081684846146666,
        "(2, 8)": 0.2598046935022234,
        "(2, 9)": 0.09348589368932668,
        "(3, 10)": 0.09546080063314011,
        "(3, 11)": 0.1269991920656917,
        "(3, 12)": 0.21292592172170216,
        "(4, 13)": 0.20756570148166925,
        "(4, 14)": 0.07123428345754128,
        "(4, 15)": 0.05100486498766482,
        "(5, 16)": 0.0984706152974818,
        "(5, 17)": 0.07994737686250315,
        "(5, 18)": 0.05656076331481187,
        "(6, 19)": 0.07003434273850231,
        "(6, 20)": 0.19470596391145384,
        "(6, 21)": 0.058676101372014636,
        "(7, 22)": 0.06884609108734058,
        "(7, 23)": 0.1793991227025966,
        "(7, 24)": 0.06898337794641884,
        "(8, 25)": 0.014590347275357789,
        "(8, 26)": 0.09337548304392454,
        "(8, 27)": 0.06952638845078503,
        "(9, 28)": 0.07073639174131319,
        "(9, 29)": 0.2120890363905273,
        "(9, 30)": 0.08833287177991049,
        "(10, 31)": 0.07513431617340573,
        "(10, 32)": 0.1023200246726317,
        "(10, 33)": 0.25274505139202513,
        "(11, 34)": 0.012625019268048612,
        "(11, 35)": 0.07519712257993638,
        "(11, 36)": 0.3744687255319277,
        "(12, 37)": 0.37999814211554556,
        "(12, 38)": 0.0516180480025626,
        "(12, 39)": 0.01880877332350532,
        "(13, 40)": 0.019644371183356383,
        "(13, 41)": 0.17623001761655552,
        "(13, 42)": 0.22105739960843326,
        "(14, 43)": 0.15263806472634617,
        "(14, 44)": 0.2785971123050573,
        "(14, 45)": 0.035107878451835425,
        "(15, 46)": 0.12383457238769956,
        "(15, 47)": 0.029178517751712946,
        "(15, 48)": 0.38071347528926774,
        "(16, 49)": 0.41057589938481825,
        "(16, 50)": 0.036496555017839695,
        "(16, 51)": 0.04752264551380123,
        "(17, 52)": 0.01945600385957161,
        "(17, 53)": 0.49024116199530626,
        "(17, 54)": 0.04765351579729534,
        "(18, 55)": 0.033286548664048135,
        "(18, 56)": 0.4652720456815238,
        "(18, 57)": 0.063715333507118,
        "(19, 58)": 0.2932949286766096,
        "(19, 59)": 0.03307835957112049,
        "(19, 60)": 0.24569404442099485,
        "(20, 61)": 0.3302535626168554,
        "(20, 62)": 0.03444871353834846,
        "(20, 63)": 0.08108069381807699,
        "(21, 64)": 0.24051495801043324,
        "(21, 65)": 0.25176429173095005,
        "(21, 66)": 0.050445746736287905,
        "(22, 67)": 0.06705217230069907,
        "(22, 68)": 0.34305587404721705,
        "(22, 69)": 0.12422426776336017,
        "(23, 70)": 0.12315073275427289,
        "(23, 71)": 0.13361657552639503,
        "(23, 72)": 0.14623764362806876,
        "(24, 73)": 0.33741677925077274,
        "(24, 74)": 0.022274604242333764,
        "(24, 75)": 0.11170101247365795,
        "(25, 76)": 0.36669487167055725,