{
    "min_scaled_matching_probability": 0.24192721444162185,
    "scaled_matching_probabilities": {
        "(0, 1)": 0.5305666649019672,
        "(0, 2)": 0.6075493384408001,
        "(0, 3)": 0.737745795626709,
        "(0, 4)": 1.105553667665369,
        "(0, 5)": 0.6715428383772506,
        "(0, 6)": 0.9832236180376585,
        "(0, 7)": 0.7832307267620593,
        "(0, 8)": 0.39139032319394224,
        "(0, 9)": 0.8921709895463796,
        "(1, 2)": 0.7990320247415982,
        "(1, 3)": 0.6855547097106595,
        "(1, 4)": 0.7639750151320929,
        "(1, 5)": 0.6927184972697139,
        "(1, 6)": 0.3255513409974248,
        "(1, 7)": 0.5197982092856946,
        "(1, 8)": 0.6833533304038941,
        "(1, 9)": 1.0445898171669075,
        "(2, 3)": 0.9796085741126297,
        "(2, 4)": 1.0649061944195073,
        "(2, 5)": 0.8967751017501343,
        "(2, 6)": 0.8653940355992875,
        "(2, 7)": 0.4509147917084634,
        "(2, 8)": 0.8202944672337069,
        "(2, 9)": 0.9478410375708896,
        "(3, 4)": 2.644756856497471,
        "(3, 5)": 0.83039975547029,
        "(3, 6)": 0.6950815140036333,
        "(3, 7)": 0.8460020618791851,
        "(3, 8)": 0.829816832176013,
        "(3, 9)": 0.24192721444162185,
        "(4, 5)": 0.9923708569485782,
        "(4, 6)": 0.6385531179708024,
        "(4, 7)": 0.7694510843886584,
        "(4, 8)": 1.0317498543385097,
        "(4, 9)": 0.8512864521672292,
        "(5, 6)": 0.9169437955740414,
        "(5, 7)": 0.691769700797766,
        "(5, 8)": 0.8270467456659606,
        "(5, 9)": 0.6673821463627018,
        "(6, 7)": 0.7117186094714623,
        "(6, 8)": 1.1381518950318448,
        "(6, 9)": 0.8196177502395116,
        "(7, 8)": 0.9787999909633309,
        "(7, 9)": 0.857260118153372,
        "(8, 9)": 2.1876280940899147
    },
    "matching_probabilities": {
        "(0, 1)": 0.02845615838845356,
        "(0, 2)": 0.038843170168859006,
        "(0, 3)": 0.09343887530111035,
        "(0, 4)": 0.032344486303613904,
        "(0, 5)": 0.05252590868246287,
        "(0, 6)": 0.02928542527514791,
        "(0, 7)": 0.003509319425744344,
        "(0, 8)": 0.19584634374460044,
        "(0, 9)": 0.08695350634783078,
        "(1, 2)": 0.10607361294537739,
        "(1, 3)": 0.001291829621701964,
        "(1, 4)": 0.18049531831426857,
        "(1, 5)": 0.03491256991935984,
        "(1, 6)": 0.006966212230702128,
        "(1, 7)": 0.13147839445270534,
        "(1, 8)": 0.0014402178750377653,
        "(1, 9)": 0.2564392360263267,
        "(2, 3)": 0.2623634575304195,
        "(2, 4)": 0.0035390665680805886,
        "(2, 5)": 0.08724413262038774,
        "(2, 6)": 0.06644653638381326,
        "(2, 7)": 0.10661497354609821,
        "(2, 8)": 0.0031328534582401803,
        "(2, 9)": 0.00951196939244396,
        "(3, 4)": 0.04501976483824228,
        "(3, 5)": 0.024262258362946716,
        "(3, 6)": 0.007474953571968949,
        "(3, 7)": 0.010468107722377738,
        "(3, 8)": 0.134596700051096,
        "(3, 9)": 0.062373541721844186,
        "(4, 5)": 0.12631227947375154,
        "(4, 6)": 0.2895464816292212,
        "(4, 7)": 0.00030809924810273854,
        "(4, 8)": 0.009886564358245949,
        "(4, 9)": 0.10252319698263122,
        "(5, 6)": 0.06236092164622459,
        "(5, 7)": 0.3046724292407126,
        "(5, 8)": 0.0017048890478704082,
        "(5, 9)": 0.05711297511261115,
        "(6, 7)": 0.0011954291783495864,
        "(6, 8)": 0.3019495656750887,
        "(6, 9)": 0.04141665815114465,
        "(7, 8)": 0.0003933264150081905,
        "(7, 9)": 0.04342293123257312,
        "(8, 9)": 0.11321579166770374
    },
    "matching_counts": {
        "(0, 1)": 284.5615838845356,
        "(0, 2)": 388.43170168859007,
        "(0, 3)": 934.3887530111035,
        "(0, 4)": 323.44486303613905,
        "(0, 5)": 525.2590868246286,
        "(0, 6)": 292.85425275147907,
        "(0, 7)": 35.09319425744344,
        "(0, 8)": 1958.4634374460045,
        "(0, 9)": 869.5350634783078,
        "(1, 2)": 1060.7361294537739,
        "(1, 3)": 12.91829621701964,
        "(1, 4)": 1804.9531831426857,
        "(1, 5)": 349.12569919359845,
        "(1, 6)": 69.66212230702128,
        "(1, 7)": 1314.7839445270536,
        "(1, 8)": 14.402178750377653,
        "(1, 9)": 2564.3923602632667,
        "(2, 3)": 2623.634575304195,
        "(2, 4)": 35.39066568080589,
        "(2, 5)": 872.4413262038775,
        "(2, 6)": 664.4653638381326,
        "(2, 7)": 1066.1497354609821,
        "(2, 8)": 31.3285345824018,
        "(2, 9)": 95.11969392443959,
        "(3, 4)": 450.19764838242276,
        "(3, 5)": 242.62258362946716,
        "(3, 6)": 74.74953571968949,
        "(3, 7)": 104.68107722377738,
        "(3, 8)": 1345.96700051096,
        "(3, 9)": 623.7354172184419,
        "(4, 5)": 1263.1227947375153,
        "(4, 6)": 2895.4648162922117,
        "(4, 7)": 3.0809924810273857,
        "(4, 8)": 98.86564358245948,
        "(4, 9)": 1025.2319698263123,
        "(5, 6)": 623.6092164622459,
        "(5, 7)": 3046.7242924071256,
        "(5, 8)": 17.04889047870408,
        "(5, 9)": 571.1297511261115,
        "(6, 7)": 11.954291783495865,
        "(6, 8)": 3019.495656750887,
        "(6, 9)": 414.1665815114465,
        "(7, 8)": 3.933264150081905,
        "(7, 9)": 434.2293123257312,
        "(8, 9)": 1132.1579166770373
    },
    "average_num_matching_probability_capped": 1.3816,
    "average_num_matching_probability_exceeds_one": 1.1706,
    "average_num_proposal_matching_probability_exceeds_one": 0.8993,
    "simulation_parameters": {
        "graph_file": "nonuniform_complete_10_order_0.json",
        "c_guarantee": 0.9,
        "experiment_name": "nonuniform_complete_10_order_0_si_c90_r0_sim10000",
        "average_edge_weight": 0.1111111111111111,
        "r": 0,
        "num_sim_instances": 10000,
        "rounding_scheme_class": "SimpleRecursiveRoundingScheme",
        "parallel": true
    }
}