{
    "min_scaled_matching_probability": 0.8031955187641167,
    "scaled_matching_probabilities": {
        "(0, 2)": 0.9572368637828585,
        "(0, 3)": 0.8031955187641167,
        "(0, 4)": 0.8884324758187675,
        "(0, 5)": 0.8934699603686013,
        "(0, 6)": 0.9236448523670916,
        "(0, 7)": 0.9278453728688054,
        "(0, 8)": 0.8255930671227604,
        "(0, 9)": 0.9722428378728712,
        "(0, 10)": 0.9136245291731225,
        "(0, 11)": 0.8540710554984013,
        "(0, 12)": 1.0636115433654145,
        "(0, 13)": 0.8337299714572262,
        "(0, 14)": 0.8651407943520121,
        "(0, 15)": 0.8905769099267692,
        "(0, 16)": 0.9248958968460356,
        "(0, 19)": 0.9002404923319208,
        "(0, 20)": 0.8891528898417486
    },
    "matching_probabilities": {
        "(0, 2)": 2.8853967752901755e-06,
        "(0, 3)": 0.0001555646990427858,
        "(0, 4)": 5.947020928886642e-06,
        "(0, 5)": 1.1151636499337133e-06,
        "(0, 6)": 0.037909153863022134,
        "(0, 7)": 0.14062800417773422,
        "(0, 8)": 0.00015689690319381687,
        "(0, 9)": 0.019550591786992318,
        "(0, 10)": 0.32219213462988133,
        "(0, 11)": 0.014318791040498909,
        "(0, 12)": 1.9422831729031857e-05,
        "(0, 13)": 0.006459982603366264,
        "(0, 14)": 2.3042125268170732e-05,
        "(0, 15)": 0.04112283701249905,
        "(0, 16)": 0.004581978405407159,
        "(0, 19)": 0.0014305226656358165,
        "(0, 20)": 0.31739076557893564
    },
    "matching_counts": {
        "(0, 2)": 0.028853967752901756,
        "(0, 3)": 1.555646990427858,
        "(0, 4)": 0.05947020928886642,
        "(0, 5)": 0.011151636499337134,
        "(0, 6)": 379.09153863022135,
        "(0, 7)": 1406.2800417773421,
        "(0, 8)": 1.5689690319381686,
        "(0, 9)": 195.50591786992317,
        "(0, 10)": 3221.921346298813,
        "(0, 11)": 143.18791040498908,
        "(0, 12)": 0.19422831729031856,
        "(0, 13)": 64.59982603366264,
        "(0, 14)": 0.23042125268170732,
        "(0, 15)": 411.22837012499053,
        "(0, 16)": 45.81978405407159,
        "(0, 19)": 14.305226656358165,
        "(0, 20)": 3173.9076557893563
    },
    "average_num_matching_probability_capped": 0.0,
    "average_num_matching_probability_exceeds_one": 0.0,
    "average_num_proposal_matching_probability_exceeds_one": 0.0,
    "simulation_parameters": {
        "graph_file": "nonuniform_star_20_order_0.json",
        "c_guarantee": 0.9,
        "experiment_name": "nonuniform_star_20_order_0_tr_c90_r50_sim10000",
        "average_edge_weight": 0.05,
        "r": 0.5,
        "num_sim_instances": 10000,
        "rounding_scheme_class": "SimpleRecursiveRoundingSchemeForTree",
        "parallel": true
    }
}