{
    "min_scaled_matching_probability": 0.40575193172408947,
    "scaled_matching_probabilities": {
        "(0, 1)": 0.48722257127562457,
        "(0, 2)": 0.49807148089049963,
        "(0, 3)": 0.522460909046137,
        "(0, 4)": 0.5058221269466813,
        "(0, 5)": 0.4876027329874359,
        "(0, 6)": 0.5786797314982084,
        "(0, 7)": 0.4862943436836211,
        "(0, 8)": 0.5039558029163993,
        "(0, 9)": 0.4564707532585211,
        "(1, 2)": 0.5026516124498366,
        "(1, 3)": 0.5543342894622943,
        "(1, 4)": 0.4979929331995148,
        "(1, 5)": 0.5340065316936065,
        "(1, 6)": 0.464643035282574,
        "(1, 7)": 0.5168346408611848,
        "(1, 8)": 0.5180502167563277,
        "(1, 9)": 0.5004452096490848,
        "(2, 3)": 0.49308123282539906,
        "(2, 4)": 0.5812472271195089,
        "(2, 5)": 0.4631798432048962,
        "(2, 6)": 0.5159957905568356,
        "(2, 7)": 0.48766053720951585,
        "(2, 8)": 0.47536006426843447,
        "(2, 9)": 0.5229443651644825,
        "(3, 4)": 0.47992317535181384,
        "(3, 5)": 0.47469766925861184,
        "(3, 6)": 0.40575193172408947,
        "(3, 7)": 0.49774736339690606,
        "(3, 8)": 0.45925175654933204,
        "(3, 9)": 0.5097941642852427,
        "(4, 5)": 0.5223703496619836,
        "(4, 6)": 0.4708309064085603,
        "(4, 7)": 0.4249718559780886,
        "(4, 8)": 0.5063649871759774,
        "(4, 9)": 0.5040862777581229,
        "(5, 6)": 0.5081408568486517,
        "(5, 7)": 0.48902167435766347,
        "(5, 8)": 0.4853474049691714,
        "(5, 9)": 0.5003492333717734,
        "(6, 7)": 0.4383510973606094,
        "(6, 8)": 0.4861670526381408,
        "(6, 9)": 0.5444531119552825,
        "(7, 8)": 0.48912514166520576,
        "(7, 9)": 0.5293260877002721,
        "(8, 9)": 0.5124250598749587
    },
    "matching_probabilities": {
        "(0, 1)": 0.02613146203071487,
        "(0, 2)": 0.03184379286484967,
        "(0, 3)": 0.06617206091780724,
        "(0, 4)": 0.014798518910113941,
        "(0, 5)": 0.03813870860138565,
        "(0, 6)": 0.017236040432853348,
        "(0, 7)": 0.00217887543045406,
        "(0, 8)": 0.25217256421831447,
        "(0, 9)": 0.04448892981965822,
        "(1, 2)": 0.0667283299472465,
        "(1, 3)": 0.0010445635414783121,
        "(1, 4)": 0.11765488558622737,
        "(1, 5)": 0.026913588201599465,
        "(1, 6)": 0.009942523920740451,
        "(1, 7)": 0.13072878583277428,
        "(1, 8)": 0.0010918292911496728,
        "(1, 9)": 0.12285567514290699,
        "(2, 3)": 0.132059376067241,
        "(2, 4)": 0.001931693739850516,
        "(2, 5)": 0.04506115701561661,
        "(2, 6)": 0.039619100271919526,
        "(2, 7)": 0.11530319304247548,
        "(2, 8)": 0.0018154863658593318,
        "(2, 9)": 0.005247958885746778,
        "(3, 4)": 0.008169381787093529,
        "(3, 5)": 0.013869509739099548,
        "(3, 6)": 0.004363483692588075,
        "(3, 7)": 0.006158936547973097,
        "(3, 8)": 0.07449086175091957,
        "(3, 9)": 0.13143485179618433,
        "(4, 5)": 0.06648904402351345,
        "(4, 6)": 0.21349427096389073,
        "(4, 7)": 0.00017016482522174003,
        "(4, 8)": 0.004852154825538928,
        "(4, 9)": 0.060708750408593505,
        "(5, 6)": 0.03455842365926717,
        "(5, 7)": 0.21537720039789168,
        "(5, 8)": 0.001000503876571049,
        "(5, 9)": 0.042818696108250016,
        "(6, 7)": 0.000736270887360357,
        "(6, 8)": 0.12897920833802,
        "(6, 9)": 0.027512127953048048,
        "(7, 8)": 0.00019655275872265115,
        "(7, 9)": 0.02681203734909276,
        "(8, 9)": 0.02651941112881386
    },
    "matching_counts": {
        "(0, 1)": 261.3146203071487,
        "(0, 2)": 318.43792864849667,
        "(0, 3)": 661.7206091780724,
        "(0, 4)": 147.9851891011394,
        "(0, 5)": 381.3870860138565,
        "(0, 6)": 172.3604043285335,
        "(0, 7)": 21.7887543045406,
        "(0, 8)": 2521.725642183145,
        "(0, 9)": 444.8892981965822,
        "(1, 2)": 667.283299472465,
        "(1, 3)": 10.445635414783121,
        "(1, 4)": 1176.5488558622737,
        "(1, 5)": 269.13588201599464,
        "(1, 6)": 99.4252392074045,
        "(1, 7)": 1307.287858327743,
        "(1, 8)": 10.918292911496728,
        "(1, 9)": 1228.55675142907,
        "(2, 3)": 1320.59376067241,
        "(2, 4)": 19.31693739850516,
        "(2, 5)": 450.61157015616607,
        "(2, 6)": 396.19100271919524,
        "(2, 7)": 1153.0319304247548,
        "(2, 8)": 18.154863658593317,
        "(2, 9)": 52.479588857467775,
        "(3, 4)": 81.69381787093529,
        "(3, 5)": 138.69509739099547,
        "(3, 6)": 43.63483692588075,
        "(3, 7)": 61.589365479730965,
        "(3, 8)": 744.9086175091957,
        "(3, 9)": 1314.3485179618433,
        "(4, 5)": 664.8904402351345,
        "(4, 6)": 2134.942709638907,
        "(4, 7)": 1.7016482522174003,
        "(4, 8)": 48.521548255389284,
        "(4, 9)": 607.087504085935,
        "(5, 6)": 345.58423659267174,
        "(5, 7)": 2153.772003978917,
        "(5, 8)": 10.00503876571049,
        "(5, 9)": 428.18696108250015,
        "(6, 7)": 7.3627088736035695,
        "(6, 8)": 1289.7920833802002,
        "(6, 9)": 275.1212795304805,
        "(7, 8)": 1.9655275872265114,
        "(7, 9)": 268.1203734909276,
        "(8, 9)": 265.1941112881386
    },
    "average_num_matching_probability_capped": 0.0,
    "average_num_matching_probability_exceeds_one": 0.0,
    "average_num_proposal_matching_probability_exceeds_one": 0.0,
    "simulation_parameters": {
        "graph_file": "nonuniform_complete_10_order_0.json",
        "c_guarantee": 0.5,
        "experiment_name": "nonuniform_complete_10_order_0_mc_c50_r60_sim10000",
        "average_edge_weight": 0.1111111111111111,
        "r": 0.6,
        "num_sim_instances": 10000,
        "rounding_scheme_class": "SimulatedRecursiveRoundingScheme",
        "parallel": true
    }
}