{
    "min_scaled_matching_probability": 0.10200987452399092,
    "scaled_matching_probabilities": {
        "(0, 10)": 3.3394864290661124,
        "(0, 11)": 0.2778123210295976,
        "(0, 12)": 0.374627293113997,
        "(0, 13)": 1.2263912305309863,
        "(0, 14)": 0.3447745439153545,
        "(0, 15)": 0.4665830936631617,
        "(0, 16)": 0.8507494535292919,
        "(0, 17)": 0.49916799311978,
        "(0, 18)": 0.37379739987827154,
        "(0, 19)": 0.24735871520924746,
        "(10, 1)": 0.8295038449008063,
        "(10, 2)": 0.2959046424087923,
        "(10, 3)": 0.46055639715614693,
        "(10, 4)": 0.38238334184051753,
        "(10, 5)": 0.19125078878659085,
        "(10, 6)": 1.0191901990698689,
        "(10, 7)": 0.2943864848255477,
        "(10, 8)": 0.509858156304003,
        "(10, 9)": 0.30824164062141296,
        "(11, 1)": 0.7353116437107691,
        "(11, 2)": 0.3648290319114304,
        "(11, 3)": 0.9085595822835907,
        "(11, 4)": 0.492391019904239,
        "(11, 5)": 0.6925283130585244,
        "(11, 6)": 0.3243578402506967,
        "(11, 7)": 0.3953411689984157,
        "(11, 8)": 6.621181420581044,
        "(11, 9)": 0.6911668127473556,
        "(12, 1)": 0.154137082821763,
        "(12, 2)": 0.29698649132012006,
        "(12, 3)": 0.5707421113677033,
        "(12, 4)": 0.3785673900132749,
        "(12, 5)": 0.9518288464331451,
        "(12, 6)": 0.7910076690813479,
        "(12, 7)": 0.3832920858765085,
        "(12, 8)": 0.516348317589046,
        "(12, 9)": 1.6127014063626175,
        "(13, 1)": 0.5950725848504208,
        "(13, 2)": 0.33969826401464415,
        "(13, 3)": 0.39477288188165094,
        "(13, 4)": 0.6668781961087936,
        "(13, 5)": 0.9094112561940005,
        "(13, 6)": 0.6556011673337637,
        "(13, 7)": 0.3332245838779587,
        "(13, 8)": 0.39992188135365847,
        "(13, 9)": 0.4045610259458526,
        "(14, 1)": 0.6815663128780457,
        "(14, 2)": 0.7255868115698486,
        "(14, 3)": 0.37647127841271855,
        "(14, 4)": 0.10200987452399092,
        "(14, 5)": 1.8429190368299782,
        "(14, 6)": 0.6855438112946529,
        "(14, 7)": 0.7207963306864045,
        "(14, 8)": 0.3439390570197002,
        "(14, 9)": 0.2568533631237569,
        "(15, 1)": 0.3555684290202776,
        "(15, 2)": 0.5306985403807389,
        "(15, 3)": 0.9680389602694758,
        "(15, 4)": 0.6916033360486978,
        "(15, 5)": 0.35477076009717967,
        "(15, 6)": 0.33443450805409874,
        "(15, 7)": 0.6005551080373075,
        "(15, 8)": 1.013609635136242,
        "(15, 9)": 0.39485034857345763,
        "(16, 1)": 0.5401087909695295,
        "(16, 2)": 0.590274621429537,
        "(16, 3)": 0.7258901910929362,
        "(16, 4)": 0.6452063514270675,
        "(16, 5)": 0.25955286353089657,
        "(16, 6)": 0.4699088636040377,
        "(16, 7)": 0.39827206102636326,
        "(16, 8)": 1.4194368743194534,
        "(16, 9)": 0.22581290222766917,
        "(17, 1)": 1.064701249015258,
        "(17, 2)": 0.7074664173308493,
        "(17, 3)": 0.23561652503847288,
        "(17, 4)": 0.24461788702946236,
        "(17, 5)": 0.261058072925097,
        "(17, 6)": 0.29868609089326126,
        "(17, 7)": 1.2174557080543307,
        "(17, 8)": 0.3392814796044076,
        "(17, 9)": 1.0191623967132928,
        "(18, 1)": 0.26293367950732766,
        "(18, 2)": 1.112789356807338,
        "(18, 3)": 0.28038630085010013,
        "(18, 4)": 0.3592730731614989,
        "(18, 5)": 1.1188605464643482,
        "(18, 6)": 0.8998586226395757,
        "(18, 7)": 0.7375000612711546,
        "(18, 8)": 0.2788985454075391,
        "(18, 9)": 0.7732887607561112,
        "(19, 1)": 0.568417271367524,
        "(19, 2)": 0.5220507759663613,
        "(19, 3)": 0.9047324678291996,
        "(19, 4)": 0.803401894642202,
        "(19, 5)": 0.6356578785026743,
        "(19, 6)": 0.5772410348331568,
        "(19, 7)": 0.9744548945773975,
        "(19, 8)": 0.27601634389458846,
        "(19, 9)": 0.5840898648620225
    },
    "matching_probabilities": {
        "(0, 10)": 0.004345645789123574,
        "(0, 11)": 0.0562263966047493,
        "(0, 12)": 0.000292882145035068,
        "(0, 13)": 0.00806026038191431,
        "(0, 14)": 0.01318141384627111,
        "(0, 15)": 0.0021689296935409924,
        "(0, 16)": 0.1028450804566,
        "(0, 17)": 0.07486801387688077,
        "(0, 18)": 0.17556013825414604,
        "(0, 19)": 0.0012081168049051217,
        "(10, 1)": 0.006953891946551701,
        "(10, 2)": 0.002024894736665619,
        "(10, 3)": 0.0007326051096934651,
        "(10, 4)": 0.05863155127029493,
        "(10, 5)": 0.002663448735916553,
        "(10, 6)": 0.19608276768783786,
        "(10, 7)": 0.014899758546494264,
        "(10, 8)": 0.17153556773769785,
        "(10, 9)": 0.057843636637248355,
        "(11, 1)": 0.45501201196973695,
        "(11, 2)": 0.016288142533570294,
        "(11, 3)": 0.00014963344067331705,
        "(11, 4)": 0.00015813637373254206,
        "(11, 5)": 0.004940565238853498,
        "(11, 6)": 0.005632532071184875,
        "(11, 7)": 0.0005906436364828225,
        "(11, 8)": 0.12124977734769052,
        "(11, 9)": 0.06173678419768204,
        "(12, 1)": 0.00027013782992262064,
        "(12, 2)": 0.04505662503258501,
        "(12, 3)": 0.2709837416468937,
        "(12, 4)": 0.0037354702122705825,
        "(12, 5)": 0.00017909210534734,
        "(12, 6)": 0.0330940603680809,
        "(12, 7)": 0.01615624285634738,
        "(12, 8)": 0.07739950544004438,
        "(12, 9)": 0.17142119396790845,
        "(13, 1)": 0.05789029358384016,
        "(13, 2)": 0.00031156733931099283,
        "(13, 3)": 0.0005136162939382555,
        "(13, 4)": 0.07656798789361362,
        "(13, 5)": 0.002501770042788978,
        "(13, 6)": 0.25375464879098125,
        "(13, 7)": 0.0893950241985745,
        "(13, 8)": 0.0017664203268182967,
        "(13, 9)": 0.009904392375680261,
        "(14, 1)": 0.11162927788628804,
        "(14, 2)": 0.026792754863937764,
        "(14, 3)": 0.03449946092488307,
        "(14, 4)": 0.025441413087238886,
        "(14, 5)": 0.17658289044589331,
        "(14, 6)": 0.006170680901403035,
        "(14, 7)": 0.009554042502275428,
        "(14, 8)": 0.0035796639774691693,
        "(14, 9)": 0.07084373929458661,
        "(15, 1)": 0.006135633963719695,
        "(15, 2)": 0.026862531322047606,
        "(15, 3)": 0.2812308304331614,
        "(15, 4)": 0.008302610947904764,
        "(15, 5)": 0.18174851009860368,
        "(15, 6)": 0.03180100834837659,
        "(15, 7)": 0.0077579547422938575,
        "(15, 8)": 0.000557242037614286,
        "(15, 9)": 0.0008379662023223202,
        "(16, 1)": 0.009100010060771721,
        "(16, 2)": 0.0008433782588722849,
        "(16, 3)": 0.004879209585008914,
        "(16, 4)": 0.022697309090437042,
        "(16, 5)": 5.2081160756792973e-05,
        "(16, 6)": 0.05891402098119839,
        "(16, 7)": 0.20617038423890177,
        "(16, 8)": 0.05846241286116731,
        "(16, 9)": 0.025807478905820993,
        "(17, 1)": 0.009005282896168513,
        "(17, 2)": 0.4444088527047788,
        "(17, 3)": 0.023823134390002207,
        "(17, 4)": 0.00687445857705047,
        "(17, 5)": 7.993892217127915e-05,
        "(17, 6)": 0.004801897945461753,
        "(17, 7)": 0.005398141961366184,
        "(17, 8)": 0.018537235385088616,
        "(17, 9)": 0.004772238841164923,
        "(18, 1)": 0.00018516979291015808,
        "(18, 2)": 0.0704173090683066,
        "(18, 3)": 0.0016293358898565036,
        "(18, 4)": 0.003928105578571048,
        "(18, 5)": 0.0030072707089016638,
        "(18, 6)": 0.0026606740103622024,
        "(18, 7)": 0.0008940680147323535,
        "(18, 8)": 0.10536535577592138,
        "(18, 9)": 0.04654328572044932,
        "(19, 1)": 0.0374120012626226,
        "(19, 2)": 0.007816267045085612,
        "(19, 3)": 0.021620651694941144,
        "(19, 4)": 0.23248476154873893,
        "(19, 5)": 0.23173995353777363,
        "(19, 6)": 0.06044199063180266,