{
    "min_scaled_matching_probability": 0.7789558207496187,
    "scaled_matching_probabilities": {
        "(0, 2)": 0.7789558207496187,
        "(0, 3)": 0.889845592342964,
        "(0, 4)": 1.0109109178927298,
        "(0, 5)": 0.9049152160460382,
        "(0, 6)": 0.8945112344242253,
        "(0, 7)": 0.8760101230343773,
        "(0, 8)": 0.9052543027015656,
        "(0, 9)": 0.9166456435087587,
        "(0, 10)": 0.9178246983311448,
        "(0, 11)": 0.8414219815068643,
        "(0, 12)": 0.9744661521243394,
        "(0, 13)": 0.9185266951459412,
        "(0, 14)": 0.9466950445211392,
        "(0, 15)": 0.9196031270900412,
        "(0, 16)": 0.7970956792694507,
        "(0, 19)": 0.8963492644317478,
        "(0, 20)": 0.9372746995727808
    },
    "matching_probabilities": {
        "(0, 2)": 2.348004656237634e-06,
        "(0, 3)": 0.00017234727850621453,
        "(0, 4)": 6.7668714838542755e-06,
        "(0, 5)": 1.1294487783228196e-06,
        "(0, 6)": 0.03671342283896866,
        "(0, 7)": 0.13277164368554198,
        "(0, 8)": 0.00017203583987416714,
        "(0, 9)": 0.018432601497762782,
        "(0, 10)": 0.32367333552107735,
        "(0, 11)": 0.01410672502307026,
        "(0, 12)": 1.7794929188584104e-05,
        "(0, 13)": 0.007117012311551174,
        "(0, 14)": 2.52142379009547e-05,
        "(0, 15)": 0.042463137197906724,
        "(0, 16)": 0.003948850029403856,
        "(0, 19)": 0.0014243393293431631,
        "(0, 20)": 0.33456825913046034
    },
    "matching_counts": {
        "(0, 2)": 0.02348004656237634,
        "(0, 3)": 1.7234727850621452,
        "(0, 4)": 0.06766871483854275,
        "(0, 5)": 0.011294487783228196,
        "(0, 6)": 367.1342283896866,
        "(0, 7)": 1327.7164368554197,
        "(0, 8)": 1.7203583987416713,
        "(0, 9)": 184.32601497762784,
        "(0, 10)": 3236.7333552107734,
        "(0, 11)": 141.0672502307026,
        "(0, 12)": 0.17794929188584105,
        "(0, 13)": 71.17012311551174,
        "(0, 14)": 0.252142379009547,
        "(0, 15)": 424.63137197906724,
        "(0, 16)": 39.488500294038566,
        "(0, 19)": 14.243393293431632,
        "(0, 20)": 3345.682591304603
    },
    "average_num_matching_probability_capped": 0.0,
    "average_num_matching_probability_exceeds_one": 0.0,
    "average_num_proposal_matching_probability_exceeds_one": 0.0,
    "simulation_parameters": {
        "graph_file": "nonuniform_star_20_order_0.json",
        "c_guarantee": 0.9,
        "experiment_name": "nonuniform_star_20_order_0_mc_c90_r60_sim10000",
        "average_edge_weight": 0.05,
        "r": 0.6,
        "num_sim_instances": 10000,
        "rounding_scheme_class": "SimulatedRecursiveRoundingScheme",
        "parallel": true
    }
}