{
    "min_scaled_matching_probability": 0.4110940445342651,
    "scaled_matching_probabilities": {
        "(0, 1)": 0.6514568036672752,
        "(0, 2)": 0.8293015285254519,
        "(0, 3)": 0.5141773688903277,
        "(1, 4)": 0.587357292635981,
        "(1, 5)": 0.4987277364986904,
        "(1, 6)": 0.6521544856697649,
        "(2, 7)": 0.6341149364218962,
        "(2, 8)": 0.7921548886441659,
        "(2, 9)": 0.41390863135354694,
        "(3, 10)": 0.7334462695533113,
        "(3, 11)": 0.45992159091167656,
        "(3, 12)": 0.66300671934226,
        "(4, 13)": 0.6869383656946172,
        "(4, 14)": 0.8797737137647346,
        "(4, 15)": 0.8591179119026529,
        "(5, 16)": 1.0566095283339145,
        "(5, 17)": 0.49888490860916346,
        "(5, 18)": 0.7222107792443097,
        "(6, 19)": 0.6950825203855069,
        "(6, 20)": 0.7520824706632309,
        "(6, 21)": 0.5248918880448047,
        "(7, 22)": 0.7039434640210246,
        "(7, 23)": 0.6145909389965504,
        "(7, 24)": 0.6219670532096244,
        "(8, 25)": 0.7132363716300373,
        "(8, 26)": 0.7315715478425077,
        "(8, 27)": 0.5967541295259444,
        "(9, 28)": 0.5603982404418755,
        "(9, 29)": 0.8607274375612838,
        "(9, 30)": 0.5900052603356436,
        "(10, 31)": 0.6101090885443256,
        "(10, 32)": 0.6533558321720032,
        "(10, 33)": 0.8596259710531873,
        "(11, 34)": 0.651792118817265,
        "(11, 35)": 0.4129531430308852,
        "(11, 36)": 0.8035083692101239,
        "(12, 37)": 0.6192736377760272,
        "(12, 38)": 0.511458010052463,
        "(12, 39)": 1.0856851723492893,
        "(13, 40)": 0.817043816194464,
        "(13, 41)": 0.5900362515136872,
        "(13, 42)": 0.6675498914608554,
        "(14, 43)": 0.7689397594803661,
        "(14, 44)": 0.5658206837684043,
        "(14, 45)": 1.0125101214433465,
        "(15, 46)": 0.5460487274509698,
        "(15, 47)": 0.6589648282651721,
        "(15, 48)": 0.5843306118863033,
        "(16, 49)": 0.6077635566316695,
        "(16, 50)": 0.8042574494873552,
        "(16, 51)": 0.6601280690870752,
        "(17, 52)": 0.7299643488820096,
        "(17, 53)": 0.6268004014854635,
        "(17, 54)": 0.6865680638273356,
        "(18, 55)": 0.5737957561541005,
        "(18, 56)": 0.6490817570384206,
        "(18, 57)": 0.6864927932143153,
        "(19, 58)": 0.747211652130074,
        "(19, 59)": 0.6834983086525679,
        "(19, 60)": 0.5500240230649491,
        "(20, 61)": 0.7218635642680127,
        "(20, 62)": 0.5135880362276433,
        "(20, 63)": 0.5999470735653518,
        "(21, 64)": 0.7154712953811176,
        "(21, 65)": 0.45573362736295586,
        "(21, 66)": 0.5559341598261003,
        "(22, 67)": 0.5081265832970091,
        "(22, 68)": 0.5867596295507237,
        "(22, 69)": 0.7712265832970281,
        "(23, 70)": 0.7221281581368554,
        "(23, 71)": 0.6479300898946564,
        "(23, 72)": 0.9123459953603512,
        "(24, 73)": 0.6763973624553411,
        "(24, 74)": 0.5121072762614127,
        "(24, 75)": 0.659109916132738,
        "(25, 76)": 0.7115156564053643,
        "(25, 77)": 0.7256873102487382,
        "(25, 78)": 0.7588146581338542,
        "(26, 79)": 0.5833171891036845,
        "(26, 80)": 0.5287893641704746,
        "(26, 81)": 0.6230164360178285,
        "(27, 82)": 0.4110940445342651,
        "(27, 83)": 0.739289196592457,
        "(27, 84)": 0.8300811798454154,
        "(28, 85)": 0.5652207667082813,
        "(28, 86)": 0.9010202633231812,
        "(28, 87)": 0.6249821314711779,
        "(29, 88)": 0.7249343271383243,
        "(29, 89)": 0.5014765666137466,
        "(29, 90)": 0.5718556916214057,
        "(30, 91)": 0.6731630765026426,
        "(30, 92)": 0.7094745597391112,
        "(30, 93)": 0.7901860943748156,
        "(31, 94)": 0.6950662526836127,
        "(31, 95)": 0.4632105424877681,
        "(31, 96)": 0.7214767672665842,
        "(32, 97)": 0.5347749782131032,
        "(32, 98)": 0.7367053801691001,
        "(32, 99)": 0.5936191091381491,
        "(33, 100)": 0.537094278227414,
        "(33, 101)": 0.9546946123964456,
        "(33, 102)": 0.8382701074554486,
        "(34, 103)": 0.6004110356875415,
        "(34, 104)": 0.5735180019804416,
        "(34, 105)": 0.7536924097531821,
        "(35, 106)": 0.6612271171158102,
        "(35, 107)": 0.5502846958516429,
        "(35, 108)": 0.7929814608730131,
        "(36, 109)": 0.6682333785108526,
        "(36, 110)": 0.6665840374034396,
        "(36, 111)": 0.4568597349142166,
        "(37, 112)": 0.6710933099042256,
        "(37, 113)": 0.6562731039563487,
        "(37, 114)": 0.8046020579785057,
        "(38, 115)": 0.5465993284786469,
        "(38, 116)": 0.7060556617303473,
        "(38, 117)": 0.7639856564138422,
        "(39, 118)": 0.792711345477734,
        "(39, 119)": 0.7194586936755697,
        "(39, 120)": 0.5145126832586574
    },
    "matching_probabilities": {
        "(0, 1)": 0.2703568001584442,
        "(0, 2)": 0.10294390294176499,
        "(0, 3)": 0.04323892999598387,
        "(1, 4)": 0.017994427582512774,
        "(1, 5)": 0.1915316284922508,
        "(1, 6)": 0.05293713640737226,
        "(2, 7)": 0.08952975062053403,
        "(2, 8)": 0.3270960808438883,
        "(2, 9)": 0.06846757981781743,
        "(3, 10)": 0.10759403257972618,
        "(3, 11)": 0.08272182721315505,
        "(3, 12)": 0.2003747624588221,
        "(4, 13)": 0.1722723059045447,
        "(4, 14)": 0.11765489232672813,
        "(4, 15)": 0.07246854536885505,
        "(5, 16)": 0.1289570974725475,
        "(5, 17)": 0.06865139641768862,
        "(5, 18)": 0.0752791586651298,
        "(6, 19)": 0.07630189567525208,
        "(6, 20)": 0.27045688637699744,
        "(6, 21)": 0.05601529840101006,
        "(7, 22)": 0.0593930131041431,
        "(7, 23)": 0.14449993457638707,
        "(7, 24)": 0.041072666491708376,
        "(8, 25)": 0.01441688353437123,
        "(8, 26)": 0.1327131104636876,
        "(8, 27)": 0.05157621475847701,
        "(9, 28)": 0.07085928582685547,
        "(9, 29)": 0.3433755108779172,
        "(9, 30)": 0.08296078965727331,
        "(10, 31)": 0.08352332936450442,
        "(10, 32)": 0.08595302952836384,
        "(10, 33)": 0.3064352652986784,
        "(11, 34)": 0.016419781942841247,
        "(11, 35)": 0.05045045325176385,
        "(11, 36)": 0.43421091141933665,
        "(12, 37)": 0.3431862735062442,
        "(12, 38)": 0.046430609957175885,
        "(12, 39)": 0.030913100297359438,
        "(13, 40)": 0.018783024064873758,
        "(13, 41)": 0.15425938209096215,
        "(13, 42)": 0.2789818689161305,
        "(14, 43)": 0.1688979887389753,
        "(14, 44)": 0.29996526990755096,
        "(14, 45)": 0.048223096185286876,
        "(15, 46)": 0.1001881715390446,
        "(15, 47)": 0.030493641375128992,
        "(15, 48)": 0.3587327016929207,
        "(16, 49)": 0.4357373187745379,
        "(16, 50)": 0.041094390084964634,
        "(16, 51)": 0.04666378004883067,
        "(17, 52)": 0.01638848378278731,
        "(17, 53)": 0.48213468295201084,
        "(17, 54)": 0.036313229863137425,
        "(18, 55)": 0.03669765006122016,
        "(18, 56)": 0.45311660572446444,
        "(18, 57)": 0.0736612855093887,
        "(19, 58)": 0.35319573688896405,
        "(19, 59)": 0.03567529687606784,
        "(19, 60)": 0.15572641401430862,
        "(20, 61)": 0.30324221879232,
        "(20, 62)": 0.018932387265919063,
        "(20, 63)": 0.0964155674261234,
        "(21, 64)": 0.3160243478495665,
        "(21, 65)": 0.12273275431023187,
        "(21, 66)": 0.05226751741555912,
        "(22, 67)": 0.04612683024628292,
        "(22, 68)": 0.29851919768491036,
        "(22, 69)": 0.18722661941336757,
        "(23, 70)": 0.14424650062383074,
        "(23, 71)": 0.11486299947574981,
        "(23, 72)": 0.2541898542314126,
        "(24, 73)": 0.4208960643028887,
        "(24, 74)": 0.02079583650822477,
        "(24, 75)": 0.16926916770757075,
        "(25, 76)": 0.45507422627204314,