{
    "min_scaled_matching_probability": 0.4309642791217244,
    "scaled_matching_probabilities": {
        "(0, 1)": 0.5107973422681922,
        "(0, 2)": 0.5136458785039286,
        "(0, 3)": 0.516016251818411,
        "(0, 4)": 0.4604963817125076,
        "(0, 5)": 1.4067198334181612,
        "(0, 6)": 0.5278663261772687,
        "(0, 7)": 0.4309642791217244,
        "(0, 8)": 0.535995009157917,
        "(0, 9)": 0.4983478803052229,
        "(1, 2)": 0.534047923362131,
        "(1, 3)": 0.5979332840515624,
        "(1, 4)": 0.5000553338069704,
        "(1, 5)": 0.46605716416908977,
        "(1, 6)": 3.516098319045746,
        "(1, 7)": 0.6013384185761992,
        "(1, 8)": 0.5040043829360001,
        "(1, 9)": 0.5082218137111127,
        "(2, 3)": 0.49699882255117733,
        "(2, 4)": 0.5051894846597944,
        "(2, 5)": 0.48922795821898285,
        "(2, 6)": 0.5301145602538012,
        "(2, 7)": 0.6561877729030277,
        "(2, 8)": 0.5448321186948658,
        "(2, 9)": 0.5001589127526582,
        "(3, 4)": 0.6965556929950306,
        "(3, 5)": 0.49484900562713946,
        "(3, 6)": 0.5707639931543649,
        "(3, 7)": 0.4342734327712163,
        "(3, 8)": 0.4924954864205667,
        "(3, 9)": 0.6498844404749471,
        "(4, 5)": 0.5206713979049623,
        "(4, 6)": 0.5158900062545982,
        "(4, 7)": 0.5229688327761628,
        "(4, 8)": 0.5234935850914557,
        "(4, 9)": 0.4620976794088542,
        "(5, 6)": 0.5239018481022684,
        "(5, 7)": 0.5102701691314251,
        "(5, 8)": 0.46070341596775416,
        "(5, 9)": 0.6803689405766248,
        "(6, 7)": 0.49396744527144676,
        "(6, 8)": 0.5121152009925609,
        "(6, 9)": 0.5048873636615471,
        "(7, 8)": 0.4544221512407184,
        "(7, 9)": 0.5337890771562324,
        "(8, 9)": 0.5424220433231491
    },
    "matching_probabilities": {
        "(0, 1)": 0.027395860006905057,
        "(0, 2)": 0.03283952924130338,
        "(0, 3)": 0.06535581563843111,
        "(0, 4)": 0.013472452171966619,
        "(0, 5)": 0.11002907527162574,
        "(0, 6)": 0.01572255748024471,
        "(0, 7)": 0.0019309652505285718,
        "(0, 8)": 0.2682045431075093,
        "(0, 9)": 0.048570392986641196,
        "(1, 2)": 0.07089627319420266,
        "(1, 3)": 0.0011267195997608252,
        "(1, 4)": 0.118142144523707,
        "(1, 5)": 0.02348898346818161,
        "(1, 6)": 0.07523816992872231,
        "(1, 7)": 0.15210327466455825,
        "(1, 8)": 0.0010622266536299445,
        "(1, 9)": 0.12476477512815702,
        "(2, 3)": 0.13310860370040242,
        "(2, 4)": 0.0016789264867408762,
        "(2, 5)": 0.04759528758677656,
        "(2, 6)": 0.040703165224729644,
        "(2, 7)": 0.15515002686929222,
        "(2, 8)": 0.002080812751266838,
        "(2, 9)": 0.005019297625742985,
        "(3, 4)": 0.01185695895572968,
        "(3, 5)": 0.014458282707914992,
        "(3, 6)": 0.006138034551956419,
        "(3, 7)": 0.00537353427380306,
        "(3, 8)": 0.07988301115613812,
        "(3, 9)": 0.16755284995902311,
        "(4, 5)": 0.06627279576547294,
        "(4, 6)": 0.23392593664467223,
        "(4, 7)": 0.00020940422000642194,
        "(4, 8)": 0.005016286649687781,
        "(4, 9)": 0.055651926905027384,
        "(5, 6)": 0.03563032135395445,
        "(5, 7)": 0.2247355612988747,
        "(5, 8)": 0.0009497023140662318,
        "(5, 9)": 0.058224354041122806,
        "(6, 7)": 0.0008296861840816701,
        "(6, 8)": 0.13586320348830766,
        "(6, 9)": 0.025512804401188645,
        "(7, 8)": 0.00018260751665098612,
        "(7, 9)": 0.027038101854059256,
        "(8, 9)": 0.028071837813178017
    },
    "matching_counts": {
        "(0, 1)": 273.9586000690506,
        "(0, 2)": 328.3952924130338,
        "(0, 3)": 653.5581563843111,
        "(0, 4)": 134.7245217196662,
        "(0, 5)": 1100.2907527162574,
        "(0, 6)": 157.2255748024471,
        "(0, 7)": 19.30965250528572,
        "(0, 8)": 2682.045431075093,
        "(0, 9)": 485.70392986641195,
        "(1, 2)": 708.9627319420266,
        "(1, 3)": 11.267195997608253,
        "(1, 4)": 1181.42144523707,
        "(1, 5)": 234.8898346818161,
        "(1, 6)": 752.3816992872231,
        "(1, 7)": 1521.0327466455824,
        "(1, 8)": 10.622266536299446,
        "(1, 9)": 1247.6477512815702,
        "(2, 3)": 1331.086037004024,
        "(2, 4)": 16.78926486740876,
        "(2, 5)": 475.95287586776556,
        "(2, 6)": 407.03165224729645,
        "(2, 7)": 1551.5002686929222,
        "(2, 8)": 20.808127512668378,
        "(2, 9)": 50.19297625742985,
        "(3, 4)": 118.56958955729681,
        "(3, 5)": 144.58282707914992,
        "(3, 6)": 61.38034551956419,
        "(3, 7)": 53.7353427380306,
        "(3, 8)": 798.8301115613812,
        "(3, 9)": 1675.5284995902311,
        "(4, 5)": 662.7279576547294,
        "(4, 6)": 2339.259366446722,
        "(4, 7)": 2.0940422000642194,
        "(4, 8)": 50.16286649687781,
        "(4, 9)": 556.5192690502738,
        "(5, 6)": 356.30321353954446,
        "(5, 7)": 2247.355612988747,
        "(5, 8)": 9.497023140662318,
        "(5, 9)": 582.2435404112281,
        "(6, 7)": 8.296861840816701,
        "(6, 8)": 1358.6320348830766,
        "(6, 9)": 255.12804401188646,
        "(7, 8)": 1.8260751665098613,
        "(7, 9)": 270.38101854059255,
        "(8, 9)": 280.7183781317802
    },
    "average_num_matching_probability_capped": 0.0,
    "average_num_matching_probability_exceeds_one": 0.0,
    "average_num_proposal_matching_probability_exceeds_one": 0.264,
    "simulation_parameters": {
        "graph_file": "nonuniform_complete_10_order_0.json",
        "c_guarantee": 0.5,
        "experiment_name": "nonuniform_complete_10_order_0_si_c50_r80_sim10000",
        "average_edge_weight": 0.1111111111111111,
        "r": 0.8,
        "num_sim_instances": 10000,
        "rounding_scheme_class": "SimpleRecursiveRoundingScheme",
        "parallel": true
    }
}