{
    "min_scaled_matching_probability": 0.40019722586314177,
    "scaled_matching_probabilities": {
        "(0, 10)": 0.8417057155192395,
        "(0, 11)": 0.4401515587550178,
        "(0, 12)": 0.7062102936723483,
        "(0, 13)": 0.8380837393234892,
        "(0, 14)": 0.8801202971873098,
        "(0, 15)": 1.0503457435230756,
        "(0, 16)": 0.9277418399552675,
        "(0, 17)": 0.9040257039922169,
        "(0, 18)": 0.8880748122123604,
        "(0, 19)": 0.7972925547798004,
        "(10, 1)": 0.8482528468218838,
        "(10, 2)": 0.9607892922908182,
        "(10, 3)": 0.9303478366049472,
        "(10, 4)": 0.8271207450102954,
        "(10, 5)": 0.7992302287873464,
        "(10, 6)": 0.8680681072650545,
        "(10, 7)": 0.8841811647804084,
        "(10, 8)": 0.93842310538479,
        "(10, 9)": 0.9275583239021306,
        "(11, 1)": 0.9202630141904383,
        "(11, 2)": 0.8630415445688363,
        "(11, 3)": 0.7512770093737439,
        "(11, 4)": 0.9908157741143484,
        "(11, 5)": 1.0052758026077502,
        "(11, 6)": 0.874536505766744,
        "(11, 7)": 0.7744042424291128,
        "(11, 8)": 0.8713052655156461,
        "(11, 9)": 0.8478802504834374,
        "(12, 1)": 0.8900574372226396,
        "(12, 2)": 0.40019722586314177,
        "(12, 3)": 0.8815798392326496,
        "(12, 4)": 1.0413641969706238,
        "(12, 5)": 0.8498638659981649,
        "(12, 6)": 0.8848195122219887,
        "(12, 7)": 0.9201600670991568,
        "(12, 8)": 0.8884090026705354,
        "(12, 9)": 0.9862396077666377,
        "(13, 1)": 0.885911896060053,
        "(13, 2)": 0.765132166426332,
        "(13, 3)": 1.1514026037304843,
        "(13, 4)": 0.9388273360956308,
        "(13, 5)": 0.9022628243977838,
        "(13, 6)": 0.8993781893928702,
        "(13, 7)": 0.8795227365287881,
        "(13, 8)": 0.9091880007526747,
        "(13, 9)": 0.8286272071251282,
        "(14, 1)": 0.41880915109654987,
        "(14, 2)": 0.8998968573472607,
        "(14, 3)": 0.9524830856396184,
        "(14, 4)": 0.9012803044736448,
        "(14, 5)": 0.9217040700905436,
        "(14, 6)": 1.0028130111087394,
        "(14, 7)": 0.900798220182526,
        "(14, 8)": 0.86672265050014,
        "(14, 9)": 0.9219908319043766,
        "(15, 1)": 0.8522322355484536,
        "(15, 2)": 1.0454268025869016,
        "(15, 3)": 0.9020995053906044,
        "(15, 4)": 1.0157438560549634,
        "(15, 5)": 0.8797874637201213,
        "(15, 6)": 0.8943975581020682,
        "(15, 7)": 0.9281381921157876,
        "(15, 8)": 1.0410774367790137,
        "(15, 9)": 1.0230244347659556,
        "(16, 1)": 0.8811903659935316,
        "(16, 2)": 0.930183548475781,
        "(16, 3)": 0.74037318366962,
        "(16, 4)": 1.0236666472530631,
        "(16, 5)": 0.8997385410060974,
        "(16, 6)": 0.5391652007881007,
        "(16, 7)": 0.9106955305839951,
        "(16, 8)": 0.8897625673459658,
        "(16, 9)": 0.8630610826762777,
        "(17, 1)": 0.7781007504469458,
        "(17, 2)": 0.9159970992968802,
        "(17, 3)": 0.447424562240809,
        "(17, 4)": 0.923954045758966,
        "(17, 5)": 0.8976019586080268,
        "(17, 6)": 0.785599137514425,
        "(17, 7)": 0.877538829376703,
        "(17, 8)": 0.8636431050822242,
        "(17, 9)": 0.8766384856680993,
        "(18, 1)": 0.9656617789635096,
        "(18, 2)": 1.0088470179928255,
        "(18, 3)": 0.8669366143816426,
        "(18, 4)": 1.0516243991612935,
        "(18, 5)": 1.0330531226480475,
        "(18, 6)": 0.874652518327384,
        "(18, 7)": 0.9004716655800752,
        "(18, 8)": 0.6572204791390558,
        "(18, 9)": 0.8805698711797278,
        "(19, 1)": 0.9287976656913649,
        "(19, 2)": 0.9055570978950606,
        "(19, 3)": 0.95622465423079,
        "(19, 4)": 0.9262106722832649,
        "(19, 5)": 0.649676986818872,
        "(19, 6)": 0.9058913579067068,
        "(19, 7)": 0.954618181999559,
        "(19, 8)": 0.9296295398167688,
        "(19, 9)": 0.9488487311681256
    },
    "matching_probabilities": {
        "(0, 10)": 0.0010953046152519684,
        "(0, 11)": 0.08908221211010157,
        "(0, 12)": 0.00055211243136432,
        "(0, 13)": 0.005508171448576778,
        "(0, 14)": 0.03364874256661264,
        "(0, 15)": 0.00488257312052594,
        "(0, 16)": 0.112152507153939,
        "(0, 17)": 0.13559084293152013,
        "(0, 18)": 0.41709904045025353,
        "(0, 19)": 0.003894031116067199,
        "(10, 1)": 0.0071110684735398964,
        "(10, 2)": 0.00657474369164056,
        "(10, 3)": 0.0014799003620352784,
        "(10, 4)": 0.126823967106867,
        "(10, 5)": 0.011130457322951471,
        "(10, 6)": 0.16700827497106466,
        "(10, 7)": 0.04475098737767482,
        "(10, 8)": 0.31572102587758405,
        "(10, 9)": 0.17406261704124462,
        "(11, 1)": 0.5694602135157151,
        "(11, 2)": 0.03853131867461296,
        "(11, 3)": 0.00012373009542071447,
        "(11, 4)": 0.00031821054247885495,
        "(11, 5)": 0.007171736652743438,
        "(11, 6)": 0.015186483275218323,
        "(11, 7)": 0.0011569676363705227,
        "(11, 8)": 0.015955697742589797,
        "(11, 9)": 0.07573482853075955,
        "(12, 1)": 0.0015598983722550702,
        "(12, 2)": 0.06071500513254059,
        "(12, 3)": 0.4185669825961414,
        "(12, 4)": 0.010275541529798522,
        "(12, 5)": 0.00015990680424385684,
        "(12, 6)": 0.03701894620862264,
        "(12, 7)": 0.038785902601590906,
        "(12, 8)": 0.13317060420812585,
        "(12, 9)": 0.10483178748080343,
        "(13, 1)": 0.08618393967052655,
        "(13, 2)": 0.0007017704197170439,
        "(13, 3)": 0.0014980237126221829,
        "(13, 4)": 0.10779197839096348,
        "(13, 5)": 0.002482104866666636,
        "(13, 6)": 0.3481101132076994,
        "(13, 7)": 0.23595184785040751,
        "(13, 8)": 0.004015804686637264,
        "(13, 9)": 0.02028630655497151,
        "(14, 1)": 0.0685940050523631,
        "(14, 2)": 0.03322926425518707,
        "(14, 3)": 0.08728462137452113,
        "(14, 4)": 0.2247806365854684,
        "(14, 5)": 0.08831487741984179,
        "(14, 6)": 0.009026467737548423,
        "(14, 7)": 0.01193993936317945,
        "(14, 8)": 0.009020713952455368,
        "(14, 9)": 0.25429792833182235,
        "(15, 1)": 0.01470598799734735,
        "(15, 2)": 0.05291669015944773,
        "(15, 3)": 0.26207436213488877,
        "(15, 4)": 0.012193877067931212,
        "(15, 5)": 0.45071375299013133,
        "(15, 6)": 0.08504727690173215,
        "(15, 7)": 0.0119896642167623,
        "(15, 8)": 0.0005723427363701199,
        "(15, 9)": 0.002171100781804887,
        "(16, 1)": 0.014846714828695763,
        "(16, 2)": 0.0013290366095110794,
        "(16, 3)": 0.004976559786274716,
        "(16, 4)": 0.03601092618955802,
        "(16, 5)": 0.00018053905071882548,
        "(16, 6)": 0.06759691593799778,
        "(16, 7)": 0.4714326357246643,
        "(16, 8)": 0.03664669243254077,
        "(16, 9)": 0.09863666099621951,
        "(17, 1)": 0.0065812051840613076,
        "(17, 2)": 0.5754014749071272,
        "(17, 3)": 0.04523899787551075,
        "(17, 4)": 0.025965737386584465,
        "(17, 5)": 0.00027485582922594514,
        "(17, 6)": 0.01262987129097732,
        "(17, 7)": 0.0038909663376231357,
        "(17, 8)": 0.047186647341566336,
        "(17, 9)": 0.0041048691007996435,
        "(18, 1)": 0.0006800627137876592,
        "(18, 2)": 0.06383983800173941,
        "(18, 3)": 0.00503780297311267,
        "(18, 4)": 0.01149791614650175,
        "(18, 5)": 0.0027766377197731167,
        "(18, 6)": 0.0025861453844662776,
        "(18, 7)": 0.0010916377592976375,
        "(18, 8)": 0.24829197121311422,
        "(18, 9)": 0.053000401908160584,
        "(19, 1)": 0.06113146308515138,
        "(19, 2)": 0.013558213927789674,
        "(19, 3)": 0.02285117526603724,
        "(19, 4)": 0.2680226032894408,
        "(19, 5)": 0.2368508592933813,
        "(19, 6)": 0.09485444322899529,
        "(19, 7)": 0.07413540056577564,