{
    "min_scaled_matching_probability": 0.5837220539743189,
    "scaled_matching_probabilities": {
        "(0, 2)": 0.7721116030308527,
        "(0, 3)": 0.631767372396965,
        "(0, 4)": 0.6256576448973884,
        "(0, 5)": 0.6334450558208155,
        "(0, 6)": 0.6572991211744712,
        "(0, 7)": 0.7047407060917512,
        "(0, 8)": 0.6413471446857416,
        "(0, 9)": 0.704118592568159,
        "(0, 10)": 0.670403264797279,
        "(0, 11)": 0.6102140428686423,
        "(0, 12)": 0.796472739274183,
        "(0, 13)": 0.6790974663413107,
        "(0, 14)": 0.6116104254362038,
        "(0, 15)": 0.6865474704149701,
        "(0, 16)": 0.5837220539743189,
        "(0, 19)": 0.6810592063109546,
        "(0, 20)": 0.6493735419122484
    },
    "matching_probabilities": {
        "(0, 2)": 2.3273741472358507e-06,
        "(0, 3)": 0.00012236211340323555,
        "(0, 4)": 4.188049412639556e-06,
        "(0, 5)": 7.906196423102819e-07,
        "(0, 6)": 0.026977526540394807,
        "(0, 7)": 0.1068133569002596,
        "(0, 8)": 0.00012188254102481133,
        "(0, 9)": 0.014158947370648205,
        "(0, 10)": 0.23641950500537331,
        "(0, 11)": 0.010230445480575693,
        "(0, 12)": 1.4544554436420523e-05,
        "(0, 13)": 0.0052618449243071784,
        "(0, 14)": 1.6289607576273956e-05,
        "(0, 15)": 0.031701674962064615,
        "(0, 16)": 0.0028917869083329635,
        "(0, 19)": 0.0010822337359476875,
        "(0, 20)": 0.23179946662594345
    },
    "matching_counts": {
        "(0, 2)": 0.023273741472358507,
        "(0, 3)": 1.2236211340323555,
        "(0, 4)": 0.041880494126395565,
        "(0, 5)": 0.00790619642310282,
        "(0, 6)": 269.7752654039481,
        "(0, 7)": 1068.133569002596,
        "(0, 8)": 1.2188254102481133,
        "(0, 9)": 141.58947370648204,
        "(0, 10)": 2364.195050053733,
        "(0, 11)": 102.30445480575693,
        "(0, 12)": 0.14544554436420523,
        "(0, 13)": 52.61844924307179,
        "(0, 14)": 0.16289607576273957,
        "(0, 15)": 317.0167496206461,
        "(0, 16)": 28.917869083329634,
        "(0, 19)": 10.822337359476874,
        "(0, 20)": 2317.9946662594343
    },
    "average_num_matching_probability_capped": 0.0,
    "average_num_matching_probability_exceeds_one": 0.0,
    "average_num_proposal_matching_probability_exceeds_one": 0.0,
    "simulation_parameters": {
        "graph_file": "nonuniform_star_20_order_0.json",
        "c_guarantee": 0.6666666666666666,
        "experiment_name": "nonuniform_star_20_order_0_tr_c66_r40_sim10000",
        "average_edge_weight": 0.05,
        "r": 0.4,
        "num_sim_instances": 10000,
        "rounding_scheme_class": "SimpleRecursiveRoundingSchemeForTree",
        "parallel": true
    }
}