{
    "min_scaled_matching_probability": 0.3059299637928215,
    "scaled_matching_probabilities": {
        "(0, 10)": 1.2357409778661776,
        "(0, 11)": 0.9570152208954371,
        "(0, 12)": 0.6523301915693643,
        "(0, 13)": 0.8252198262024195,
        "(0, 14)": 0.8866863558451897,
        "(0, 15)": 0.7534049117902302,
        "(0, 16)": 0.96010966986945,
        "(0, 17)": 0.7680739510743799,
        "(0, 18)": 1.0112839215619789,
        "(0, 19)": 0.7211602045315882,
        "(10, 1)": 1.2674876634389196,
        "(10, 2)": 0.6643195828769557,
        "(10, 3)": 1.2924002142542126,
        "(10, 4)": 0.7581369524814304,
        "(10, 5)": 0.8525911104553675,
        "(10, 6)": 0.6111212029892482,
        "(10, 7)": 0.6157304028009136,
        "(10, 8)": 0.9218147808556801,
        "(10, 9)": 1.021581078111761,
        "(11, 1)": 0.9236602064006593,
        "(11, 2)": 0.6449719039361821,
        "(11, 3)": 0.6361260225314248,
        "(11, 4)": 0.37148424207829384,
        "(11, 5)": 1.0776644613054949,
        "(11, 6)": 1.7446504205728337,
        "(11, 7)": 1.318735011488897,
        "(11, 8)": 1.8683858509615743,
        "(11, 9)": 0.7668879027703243,
        "(12, 1)": 0.3059299637928215,
        "(12, 2)": 0.8773960662608423,
        "(12, 3)": 0.8553676642993534,
        "(12, 4)": 0.4573030523707361,
        "(12, 5)": 0.47403039014458354,
        "(12, 6)": 0.7930785785208169,
        "(12, 7)": 0.6497192784545406,
        "(12, 8)": 0.9973768019894476,
        "(12, 9)": 1.0754721087674142,
        "(13, 1)": 0.8449906423251612,
        "(13, 2)": 1.141443318407442,
        "(13, 3)": 1.0798764441004982,
        "(13, 4)": 0.8212042708883495,
        "(13, 5)": 1.066048664791272,
        "(13, 6)": 1.0286049362907357,
        "(13, 7)": 0.9406561519522681,
        "(13, 8)": 0.5961911563711428,
        "(13, 9)": 0.33850725900312084,
        "(14, 1)": 0.6278077653648991,
        "(14, 2)": 0.8590461886540235,
        "(14, 3)": 0.8513320071086329,
        "(14, 4)": 0.9331172731499617,
        "(14, 5)": 0.7446990806721299,
        "(14, 6)": 0.7035216732142173,
        "(14, 7)": 0.9877187109999748,
        "(14, 8)": 0.724728698254889,
        "(14, 9)": 1.0376664138869394,
        "(15, 1)": 0.6533101558389538,
        "(15, 2)": 0.9657106527820979,
        "(15, 3)": 0.728350645346258,
        "(15, 4)": 0.927551145289577,
        "(15, 5)": 0.8244768662005956,
        "(15, 6)": 1.261154943692207,
        "(15, 7)": 0.8016828769440494,
        "(15, 8)": 0.9966954526791275,
        "(15, 9)": 0.5380324263453505,
        "(16, 1)": 0.6966429325574743,
        "(16, 2)": 0.933713215068297,
        "(16, 3)": 1.1330153145908528,
        "(16, 4)": 1.0410007959387637,
        "(16, 5)": 0.6182834654638629,
        "(16, 6)": 0.6903943890968245,
        "(16, 7)": 0.9099427684460929,
        "(16, 8)": 0.7628189302855471,
        "(16, 9)": 0.6189229819410342,
        "(17, 1)": 0.5862923770742419,
        "(17, 2)": 0.8996478827349237,
        "(17, 3)": 1.2086297924971436,
        "(17, 4)": 0.3657036702262891,
        "(17, 5)": 0.6441003275109423,
        "(17, 6)": 0.5845715190949193,
        "(17, 7)": 0.695028611516305,
        "(17, 8)": 1.177107085386495,
        "(17, 9)": 0.3821397325992287,
        "(18, 1)": 0.5701143851095495,
        "(18, 2)": 0.8978890051247915,
        "(18, 3)": 0.4999864199915458,
        "(18, 4)": 0.3956879764120899,
        "(18, 5)": 0.7905903577533645,
        "(18, 6)": 0.8882832498016457,
        "(18, 7)": 0.9953401771170397,
        "(18, 8)": 0.5949170176750052,
        "(18, 9)": 0.5554534543697833,
        "(19, 1)": 0.7020682078590833,
        "(19, 2)": 0.9064908862730541,
        "(19, 3)": 0.6577322482220779,
        "(19, 4)": 0.8645110506090298,
        "(19, 5)": 0.9129968749158179,
        "(19, 6)": 0.9717119592760192,
        "(19, 7)": 0.6135788357527996,
        "(19, 8)": 0.8118592232410563,
        "(19, 9)": 0.715151558297579
    },
    "matching_probabilities": {
        "(0, 10)": 0.0016080594100253164,
        "(0, 11)": 0.19369017604196123,
        "(0, 12)": 0.0005099891793517431,
        "(0, 13)": 0.005423625435277863,
        "(0, 14)": 0.033899775997113406,
        "(0, 15)": 0.003502232092492293,
        "(0, 16)": 0.11606537722152468,
        "(0, 17)": 0.11520003690162214,
        "(0, 18)": 0.47496623877381944,
        "(0, 19)": 0.003522195534474765,
        "(10, 1)": 0.010625595419868763,
        "(10, 2)": 0.004545982164663319,
        "(10, 3)": 0.002055815545236159,
        "(10, 4)": 0.11624655348574109,
        "(10, 5)": 0.011873586142067998,
        "(10, 6)": 0.11757406712134011,
        "(10, 7)": 0.03116391140342562,
        "(10, 8)": 0.31013335734262365,
        "(10, 9)": 0.191706625226417,
        "(11, 1)": 0.5715624014462908,
        "(11, 2)": 0.02879539012128601,
        "(11, 3)": 0.0001047655292060951,
        "(11, 4)": 0.00011930593484923436,
        "(11, 5)": 0.0076881644783002015,
        "(11, 6)": 0.03029616746519066,
        "(11, 7)": 0.001970203216417717,
        "(11, 8)": 0.03421464449297418,
        "(11, 9)": 0.06850038526726936,
        "(12, 1)": 0.0005361672545915739,
        "(12, 2)": 0.13311213377704786,
        "(12, 3)": 0.4061216537888697,
        "(12, 4)": 0.004512385311506618,
        "(12, 5)": 8.9191560948954e-05,
        "(12, 6)": 0.03318070276699242,
        "(12, 7)": 0.027386483671213456,
        "(12, 8)": 0.14950464363243235,
        "(12, 9)": 0.11431670626486773,
        "(13, 1)": 0.08220300784331563,
        "(13, 2)": 0.0010469186786164614,
        "(13, 3)": 0.0014049651396683218,
        "(13, 4)": 0.0942870212858258,
        "(13, 5)": 0.00293267605339718,
        "(13, 6)": 0.3981281568100755,
        "(13, 7)": 0.25235226791402754,
        "(13, 8)": 0.002633324722615002,
        "(13, 9)": 0.008287275590485744,
        "(14, 1)": 0.10282451784207787,
        "(14, 2)": 0.03172082731163538,
        "(14, 3)": 0.07801523515201131,
        "(14, 4)": 0.23272082350677642,
        "(14, 5)": 0.07135479831153106,
        "(14, 6)": 0.006332502286655736,
        "(14, 7)": 0.01309205685911305,
        "(14, 8)": 0.007542863078887122,
        "(14, 9)": 0.2862028669047847,
        "(15, 1)": 0.011273419274183913,
        "(15, 2)": 0.04888167327496885,
        "(15, 3)": 0.2115975340292469,
        "(15, 4)": 0.011135134682289312,
        "(15, 5)": 0.42237821967536865,
        "(15, 6)": 0.11992183200922753,
        "(15, 7)": 0.010356117854579152,
        "(15, 8)": 0.0005479432965898724,
        "(15, 9)": 0.0011418325719092042,
        "(16, 1)": 0.01173737180551867,
        "(16, 2)": 0.0013340797605413345,
        "(16, 3)": 0.007615778875025187,
        "(16, 4)": 0.03662071332148679,
        "(16, 5)": 0.00012406305258989128,
        "(16, 6)": 0.08655701706198349,
        "(16, 7)": 0.471042959233645,
        "(16, 8)": 0.03141825892190468,
        "(16, 9)": 0.07073485014893845,
        "(17, 1)": 0.004958882804264455,
        "(17, 2)": 0.5651313950885919,
        "(17, 3)": 0.12220428923530888,
        "(17, 4)": 0.01027731358068331,
        "(17, 5)": 0.00019723077464900237,
        "(17, 6)": 0.00939800299412161,
        "(17, 7)": 0.0030817245238204676,
        "(17, 8)": 0.0643132986236293,
        "(17, 9)": 0.0017893733918593966,
        "(18, 1)": 0.00040150034344647477,
        "(18, 2)": 0.05681841509008386,
        "(18, 3)": 0.0029054408723364054,
        "(18, 4)": 0.004326247257665022,
        "(18, 5)": 0.002124946878433468,
        "(18, 6)": 0.002626448307684829,
        "(18, 7)": 0.0012066464301095062,
        "(18, 8)": 0.22475428522899202,
        "(18, 9)": 0.03343205041007584,
        "(19, 1)": 0.046208618214009956,
        "(19, 2)": 0.013572194827085313,
        "(19, 3)": 0.0157180164888531,
        "(19, 4)": 0.2501682492877363,
        "(19, 5)": 0.33284862900072437,
        "(19, 6)": 0.1017464137080058,
        "(19, 7)": 0.047650373337679706,