{
    "min_scaled_matching_probability": 0.6335788480674128,
    "scaled_matching_probabilities": {
        "(0, 1)": 0.6987894255028564,
        "(0, 2)": 0.7097211449659425,
        "(0, 3)": 0.7123031120194542,
        "(1, 4)": 0.6691418464869117,
        "(1, 5)": 0.7204970049882435,
        "(1, 6)": 0.7182218211042555,
        "(2, 7)": 0.6919825963885804,
        "(2, 8)": 0.7028006819630847,
        "(2, 9)": 0.6915849450621813,
        "(3, 10)": 0.7164449652254979,
        "(3, 11)": 0.697206160010359,
        "(3, 12)": 0.6816196935608256,
        "(4, 13)": 0.7117713879352815,
        "(4, 14)": 0.6991536060274445,
        "(4, 15)": 0.6923346646430363,
        "(5, 16)": 0.6907117559583006,
        "(5, 17)": 0.6896316797251771,
        "(5, 18)": 0.6926700455486454,
        "(6, 19)": 0.6895994696793494,
        "(6, 20)": 0.7018701506856669,
        "(6, 21)": 0.7224662855232546,
        "(7, 22)": 0.6578023274330483,
        "(7, 23)": 0.7170939739079375,
        "(7, 24)": 0.6647816167819206,
        "(8, 25)": 0.7222955641538171,
        "(8, 26)": 0.6785799626334096,
        "(8, 27)": 0.6838068520564836,
        "(9, 28)": 0.6722315908454489,
        "(9, 29)": 0.7118929117642128,
        "(9, 30)": 0.7047850139904757,
        "(10, 31)": 0.7246217559104865,
        "(10, 32)": 0.7228848125597914,
        "(10, 33)": 0.7024333277761501,
        "(11, 34)": 0.7303979448683491,
        "(11, 35)": 0.6720148354990317,
        "(11, 36)": 0.688942073977571,
        "(12, 37)": 0.7109661199177166,
        "(12, 38)": 0.7292284184227089,
        "(12, 39)": 0.6391940616336336,
        "(13, 40)": 0.6916349908631868,
        "(13, 41)": 0.6984380338232384,
        "(13, 42)": 0.7068353176629504,
        "(14, 43)": 0.6874558101516426,
        "(14, 44)": 0.6981149355297915,
        "(14, 45)": 0.6823821270304234,
        "(15, 46)": 0.6894542834892262,
        "(15, 47)": 0.730414938687151,
        "(15, 48)": 0.7100264696227054,
        "(16, 49)": 0.7072997567311623,
        "(16, 50)": 0.6751987789560994,
        "(16, 51)": 0.7681536753756066,
        "(17, 52)": 0.6636653483323094,
        "(17, 53)": 0.693578010495003,
        "(17, 54)": 0.6919899780545001,
        "(18, 55)": 0.6598291953110946,
        "(18, 56)": 0.6947541718545258,
        "(18, 57)": 0.6980371012558362,
        "(19, 58)": 0.7036398504905849,
        "(19, 59)": 0.6954669134297308,
        "(19, 60)": 0.6739035523617057,
        "(20, 61)": 0.704147473794589,
        "(20, 62)": 0.6998890920917339,
        "(20, 63)": 0.6925656413212322,
        "(21, 64)": 0.6961723830039238,
        "(21, 65)": 0.7029124062655818,
        "(21, 66)": 0.6626428778279014,
        "(22, 67)": 0.6895926718692326,
        "(22, 68)": 0.6997420257726241,
        "(22, 69)": 0.6891445660337582,
        "(23, 70)": 0.6658258232736265,
        "(23, 71)": 0.7073682007576664,
        "(23, 72)": 0.7293316517993155,
        "(24, 73)": 0.69568818300045,
        "(24, 74)": 0.7757023477201568,
        "(24, 75)": 0.7149121262948012,
        "(25, 76)": 0.6981097197868534,
        "(25, 77)": 0.783909674653464,
        "(25, 78)": 0.6962078964071488,
        "(26, 79)": 0.693082644185808,
        "(26, 80)": 0.6535916420468573,
        "(26, 81)": 0.701505309047175,
        "(27, 82)": 0.6335788480674128,
        "(27, 83)": 0.7096939857872816,
        "(27, 84)": 0.6581762464742957,
        "(28, 85)": 0.7526844450499528,
        "(28, 86)": 0.6976959615237186,
        "(28, 87)": 0.7089927778334897,
        "(29, 88)": 0.6939400800519281,
        "(29, 89)": 0.6842334413575828,
        "(29, 90)": 0.7389286641025294,
        "(30, 91)": 0.69276281071921,
        "(30, 92)": 0.6971693241531328,
        "(30, 93)": 0.6818363125666352,
        "(31, 94)": 0.6788112480336285,
        "(31, 95)": 0.721951947449004,
        "(31, 96)": 0.6870379216368256,
        "(32, 97)": 0.7035386231724344,
        "(32, 98)": 0.7499308336626663,
        "(32, 99)": 0.6884222408630136,
        "(33, 100)": 0.7110184240175138,
        "(33, 101)": 0.6654950570770349,
        "(33, 102)": 0.6884997757762208,
        "(34, 103)": 0.696906555805031,
        "(34, 104)": 0.6614856348005737,
        "(34, 105)": 0.7102224439061801,
        "(35, 106)": 0.7481023918369712,
        "(35, 107)": 0.7144973780766101,
        "(35, 108)": 0.6962633370554774,
        "(36, 109)": 0.6680967458032417,
        "(36, 110)": 0.7121335801851918,
        "(36, 111)": 0.696787582654044,
        "(37, 112)": 0.6616650828488811,
        "(37, 113)": 0.6548726956968247,
        "(37, 114)": 0.7071113526761563,
        "(38, 115)": 0.7035483678891614,
        "(38, 116)": 0.6952026544507264,
        "(38, 117)": 0.7001608397568221,
        "(39, 118)": 0.687235079763025,
        "(39, 119)": 0.716013847671969,
        "(39, 120)": 0.7134835322991021
    },
    "matching_probabilities": {
        "(0, 1)": 0.29,
        "(0, 2)": 0.0881,
        "(0, 3)": 0.0599,
        "(1, 4)": 0.0205,
        "(1, 5)": 0.2767,
        "(1, 6)": 0.0583,
        "(2, 7)": 0.0977,
        "(2, 8)": 0.2902,
        "(2, 9)": 0.1144,
        "(3, 10)": 0.1051,
        "(3, 11)": 0.1254,
        "(3, 12)": 0.206,
        "(4, 13)": 0.1785,
        "(4, 14)": 0.0935,
        "(4, 15)": 0.0584,
        "(5, 16)": 0.0843,
        "(5, 17)": 0.0949,
        "(5, 18)": 0.0722,
        "(6, 19)": 0.0757,
        "(6, 20)": 0.2524,
        "(6, 21)": 0.0771,
        "(7, 22)": 0.0555,
        "(7, 23)": 0.1686,
        "(7, 24)": 0.0439,
        "(8, 25)": 0.0146,
        "(8, 26)": 0.1231,
        "(8, 27)": 0.0591,
        "(9, 28)": 0.085,
        "(9, 29)": 0.284,
        "(9, 30)": 0.0991,
        "(10, 31)": 0.0992,
        "(10, 32)": 0.0951,
        "(10, 33)": 0.2504,
        "(11, 34)": 0.0184,
        "(11, 35)": 0.0821,
        "(11, 36)": 0.3723,
        "(12, 37)": 0.394,
        "(12, 38)": 0.0662,
        "(12, 39)": 0.0182,
        "(13, 40)": 0.0159,
        "(13, 41)": 0.1826,
        "(13, 42)": 0.2954,
        "(14, 43)": 0.151,
        "(14, 44)": 0.3701,
        "(14, 45)": 0.0325,
        "(15, 46)": 0.1265,
        "(15, 47)": 0.0338,
        "(15, 48)": 0.4359,
        "(16, 49)": 0.5071,
        "(16, 50)": 0.0345,
        "(16, 51)": 0.0543,
        "(17, 52)": 0.0149,
        "(17, 53)": 0.5335,
        "(17, 54)": 0.0366,
        "(18, 55)": 0.0422,
        "(18, 56)": 0.485,
        "(18, 57)": 0.0749,
        "(19, 58)": 0.3326,
        "(19, 59)": 0.0363,
        "(19, 60)": 0.1908,
        "(20, 61)": 0.2958,
        "(20, 62)": 0.0258,
        "(20, 63)": 0.1113,
        "(21, 64)": 0.3075,
        "(21, 65)": 0.1893,
        "(21, 66)": 0.0623,
        "(22, 67)": 0.0626,
        "(22, 68)": 0.356,
        "(22, 69)": 0.1673,
        "(23, 70)": 0.133,
        "(23, 71)": 0.1254,
        "(23, 72)": 0.2032,
        "(24, 73)": 0.4329,
        "(24, 74)": 0.0315,
        "(24, 75)": 0.1836,
        "(25, 76)": 0.4465,
        "(25, 77)": 0.0585,
        "(25, 78)": 0.1801,
        "(26, 79)": 0.4062,
        "(26, 80)": 0.0239,
        "(26, 81)": 0.121,
        "(27, 82)": 0.0335,
        "(27, 83)": 0.513,
        "(27, 84)": 0.0807,
        "(28, 85)": 0.0373,
        "(28, 86)": 0.1589,
        "(28, 87)": 0.3742,
        "(29, 88)": 0.1216,
        "(29, 89)": 0.2147,
        "(29, 90)": 0.0366,
        "(30, 91)": 0.1102,
        "(30, 92)": 0.2503,
        "(30, 93)": 0.129,
        "(31, 94)": 0.178,
        "(31, 95)": 0.1222,
        "(31, 96)": 0.216,
        "(32, 97)": 0.0774,
        "(32, 98)": 0.0349,
        "(32, 99)": 0.4818,
        "(33, 100)": 0.3478,
        "(33, 101)": 0.08,
        "(33, 102)": 0.0158,
        "(34, 103)": 0.2502,
        "(34, 104)": 0.0253,
        "(34, 105)": 0.3586,
        "(35, 106)": 0.0508,
        "(35, 107)": 0.316,
        "(35, 108)": 0.2394,
        "(36, 109)": 0.0223,
        "(36, 110)": 0.153,
        "(36, 111)": 0.1286,
        "(37, 112)": 0.0567,