{
    "min_scaled_matching_probability": 0.6383811320529259,
    "scaled_matching_probabilities": {
        "(0, 1)": 0.7500169294664838,
        "(0, 2)": 0.7431318226012982,
        "(0, 3)": 0.7562162264313639,
        "(0, 4)": 0.8109180997756843,
        "(0, 5)": 0.7197580432304055,
        "(0, 6)": 0.7744140295712595,
        "(0, 7)": 0.6830479464528083,
        "(0, 8)": 0.7587236896239246,
        "(0, 9)": 0.7315425737808601,
        "(1, 2)": 0.7242634837486402,
        "(1, 3)": 0.9277802469504751,
        "(1, 4)": 0.7260417221854918,
        "(1, 5)": 0.7851088466171448,
        "(1, 6)": 0.7019330225123164,
        "(1, 7)": 0.7596392681272681,
        "(1, 8)": 0.8181516124438813,
        "(1, 9)": 0.7673409443730986,
        "(2, 3)": 0.7384157644199929,
        "(2, 4)": 0.8235836600644697,
        "(2, 5)": 0.7437557400546583,
        "(2, 6)": 0.7794798425907338,
        "(2, 7)": 0.7447220013514376,
        "(2, 8)": 0.7031172291020459,
        "(2, 9)": 0.7710917519576608,
        "(3, 4)": 0.7378636306734694,
        "(3, 5)": 0.6973551135528939,
        "(3, 6)": 0.6383811320529259,
        "(3, 7)": 0.7100522554974832,
        "(3, 8)": 0.7553912006783371,
        "(3, 9)": 0.741778849353349,
        "(4, 5)": 0.794187438087237,
        "(4, 6)": 0.7466291041413562,
        "(4, 7)": 0.6503200190744391,
        "(4, 8)": 0.7597486669682033,
        "(4, 9)": 0.758454260797517,
        "(5, 6)": 0.7830274173025494,
        "(5, 7)": 0.7559858327787421,
        "(5, 8)": 0.7646921462913805,
        "(5, 9)": 0.7389351457180995,
        "(6, 7)": 0.686719027892017,
        "(6, 8)": 0.7426791407426824,
        "(6, 9)": 0.7668608300909858,
        "(7, 8)": 0.7064424988454927,
        "(7, 9)": 0.7796310854581727,
        "(8, 9)": 0.7626831757083326
    },
    "matching_probabilities": {
        "(0, 1)": 0.04022604877157772,
        "(0, 2)": 0.04751152542981371,
        "(0, 3)": 0.09577823974201218,
        "(0, 4)": 0.023724519341458323,
        "(0, 5)": 0.0562971460518358,
        "(0, 6)": 0.023066008361657026,
        "(0, 7)": 0.003060443551686433,
        "(0, 8)": 0.3796549166383645,
        "(0, 9)": 0.07129820693374574,
        "(1, 2)": 0.09614789153221821,
        "(1, 3)": 0.0017482689396830665,
        "(1, 4)": 0.17153326896777085,
        "(1, 5)": 0.03956898452959417,
        "(1, 6)": 0.015020102179820818,
        "(1, 7)": 0.19214408505533503,
        "(1, 8)": 0.0017243152616761336,
        "(1, 9)": 0.18837664537114285,
        "(2, 3)": 0.19776604469156345,
        "(2, 4)": 0.002737064928935322,
        "(2, 5)": 0.07235741078880095,
        "(2, 6)": 0.0598498875547333,
        "(2, 7)": 0.17608319339547313,
        "(2, 8)": 0.0026853323175139946,
        "(2, 9)": 0.007738218596426513,
        "(3, 4)": 0.012560113816891058,
        "(3, 5)": 0.0203750179648839,
        "(3, 6)": 0.0068651938329231076,
        "(3, 7)": 0.008785916529038441,
        "(3, 8)": 0.12252482586105634,
        "(3, 9)": 0.19124501604877206,
        "(4, 5)": 0.10108683153259498,
        "(4, 6)": 0.3385526185716503,
        "(4, 7)": 0.00026039746121377566,
        "(4, 8)": 0.007280160070280277,
        "(4, 9)": 0.0913431141586928,
        "(5, 6)": 0.0532533309598112,
        "(5, 7)": 0.33295479677505746,
        "(5, 8)": 0.0015763501543735639,
        "(5, 9)": 0.06323631043659293,
        "(6, 7)": 0.0011534389467202728,
        "(6, 8)": 0.1970313847932631,
        "(6, 9)": 0.038750762584265804,
        "(7, 8)": 0.0002838807703776686,
        "(7, 9)": 0.03949077566276073,
        "(8, 9)": 0.03947095932930008
    },
    "matching_counts": {
        "(0, 1)": 402.2604877157772,
        "(0, 2)": 475.11525429813713,
        "(0, 3)": 957.7823974201218,
        "(0, 4)": 237.2451934145832,
        "(0, 5)": 562.971460518358,
        "(0, 6)": 230.66008361657026,
        "(0, 7)": 30.60443551686433,
        "(0, 8)": 3796.5491663836447,
        "(0, 9)": 712.9820693374573,
        "(1, 2)": 961.4789153221822,
        "(1, 3)": 17.482689396830665,
        "(1, 4)": 1715.3326896777085,
        "(1, 5)": 395.68984529594167,
        "(1, 6)": 150.2010217982082,
        "(1, 7)": 1921.4408505533504,
        "(1, 8)": 17.243152616761336,
        "(1, 9)": 1883.7664537114285,
        "(2, 3)": 1977.6604469156343,
        "(2, 4)": 27.370649289353217,
        "(2, 5)": 723.5741078880095,
        "(2, 6)": 598.498875547333,
        "(2, 7)": 1760.8319339547313,
        "(2, 8)": 26.853323175139945,
        "(2, 9)": 77.38218596426513,
        "(3, 4)": 125.60113816891058,
        "(3, 5)": 203.750179648839,
        "(3, 6)": 68.65193832923107,
        "(3, 7)": 87.85916529038441,
        "(3, 8)": 1225.2482586105634,
        "(3, 9)": 1912.4501604877207,
        "(4, 5)": 1010.8683153259499,
        "(4, 6)": 3385.5261857165033,
        "(4, 7)": 2.6039746121377565,
        "(4, 8)": 72.80160070280277,
        "(4, 9)": 913.431141586928,
        "(5, 6)": 532.5333095981119,
        "(5, 7)": 3329.5479677505746,
        "(5, 8)": 15.763501543735638,
        "(5, 9)": 632.3631043659293,
        "(6, 7)": 11.534389467202727,
        "(6, 8)": 1970.313847932631,
        "(6, 9)": 387.507625842658,
        "(7, 8)": 2.838807703776686,
        "(7, 9)": 394.9077566276073,
        "(8, 9)": 394.7095932930008
    },
    "average_num_matching_probability_capped": 0.0,
    "average_num_matching_probability_exceeds_one": 0.0,
    "average_num_proposal_matching_probability_exceeds_one": 0.0912,
    "simulation_parameters": {
        "graph_file": "nonuniform_complete_10_order_0.json",
        "c_guarantee": 0.75,
        "experiment_name": "nonuniform_complete_10_order_0_mc_c75_r80_sim10000",
        "average_edge_weight": 0.1111111111111111,
        "r": 0.8,
        "num_sim_instances": 10000,
        "rounding_scheme_class": "SimulatedRecursiveRoundingScheme",
        "parallel": true
    }
}