{
    "min_scaled_matching_probability": 0.0,
    "scaled_matching_probabilities": {
        "(0, 2)": 0.0,
        "(0, 3)": 1.0326192557904277,
        "(0, 4)": 0.0,
        "(0, 5)": 0.0,
        "(0, 6)": 0.5701337894136507,
        "(0, 7)": 0.6083236683810426,
        "(0, 8)": 0.5262009958876589,
        "(0, 9)": 0.5470254472663644,
        "(0, 10)": 0.6173212770369796,
        "(0, 11)": 0.7217271166470337,
        "(0, 12)": 0.0,
        "(0, 13)": 0.6711157162123662,
        "(0, 14)": 0.0,
        "(0, 15)": 0.5868912753193526,
        "(0, 16)": 0.3835247678019801,
        "(0, 19)": 0.566377913864522,
        "(0, 20)": 0.607633500158376
    },
    "matching_probabilities": {
        "(0, 2)": 0.0,
        "(0, 3)": 0.0002,
        "(0, 4)": 0.0,
        "(0, 5)": 0.0,
        "(0, 6)": 0.0234,
        "(0, 7)": 0.0922,
        "(0, 8)": 0.0001,
        "(0, 9)": 0.011,
        "(0, 10)": 0.2177,
        "(0, 11)": 0.0121,
        "(0, 12)": 0.0,
        "(0, 13)": 0.0052,
        "(0, 14)": 0.0,
        "(0, 15)": 0.0271,
        "(0, 16)": 0.0019,
        "(0, 19)": 0.0009,
        "(0, 20)": 0.2169
    },
    "matching_counts": {
        "(0, 2)": 0,
        "(0, 3)": 2.0,
        "(0, 4)": 0,
        "(0, 5)": 0,
        "(0, 6)": 234.0,
        "(0, 7)": 922.0,
        "(0, 8)": 1.0,
        "(0, 9)": 110.0,
        "(0, 10)": 2177.0,
        "(0, 11)": 121.0,
        "(0, 12)": 0,
        "(0, 13)": 52.0,
        "(0, 14)": 0,
        "(0, 15)": 271.0,
        "(0, 16)": 19.0,
        "(0, 19)": 9.0,
        "(0, 20)": 2169.0
    },
    "average_num_matching_probability_capped": 0.0,
    "average_num_matching_probability_exceeds_one": 0.0,
    "average_num_proposal_matching_probability_exceeds_one": 0.0,
    "simulation_parameters": {
        "graph_file": "nonuniform_star_20_order_1.json",
        "c_guarantee": 0.6,
        "experiment_name": "nonuniform_star_20_order_1_tr_c60_r100_sim10000",
        "average_edge_weight": 0.05,
        "r": 1.0,
        "num_sim_instances": 10000,
        "rounding_scheme_class": "SimpleRecursiveRoundingSchemeForTree",
        "parallel": true
    }
}