{
    "min_scaled_matching_probability": 0.0,
    "scaled_matching_probabilities": {
        "(0, 2)": 0.0,
        "(0, 3)": 2.0652385115808554,
        "(0, 4)": 0.0,
        "(0, 5)": 0.0,
        "(0, 6)": 0.6627196184637307,
        "(0, 7)": 0.6419728083891045,
        "(0, 8)": 1.5786029876629764,
        "(0, 9)": 0.6912412470002242,
        "(0, 10)": 0.6768699532784889,
        "(0, 11)": 0.6083980652727061,
        "(0, 12)": 0.0,
        "(0, 13)": 0.6711157162123662,
        "(0, 14)": 0.0,
        "(0, 15)": 0.6410325368801785,
        "(0, 16)": 0.5046378523710264,
        "(0, 19)": 0.6293087931828022,
        "(0, 20)": 0.6838328141478082
    },
    "matching_probabilities": {
        "(0, 2)": 0.0,
        "(0, 3)": 0.0004,
        "(0, 4)": 0.0,
        "(0, 5)": 0.0,
        "(0, 6)": 0.0272,
        "(0, 7)": 0.0973,
        "(0, 8)": 0.0003,
        "(0, 9)": 0.0139,
        "(0, 10)": 0.2387,
        "(0, 11)": 0.0102,
        "(0, 12)": 0.0,
        "(0, 13)": 0.0052,
        "(0, 14)": 0.0,
        "(0, 15)": 0.0296,
        "(0, 16)": 0.0025,
        "(0, 19)": 0.001,
        "(0, 20)": 0.2441
    },
    "matching_counts": {
        "(0, 2)": 0,
        "(0, 3)": 4.0,
        "(0, 4)": 0,
        "(0, 5)": 0,
        "(0, 6)": 272.0,
        "(0, 7)": 973.0,
        "(0, 8)": 3.0,
        "(0, 9)": 139.0,
        "(0, 10)": 2387.0,
        "(0, 11)": 102.0,
        "(0, 12)": 0,
        "(0, 13)": 52.0,
        "(0, 14)": 0,
        "(0, 15)": 296.0,
        "(0, 16)": 25.0,
        "(0, 19)": 10.0,
        "(0, 20)": 2441.0
    },
    "average_num_matching_probability_capped": 0.0,
    "average_num_matching_probability_exceeds_one": 0.0,
    "average_num_proposal_matching_probability_exceeds_one": 0.0,
    "simulation_parameters": {
        "graph_file": "nonuniform_star_20_order_0.json",
        "c_guarantee": 0.6666666666666666,
        "experiment_name": "nonuniform_star_20_order_0_mc_c66_r100_sim10000",
        "average_edge_weight": 0.05,
        "r": 1.0,
        "num_sim_instances": 10000,
        "rounding_scheme_class": "SimulatedRecursiveRoundingScheme",
        "parallel": true
    }
}