{
    "min_scaled_matching_probability": 0.322992743256345,
    "scaled_matching_probabilities": {
        "(0, 1)": 0.8941651223722564,
        "(0, 2)": 1.1735213928677148,
        "(0, 3)": 1.0517012285166425,
        "(1, 4)": 1.3226241345101943,
        "(1, 5)": 0.8786546785320684,
        "(1, 6)": 1.0264313340343871,
        "(2, 7)": 0.9545296906929195,
        "(2, 8)": 0.8963067157216091,
        "(2, 9)": 0.9571402952248609,
        "(3, 10)": 0.7810893533694929,
        "(3, 11)": 1.1474007258222494,
        "(3, 12)": 0.6716501940940062,
        "(4, 13)": 0.9700593290274815,
        "(4, 14)": 0.8326882278039978,
        "(4, 15)": 0.7248341305617142,
        "(5, 16)": 0.9295005221783763,
        "(5, 17)": 0.8216734329815482,
        "(5, 18)": 0.5776988953065585,
        "(6, 19)": 0.6541789049954687,
        "(6, 20)": 1.0512145548812626,
        "(6, 21)": 0.94812459523086,
        "(7, 22)": 1.1332745937818338,
        "(7, 23)": 1.2165274445386873,
        "(7, 24)": 0.9415131217253578,
        "(8, 25)": 0.9475517602094073,
        "(8, 26)": 0.4629904413260714,
        "(8, 27)": 0.5844427519975768,
        "(9, 28)": 1.0172901192822363,
        "(9, 29)": 0.6105734307012887,
        "(9, 30)": 0.8621402882331222,
        "(10, 31)": 0.9467222807117738,
        "(10, 32)": 0.541427292185511,
        "(10, 33)": 0.9928391485872354,
        "(11, 34)": 0.8565495328623105,
        "(11, 35)": 0.322992743256345,
        "(11, 36)": 0.8542059369205345,
        "(12, 37)": 0.8815413208772221,
        "(12, 38)": 1.1082857234034413,
        "(12, 39)": 0.4559899682274353,
        "(13, 40)": 0.9471771854712223,
        "(13, 41)": 0.8098795247547991,
        "(13, 42)": 1.010376456915941,
        "(14, 43)": 0.7747748057753243,
        "(14, 44)": 1.0327515479871483,
        "(14, 45)": 1.0718324669586197,
        "(15, 46)": 1.2013798570413283,
        "(15, 47)": 0.7698618155374662,
        "(15, 48)": 0.9334080612480468,
        "(16, 49)": 0.9616789608831526,
        "(16, 50)": 1.0960472525682576,
        "(16, 51)": 0.819309469526046,
        "(17, 52)": 0.9200300203249434,
        "(17, 53)": 0.9619850674702433,
        "(17, 54)": 1.1018246265035676,
        "(18, 55)": 1.030734000135099,
        "(18, 56)": 0.9425329202709873,
        "(18, 57)": 0.8615514485136349,
        "(19, 58)": 1.01191762166349,
        "(19, 59)": 1.1743709245395426,
        "(19, 60)": 0.8766479617377753,
        "(20, 61)": 0.8323509093506131,
        "(20, 62)": 1.0137793846749306,
        "(20, 63)": 0.9487273831439089,
        "(21, 64)": 0.9229387771689063,
        "(21, 65)": 1.0338174491307062,
        "(21, 66)": 0.7937934862972942,
        "(22, 67)": 0.9592580109887938,
        "(22, 68)": 0.8821555579272798,
        "(22, 69)": 0.9186343031363753,
        "(23, 70)": 0.9330494820229316,
        "(23, 71)": 1.0326484987990125,
        "(23, 72)": 0.6826049195408206,
        "(24, 73)": 0.9527196584502755,
        "(24, 74)": 1.5128407874874197,
        "(24, 75)": 0.841479917249138,
        "(25, 76)": 0.9564924447481796,
        "(25, 77)": 1.1344107040945721,
        "(25, 78)": 0.8764314399667275,
        "(26, 79)": 0.9399741100507194,
        "(26, 80)": 0.7100106542906414,
        "(26, 81)": 1.049486649078276,
        "(27, 82)": 0.8364087238123699,
        "(27, 83)": 0.9650108030130604,
        "(27, 84)": 0.8799486156634186,
        "(28, 85)": 0.8307329721511613,
        "(28, 86)": 1.0616329866104812,
        "(28, 87)": 0.9031266520058076,
        "(29, 88)": 0.7675158721374352,
        "(29, 89)": 1.0464556327302814,
        "(29, 90)": 1.2135655049587186,
        "(30, 91)": 0.8313154920447604,
        "(30, 92)": 1.0671075999424786,
        "(30, 93)": 0.84951392920389,
        "(31, 94)": 1.0082523703683712,
        "(31, 95)": 0.6640333060303389,
        "(31, 96)": 1.059509400405885,
        "(32, 97)": 0.9342035434014323,
        "(32, 98)": 0.9180289616967687,
        "(32, 99)": 0.9192742025986799,
        "(33, 100)": 0.951206375838909,
        "(33, 101)": 0.7732475482697668,
        "(33, 102)": 1.0507321584128253,
        "(34, 103)": 0.9572594668929637,
        "(34, 104)": 1.504094362079824,
        "(34, 105)": 0.8360074077536218,
        "(35, 106)": 1.0065533437522605,
        "(35, 107)": 0.8600042192194314,
        "(35, 108)": 1.0325424928181406,
        "(36, 109)": 0.9776163981284972,
        "(36, 110)": 1.1292470343696523,
        "(36, 111)": 0.9878373141319509,
        "(37, 112)": 1.0359956709025546,
        "(37, 113)": 0.8139432840505417,
        "(37, 114)": 1.2268534941493712,
        "(38, 115)": 1.1123203699672592,
        "(38, 116)": 0.8217653902850847,
        "(38, 117)": 0.8427884929799737,
        "(39, 118)": 0.9456108706075976,
        "(39, 119)": 0.7217302133324291,
        "(39, 120)": 1.0209711457292632
    },
    "matching_probabilities": {
        "(0, 1)": 0.37108158198208796,
        "(0, 2)": 0.14567303714278787,
        "(0, 3)": 0.08844114608673272,
        "(1, 4)": 0.040520249779340815,
        "(1, 5)": 0.3374389454315503,
        "(1, 6)": 0.08331819643435531,
        "(2, 7)": 0.13476863618739016,
        "(2, 8)": 0.37010238546705543,
        "(2, 9)": 0.15832740512285023,
        "(3, 10)": 0.1145831082968047,
        "(3, 11)": 0.2063723175021464,
        "(3, 12)": 0.2029870047629697,
        "(4, 13)": 0.24327416522557632,
        "(4, 14)": 0.11135800291734121,
        "(4, 15)": 0.06114140369763136,
        "(5, 16)": 0.11344369535295366,
        "(5, 17)": 0.11307022441460811,
        "(5, 18)": 0.06021605887128591,
        "(6, 19)": 0.0718117476673575,
        "(6, 20)": 0.3780279776719802,
        "(6, 21)": 0.10118175443904,
        "(7, 22)": 0.09561647524163475,
        "(7, 23)": 0.2860246140843387,
        "(7, 24)": 0.062174441952570075,
        "(8, 25)": 0.01915317826333938,
        "(8, 26)": 0.083990283335303,
        "(8, 27)": 0.05051216807667157,
        "(9, 28)": 0.12863075957236605,
        "(9, 29)": 0.24357997032087184,
        "(9, 30)": 0.12122576511687434,
        "(10, 31)": 0.12960534165663304,
        "(10, 32)": 0.07122813288124416,
        "(10, 33)": 0.35392244783332555,
        "(11, 34)": 0.0215779788475545,
        "(11, 35)": 0.03945999823300647,
        "(11, 36)": 0.46160756082066257,
        "(12, 37)": 0.48852859608250154,
        "(12, 38)": 0.10061115699248378,
        "(12, 39)": 0.012983564647845657,
        "(13, 40)": 0.02177466069233547,
        "(13, 41)": 0.21173532089985378,
        "(13, 42)": 0.42225564840166924,
        "(14, 43)": 0.170179659469701,
        "(14, 44)": 0.5475048999202117,
        "(14, 45)": 0.05104845774280086,
        "(15, 46)": 0.22042730831492885,
        "(15, 47)": 0.03562540685700807,
        "(15, 48)": 0.5730385996936536,
        "(16, 49)": 0.6894776880988018,
        "(16, 50)": 0.056003700528112904,
        "(16, 51)": 0.05791615092319985,
        "(17, 52)": 0.020655662281131464,
        "(17, 53)": 0.7399586286322616,
        "(17, 54)": 0.05827653955828606,
        "(18, 55)": 0.0659215674523061,
        "(18, 56)": 0.6579715312989106,
        "(18, 57)": 0.0924452344690206,
        "(19, 58)": 0.47831827707117647,
        "(19, 59)": 0.061296466787406204,
        "(19, 60)": 0.24820232882492851,
        "(20, 61)": 0.3496560140436356,
        "(20, 62)": 0.03737093265226232,
        "(20, 63)": 0.15246693084928792,
        "(21, 64)": 0.40766293077420035,
        "(21, 65)": 0.27841540620994615,
        "(21, 66)": 0.07463044703419452,
        "(22, 67)": 0.08707974132776992,
        "(22, 68)": 0.448804512313455,
        "(22, 69)": 0.2230120158956417,
        "(23, 70)": 0.18637844428880287,
        "(23, 71)": 0.18306466365139717,
        "(23, 72)": 0.19018140692029256,
        "(24, 73)": 0.5928408016998867,
        "(24, 74)": 0.06143398295224137,
        "(24, 75)": 0.21610447931223634,
        "(25, 76)": 0.6117575281869105,
        "(25, 77)": 0.08465647042673506,