{
    "min_scaled_matching_probability": 0.09619854777739696,
    "scaled_matching_probabilities": {
        "(0, 10)": 0.6562671917387468,
        "(0, 11)": 0.3183510320921936,
        "(0, 12)": 170.84424747830252,
        "(0, 13)": 0.8014025082642432,
        "(0, 14)": 4.877832418154904,
        "(0, 15)": 0.7166311516689886,
        "(0, 16)": 0.7451614273792347,
        "(0, 17)": 0.7388686087437066,
        "(0, 18)": 0.7986649252119921,
        "(0, 19)": 4.631552530871096,
        "(10, 1)": 3.0720516648935714,
        "(10, 2)": 0.512899032409541,
        "(10, 3)": 0.6540383606033945,
        "(10, 4)": 0.8797476296139742,
        "(10, 5)": 7.536594640140632,
        "(10, 6)": 0.7208724501834922,
        "(10, 7)": 2.661052918241995,
        "(10, 8)": 0.7076089745327616,
        "(10, 9)": 0.9133834184889228,
        "(11, 1)": 0.7089709789684521,
        "(11, 2)": 0.7849038115314266,
        "(11, 3)": 0.6458195965721923,
        "(11, 4)": 641.3560315870224,
        "(11, 5)": 0.6734734793125291,
        "(11, 6)": 1.227224945403014,
        "(11, 7)": 0.6703518462663173,
        "(11, 8)": 0.8184537200022558,
        "(11, 9)": 1.630475167871111,
        "(12, 1)": 0.9034849460417226,
        "(12, 2)": 0.8040230383215881,
        "(12, 3)": 0.7435050324919382,
        "(12, 4)": 0.7277980918684637,
        "(12, 5)": 1.7980603855648332,
        "(12, 6)": 0.8623074683746124,
        "(12, 7)": 0.6850738204253839,
        "(12, 8)": 0.3760429489231323,
        "(12, 9)": 0.7044335192931696,
        "(13, 1)": 0.5809661267172483,
        "(13, 2)": 0.6751195150175553,
        "(13, 3)": 1.2582329205302947,
        "(13, 4)": 0.768977122677196,
        "(13, 5)": 12.47029552727877,
        "(13, 6)": 0.7304757410051579,
        "(13, 7)": 0.9574118710592688,
        "(13, 8)": 5.468301318786187,
        "(13, 9)": 0.6124878692038448,
        "(14, 1)": 0.37693596211714747,
        "(14, 2)": 0.7942685244948106,
        "(14, 3)": 0.43536008992267605,
        "(14, 4)": 0.7978888102989461,
        "(14, 5)": 0.8539579726604444,
        "(14, 6)": 0.6067069006242042,
        "(14, 7)": 6.452536856873727,
        "(14, 8)": 4.898060151042987,
        "(14, 9)": 0.7211089287038547,
        "(15, 1)": 0.47673683882527773,
        "(15, 2)": 0.6815589047876066,
        "(15, 3)": 0.7426751011277151,
        "(15, 4)": 2.6512240029493093,
        "(15, 5)": 0.7288978705562419,
        "(15, 6)": 2.3519880814037633,
        "(15, 7)": 6.28093941483981,
        "(15, 8)": 51.25627165010871,
        "(15, 9)": 0.748365408222726,
        "(16, 1)": 0.4625258620511423,
        "(16, 2)": 0.8801795039702689,
        "(16, 3)": 1.5252694174861108,
        "(16, 4)": 0.2943056859250642,
        "(16, 5)": 536.596667021605,
        "(16, 6)": 0.30630711085124074,
        "(16, 7)": 0.7354160102762803,
        "(16, 8)": 5.661992804665687,
        "(16, 9)": 0.7196151191572547,
        "(17, 1)": 11.732495593115376,
        "(17, 2)": 0.7911996328302103,
        "(17, 3)": 0.7136729752180857,
        "(17, 4)": 0.7402194538958446,
        "(17, 5)": 0.7988187628597839,
        "(17, 6)": 0.7842358172931277,
        "(17, 7)": 0.5752182729922316,
        "(17, 8)": 0.8024497860231982,
        "(17, 9)": 0.5952128330298748,
        "(18, 1)": 1.741245158182984,
        "(18, 2)": 0.7009923133606463,
        "(18, 3)": 12.16162389930157,
        "(18, 4)": 1.1413718038506226,
        "(18, 5)": 0.7074386740189523,
        "(18, 6)": 0.6623472473833458,
        "(18, 7)": 0.6183961897443159,
        "(18, 8)": 0.7472302405516584,
        "(18, 9)": 0.9898887369533228,
        "(19, 1)": 2.3603653290225215,
        "(19, 2)": 0.724935779441572,
        "(19, 3)": 0.6280697076947774,
        "(19, 4)": 0.7272765928168152,
        "(19, 5)": 0.724040572893828,
        "(19, 6)": 1.972183169152055,
        "(19, 7)": 0.09619854777739696,
        "(19, 8)": 9.080382061667496,
        "(19, 9)": 1.9046500014065746
    },
    "matching_probabilities": {
        "(0, 10)": 0.0008539950135736811,
        "(0, 11)": 0.06443102063871367,
        "(0, 12)": 0.13356536106172381,
        "(0, 13)": 0.005267089919203256,
        "(0, 14)": 0.18648919681333148,
        "(0, 15)": 0.003331287835502787,
        "(0, 16)": 0.09008079480280695,
        "(0, 17)": 0.1108196559376383,
        "(0, 18)": 0.3751062065563207,
        "(0, 19)": 0.022620817870164265,
        "(10, 1)": 0.02575360616254738,
        "(10, 2)": 0.0035098014776401803,
        "(10, 3)": 0.0010403760492140822,
        "(10, 4)": 0.13489334551646157,
        "(10, 5)": 0.10495817347868337,
        "(10, 6)": 0.13868919197897636,
        "(10, 7)": 0.13468364889354736,
        "(10, 8)": 0.23806642236079978,
        "(10, 9)": 0.17140259980140646,
        "(11, 1)": 0.4387123668280692,
        "(11, 2)": 0.0350427845349495,
        "(11, 3)": 0.00010636199339449311,
        "(11, 4)": 0.20597799920557053,
        "(11, 5)": 0.00480462617692284,
        "(11, 6)": 0.021310981285971045,
        "(11, 7)": 0.001001512322141432,
        "(11, 8)": 0.014987858663892939,
        "(11, 9)": 0.14563820444216388,
        "(12, 1)": 0.001583431178425071,
        "(12, 2)": 0.12198051296604973,
        "(12, 3)": 0.35301018029867737,
        "(12, 4)": 0.0071814640258018045,
        "(12, 5)": 0.00033831546627230105,
        "(12, 6)": 0.03607709069038323,
        "(12, 7)": 0.028876722022599353,
        "(12, 8)": 0.0563680315775348,
        "(12, 9)": 0.07487736692721589,
        "(13, 1)": 0.056517978636811,
        "(13, 2)": 0.0006192118514973621,
        "(13, 3)": 0.0016370144941911604,
        "(13, 4)": 0.08829053245880591,
        "(13, 5)": 0.034305504316537866,
        "(13, 6)": 0.2827353341406252,
        "(13, 7)": 0.2568473681782488,
        "(13, 8)": 0.024153013508478927,
        "(13, 9)": 0.014994821035358805,
        "(14, 1)": 0.061735869959346636,
        "(14, 2)": 0.029328870830616558,
        "(14, 3)": 0.03989597419985685,
        "(14, 4)": 0.1989946455205864,
        "(14, 5)": 0.08182365265002589,
        "(14, 6)": 0.005461058247117761,
        "(14, 7)": 0.0855273657114263,
        "(14, 8)": 0.05097824490796781,
        "(14, 9)": 0.19889189818970862,
        "(15, 1)": 0.0082264973527386,
        "(15, 2)": 0.034498676809140184,
        "(15, 3)": 0.21575901797799293,
        "(15, 4)": 0.03182761025705187,
        "(15, 5)": 0.37341324846318696,
        "(15, 6)": 0.22364795142463062,
        "(15, 7)": 0.08113700652495306,
        "(15, 8)": 0.028178648135067128,
        "(15, 9)": 0.001588209105914274,
        "(16, 1)": 0.0077928559364440365,
        "(16, 2)": 0.0012575913491854748,
        "(16, 3)": 0.010252389759274729,
        "(16, 4)": 0.010353194920880058,
        "(16, 5)": 0.10767200521902476,
        "(16, 6)": 0.038402730727348636,
        "(16, 7)": 0.3806970567389723,
        "(16, 8)": 0.2332007621839668,
        "(16, 9)": 0.08224265232301295,
        "(17, 1)": 0.09923388555406891,
        "(17, 2)": 0.49700750802151705,
        "(17, 3)": 0.07215931563525518,
        "(17, 4)": 0.020802272620076306,
        "(17, 5)": 0.0002446073021136856,
        "(17, 6)": 0.012607953549344037,
        "(17, 7)": 0.002550491057573147,
        "(17, 8)": 0.0438432436264133,
        "(17, 9)": 0.0027870904673340884,
        "(18, 1)": 0.0012262636188361442,
        "(18, 2)": 0.04435879268835432,
        "(18, 3)": 0.07067167774599059,
        "(18, 4)": 0.012479167755257736,
        "(18, 5)": 0.0019014519811644981,
        "(18, 6)": 0.001958407757185731,
        "(18, 7)": 0.0007496789257614358,
        "(18, 8)": 0.2822968475049083,
        "(18, 9)": 0.0595801680479928,
        "(19, 1)": 0.15535416518430314,
        "(19, 2)": 0.01085390905159333,
        "(19, 3)": 0.015009162236427941,
        "(19, 4)": 0.21045597027910581,
        "(19, 5)": 0.26396137670332165,
        "(19, 6)": 0.20650416280356995,
        "(19, 7)": 0.007470754284592627,