{
    "min_scaled_matching_probability": 0.5698732887686564,
    "scaled_matching_probabilities": {
        "(0, 10)": 0.8917343022315075,
        "(0, 11)": 0.7346945413025763,
        "(0, 12)": 0.7869422332300541,
        "(0, 13)": 0.8439181069502014,
        "(0, 14)": 0.8190281458397016,
        "(0, 15)": 0.7660503293191089,
        "(0, 16)": 0.7846658669004775,
        "(0, 17)": 0.7809023598538153,
        "(0, 18)": 0.7449626457737865,
        "(0, 19)": 0.9248581270380296,
        "(10, 1)": 0.723665898727759,
        "(10, 2)": 0.7280641148912236,
        "(10, 3)": 0.6954190165081197,
        "(10, 4)": 0.7332585585748251,
        "(10, 5)": 0.8990699033385087,
        "(10, 6)": 0.7042228214913149,
        "(10, 7)": 0.7681186860210674,
        "(10, 8)": 0.7596739694518932,
        "(10, 9)": 0.804922861160147,
        "(11, 1)": 0.7659280874596983,
        "(11, 2)": 0.8349483243270791,
        "(11, 3)": 0.8345010242718575,
        "(11, 4)": 0.9631954597484089,
        "(11, 5)": 0.6439006661070982,
        "(11, 6)": 0.8063645985590074,
        "(11, 7)": 0.7091608355953675,
        "(11, 8)": 0.7967104309405668,
        "(11, 9)": 0.7082396351724025,
        "(12, 1)": 0.7079657422193381,
        "(12, 2)": 0.7749374578746562,
        "(12, 3)": 0.756095529531797,
        "(12, 4)": 0.6786578973120124,
        "(12, 5)": 0.7881149993866798,
        "(12, 6)": 0.7830283818457284,
        "(12, 7)": 0.6837790274730975,
        "(12, 8)": 0.6986760891177446,
        "(12, 9)": 0.7444218584049673,
        "(13, 1)": 0.7625612218068499,
        "(13, 2)": 0.7509093417395605,
        "(13, 3)": 0.839588670858062,
        "(13, 4)": 0.7552118992645108,
        "(13, 5)": 0.7045388837963812,
        "(13, 6)": 0.7619150019752863,
        "(13, 7)": 0.7385755081043072,
        "(13, 8)": 0.7020620857800112,
        "(13, 9)": 0.7689599872348584,
        "(14, 1)": 0.6986789372236961,
        "(14, 2)": 0.8175913888581159,
        "(14, 3)": 0.6883378166247301,
        "(14, 4)": 0.750299548313659,
        "(14, 5)": 0.753950034522008,
        "(14, 6)": 0.6780452974877487,
        "(14, 7)": 0.6610506652924026,
        "(14, 8)": 0.9719385008122657,
        "(14, 9)": 0.7423708676569096,
        "(15, 1)": 0.7056566244818154,
        "(15, 2)": 0.8816304861036739,
        "(15, 3)": 0.7843563476121935,
        "(15, 4)": 0.7903335456414705,
        "(15, 5)": 0.7399220641503292,
        "(15, 6)": 0.7515061551052936,
        "(15, 7)": 0.8178190020838328,
        "(15, 8)": 0.7525901889665473,
        "(15, 9)": 0.641837190732774,
        "(16, 1)": 0.7248436606207692,
        "(16, 2)": 0.7449382984714686,
        "(16, 3)": 0.763141064329933,
        "(16, 4)": 0.941254548867288,
        "(16, 5)": 0.8064457287060162,
        "(16, 6)": 0.7223808112187132,
        "(16, 7)": 0.7557425403031752,
        "(16, 8)": 0.7707488544039706,
        "(16, 9)": 0.7130274129236142,
        "(17, 1)": 0.6977002325332735,
        "(17, 2)": 0.7254989175188199,
        "(17, 3)": 0.760259745201325,
        "(17, 4)": 0.8100364703440773,
        "(17, 5)": 0.707229931859003,
        "(17, 6)": 0.8512029117683149,
        "(17, 7)": 0.7135806601691527,
        "(17, 8)": 0.763745241452581,
        "(17, 9)": 0.7893340688518433,
        "(18, 1)": 0.7344177813878743,
        "(18, 2)": 0.7378161628453985,
        "(18, 3)": 0.619671059350641,
        "(18, 4)": 0.8465157596744678,
        "(18, 5)": 0.7205811503494493,
        "(18, 6)": 0.5698732887686564,
        "(18, 7)": 0.8413308017815908,
        "(18, 8)": 0.7639613453216549,
        "(18, 9)": 0.6539231570595494,
        "(19, 1)": 0.6838473898882399,
        "(19, 2)": 0.6877783127798094,
        "(19, 3)": 0.6913442814467327,
        "(19, 4)": 0.7647834125231922,
        "(19, 5)": 0.750349100130518,
        "(19, 6)": 0.7695033786449585,
        "(19, 7)": 0.7528604864775831,
        "(19, 8)": 0.757254849268988,
        "(19, 9)": 0.6709770046907744
    },
    "matching_probabilities": {
        "(0, 10)": 0.0011604063971576279,
        "(0, 11)": 0.1486947249478615,
        "(0, 12)": 0.0006152283443400127,
        "(0, 13)": 0.00554651689745507,
        "(0, 14)": 0.03131306859101438,
        "(0, 15)": 0.003561014808664622,
        "(0, 16)": 0.09485639265256239,
        "(0, 17)": 0.11712411356469977,
        "(0, 18)": 0.34988404180663435,
        "(0, 19)": 0.004517070055455835,
        "(10, 1)": 0.006066631874091956,
        "(10, 2)": 0.004982190148141273,
        "(10, 3)": 0.0011062000832421895,
        "(10, 4)": 0.11243190292895482,
        "(10, 5)": 0.012520871745107609,
        "(10, 6)": 0.13548595741302744,
        "(10, 7)": 0.03887672684276412,
        "(10, 8)": 0.2555830558642334,
        "(10, 9)": 0.15104923983696003,
        "(11, 1)": 0.47395751594578744,
        "(11, 2)": 0.03727706987449057,
        "(11, 3)": 0.0001374365115310947,
        "(11, 4)": 0.00030933999817844924,
        "(11, 5)": 0.004593650812908355,
        "(11, 6)": 0.014002665879577027,
        "(11, 7)": 0.001059493337990619,
        "(11, 8)": 0.01458968667764567,
        "(11, 9)": 0.06326177228197791,
        "(12, 1)": 0.001240767800723465,
        "(12, 2)": 0.11756786077359725,
        "(12, 3)": 0.35898804653475924,
        "(12, 4)": 0.00669657880369018,
        "(12, 5)": 0.00014828839767244004,
        "(12, 6)": 0.032760224143994064,
        "(12, 7)": 0.028822144873326915,
        "(12, 8)": 0.10473004736995588,
        "(12, 9)": 0.07912790506669629,
        "(13, 1)": 0.07418404767738844,
        "(13, 2)": 0.0006887254085569248,
        "(13, 3)": 0.0010923405364199792,
        "(13, 4)": 0.08671007074066119,
        "(13, 5)": 0.0019381707246933012,
        "(13, 6)": 0.29490410232352476,
        "(13, 7)": 0.1981395689690176,
        "(13, 8)": 0.0031009474520689857,
        "(13, 9)": 0.01882554409922689,
        "(14, 1)": 0.1144320424336991,
        "(14, 2)": 0.03019008244257921,
        "(14, 3)": 0.06307860644213739,
        "(14, 4)": 0.1871258134262995,
        "(14, 5)": 0.07224119654039897,
        "(14, 6)": 0.006103185673271972,
        "(14, 7)": 0.008762123062345091,
        "(14, 8)": 0.010115784086346943,
        "(14, 9)": 0.2047562374444837,
        "(15, 1)": 0.012176701862491587,
        "(15, 2)": 0.04462576160552699,
        "(15, 3)": 0.227868088008662,
        "(15, 4)": 0.009487854679864101,
        "(15, 5)": 0.37906092574136824,
        "(15, 6)": 0.07145989106032666,
        "(15, 7)": 0.010564563885384794,
        "(15, 8)": 0.0004137439857030069,
        "(15, 9)": 0.0013621309318092459,
        "(16, 1)": 0.012212511098542229,
        "(16, 2)": 0.00106436011700894,
        "(16, 3)": 0.005129598445442815,
        "(16, 4)": 0.03311180272972815,
        "(16, 5)": 0.00016181917266101524,
        "(16, 6)": 0.09056726008985351,
        "(16, 7)": 0.3912193326302031,
        "(16, 8)": 0.0317448690770701,
        "(16, 9)": 0.08148976314801348,
        "(17, 1)": 0.00590117460320049,
        "(17, 2)": 0.45573632002141756,
        "(17, 3)": 0.07686969357638478,
        "(17, 4)": 0.022764329415574748,
        "(17, 5)": 0.00021656177051570063,
        "(17, 6)": 0.013684565963441553,
        "(17, 7)": 0.003163983444321397,
        "(17, 8)": 0.041728553328508625,
        "(17, 9)": 0.0036960652337423346,
        "(18, 1)": 0.0005172102286171387,
        "(18, 2)": 0.04668900583641334,
        "(18, 3)": 0.0036009330478851682,
        "(18, 4)": 0.00925536458567507,
        "(18, 5)": 0.0019367762977078166,
        "(18, 6)": 0.0016849836301826575,
        "(18, 7)": 0.0010199415555105754,
        "(18, 8)": 0.288617708031588,
        "(18, 9)": 0.03935881895979094,
        "(19, 1)": 0.04500936319614043,
        "(19, 2)": 0.010297578718380844,
        "(19, 3)": 0.01652125290287582,
        "(19, 4)": 0.22130952202455192,
        "(19, 5)": 0.27355260035627,
        "(19, 6)": 0.08057347485118105,
        "(19, 7)": 0.058466950229517124,