{
    "min_scaled_matching_probability": 0.5465468323526652,
    "scaled_matching_probabilities": {
        "(0, 1)": 0.5995536069620199,
        "(0, 2)": 0.5988196133944051,
        "(0, 3)": 0.6310974553738106,
        "(0, 4)": 0.6103829150476621,
        "(0, 5)": 1.973767397981384,
        "(0, 6)": 0.5931104048158671,
        "(0, 7)": 0.5783291872610965,
        "(0, 8)": 0.6726333405914937,
        "(0, 9)": 0.5918224207953147,
        "(1, 2)": 0.635501814533181,
        "(1, 3)": 0.6019592380095343,
        "(1, 4)": 0.5991846389290971,
        "(1, 5)": 0.610826029358847,
        "(1, 6)": 5.761133167191264,
        "(1, 7)": 0.8525788994252056,
        "(1, 8)": 0.6133869801136608,
        "(1, 9)": 0.6130027748184939,
        "(2, 3)": 0.6031996309239799,
        "(2, 4)": 0.6483044731413866,
        "(2, 5)": 0.6109887824562562,
        "(2, 6)": 0.6247842929472556,
        "(2, 7)": 1.111413343562491,
        "(2, 8)": 0.6261327735322945,
        "(2, 9)": 0.6402254451311203,
        "(3, 4)": 3.213455688564827,
        "(3, 5)": 0.5774554972478891,
        "(3, 6)": 0.6166439694433044,
        "(3, 7)": 0.5465468323526652,
        "(3, 8)": 0.5615489616947977,
        "(3, 9)": 0.9005532352006475,
        "(4, 5)": 0.6313766621438117,
        "(4, 6)": 0.6366295447946048,
        "(4, 7)": 0.6463391769601113,
        "(4, 8)": 0.595012919780729,
        "(4, 9)": 0.5694727890965113,
        "(5, 6)": 0.6130505506073619,
        "(5, 7)": 0.5920269701927815,
        "(5, 8)": 0.551319730793666,
        "(5, 9)": 1.41021566731085,
        "(6, 7)": 0.5562944463158527,
        "(6, 8)": 0.6500204137338059,
        "(6, 9)": 0.6531052663250076,
        "(7, 8)": 0.575680051605971,
        "(7, 9)": 0.5882921040083199,
        "(8, 9)": 0.6709923492973704
    },
    "matching_probabilities": {
        "(0, 1)": 0.0321561709973472,
        "(0, 2)": 0.038285042336188325,
        "(0, 3)": 0.07993137580055991,
        "(0, 4)": 0.017857587933663963,
        "(0, 5)": 0.15438170163100143,
        "(0, 6)": 0.017665859649317876,
        "(0, 7)": 0.0025912439106169885,
        "(0, 8)": 0.33657648804537305,
        "(0, 9)": 0.05768068590705814,
        "(1, 2)": 0.08436454536684884,
        "(1, 3)": 0.001134305933141441,
        "(1, 4)": 0.14156225006105483,
        "(1, 5)": 0.03078524182999041,
        "(1, 6)": 0.12327787134597899,
        "(1, 7)": 0.21565234900428418,
        "(1, 8)": 0.0012927585975954648,
        "(1, 9)": 0.15048774233968568,
        "(2, 3)": 0.16155181256313994,
        "(2, 4)": 0.0021545491038133,
        "(2, 5)": 0.05944097495810618,
        "(2, 6)": 0.047972080399890656,
        "(2, 7)": 0.2627842474932754,
        "(2, 8)": 0.002391314708598781,
        "(2, 9)": 0.006424922109257763,
        "(3, 4)": 0.054700309808021395,
        "(3, 5)": 0.0168718431996617,
        "(3, 6)": 0.00663143091732295,
        "(3, 7)": 0.006762762615121225,
        "(3, 8)": 0.09108351895326125,
        "(3, 9)": 0.2321801411146475,
        "(4, 5)": 0.08036373180802306,
        "(4, 6)": 0.28867425372891076,
        "(4, 7)": 0.00025880347494600065,
        "(4, 8)": 0.005701608292614269,
        "(4, 9)": 0.0685834606954615,
        "(5, 6)": 0.041693283204634,
        "(5, 7)": 0.2607432718961839,
        "(5, 8)": 0.0011365004164886937,
        "(5, 9)": 0.1206828992197328,
        "(6, 7)": 0.0009343729446299701,
        "(6, 8)": 0.17244919809352208,
        "(6, 9)": 0.03300250335499767,
        "(7, 8)": 0.00023133446360890856,
        "(7, 9)": 0.029798852222411118,
        "(8, 9)": 0.034725705998156664
    },
    "matching_counts": {
        "(0, 1)": 321.56170997347203,
        "(0, 2)": 382.85042336188326,
        "(0, 3)": 799.3137580055991,
        "(0, 4)": 178.57587933663962,
        "(0, 5)": 1543.8170163100142,
        "(0, 6)": 176.65859649317875,
        "(0, 7)": 25.912439106169884,
        "(0, 8)": 3365.7648804537307,
        "(0, 9)": 576.8068590705814,
        "(1, 2)": 843.6454536684885,
        "(1, 3)": 11.34305933141441,
        "(1, 4)": 1415.6225006105483,
        "(1, 5)": 307.8524182999041,
        "(1, 6)": 1232.77871345979,
        "(1, 7)": 2156.523490042842,
        "(1, 8)": 12.927585975954647,
        "(1, 9)": 1504.8774233968568,
        "(2, 3)": 1615.5181256313995,
        "(2, 4)": 21.545491038133,
        "(2, 5)": 594.4097495810618,
        "(2, 6)": 479.72080399890655,
        "(2, 7)": 2627.8424749327537,
        "(2, 8)": 23.913147085987813,
        "(2, 9)": 64.24922109257763,
        "(3, 4)": 547.0030980802139,
        "(3, 5)": 168.718431996617,
        "(3, 6)": 66.3143091732295,
        "(3, 7)": 67.62762615121225,
        "(3, 8)": 910.8351895326125,
        "(3, 9)": 2321.801411146475,
        "(4, 5)": 803.6373180802306,
        "(4, 6)": 2886.7425372891075,
        "(4, 7)": 2.5880347494600064,
        "(4, 8)": 57.01608292614269,
        "(4, 9)": 685.8346069546151,
        "(5, 6)": 416.93283204634,
        "(5, 7)": 2607.432718961839,
        "(5, 8)": 11.365004164886937,
        "(5, 9)": 1206.828992197328,
        "(6, 7)": 9.343729446299701,
        "(6, 8)": 1724.4919809352207,
        "(6, 9)": 330.02503354997674,
        "(7, 8)": 2.3133446360890857,
        "(7, 9)": 297.9885222241112,
        "(8, 9)": 347.2570599815666
    },
    "average_num_matching_probability_capped": 0.7658,
    "average_num_matching_probability_exceeds_one": 0.3829,
    "average_num_proposal_matching_probability_exceeds_one": 0.6709,
    "simulation_parameters": {
        "graph_file": "nonuniform_complete_10_order_0.json",
        "c_guarantee": 0.6,
        "experiment_name": "nonuniform_complete_10_order_0_si_c60_r60_sim10000",
        "average_edge_weight": 0.1111111111111111,
        "r": 0.6,
        "num_sim_instances": 10000,
        "rounding_scheme_class": "SimpleRecursiveRoundingScheme",
        "parallel": true
    }
}