{
    "min_scaled_matching_probability": 0.19063901270466052,
    "scaled_matching_probabilities": {
        "(0, 1)": 1.0165423380310856,
        "(0, 2)": 1.2518739343287062,
        "(0, 3)": 1.039327410885291,
        "(0, 4)": 1.2931182469190488,
        "(0, 5)": 0.31846123825870826,
        "(0, 6)": 0.9525670473294402,
        "(0, 7)": 0.8381258601834847,
        "(0, 8)": 0.3931100528239458,
        "(0, 9)": 1.3295058511784275,
        "(1, 2)": 1.4685850612095614,
        "(1, 3)": 1.2770018512605625,
        "(1, 4)": 0.9981218730943328,
        "(1, 5)": 0.9765734319514807,
        "(1, 6)": 0.24284739016624549,
        "(1, 7)": 0.29458722020768163,
        "(1, 8)": 0.9916265068745513,
        "(1, 9)": 1.1505161686190002,
        "(2, 3)": 0.9752345371750155,
        "(2, 4)": 1.5046762672477776,
        "(2, 5)": 1.144824263999039,
        "(2, 6)": 1.0516588063318282,
        "(2, 7)": 0.4138273974182869,
        "(2, 8)": 0.981722679028916,
        "(2, 9)": 1.0401911049302721,
        "(3, 4)": 3.2276592761223584,
        "(3, 5)": 1.0915100570156087,
        "(3, 6)": 1.1376296144284908,
        "(3, 7)": 0.9641628595168594,
        "(3, 8)": 0.9907750904490122,
        "(3, 9)": 0.22513803605022142,
        "(4, 5)": 1.0222119114357857,
        "(4, 6)": 0.7070111763680044,
        "(4, 7)": 1.0078163725963876,
        "(4, 8)": 0.9886454485744312,
        "(4, 9)": 1.0461996045159685,
        "(5, 6)": 1.7153565837875693,
        "(5, 7)": 1.0142935980833543,
        "(5, 8)": 1.0105747012606467,
        "(5, 9)": 0.19063901270466052,
        "(6, 7)": 0.9773032602514091,
        "(6, 8)": 1.1980088577057317,
        "(6, 9)": 0.9582295811488346,
        "(7, 8)": 0.7953712276264086,
        "(7, 9)": 1.0369876800226456,
        "(8, 9)": 3.185372711662623
    },
    "matching_probabilities": {
        "(0, 1)": 0.054520744881185274,
        "(0, 2)": 0.0800375363519998,
        "(0, 3)": 0.1316355646056097,
        "(0, 4)": 0.03783194488852814,
        "(0, 5)": 0.02490900797944929,
        "(0, 6)": 0.028372315892706865,
        "(0, 7)": 0.0037552808666227486,
        "(0, 8)": 0.19670687283872051,
        "(0, 9)": 0.12957739808228969,
        "(1, 2)": 0.194958548013747,
        "(1, 3)": 0.002406327015276269,
        "(1, 4)": 0.23581442014755702,
        "(1, 5)": 0.049218677368622815,
        "(1, 6)": 0.005196496670500808,
        "(1, 7)": 0.07451325157971735,
        "(1, 8)": 0.002089926480226385,
        "(1, 9)": 0.2824433882734767,
        "(2, 3)": 0.2611919820200528,
        "(2, 4)": 0.005000580803367101,
        "(2, 5)": 0.11137597344133107,
        "(2, 6)": 0.0807482860566447,
        "(2, 7)": 0.09784597409465115,
        "(2, 8)": 0.0037493770991780914,
        "(2, 9)": 0.01043873978884272,
        "(3, 4)": 0.05494208710793783,
        "(3, 5)": 0.03189126542320482,
        "(3, 6)": 0.012234145749278917,
        "(3, 7)": 0.011930184487871358,
        "(3, 8)": 0.16070420904522842,
        "(3, 9)": 0.05804496495842184,
        "(4, 5)": 0.1301105486266464,
        "(4, 6)": 0.3205882061001116,
        "(4, 7)": 0.00040354412765468997,
        "(4, 8)": 0.009473523852430969,
        "(4, 9)": 0.12599722204420927,
        "(5, 6)": 0.11666060453568375,
        "(5, 7)": 0.4467199042325511,
        "(5, 8)": 0.002083216878928465,
        "(5, 9)": 0.01631443281399494,
        "(6, 7)": 0.0016415150845476934,
        "(6, 8)": 0.3178295057436368,
        "(6, 9)": 0.04842094620468923,
        "(7, 8)": 0.00031961638378752167,
        "(7, 9)": 0.05252669961556844,
        "(8, 9)": 0.16485182937715623
    },
    "matching_counts": {
        "(0, 1)": 545.2074488118527,
        "(0, 2)": 800.375363519998,
        "(0, 3)": 1316.3556460560972,
        "(0, 4)": 378.3194488852814,
        "(0, 5)": 249.09007979449288,
        "(0, 6)": 283.72315892706865,
        "(0, 7)": 37.552808666227484,
        "(0, 8)": 1967.068728387205,
        "(0, 9)": 1295.7739808228969,
        "(1, 2)": 1949.58548013747,
        "(1, 3)": 24.06327015276269,
        "(1, 4)": 2358.1442014755703,
        "(1, 5)": 492.18677368622815,
        "(1, 6)": 51.964966705008074,
        "(1, 7)": 745.1325157971735,
        "(1, 8)": 20.899264802263847,
        "(1, 9)": 2824.433882734767,
        "(2, 3)": 2611.9198202005277,
        "(2, 4)": 50.00580803367101,
        "(2, 5)": 1113.7597344133108,
        "(2, 6)": 807.482860566447,
        "(2, 7)": 978.4597409465115,
        "(2, 8)": 37.49377099178091,
        "(2, 9)": 104.38739788842719,
        "(3, 4)": 549.4208710793783,
        "(3, 5)": 318.9126542320482,
        "(3, 6)": 122.34145749278916,
        "(3, 7)": 119.30184487871358,
        "(3, 8)": 1607.0420904522841,
        "(3, 9)": 580.4496495842184,
        "(4, 5)": 1301.105486266464,
        "(4, 6)": 3205.8820610011157,
        "(4, 7)": 4.0354412765469,
        "(4, 8)": 94.7352385243097,
        "(4, 9)": 1259.9722204420927,
        "(5, 6)": 1166.6060453568375,
        "(5, 7)": 4467.199042325511,
        "(5, 8)": 20.832168789284648,
        "(5, 9)": 163.1443281399494,
        "(6, 7)": 16.415150845476933,
        "(6, 8)": 3178.2950574363676,
        "(6, 9)": 484.20946204689227,
        "(7, 8)": 3.1961638378752166,
        "(7, 9)": 525.2669961556844,
        "(8, 9)": 1648.5182937715624
    },
    "average_num_matching_probability_capped": 1.0716,
    "average_num_matching_probability_exceeds_one": 1.2907,
    "average_num_proposal_matching_probability_exceeds_one": 0.7129,
    "simulation_parameters": {
        "graph_file": "nonuniform_complete_10_order_0.json",
        "c_guarantee": 1.0,
        "experiment_name": "nonuniform_complete_10_order_0_si_c100_r90_sim10000",
        "average_edge_weight": 0.1111111111111111,
        "r": 0.9,
        "num_sim_instances": 10000,
        "rounding_scheme_class": "SimpleRecursiveRoundingScheme",
        "parallel": true
    }
}