{
    "min_scaled_matching_probability": 0.6918650541952368,
    "scaled_matching_probabilities": {
        "(0, 2)": 0.6918650541952368,
        "(0, 3)": 0.7695790145731791,
        "(0, 4)": 0.7901124938786879,
        "(0, 5)": 0.7065080849349508,
        "(0, 6)": 0.7505958251025873,
        "(0, 7)": 0.7372060297224835,
        "(0, 8)": 0.7425942256829989,
        "(0, 9)": 0.792185538839591,
        "(0, 10)": 0.8010995139090316,
        "(0, 11)": 0.7088096463209115,
        "(0, 12)": 0.8124258206151231,
        "(0, 13)": 0.7408080109294984,
        "(0, 14)": 0.7380774383186597,
        "(0, 15)": 0.7413831546647045,
        "(0, 16)": 0.7121715435318465,
        "(0, 19)": 0.7376305438113397,
        "(0, 20)": 0.7779064986809666
    },
    "matching_probabilities": {
        "(0, 2)": 2.085487168162116e-06,
        "(0, 3)": 0.00014905377955287073,
        "(0, 4)": 5.2888831342427125e-06,
        "(0, 5)": 8.818115545582537e-07,
        "(0, 6)": 0.030806702976618926,
        "(0, 7)": 0.11173393289349642,
        "(0, 8)": 0.00014112368305770726,
        "(0, 9)": 0.015929863904470886,
        "(0, 10)": 0.28250988693452905,
        "(0, 11)": 0.011883434226952401,
        "(0, 12)": 1.4835876974594766e-05,
        "(0, 13)": 0.005739996194060832,
        "(0, 14)": 1.9657924932423527e-05,
        "(0, 15)": 0.03423374027920394,
        "(0, 16)": 0.003528131808710588,
        "(0, 19)": 0.0011721281377313796,
        "(0, 20)": 0.2776804101813408
    },
    "matching_counts": {
        "(0, 2)": 0.02085487168162116,
        "(0, 3)": 1.4905377955287071,
        "(0, 4)": 0.052888831342427126,
        "(0, 5)": 0.008818115545582537,
        "(0, 6)": 308.06702976618925,
        "(0, 7)": 1117.3393289349642,
        "(0, 8)": 1.4112368305770726,
        "(0, 9)": 159.29863904470886,
        "(0, 10)": 2825.0988693452905,
        "(0, 11)": 118.83434226952402,
        "(0, 12)": 0.14835876974594767,
        "(0, 13)": 57.39996194060832,
        "(0, 14)": 0.19657924932423526,
        "(0, 15)": 342.3374027920394,
        "(0, 16)": 35.28131808710588,
        "(0, 19)": 11.721281377313796,
        "(0, 20)": 2776.804101813408
    },
    "average_num_matching_probability_capped": 0.0,
    "average_num_matching_probability_exceeds_one": 0.0,
    "average_num_proposal_matching_probability_exceeds_one": 0.0,
    "simulation_parameters": {
        "graph_file": "nonuniform_star_20_order_0.json",
        "c_guarantee": 0.75,
        "experiment_name": "nonuniform_star_20_order_0_mc_c75_r20_sim10000",
        "average_edge_weight": 0.05,
        "r": 0.2,
        "num_sim_instances": 10000,
        "rounding_scheme_class": "SimulatedRecursiveRoundingScheme",
        "parallel": true
    }
}