{
    "min_scaled_matching_probability": 0.5347003425703977,
    "scaled_matching_probabilities": {
        "(0, 2)": 0.6918644086101307,
        "(0, 3)": 0.579577507495295,
        "(0, 4)": 0.5439092729452414,
        "(0, 5)": 0.573839310153173,
        "(0, 6)": 0.5769823240188652,
        "(0, 7)": 0.6205686795883323,
        "(0, 8)": 0.5902148647359672,
        "(0, 9)": 0.6253188930771219,
        "(0, 10)": 0.609472392229987,
        "(0, 11)": 0.5577528454628841,
        "(0, 12)": 0.7231572569978986,
        "(0, 13)": 0.6048220792111579,
        "(0, 14)": 0.5750478785852311,
        "(0, 15)": 0.6360411813045287,
        "(0, 16)": 0.5347003425703977,
        "(0, 19)": 0.6812380236809881,
        "(0, 20)": 0.5813513340553431
    },
    "matching_probabilities": {
        "(0, 2)": 2.0854852221764837e-06,
        "(0, 3)": 0.00011225386399591246,
        "(0, 4)": 3.6408392507712724e-06,
        "(0, 5)": 7.162241238886816e-07,
        "(0, 6)": 0.023681084392361367,
        "(0, 7)": 0.09405590351320169,
        "(0, 8)": 0.00011216528842563706,
        "(0, 9)": 0.012574383620034721,
        "(0, 10)": 0.21493206977299772,
        "(0, 11)": 0.00935091570544585,
        "(0, 12)": 1.32057251577542e-05,
        "(0, 13)": 0.004686337595620845,
        "(0, 14)": 1.5315802167762975e-05,
        "(0, 15)": 0.02936952164431733,
        "(0, 16)": 0.0026489310109126946,
        "(0, 19)": 0.0010825178847979349,
        "(0, 20)": 0.2075183549355623
    },
    "matching_counts": {
        "(0, 2)": 0.020854852221764836,
        "(0, 3)": 1.1225386399591246,
        "(0, 4)": 0.036408392507712724,
        "(0, 5)": 0.007162241238886816,
        "(0, 6)": 236.81084392361367,
        "(0, 7)": 940.5590351320169,
        "(0, 8)": 1.1216528842563707,
        "(0, 9)": 125.7438362003472,
        "(0, 10)": 2149.3206977299774,
        "(0, 11)": 93.5091570544585,
        "(0, 12)": 0.132057251577542,
        "(0, 13)": 46.86337595620845,
        "(0, 14)": 0.15315802167762974,
        "(0, 15)": 293.6952164431733,
        "(0, 16)": 26.489310109126944,
        "(0, 19)": 10.825178847979348,
        "(0, 20)": 2075.183549355623
    },
    "average_num_matching_probability_capped": 0.0,
    "average_num_matching_probability_exceeds_one": 0.0,
    "average_num_proposal_matching_probability_exceeds_one": 0.0,
    "simulation_parameters": {
        "graph_file": "nonuniform_star_20_order_0.json",
        "c_guarantee": 0.6,
        "experiment_name": "nonuniform_star_20_order_0_tr_c60_r40_sim10000",
        "average_edge_weight": 0.05,
        "r": 0.4,
        "num_sim_instances": 10000,
        "rounding_scheme_class": "SimpleRecursiveRoundingSchemeForTree",
        "parallel": true
    }
}