{
    "min_scaled_matching_probability": 0.4971603880489032,
    "scaled_matching_probabilities": {
        "(0, 1)": 0.7207662657355836,
        "(0, 2)": 0.8269930130684455,
        "(0, 3)": 0.7746612387855771,
        "(0, 4)": 0.7856012357158478,
        "(0, 5)": 0.6527607842447127,
        "(0, 6)": 0.748779258051659,
        "(0, 7)": 0.7331955755980922,
        "(0, 8)": 0.7612899089447859,
        "(0, 9)": 0.7922132092946566,
        "(1, 2)": 0.8837678560245225,
        "(1, 3)": 0.740341737312796,
        "(1, 4)": 0.7327800575414515,
        "(1, 5)": 0.7373700350251334,
        "(1, 6)": 1.2275174591732705,
        "(1, 7)": 1.0212808538399358,
        "(1, 8)": 0.7044412252831325,
        "(1, 9)": 0.7358096787366948,
        "(2, 3)": 0.7374312695226728,
        "(2, 4)": 0.9004571176583619,
        "(2, 5)": 0.766554641638503,
        "(2, 6)": 0.7379811973784601,
        "(2, 7)": 0.6159578536098183,
        "(2, 8)": 0.7596955466670607,
        "(2, 9)": 0.7331870361914786,
        "(3, 4)": 6.557702907207979,
        "(3, 5)": 0.7120864416210116,
        "(3, 6)": 0.7980649881880875,
        "(3, 7)": 0.6369963511752882,
        "(3, 8)": 0.739198707810348,
        "(3, 9)": 0.4971603880489032,
        "(4, 5)": 0.7766681348766673,
        "(4, 6)": 0.8161536917369872,
        "(4, 7)": 0.8634619405941846,
        "(4, 8)": 0.7626150942290827,
        "(4, 9)": 0.7386804163160475,
        "(5, 6)": 0.8313015126869027,
        "(5, 7)": 0.7210826626311916,
        "(5, 8)": 0.7790197081807573,
        "(5, 9)": 2.0625458789459925,
        "(6, 7)": 0.6476870259766242,
        "(6, 8)": 0.7636837584109626,
        "(6, 9)": 0.7574431712075904,
        "(7, 8)": 0.7506024716323775,
        "(7, 9)": 0.7421732962420079,
        "(8, 9)": 1.1616019418035333
    },
    "matching_probabilities": {
        "(0, 1)": 0.03865723268274996,
        "(0, 2)": 0.0528731220702418,
        "(0, 3)": 0.09811438482004503,
        "(0, 4)": 0.02298383981880516,
        "(0, 5)": 0.05105683715961156,
        "(0, 6)": 0.022302473828911498,
        "(0, 7)": 0.003285133471401535,
        "(0, 8)": 0.38093901755106996,
        "(0, 9)": 0.0772113385554746,
        "(1, 2)": 0.11732251848582358,
        "(1, 3)": 0.0013950679251355646,
        "(1, 4)": 0.17312525556535865,
        "(1, 5)": 0.037162978909501265,
        "(1, 6)": 0.026266662306763094,
        "(1, 7)": 0.258324027573479,
        "(1, 8)": 0.0014846621790320777,
        "(1, 9)": 0.18063594798173818,
        "(2, 3)": 0.19750237255556166,
        "(2, 4)": 0.0029925430970303133,
        "(2, 5)": 0.07457543667901385,
        "(2, 6)": 0.056663545697099894,
        "(2, 7)": 0.14563800406570165,
        "(2, 8)": 0.002901415181564896,
        "(2, 9)": 0.007357829394117632,
        "(3, 4)": 0.11162698833212885,
        "(3, 5)": 0.020805431491939412,
        "(3, 6)": 0.00858244481249248,
        "(3, 7)": 0.007881950557014994,
        "(3, 8)": 0.11989839551989649,
        "(3, 9)": 0.12817761853699713,
        "(4, 5)": 0.09885691606518264,
        "(4, 6)": 0.3700779516387077,
        "(4, 7)": 0.0003457425430412728,
        "(4, 8)": 0.007307627113259493,
        "(4, 9)": 0.08896168573619587,
        "(5, 6)": 0.056536429765143524,
        "(5, 7)": 0.3175825802342163,
        "(5, 8)": 0.0016058852483400055,
        "(5, 9)": 0.1765077655955775,
        "(6, 7)": 0.0010878793374054228,
        "(6, 8)": 0.2026038705131336,
        "(6, 9)": 0.03827487250203699,
        "(7, 8)": 0.00030162625867301464,
        "(7, 9)": 0.03759342039005604,
        "(8, 9)": 0.06011610648049377
    },
    "matching_counts": {
        "(0, 1)": 386.57232682749964,
        "(0, 2)": 528.731220702418,
        "(0, 3)": 981.1438482004503,
        "(0, 4)": 229.83839818805163,
        "(0, 5)": 510.5683715961156,
        "(0, 6)": 223.024738289115,
        "(0, 7)": 32.85133471401535,
        "(0, 8)": 3809.3901755106995,
        "(0, 9)": 772.113385554746,
        "(1, 2)": 1173.2251848582357,
        "(1, 3)": 13.950679251355645,
        "(1, 4)": 1731.2525556535866,
        "(1, 5)": 371.62978909501265,
        "(1, 6)": 262.66662306763095,
        "(1, 7)": 2583.24027573479,
        "(1, 8)": 14.846621790320777,
        "(1, 9)": 1806.359479817382,
        "(2, 3)": 1975.0237255556167,
        "(2, 4)": 29.925430970303132,
        "(2, 5)": 745.7543667901385,
        "(2, 6)": 566.6354569709989,
        "(2, 7)": 1456.3800406570165,
        "(2, 8)": 29.014151815648958,
        "(2, 9)": 73.57829394117633,
        "(3, 4)": 1116.2698833212885,
        "(3, 5)": 208.05431491939413,
        "(3, 6)": 85.8244481249248,
        "(3, 7)": 78.81950557014994,
        "(3, 8)": 1198.9839551989648,
        "(3, 9)": 1281.7761853699715,
        "(4, 5)": 988.5691606518265,
        "(4, 6)": 3700.7795163870774,
        "(4, 7)": 3.4574254304127283,
        "(4, 8)": 73.07627113259493,
        "(4, 9)": 889.6168573619586,
        "(5, 6)": 565.3642976514352,
        "(5, 7)": 3175.825802342163,
        "(5, 8)": 16.058852483400056,
        "(5, 9)": 1765.0776559557748,
        "(6, 7)": 10.878793374054228,
        "(6, 8)": 2026.0387051313362,
        "(6, 9)": 382.74872502036993,
        "(7, 8)": 3.0162625867301465,
        "(7, 9)": 375.9342039005604,
        "(8, 9)": 601.1610648049377
    },
    "average_num_matching_probability_capped": 1.5336,
    "average_num_matching_probability_exceeds_one": 1.3492,
    "average_num_proposal_matching_probability_exceeds_one": 1.047,
    "simulation_parameters": {
        "graph_file": "nonuniform_complete_10_order_0.json",
        "c_guarantee": 0.75,
        "experiment_name": "nonuniform_complete_10_order_0_si_c75_r60_sim10000",
        "average_edge_weight": 0.1111111111111111,
        "r": 0.6,
        "num_sim_instances": 10000,
        "rounding_scheme_class": "SimpleRecursiveRoundingScheme",
        "parallel": true
    }
}