{
    "min_scaled_matching_probability": 0.5226986900520049,
    "scaled_matching_probabilities": {
        "(0, 2)": 0.5488005323622713,
        "(0, 3)": 0.5879029210110535,
        "(0, 4)": 0.642271632497784,
        "(0, 5)": 0.6406959537907687,
        "(0, 6)": 0.5954648535287971,
        "(0, 7)": 0.5836330417121965,
        "(0, 8)": 0.6347535216702176,
        "(0, 9)": 0.5754745724246061,
        "(0, 10)": 0.6317684570539427,
        "(0, 11)": 0.5621262953769213,
        "(0, 12)": 0.6677561193309225,
        "(0, 13)": 0.5955168350086965,
        "(0, 14)": 0.6422143855481629,
        "(0, 15)": 0.5531555222455665,
        "(0, 16)": 0.5226986900520049,
        "(0, 19)": 0.6546150908580857,
        "(0, 20)": 0.6168638800749974
    },
    "matching_probabilities": {
        "(0, 2)": 1.654248124228984e-06,
        "(0, 3)": 0.00011386634864968461,
        "(0, 4)": 4.299260714185866e-06,
        "(0, 5)": 7.996696811522529e-07,
        "(0, 6)": 0.02443966281476499,
        "(0, 7)": 0.08845778858000695,
        "(0, 8)": 0.00012062947934931962,
        "(0, 9)": 0.01157207645147864,
        "(0, 10)": 0.2227948366866423,
        "(0, 11)": 0.009424238077211093,
        "(0, 12)": 1.2194033453941132e-05,
        "(0, 13)": 0.004614237853826855,
        "(0, 14)": 1.710471222421746e-05,
        "(0, 15)": 0.02554223462377742,
        "(0, 16)": 0.0025894742516644367,
        "(0, 19)": 0.0010402128461407538,
        "(0, 20)": 0.22019486343888767
    },
    "matching_counts": {
        "(0, 2)": 0.01654248124228984,
        "(0, 3)": 1.1386634864968461,
        "(0, 4)": 0.04299260714185866,
        "(0, 5)": 0.007996696811522529,
        "(0, 6)": 244.3966281476499,
        "(0, 7)": 884.5778858000696,
        "(0, 8)": 1.2062947934931962,
        "(0, 9)": 115.7207645147864,
        "(0, 10)": 2227.948366866423,
        "(0, 11)": 94.24238077211093,
        "(0, 12)": 0.12194033453941132,
        "(0, 13)": 46.142378538268545,
        "(0, 14)": 0.1710471222421746,
        "(0, 15)": 255.42234623777418,
        "(0, 16)": 25.894742516644367,
        "(0, 19)": 10.402128461407539,
        "(0, 20)": 2201.9486343888766
    },
    "average_num_matching_probability_capped": 0.0,
    "average_num_matching_probability_exceeds_one": 0.0,
    "average_num_proposal_matching_probability_exceeds_one": 0.0,
    "simulation_parameters": {
        "graph_file": "nonuniform_star_20_order_0.json",
        "c_guarantee": 0.6,
        "experiment_name": "nonuniform_star_20_order_0_mc_c60_r50_sim10000",
        "average_edge_weight": 0.05,
        "r": 0.5,
        "num_sim_instances": 10000,
        "rounding_scheme_class": "SimulatedRecursiveRoundingScheme",
        "parallel": true
    }
}