{
    "min_scaled_matching_probability": 0.0,
    "scaled_matching_probabilities": {
        "(0, 1)": 1.5195720588572483,
        "(0, 2)": 2.3336499287084336,
        "(0, 3)": 0.6205855897707948,
        "(0, 4)": 0.6255048210803008,
        "(0, 5)": 0.5881092082023757,
        "(0, 6)": 0.6546895041338103,
        "(0, 7)": 0.7811507620414926,
        "(0, 8)": 0.6351093532450189,
        "(0, 9)": 1.0578392164461166,
        "(1, 2)": 0.6809657277709265,
        "(1, 3)": 1.4859182317408601,
        "(1, 4)": 0.6556387774995611,
        "(1, 5)": 0.718263068547646,
        "(1, 6)": 0.6028544867407089,
        "(1, 7)": 1.0093253981616999,
        "(1, 8)": 0.9015103549755297,
        "(1, 9)": 0.5865753462804424,
        "(2, 3)": 0.5832171168831756,
        "(2, 4)": 0.6920706915363943,
        "(2, 5)": 0.6085118211284936,
        "(2, 6)": 0.703291404873671,
        "(2, 7)": 0.7346425808181097,
        "(2, 8)": 0.9164267252164167,
        "(2, 9)": 0.5879184310780672,
        "(3, 4)": 1.1455581540019935,
        "(3, 5)": 6.09907100201341,
        "(3, 6)": 0.5486296193196573,
        "(3, 7)": 0.9698051464304457,
        "(3, 8)": 0.5906270546921534,
        "(3, 9)": 0.6159349075390881,
        "(4, 5)": 0.5821657308873964,
        "(4, 6)": 0.6051497313497487,
        "(4, 7)": 1.2487065274045683,
        "(4, 8)": 0.44874277988746225,
        "(4, 9)": 0.8045950540244989,
        "(5, 6)": 0.9292814530393947,
        "(5, 7)": 0.5939722021440903,
        "(5, 8)": 0.8731853513038033,
        "(5, 9)": 1.093743913294328,
        "(6, 7)": 0.6549032636960307,
        "(6, 8)": 0.6257111652168657,
        "(6, 9)": 0.5956659803931444,
        "(7, 8)": 0.0,
        "(7, 9)": 0.7659937189914999,
        "(8, 9)": 3.391123489553804
    },
    "matching_probabilities": {
        "(0, 1)": 0.0815,
        "(0, 2)": 0.1492,
        "(0, 3)": 0.0786,
        "(0, 4)": 0.0183,
        "(0, 5)": 0.046,
        "(0, 6)": 0.0195,
        "(0, 7)": 0.0035,
        "(0, 8)": 0.3178,
        "(0, 9)": 0.1031,
        "(1, 2)": 0.0904,
        "(1, 3)": 0.0028,
        "(1, 4)": 0.1549,
        "(1, 5)": 0.0362,
        "(1, 6)": 0.0129,
        "(1, 7)": 0.2553,
        "(1, 8)": 0.0019,
        "(1, 9)": 0.144,
        "(2, 3)": 0.1562,
        "(2, 4)": 0.0023,
        "(2, 5)": 0.0592,
        "(2, 6)": 0.054,
        "(2, 7)": 0.1737,
        "(2, 8)": 0.0035,
        "(2, 9)": 0.0059,
        "(3, 4)": 0.0195,
        "(3, 5)": 0.1782,
        "(3, 6)": 0.0059,
        "(3, 7)": 0.012,
        "(3, 8)": 0.0958,
        "(3, 9)": 0.1588,
        "(4, 5)": 0.0741,
        "(4, 6)": 0.2744,
        "(4, 7)": 0.0005,
        "(4, 8)": 0.0043,
        "(4, 9)": 0.0969,
        "(5, 6)": 0.0632,
        "(5, 7)": 0.2616,
        "(5, 8)": 0.0018,
        "(5, 9)": 0.0936,
        "(6, 7)": 0.0011,
        "(6, 8)": 0.166,
        "(6, 9)": 0.0301,
        "(7, 8)": 0.0,
        "(7, 9)": 0.0388,
        "(8, 9)": 0.1755
    },
    "matching_counts": {
        "(0, 1)": 815.0,
        "(0, 2)": 1492.0,
        "(0, 3)": 786.0,
        "(0, 4)": 183.0,
        "(0, 5)": 460.0,
        "(0, 6)": 195.0,
        "(0, 7)": 35.0,
        "(0, 8)": 3178.0,
        "(0, 9)": 1031.0,
        "(1, 2)": 904.0,
        "(1, 3)": 28.0,
        "(1, 4)": 1549.0,
        "(1, 5)": 362.0,
        "(1, 6)": 129.0,
        "(1, 7)": 2553.0,
        "(1, 8)": 19.0,
        "(1, 9)": 1440.0,
        "(2, 3)": 1562.0,
        "(2, 4)": 23.0,
        "(2, 5)": 592.0,
        "(2, 6)": 540.0,
        "(2, 7)": 1737.0,
        "(2, 8)": 35.0,
        "(2, 9)": 59.0,
        "(3, 4)": 195.0,
        "(3, 5)": 1782.0,
        "(3, 6)": 59.0,
        "(3, 7)": 120.0,
        "(3, 8)": 958.0,
        "(3, 9)": 1588.0,
        "(4, 5)": 741.0,
        "(4, 6)": 2744.0,
        "(4, 7)": 5.0,
        "(4, 8)": 43.0,
        "(4, 9)": 969.0,
        "(5, 6)": 632.0,
        "(5, 7)": 2616.0,
        "(5, 8)": 18.0,
        "(5, 9)": 936.0,
        "(6, 7)": 11.0,
        "(6, 8)": 1660.0,
        "(6, 9)": 301.0,
        "(7, 8)": 0,
        "(7, 9)": 388.0,
        "(8, 9)": 1755.0
    },
    "average_num_matching_probability_capped": 1.0782,
    "average_num_matching_probability_exceeds_one": 0.8975,
    "average_num_proposal_matching_probability_exceeds_one": 0.6422,
    "simulation_parameters": {
        "graph_file": "nonuniform_complete_10_order_1.json",
        "c_guarantee": 0.6,
        "experiment_name": "nonuniform_complete_10_order_1_si_c60_r100_sim10000",
        "average_edge_weight": 0.1111111111111111,
        "r": 1.0,
        "num_sim_instances": 10000,
        "rounding_scheme_class": "SimpleRecursiveRoundingScheme",
        "parallel": true
    }
}