{
    "min_scaled_matching_probability": 0.4264881035437504,
    "scaled_matching_probabilities": {
        "(0, 1)": 0.49503310132001405,
        "(0, 2)": 0.5357419007666149,
        "(0, 3)": 0.5258469413814637,
        "(0, 4)": 0.45543411825741653,
        "(0, 5)": 1.376122469814997,
        "(0, 6)": 0.5446424422811044,
        "(0, 7)": 0.4264881035437504,
        "(0, 8)": 0.5432819589612164,
        "(0, 9)": 0.4942170272240585,
        "(1, 2)": 0.5389409070190425,
        "(1, 3)": 0.5831482559037443,
        "(1, 4)": 0.4905233673400535,
        "(1, 5)": 0.4639814574256663,
        "(1, 6)": 3.5387266276797007,
        "(1, 7)": 0.5996126493456115,
        "(1, 8)": 0.4885696107014943,
        "(1, 9)": 0.5162680303194969,
        "(2, 3)": 0.5070570153459428,
        "(2, 4)": 0.48023277593620867,
        "(2, 5)": 0.48780883362677696,
        "(2, 6)": 0.5501149886637933,
        "(2, 7)": 0.6687491621275111,
        "(2, 8)": 0.567315174449744,
        "(2, 9)": 0.5013678718631639,
        "(3, 4)": 0.7384161730002284,
        "(3, 5)": 0.49497923674161287,
        "(3, 6)": 0.5528292800109291,
        "(3, 7)": 0.42670536679254906,
        "(3, 8)": 0.483068746364519,
        "(3, 9)": 0.6466495184817004,
        "(4, 5)": 0.5174184321070334,
        "(4, 6)": 0.5075325574276115,
        "(4, 7)": 0.4938026571805152,
        "(4, 8)": 0.4983358442141129,
        "(4, 9)": 0.44454141706260775,
        "(5, 6)": 0.516283580187049,
        "(5, 7)": 0.5140013034779797,
        "(5, 8)": 0.4437778084002964,
        "(5, 9)": 0.695835054030597,
        "(6, 7)": 0.4702500130171319,
        "(6, 8)": 0.5102441396814765,
        "(6, 9)": 0.47909428935300374,
        "(7, 8)": 0.4971718879464754,
        "(7, 9)": 0.5369863775236443,
        "(8, 9)": 0.5716945308191633
    },
    "matching_probabilities": {
        "(0, 1)": 0.02655036825823293,
        "(0, 2)": 0.03425222035706871,
        "(0, 3)": 0.06660091738167546,
        "(0, 4)": 0.013324348723190365,
        "(0, 5)": 0.10763584845913002,
        "(0, 6)": 0.01622223597204765,
        "(0, 7)": 0.0019109094363577385,
        "(0, 8)": 0.27185083273567534,
        "(0, 9)": 0.048167788369562564,
        "(1, 2)": 0.07154582970570686,
        "(1, 3)": 0.0010988593326683419,
        "(1, 4)": 0.11589013982783401,
        "(1, 5)": 0.023384369173778494,
        "(1, 6)": 0.07572237496957086,
        "(1, 7)": 0.15166675648581088,
        "(1, 8)": 0.0010296967252894573,
        "(1, 9)": 0.12674006304121802,
        "(2, 3)": 0.135802437041472,
        "(2, 4)": 0.001595986361163793,
        "(2, 5)": 0.047457225887822564,
        "(2, 6)": 0.042238834687850085,
        "(2, 7)": 0.1581200606860946,
        "(2, 8)": 0.0021666796219907253,
        "(2, 9)": 0.005031430020944313,
        "(3, 4)": 0.012569519341468017,
        "(3, 5)": 0.014462087743893667,
        "(3, 6)": 0.005945163434867463,
        "(3, 7)": 0.005279889904026023,
        "(3, 8)": 0.0783539892628893,
        "(3, 9)": 0.1667188241451915,
        "(4, 5)": 0.06585874740632425,
        "(4, 6)": 0.23013632253873825,
        "(4, 7)": 0.00019772566505553635,
        "(4, 8)": 0.004775216953146472,
        "(4, 9)": 0.0535375691136862,
        "(5, 6)": 0.035112206491479676,
        "(5, 7)": 0.22637884484233906,
        "(5, 8)": 0.0009148115619757011,
        "(5, 9)": 0.059547907207175704,
        "(6, 7)": 0.0007898494983816955,
        "(6, 8)": 0.13536681442749818,
        "(6, 9)": 0.024209437141277743,
        "(7, 8)": 0.00019978630786089468,
        "(7, 9)": 0.02720005521109058,
        "(8, 9)": 0.02958676983242644
    },
    "matching_counts": {
        "(0, 1)": 265.5036825823293,
        "(0, 2)": 342.52220357068705,
        "(0, 3)": 666.0091738167546,
        "(0, 4)": 133.24348723190366,
        "(0, 5)": 1076.3584845913,
        "(0, 6)": 162.2223597204765,
        "(0, 7)": 19.109094363577384,
        "(0, 8)": 2718.5083273567534,
        "(0, 9)": 481.6778836956256,
        "(1, 2)": 715.4582970570685,
        "(1, 3)": 10.988593326683418,
        "(1, 4)": 1158.9013982783401,
        "(1, 5)": 233.84369173778492,
        "(1, 6)": 757.2237496957086,
        "(1, 7)": 1516.6675648581088,
        "(1, 8)": 10.296967252894573,
        "(1, 9)": 1267.4006304121801,
        "(2, 3)": 1358.02437041472,
        "(2, 4)": 15.95986361163793,
        "(2, 5)": 474.5722588782256,
        "(2, 6)": 422.38834687850084,
        "(2, 7)": 1581.200606860946,
        "(2, 8)": 21.66679621990725,
        "(2, 9)": 50.31430020944313,
        "(3, 4)": 125.69519341468016,
        "(3, 5)": 144.62087743893667,
        "(3, 6)": 59.45163434867463,
        "(3, 7)": 52.79889904026023,
        "(3, 8)": 783.5398926288931,
        "(3, 9)": 1667.1882414519152,
        "(4, 5)": 658.5874740632424,
        "(4, 6)": 2301.3632253873825,
        "(4, 7)": 1.9772566505553635,
        "(4, 8)": 47.752169531464716,
        "(4, 9)": 535.375691136862,
        "(5, 6)": 351.1220649147968,
        "(5, 7)": 2263.7884484233905,
        "(5, 8)": 9.14811561975701,
        "(5, 9)": 595.4790720717571,
        "(6, 7)": 7.898494983816955,
        "(6, 8)": 1353.6681442749818,
        "(6, 9)": 242.09437141277743,
        "(7, 8)": 1.9978630786089469,
        "(7, 9)": 272.0005521109058,
        "(8, 9)": 295.8676983242644
    },
    "average_num_matching_probability_capped": 0.0,
    "average_num_matching_probability_exceeds_one": 0.0,
    "average_num_proposal_matching_probability_exceeds_one": 0.2788,
    "simulation_parameters": {
        "graph_file": "nonuniform_complete_10_order_0.json",
        "c_guarantee": 0.5,
        "experiment_name": "nonuniform_complete_10_order_0_si_c50_r70_sim10000",
        "average_edge_weight": 0.1111111111111111,
        "r": 0.7,
        "num_sim_instances": 10000,
        "rounding_scheme_class": "SimpleRecursiveRoundingScheme",
        "parallel": true
    }
}