{
    "min_scaled_matching_probability": 0.6236302431736859,
    "scaled_matching_probabilities": {
        "(0, 1)": 0.7080023116666853,
        "(0, 2)": 0.7091791881169074,
        "(0, 3)": 0.677119656472733,
        "(1, 4)": 0.6722937435350483,
        "(1, 5)": 0.743548271118331,
        "(1, 6)": 0.7191668748035468,
        "(2, 7)": 0.7291751715612259,
        "(2, 8)": 0.7242952112357703,
        "(2, 9)": 0.728522324653417,
        "(3, 10)": 0.6969598346395554,
        "(3, 11)": 0.6961499532658886,
        "(3, 12)": 0.6930776597349692,
        "(4, 13)": 0.6850941125814564,
        "(4, 14)": 0.710652325813907,
        "(4, 15)": 0.6758682123368125,
        "(5, 16)": 0.7667666636699096,
        "(5, 17)": 0.6929469307867375,
        "(5, 18)": 0.7309611809990073,
        "(6, 19)": 0.7854379467697974,
        "(6, 20)": 0.7262892782595556,
        "(6, 21)": 0.7058136289444057,
        "(7, 22)": 0.7034565801573143,
        "(7, 23)": 0.7004205082842774,
        "(7, 24)": 0.7054607148157771,
        "(8, 25)": 0.7071466975278149,
        "(8, 26)": 0.687095223594068,
        "(8, 27)": 0.6964328028921568,
        "(9, 28)": 0.7049528584923012,
        "(9, 29)": 0.7354404395484054,
        "(9, 30)": 0.6817706621928944,
        "(10, 31)": 0.7410990666023748,
        "(10, 32)": 0.7376207644277715,
        "(10, 33)": 0.7133772154768708,
        "(11, 34)": 0.7098454349396426,
        "(11, 35)": 0.737480723870404,
        "(11, 36)": 0.7250632456900173,
        "(12, 37)": 0.7413336195676845,
        "(12, 38)": 0.7300006663747687,
        "(12, 39)": 0.7188775280505055,
        "(13, 40)": 0.7001258799268999,
        "(13, 41)": 0.75501461811084,
        "(13, 42)": 0.7219926226889284,
        "(14, 43)": 0.7441431735256615,
        "(14, 44)": 0.7076200755449832,
        "(14, 45)": 0.6903568349538616,
        "(15, 46)": 0.7192488254844991,
        "(15, 47)": 0.7170704361812397,
        "(15, 48)": 0.7379590251687747,
        "(16, 49)": 0.7095682089041737,
        "(16, 50)": 0.6991700543351981,
        "(16, 51)": 0.7712123142513947,
        "(17, 52)": 0.6731162286416523,
        "(17, 53)": 0.7172030316089248,
        "(17, 54)": 0.7852725586870719,
        "(18, 55)": 0.6758102098957244,
        "(18, 56)": 0.7172271978230522,
        "(18, 57)": 0.67024221362322,
        "(19, 58)": 0.7008609001676452,
        "(19, 59)": 0.677755325292568,
        "(19, 60)": 0.7093613953447757,
        "(20, 61)": 0.7194459620762972,
        "(20, 62)": 0.6977278029127295,
        "(20, 63)": 0.7212741384944286,
        "(21, 64)": 0.7060833695699552,
        "(21, 65)": 0.7019384040708211,
        "(21, 66)": 0.6358385204579692,
        "(22, 67)": 0.6852599508758584,
        "(22, 68)": 0.7083972463224858,
        "(22, 69)": 0.6845583371051501,
        "(23, 70)": 0.7503658055542003,
        "(23, 71)": 0.7579550087231922,
        "(23, 72)": 0.7092616602051425,
        "(24, 73)": 0.7205124122398388,
        "(24, 74)": 0.6815534655253707,
        "(24, 75)": 0.7144043854188236,
        "(25, 76)": 0.7112191014368844,
        "(25, 77)": 0.7246708728169817,
        "(25, 78)": 0.7100510612594817,
        "(26, 79)": 0.7211338440038331,
        "(26, 80)": 0.6236302431736859,
        "(26, 81)": 0.6719836095239444,
        "(27, 82)": 0.6655342224619465,
        "(27, 83)": 0.7235119101159723,
        "(27, 84)": 0.6905418842238641,
        "(28, 85)": 0.7318836388409099,
        "(28, 86)": 0.7624607466588521,
        "(28, 87)": 0.6973701061222598,
        "(29, 88)": 0.6713137633838909,
        "(29, 89)": 0.7015110343248834,
        "(29, 90)": 0.6644910122427428,
        "(30, 91)": 0.7036104259701066,
        "(30, 92)": 0.7167314010621714,
        "(30, 93)": 0.7009181341551427,
        "(31, 94)": 0.6909389680842288,
        "(31, 95)": 0.731844995525063,
        "(31, 96)": 0.7151919675431502,
        "(32, 97)": 0.6946742592018366,
        "(32, 98)": 0.7821347266605331,
        "(32, 99)": 0.7160133114103358,
        "(33, 100)": 0.7219668693797762,
        "(33, 101)": 0.6922489654039022,
        "(33, 102)": 0.7496933351736365,
        "(34, 103)": 0.6963242520730814,
        "(34, 104)": 0.7148472460647733,
        "(34, 105)": 0.7254045313367633,
        "(35, 106)": 0.660815125928753,
        "(35, 107)": 0.718817829763579,
        "(35, 108)": 0.723828780989146,
        "(36, 109)": 0.7589500644109475,
        "(36, 110)": 0.6621396316525978,
        "(36, 111)": 0.6656245745876448,
        "(37, 112)": 0.7006967257607828,
        "(37, 113)": 0.6739677048797217,
        "(37, 114)": 0.7050305886959237,
        "(38, 115)": 0.7230141985513902,
        "(38, 116)": 0.6594007585751631,
        "(38, 117)": 0.7159285438535884,
        "(39, 118)": 0.7009232245079919,
        "(39, 119)": 0.7021252580542805,
        "(39, 120)": 0.7492829130273798
    },
    "matching_probabilities": {
        "(0, 1)": 0.29382337924702817,
        "(0, 2)": 0.08803272512910364,
        "(0, 3)": 0.05694130313108749,
        "(1, 4)": 0.0205965623205693,
        "(1, 5)": 0.2855526188090113,
        "(1, 6)": 0.058376712554603215,
        "(2, 7)": 0.10295116471618163,
        "(2, 8)": 0.2990755070321076,
        "(2, 9)": 0.12051007549456913,
        "(3, 10)": 0.10224159869357445,
        "(3, 11)": 0.1252100298973913,
        "(3, 12)": 0.20946284160239412,
        "(4, 13)": 0.17180979900095286,
        "(4, 14)": 0.09503775978664128,
        "(4, 15)": 0.057011017382497683,
        "(5, 16)": 0.09358235065464228,
        "(5, 17)": 0.09535621066286783,
        "(5, 18)": 0.07619125095315238,
        "(6, 19)": 0.08622056017258879,
        "(6, 20)": 0.261181378996711,
        "(6, 21)": 0.07532286541537456,
        "(7, 22)": 0.05935193381130847,
        "(7, 23)": 0.1646798076591981,
        "(7, 24)": 0.04658631436039262,
        "(8, 25)": 0.014293790930311552,
        "(8, 26)": 0.1246447385451659,
        "(8, 27)": 0.060191234596646964,
        "(9, 28)": 0.08913742494083693,
        "(9, 29)": 0.293393966115125,
        "(9, 30)": 0.0958639461426302,
        "(10, 31)": 0.10145572749824701,
        "(10, 32)": 0.09703860625966462,
        "(10, 33)": 0.2543012236064257,
        "(11, 34)": 0.01788224637631427,
        "(11, 35)": 0.09009796247250766,
        "(11, 36)": 0.3918196559137446,
        "(12, 37)": 0.41082892408919863,
        "(12, 38)": 0.06627010535126557,
        "(12, 39)": 0.02046885569787772,
        "(13, 40)": 0.016095197087909834,
        "(13, 41)": 0.19739141139316965,
        "(13, 42)": 0.30173452770792214,
        "(14, 43)": 0.16345140668400007,
        "(14, 44)": 0.37513907328232815,
        "(14, 45)": 0.03287981359306643,
        "(15, 46)": 0.1319666562419884,
        "(15, 47)": 0.033182482256578,
        "(15, 48)": 0.45304837612885274,
        "(16, 49)": 0.5087263714019222,
        "(16, 50)": 0.03572483782014167,
        "(16, 51)": 0.05451621206313187,
        "(17, 52)": 0.015112182415374051,
        "(17, 53)": 0.5516723592350944,
        "(17, 54)": 0.04153380332002906,
        "(18, 55)": 0.04322208089648626,
        "(18, 56)": 0.5006881642979433,
        "(18, 57)": 0.07191758390787893,
        "(19, 58)": 0.3312864318773797,
        "(19, 59)": 0.035375540997042744,
        "(19, 60)": 0.2008390573954692,
        "(20, 61)": 0.3022266265266037,
        "(20, 62)": 0.025720328432821175,
        "(20, 63)": 0.11591365038161733,
        "(21, 64)": 0.31187769213984673,
        "(21, 65)": 0.18903769332590417,
        "(21, 66)": 0.059779922413682865,
        "(22, 67)": 0.06220668327079228,
        "(22, 68)": 0.3604034206925739,
        "(22, 69)": 0.16618662533585363,
        "(23, 70)": 0.14988702548067978,
        "(23, 71)": 0.13436786950852794,
        "(23, 72)": 0.19760827464175637,
        "(24, 73)": 0.44834716311175926,
        "(24, 74)": 0.02767676832118385,
        "(24, 75)": 0.18346960463894688,
        "(25, 76)": 0.4548845543771056,