{
    "min_scaled_matching_probability": 0.5279269477607046,
    "scaled_matching_probabilities": {
        "(0, 1)": 0.6388817094670705,
        "(0, 2)": 0.6141136371896374,
        "(0, 3)": 0.6725674879677235,
        "(0, 4)": 0.6163926873784833,
        "(0, 5)": 0.7010328503725987,
        "(0, 6)": 0.575830380893347,
        "(0, 7)": 0.6615083103269381,
        "(0, 8)": 0.6547156782085802,
        "(0, 9)": 0.6673351977953859,
        "(1, 2)": 0.6433199599868719,
        "(1, 3)": 0.7373189614124336,
        "(1, 4)": 0.684205557659864,
        "(1, 5)": 0.6356389360946543,
        "(1, 6)": 0.6685354701177293,
        "(1, 7)": 0.6761231219191765,
        "(1, 8)": 0.7353875999544174,
        "(1, 9)": 0.7015640277807651,
        "(2, 3)": 0.6299928636615514,
        "(2, 4)": 0.6887197871142643,
        "(2, 5)": 0.6422731030035369,
        "(2, 6)": 0.7015417210486604,
        "(2, 7)": 0.6609793703508736,
        "(2, 8)": 0.6565969898714946,
        "(2, 9)": 0.6966637133659954,
        "(3, 4)": 0.6515646584253504,
        "(3, 5)": 0.6230803143181939,
        "(3, 6)": 0.5279269477607046,
        "(3, 7)": 0.6194978271247632,
        "(3, 8)": 0.6569389837071505,
        "(3, 9)": 0.6521646399913438,
        "(4, 5)": 0.7258755306958301,
        "(4, 6)": 0.6216862561647786,
        "(4, 7)": 0.543301587132684,
        "(4, 8)": 0.6969078867591338,
        "(4, 9)": 0.701013593290413,
        "(5, 6)": 0.6288980982479349,
        "(5, 7)": 0.6433395708840991,
        "(5, 8)": 0.6901479315920935,
        "(5, 9)": 0.675335059441792,
        "(6, 7)": 0.5706932069309016,
        "(6, 8)": 0.6646514759839147,
        "(6, 9)": 0.6615910773447697,
        "(7, 8)": 0.6269106367391688,
        "(7, 9)": 0.66763049328348,
        "(8, 9)": 0.6639812475772058
    },
    "matching_probabilities": {
        "(0, 1)": 0.03426547561076056,
        "(0, 2)": 0.03926285324183327,
        "(0, 3)": 0.08518374487842623,
        "(0, 4)": 0.018033412051956268,
        "(0, 5)": 0.05483252203397361,
        "(0, 6)": 0.017151172206856188,
        "(0, 7)": 0.0029639337227213795,
        "(0, 8)": 0.3276107358072807,
        "(0, 9)": 0.06504037458910834,
        "(1, 2)": 0.08540242483741656,
        "(1, 3)": 0.001389371937065549,
        "(1, 4)": 0.1616491344299474,
        "(1, 5)": 0.032035796484919936,
        "(1, 6)": 0.014305454722821008,
        "(1, 7)": 0.17101940894418266,
        "(1, 8)": 0.001549883961068111,
        "(1, 9)": 0.17222888865180824,
        "(2, 3)": 0.16872770440934406,
        "(2, 4)": 0.002288863738538343,
        "(2, 5)": 0.06248451776548237,
        "(2, 6)": 0.053865656076704724,
        "(2, 7)": 0.156282959397875,
        "(2, 8)": 0.0025076630802179315,
        "(2, 9)": 0.006991303030459989,
        "(3, 4)": 0.011091109425486419,
        "(3, 5)": 0.01820488923228607,
        "(3, 6)": 0.005677362071064828,
        "(3, 7)": 0.007665430476275909,
        "(3, 8)": 0.10655582763974107,
        "(3, 9)": 0.16814072974757174,
        "(4, 5)": 0.0923918636409134,
        "(4, 6)": 0.2818983465647804,
        "(4, 7)": 0.00021754574642207332,
        "(4, 8)": 0.006677999173191828,
        "(4, 9)": 0.0844253476951807,
        "(5, 6)": 0.04277106755899554,
        "(5, 7)": 0.28334260616198564,
        "(5, 8)": 0.0014226833684404681,
        "(5, 9)": 0.057793566478793704,
        "(6, 7)": 0.0009585576411409731,
        "(6, 8)": 0.1763307915004038,
        "(6, 9)": 0.033431305603409206,
        "(7, 8)": 0.0002519212459702168,
        "(7, 9)": 0.033817592099193806,
        "(8, 9)": 0.034362862133673636
    },
    "matching_counts": {
        "(0, 1)": 342.6547561076056,
        "(0, 2)": 392.62853241833267,
        "(0, 3)": 851.8374487842623,
        "(0, 4)": 180.33412051956267,
        "(0, 5)": 548.3252203397361,
        "(0, 6)": 171.51172206856188,
        "(0, 7)": 29.639337227213794,
        "(0, 8)": 3276.1073580728066,
        "(0, 9)": 650.4037458910834,
        "(1, 2)": 854.0242483741656,
        "(1, 3)": 13.89371937065549,
        "(1, 4)": 1616.4913442994741,
        "(1, 5)": 320.35796484919933,
        "(1, 6)": 143.05454722821008,
        "(1, 7)": 1710.1940894418267,
        "(1, 8)": 15.498839610681111,
        "(1, 9)": 1722.2888865180826,
        "(2, 3)": 1687.2770440934407,
        "(2, 4)": 22.88863738538343,
        "(2, 5)": 624.8451776548237,
        "(2, 6)": 538.6565607670473,
        "(2, 7)": 1562.8295939787502,
        "(2, 8)": 25.076630802179313,
        "(2, 9)": 69.91303030459989,
        "(3, 4)": 110.91109425486418,
        "(3, 5)": 182.04889232286072,
        "(3, 6)": 56.773620710648274,
        "(3, 7)": 76.6543047627591,
        "(3, 8)": 1065.5582763974107,
        "(3, 9)": 1681.4072974757173,
        "(4, 5)": 923.918636409134,
        "(4, 6)": 2818.983465647804,
        "(4, 7)": 2.175457464220733,
        "(4, 8)": 66.77999173191827,
        "(4, 9)": 844.253476951807,
        "(5, 6)": 427.71067558995543,
        "(5, 7)": 2833.4260616198567,
        "(5, 8)": 14.226833684404681,
        "(5, 9)": 577.9356647879371,
        "(6, 7)": 9.58557641140973,
        "(6, 8)": 1763.307915004038,
        "(6, 9)": 334.313056034092,
        "(7, 8)": 2.519212459702168,
        "(7, 9)": 338.1759209919381,
        "(8, 9)": 343.6286213367364
    },
    "average_num_matching_probability_capped": 0.0,
    "average_num_matching_probability_exceeds_one": 0.0,
    "average_num_proposal_matching_probability_exceeds_one": 0.0,
    "simulation_parameters": {
        "graph_file": "nonuniform_complete_10_order_0.json",
        "c_guarantee": 0.6666666666666666,
        "experiment_name": "nonuniform_complete_10_order_0_mc_c66_r50_sim10000",
        "average_edge_weight": 0.1111111111111111,
        "r": 0.5,
        "num_sim_instances": 10000,
        "rounding_scheme_class": "SimulatedRecursiveRoundingScheme",
        "parallel": true
    }
}