{
    "min_scaled_matching_probability": 0.6505128682571705,
    "scaled_matching_probabilities": {
        "(0, 2)": 0.8725293097926242,
        "(0, 3)": 0.7683993808359424,
        "(0, 4)": 0.7312042050306214,
        "(0, 5)": 0.711786899698729,
        "(0, 6)": 0.7499730632820183,
        "(0, 7)": 0.7872271123938176,
        "(0, 8)": 0.6952843780074789,
        "(0, 9)": 0.838587307245676,
        "(0, 10)": 0.7519817263510752,
        "(0, 11)": 0.7003268713929546,
        "(0, 12)": 0.8956728786235092,
        "(0, 13)": 0.749077256882129,
        "(0, 14)": 0.6505128682571705,
        "(0, 15)": 0.7416260566254569,
        "(0, 16)": 0.6878135620430844,
        "(0, 19)": 0.7532202046340744,
        "(0, 20)": 0.7482415838970571
    },
    "matching_probabilities": {
        "(0, 2)": 2.6300629991125124e-06,
        "(0, 3)": 0.00014882530546029074,
        "(0, 4)": 4.894560733610642e-06,
        "(0, 5)": 8.884001838355831e-07,
        "(0, 6)": 0.030781142964439505,
        "(0, 7)": 0.11931533085976487,
        "(0, 8)": 0.00013213285102864353,
        "(0, 9)": 0.01686294563772048,
        "(0, 10)": 0.2651883677367928,
        "(0, 11)": 0.011741217626992675,
        "(0, 12)": 1.6356068824447918e-05,
        "(0, 13)": 0.005804068719729524,
        "(0, 14)": 1.73257336803377e-05,
        "(0, 15)": 0.03424495639948586,
        "(0, 16)": 0.003407461206147201,
        "(0, 19)": 0.0011969008105298766,
        "(0, 20)": 0.2670912639032753
    },
    "matching_counts": {
        "(0, 2)": 0.026300629991125125,
        "(0, 3)": 1.4882530546029074,
        "(0, 4)": 0.048945607336106416,
        "(0, 5)": 0.008884001838355832,
        "(0, 6)": 307.81142964439505,
        "(0, 7)": 1193.1533085976487,
        "(0, 8)": 1.3213285102864354,
        "(0, 9)": 168.6294563772048,
        "(0, 10)": 2651.8836773679277,
        "(0, 11)": 117.41217626992675,
        "(0, 12)": 0.16356068824447917,
        "(0, 13)": 58.04068719729524,
        "(0, 14)": 0.173257336803377,
        "(0, 15)": 342.44956399485864,
        "(0, 16)": 34.07461206147201,
        "(0, 19)": 11.969008105298766,
        "(0, 20)": 2670.912639032753
    },
    "average_num_matching_probability_capped": 0.0,
    "average_num_matching_probability_exceeds_one": 0.0,
    "average_num_proposal_matching_probability_exceeds_one": 0.0,
    "simulation_parameters": {
        "graph_file": "nonuniform_star_20_order_0.json",
        "c_guarantee": 0.75,
        "experiment_name": "nonuniform_star_20_order_0_tr_c75_r50_sim10000",
        "average_edge_weight": 0.05,
        "r": 0.5,
        "num_sim_instances": 10000,
        "rounding_scheme_class": "SimpleRecursiveRoundingSchemeForTree",
        "parallel": true
    }
}