{
    "min_scaled_matching_probability": 0.0,
    "scaled_matching_probabilities": {
        "(0, 2)": 0.0,
        "(0, 3)": 1.0326192557904277,
        "(0, 4)": 0.0,
        "(0, 5)": 0.0,
        "(0, 6)": 0.484857367920156,
        "(0, 7)": 0.48758263658740825,
        "(0, 8)": 0.5262009958876589,
        "(0, 9)": 0.5519984058778769,
        "(0, 10)": 0.5268640021748774,
        "(0, 11)": 0.42945745783955724,
        "(0, 12)": 0.0,
        "(0, 13)": 0.5033367871592747,
        "(0, 14)": 0.0,
        "(0, 15)": 0.4699461503479687,
        "(0, 16)": 0.5046378523710264,
        "(0, 19)": 0.6293087931828022,
        "(0, 20)": 0.5098630568410532
    },
    "matching_probabilities": {
        "(0, 2)": 0.0,
        "(0, 3)": 0.0002,
        "(0, 4)": 0.0,
        "(0, 5)": 0.0,
        "(0, 6)": 0.0199,
        "(0, 7)": 0.0739,
        "(0, 8)": 0.0001,
        "(0, 9)": 0.0111,
        "(0, 10)": 0.1858,
        "(0, 11)": 0.0072,
        "(0, 12)": 0.0,
        "(0, 13)": 0.0039,
        "(0, 14)": 0.0,
        "(0, 15)": 0.0217,
        "(0, 16)": 0.0025,
        "(0, 19)": 0.001,
        "(0, 20)": 0.182
    },
    "matching_counts": {
        "(0, 2)": 0,
        "(0, 3)": 2.0,
        "(0, 4)": 0,
        "(0, 5)": 0,
        "(0, 6)": 199.0,
        "(0, 7)": 739.0,
        "(0, 8)": 1.0,
        "(0, 9)": 111.0,
        "(0, 10)": 1858.0,
        "(0, 11)": 72.0,
        "(0, 12)": 0,
        "(0, 13)": 39.0,
        "(0, 14)": 0,
        "(0, 15)": 217.0,
        "(0, 16)": 25.0,
        "(0, 19)": 10.0,
        "(0, 20)": 1820.0
    },
    "average_num_matching_probability_capped": 0.0,
    "average_num_matching_probability_exceeds_one": 0.0,
    "average_num_proposal_matching_probability_exceeds_one": 0.0,
    "simulation_parameters": {
        "graph_file": "nonuniform_star_20_order_0.json",
        "c_guarantee": 0.5,
        "experiment_name": "nonuniform_star_20_order_0_mc_c50_r100_sim10000",
        "average_edge_weight": 0.05,
        "r": 1.0,
        "num_sim_instances": 10000,
        "rounding_scheme_class": "SimulatedRecursiveRoundingScheme",
        "parallel": true
    }
}