{
    "min_scaled_matching_probability": 0.1772669545600737,
    "scaled_matching_probabilities": {
        "(0, 10)": 36.54314683883934,
        "(0, 11)": 0.592331380648494,
        "(0, 12)": 3.922056659021535,
        "(0, 13)": 1.249923110415938,
        "(0, 14)": 0.8347348286656842,
        "(0, 15)": 6.790376387331651,
        "(0, 16)": 0.8121925495842804,
        "(0, 17)": 0.6908628782336739,
        "(0, 18)": 0.5804483975747882,
        "(0, 19)": 0.9247525791897666,
        "(10, 1)": 0.8348588046705301,
        "(10, 2)": 1.0256091774246436,
        "(10, 3)": 0.9547873503801366,
        "(10, 4)": 0.6463560160247872,
        "(10, 5)": 0.40147835323726666,
        "(10, 6)": 0.7178198686003379,
        "(10, 7)": 0.5752980927036255,
        "(10, 8)": 0.3868061080321325,
        "(10, 9)": 0.6172647449019726,
        "(11, 1)": 0.5240020165264361,
        "(11, 2)": 0.4571050674837359,
        "(11, 3)": 873.3310931324904,
        "(11, 4)": 0.8944973951885261,
        "(11, 5)": 0.6724998501571973,
        "(11, 6)": 0.6928481683875249,
        "(11, 7)": 0.8375709555946983,
        "(11, 8)": 1.7216220309084136,
        "(11, 9)": 0.5155220924246375,
        "(12, 1)": 0.37592745492891544,
        "(12, 2)": 0.29831393848949805,
        "(12, 3)": 0.5007553272014869,
        "(12, 4)": 0.7678253302616813,
        "(12, 5)": 950.6108834349703,
        "(12, 6)": 1.4321972927865363,
        "(12, 7)": 1.0439079711244974,
        "(12, 8)": 0.5619355435073106,
        "(12, 9)": 0.5631428132970888,
        "(13, 1)": 1.2637042743984483,
        "(13, 2)": 0.5605643665234482,
        "(13, 3)": 0.719648772714197,
        "(13, 4)": 1.089627004570702,
        "(13, 5)": 41.11095299914754,
        "(13, 6)": 0.5307463989407716,
        "(13, 7)": 0.48163063936028755,
        "(13, 8)": 0.6672598813728388,
        "(13, 9)": 1.2057437189991378,
        "(14, 1)": 0.6703720747263973,
        "(14, 2)": 0.5110040881143609,
        "(14, 3)": 0.6365465586973406,
        "(14, 4)": 0.6406866994903113,
        "(14, 5)": 0.22590006954233804,
        "(14, 6)": 0.6883169769204551,
        "(14, 7)": 0.6247832155186149,
        "(14, 8)": 0.7023123773447423,
        "(14, 9)": 0.44038241214120244,
        "(15, 1)": 0.6337188390317456,
        "(15, 2)": 0.5637269412515226,
        "(15, 3)": 0.31235407468417503,
        "(15, 4)": 0.7635634572195809,
        "(15, 5)": 0.5475234668678656,
        "(15, 6)": 1.0115582257734028,
        "(15, 7)": 6.1696196281980225,
        "(15, 8)": 0.8855145982757907,
        "(15, 9)": 1.2639281167720122,
        "(16, 1)": 0.1772669545600737,
        "(16, 2)": 0.6171786128511568,
        "(16, 3)": 1.3399495156074557,
        "(16, 4)": 3.9012641776399843,
        "(16, 5)": 0.5276324307763814,
        "(16, 6)": 0.8060768393940151,
        "(16, 7)": 0.4869308372162917,
        "(16, 8)": 0.9325464479490398,
        "(16, 9)": 0.648927756073137,
        "(17, 1)": 6.855924089106401,
        "(17, 2)": 0.4685682843452386,
        "(17, 3)": 0.588346055091408,
        "(17, 4)": 0.6952839637986862,
        "(17, 5)": 0.32363082013184935,
        "(17, 6)": 0.6668893021137219,
        "(17, 7)": 0.7462019424775248,
        "(17, 8)": 0.7220184683816671,
        "(17, 9)": 31.894303153866918,
        "(18, 1)": 0.6628172729177709,
        "(18, 2)": 1.2230226175418983,
        "(18, 3)": 0.71632973422489,
        "(18, 4)": 0.8808072697581616,
        "(18, 5)": 1.3939598608025905,
        "(18, 6)": 1.398241485219813,
        "(18, 7)": 0.564875607293321,
        "(18, 8)": 0.8201640808280287,
        "(18, 9)": 0.6331386422206343,
        "(19, 1)": 0.43683439448809114,
        "(19, 2)": 0.7850901177872626,
        "(19, 3)": 1.0648852821527377,
        "(19, 4)": 0.5602732212472874,
        "(19, 5)": 0.4661708100459367,
        "(19, 6)": 0.38157787756431344,
        "(19, 7)": 2.0846443192168187,
        "(19, 8)": 2.1266167212959344,
        "(19, 9)": 0.7066526691993201
    },
    "matching_probabilities": {
        "(0, 10)": 0.047553291667646054,
        "(0, 11)": 0.1198818648732024,
        "(0, 12)": 0.003066248477773765,
        "(0, 13)": 0.008214919901997898,
        "(0, 14)": 0.03191356619194,
        "(0, 15)": 0.03156532925609097,
        "(0, 16)": 0.0981840279317563,
        "(0, 17)": 0.10361948736206118,
        "(0, 18)": 0.2726172010848995,
        "(0, 19)": 0.004516554552579374,
        "(10, 1)": 0.006998783615042091,
        "(10, 2)": 0.007018310386540286,
        "(10, 3)": 0.0015187761930533356,
        "(10, 4)": 0.09910697393357346,
        "(10, 5)": 0.005591177004874294,
        "(10, 6)": 0.13810190351607307,
        "(10, 7)": 0.029117514272512586,
        "(10, 8)": 0.1301362045998914,
        "(10, 9)": 0.11583392023580202,
        "(11, 1)": 0.3242532793478749,
        "(11, 2)": 0.020407894769185687,
        "(11, 3)": 0.1438315536598615,
        "(11, 4)": 0.00028727691747064773,
        "(11, 5)": 0.004797680210570761,
        "(11, 6)": 0.012031432709899018,
        "(11, 7)": 0.0012513393337662431,
        "(11, 8)": 0.031527045502131146,
        "(11, 9)": 0.046047749374203605,
        "(12, 1)": 0.0006588435762746418,
        "(12, 2)": 0.045258015638249834,
        "(12, 3)": 0.2377545821693369,
        "(12, 4)": 0.007576428200323214,
        "(12, 5)": 0.17886293856131993,
        "(12, 6)": 0.05992005579607762,
        "(12, 7)": 0.04400203219066236,
        "(12, 8)": 0.08423293283830208,
        "(12, 9)": 0.059858950360540585,
        "(13, 1)": 0.12293661867563371,
        "(13, 2)": 0.0005141431873279569,
        "(13, 3)": 0.0009362936324726817,
        "(13, 4)": 0.12510612549838596,
        "(13, 5)": 0.11309531297667648,
        "(13, 6)": 0.2054288075904673,
        "(13, 7)": 0.12920830197857358,
        "(13, 8)": 0.002947229128193251,
        "(13, 9)": 0.029518807130664612,
        "(14, 1)": 0.1097958470113392,
        "(14, 2)": 0.018869151215271423,
        "(14, 3)": 0.058332506057933005,
        "(14, 4)": 0.1597882073406455,
        "(14, 5)": 0.021645056800937746,
        "(14, 6)": 0.006195642573992929,
        "(14, 7)": 0.008281403694284574,
        "(14, 8)": 0.007309557512590693,
        "(14, 9)": 0.12146361027252961,
        "(15, 1)": 0.01093535453337577,
        "(15, 2)": 0.028534340052239412,
        "(15, 3)": 0.09074386405704062,
        "(15, 4)": 0.0091664831398166,
        "(15, 5)": 0.2804954227907574,
        "(15, 6)": 0.09618795551290822,
        "(15, 7)": 0.07969898051346647,
        "(15, 8)": 0.0004868205095683331,
        "(15, 9)": 0.0026823556009164967,
        "(16, 1)": 0.002986678048774881,
        "(16, 2)": 0.0008818184028631091,
        "(16, 3)": 0.009006726637449353,
        "(16, 4)": 0.13724012277234018,
        "(16, 5)": 0.00010587326633170062,
        "(16, 6)": 0.10106050663588512,
        "(16, 7)": 0.252065679796725,
        "(16, 8)": 0.03840883412187727,
        "(16, 9)": 0.07416400573681294,
        "(17, 1)": 0.057987661791664515,
        "(17, 2)": 0.29434032281751654,
        "(17, 3)": 0.0594875386434869,
        "(17, 4)": 0.01953945750437231,
        "(17, 5)": 9.909940210954516e-05,
        "(17, 6)": 0.01072140440183635,
        "(17, 7)": 0.0033086246922102583,
        "(17, 8)": 0.03944873830536741,
        "(17, 9)": 0.14934541621004394,
        "(18, 1)": 0.00046678591115992393,
        "(18, 2)": 0.07739286966588758,
        "(18, 3)": 0.004162620432615073,
        "(18, 4)": 0.009630290184390431,
        "(18, 5)": 0.003746681990014961,
        "(18, 6)": 0.0041342769701109994,
        "(18, 7)": 0.0006847961638308073,
        "(18, 8)": 0.30985059475588356,
        "(18, 9)": 0.03810782494332204,
        "(19, 1)": 0.0287514995433321,
        "(19, 2)": 0.011754553958326785,
        "(19, 3)": 0.02544786950747519,
        "(19, 4)": 0.1621292993114349,
        "(19, 5)": 0.16995054338850166,
        "(19, 6)": 0.03995441264447095,
        "(19, 7)": 0.16189293746594374,