{
    "min_scaled_matching_probability": 0.3436702421509015,
    "scaled_matching_probabilities": {
        "(0, 1)": 0.4671330684598244,
        "(0, 2)": 0.4475794203270004,
        "(0, 3)": 0.6006064995382109,
        "(0, 4)": 0.5706470471873674,
        "(0, 5)": 0.5154313148937116,
        "(0, 6)": 0.6131124443496728,
        "(0, 7)": 0.5492020765265416,
        "(0, 8)": 0.47814160623077007,
        "(0, 9)": 0.49615917448825786,
        "(1, 2)": 0.49084156868788187,
        "(1, 3)": 0.5615552476809713,
        "(1, 4)": 0.48001375751079695,
        "(1, 5)": 0.5148897373055508,
        "(1, 6)": 0.599962747539635,
        "(1, 7)": 0.6255604007927226,
        "(1, 8)": 0.824946357502244,
        "(1, 9)": 0.4774134380428419,
        "(2, 3)": 0.4883217783423875,
        "(2, 4)": 0.6663739015245524,
        "(2, 5)": 0.6447714705852998,
        "(2, 6)": 0.5801827678679597,
        "(2, 7)": 0.46540200801394405,
        "(2, 8)": 0.6404193669932102,
        "(2, 9)": 0.6300169320512243,
        "(3, 4)": 0.4812734046177319,
        "(3, 5)": 0.6061666500669108,
        "(3, 6)": 0.3436702421509015,
        "(3, 7)": 0.6088577424369022,
        "(3, 8)": 0.5482375732906251,
        "(3, 9)": 0.4917055933381799,
        "(4, 5)": 0.5997406899223955,
        "(4, 6)": 0.45916345018553056,
        "(4, 7)": 0.5192805054132443,
        "(4, 8)": 0.5197564374847006,
        "(4, 9)": 0.6492153529306867,
        "(5, 6)": 0.6008590376640313,
        "(5, 7)": 0.4455320172693479,
        "(5, 8)": 0.5321986842337119,
        "(5, 9)": 0.6852499652679046,
        "(6, 7)": 0.5123839291792855,
        "(6, 8)": 0.5450330308725632,
        "(6, 9)": 0.6253209209021737,
        "(7, 8)": 0.6064918312611722,
        "(7, 9)": 0.5972477328289666,
        "(8, 9)": 0.5759881992088407
    },
    "matching_probabilities": {
        "(0, 1)": 0.025053991258635132,
        "(0, 2)": 0.02861562425935386,
        "(0, 3)": 0.07606955695045854,
        "(0, 4)": 0.016695060711911278,
        "(0, 5)": 0.04031537026529924,
        "(0, 6)": 0.01826162263077159,
        "(0, 7)": 0.0024607378770511823,
        "(0, 8)": 0.23925549463844317,
        "(0, 9)": 0.04835707553137876,
        "(1, 2)": 0.06516051542657235,
        "(1, 3)": 0.0010581704025965097,
        "(1, 4)": 0.1134071589267342,
        "(1, 5)": 0.02595011397168128,
        "(1, 6)": 0.012838121990439962,
        "(1, 7)": 0.15823001245510748,
        "(1, 8)": 0.0017386356913191624,
        "(1, 9)": 0.11720154199133517,
        "(2, 3)": 0.13078467618494086,
        "(2, 4)": 0.0022146003179299087,
        "(2, 5)": 0.06272757526363594,
        "(2, 6)": 0.04454749375260382,
        "(2, 7)": 0.11004035282299726,
        "(2, 8)": 0.0024458778021198666,
        "(2, 9)": 0.006322475538462317,
        "(3, 4)": 0.008192365753986366,
        "(3, 5)": 0.017710713157178294,
        "(3, 6)": 0.003695853007726352,
        "(3, 7)": 0.007533774115486025,
        "(3, 8)": 0.08892440517919883,
        "(3, 9)": 0.12677126635682315,
        "(4, 5)": 0.07633699952676419,
        "(4, 6)": 0.20820376214971925,
        "(4, 7)": 0.00020792736083976706,
        "(4, 8)": 0.004980476079737046,
        "(4, 9)": 0.07818711708991942,
        "(5, 6)": 0.04086414407192193,
        "(5, 7)": 0.19622328334043404,
        "(5, 8)": 0.0010970839469424214,
        "(5, 9)": 0.05864206051294922,
        "(6, 7)": 0.0008606191988055445,
        "(6, 8)": 0.14459624209116922,
        "(6, 9)": 0.03159851382939923,
        "(7, 8)": 0.000243716039971486,
        "(7, 9)": 0.030252483093821628,
        "(8, 9)": 0.029808979022009068
    },
    "matching_counts": {
        "(0, 1)": 250.5399125863513,
        "(0, 2)": 286.1562425935386,
        "(0, 3)": 760.6955695045854,
        "(0, 4)": 166.95060711911276,
        "(0, 5)": 403.15370265299237,
        "(0, 6)": 182.6162263077159,
        "(0, 7)": 24.607378770511822,
        "(0, 8)": 2392.554946384432,
        "(0, 9)": 483.5707553137876,
        "(1, 2)": 651.6051542657235,
        "(1, 3)": 10.581704025965097,
        "(1, 4)": 1134.071589267342,
        "(1, 5)": 259.5011397168128,
        "(1, 6)": 128.38121990439961,
        "(1, 7)": 1582.3001245510748,
        "(1, 8)": 17.386356913191623,
        "(1, 9)": 1172.0154199133517,
        "(2, 3)": 1307.8467618494085,
        "(2, 4)": 22.146003179299086,
        "(2, 5)": 627.2757526363595,
        "(2, 6)": 445.4749375260382,
        "(2, 7)": 1100.4035282299726,
        "(2, 8)": 24.458778021198665,
        "(2, 9)": 63.22475538462317,
        "(3, 4)": 81.92365753986367,
        "(3, 5)": 177.10713157178296,
        "(3, 6)": 36.95853007726352,
        "(3, 7)": 75.33774115486025,
        "(3, 8)": 889.2440517919883,
        "(3, 9)": 1267.7126635682314,
        "(4, 5)": 763.3699952676419,
        "(4, 6)": 2082.0376214971925,
        "(4, 7)": 2.0792736083976706,
        "(4, 8)": 49.80476079737046,
        "(4, 9)": 781.8711708991942,
        "(5, 6)": 408.6414407192193,
        "(5, 7)": 1962.2328334043405,
        "(5, 8)": 10.970839469424215,
        "(5, 9)": 586.4206051294922,
        "(6, 7)": 8.606191988055444,
        "(6, 8)": 1445.9624209116923,
        "(6, 9)": 315.9851382939923,
        "(7, 8)": 2.43716039971486,
        "(7, 9)": 302.52483093821627,
        "(8, 9)": 298.08979022009066
    },
    "average_num_matching_probability_capped": 0.0,
    "average_num_matching_probability_exceeds_one": 0.0,
    "average_num_proposal_matching_probability_exceeds_one": 0.0,
    "simulation_parameters": {
        "graph_file": "nonuniform_complete_10_order_0.json",
        "c_guarantee": 0.6,
        "experiment_name": "nonuniform_complete_10_order_0_mc_c60_r0_sim10000",
        "average_edge_weight": 0.1111111111111111,
        "r": 0,
        "num_sim_instances": 10000,
        "rounding_scheme_class": "SimulatedRecursiveRoundingScheme",
        "parallel": true
    }
}