{
    "min_scaled_matching_probability": 0.006302683043354234,
    "scaled_matching_probabilities": {
        "(0, 10)": 2.2945955129062763,
        "(0, 11)": 0.08757406334979737,
        "(0, 12)": 173.1296746353676,
        "(0, 13)": 0.15892794218314307,
        "(0, 14)": 0.12412428939281339,
        "(0, 15)": 11.12103609210535,
        "(0, 16)": 0.00990445783326039,
        "(0, 17)": 0.08314146704424337,
        "(0, 18)": 0.449263719553834,
        "(0, 19)": 0.07002084516554731,
        "(10, 1)": 0.16377309487711336,
        "(10, 2)": 0.2382406484445384,
        "(10, 3)": 2.7924480658086437,
        "(10, 4)": 0.28843247019589996,
        "(10, 5)": 0.046051162136240595,
        "(10, 6)": 0.868783965449217,
        "(10, 7)": 0.199228010966988,
        "(10, 8)": 0.3600783380061457,
        "(10, 9)": 0.18399986762686887,
        "(11, 1)": 0.3089378922319722,
        "(11, 2)": 0.1640337906996843,
        "(11, 3)": 202.00169073532933,
        "(11, 4)": 0.4413872801532193,
        "(11, 5)": 0.03717061813687253,
        "(11, 6)": 0.6372567081569503,
        "(11, 7)": 0.35298993462255085,
        "(11, 8)": 0.5010793328886174,
        "(11, 9)": 1.554924176798679,
        "(12, 1)": 0.08615414554982051,
        "(12, 2)": 0.03586270220237617,
        "(12, 3)": 0.17058313857550866,
        "(12, 4)": 0.24539592453855935,
        "(12, 5)": 213.47417872215487,
        "(12, 6)": 0.6081594226784073,
        "(12, 7)": 0.1139108604397012,
        "(12, 8)": 0.025057826550988684,
        "(12, 9)": 1.086170778387008,
        "(13, 1)": 0.2851597280846966,
        "(13, 2)": 0.11622130407747834,
        "(13, 3)": 0.20288724066327254,
        "(13, 4)": 1.5106222175436725,
        "(13, 5)": 37.54897751127373,
        "(13, 6)": 0.09123596169862169,
        "(13, 7)": 0.13971347266502745,
        "(13, 8)": 0.24737721403426444,
        "(13, 9)": 2.182767134025875,
        "(14, 1)": 0.9229808257240598,
        "(14, 2)": 1.2679747758722262,
        "(14, 3)": 0.17695802002168148,
        "(14, 4)": 0.02712670976316099,
        "(14, 5)": 0.022916068030487513,
        "(14, 6)": 0.2510329727900733,
        "(14, 7)": 0.3484118742011082,
        "(14, 8)": 0.6841062384046821,
        "(14, 9)": 0.006302683043354234,
        "(15, 1)": 0.06887078069809262,
        "(15, 2)": 0.03797920239411443,
        "(15, 3)": 0.8401121759714967,
        "(15, 4)": 0.07020502130274034,
        "(15, 5)": 0.11221473798785138,
        "(15, 6)": 0.13352606208701917,
        "(15, 7)": 0.11168316754183204,
        "(15, 8)": 0.2359236411677022,
        "(15, 9)": 0.17983872563360354,
        "(16, 1)": 0.02439571794871772,
        "(16, 2)": 0.17243587570210975,
        "(16, 3)": 0.09258658460031031,
        "(16, 4)": 3.4950977333119226,
        "(16, 5)": 0.11250592375251516,
        "(16, 6)": 0.5401841972835639,
        "(16, 7)": 0.39456526048348983,
        "(16, 8)": 0.4954097099494346,
        "(16, 9)": 0.1428267283248576,
        "(17, 1)": 3.1565054873175127,
        "(17, 2)": 0.23865668307565877,
        "(17, 3)": 0.1623950098420851,
        "(17, 4)": 0.4414610620442465,
        "(17, 5)": 0.035559178809285316,
        "(17, 6)": 0.026626961922935243,
        "(17, 7)": 0.12723365595187844,
        "(17, 8)": 0.8878110176459721,
        "(17, 9)": 6.6230879665507505,
        "(18, 1)": 0.17858928113247988,
        "(18, 2)": 0.1732088771605099,
        "(18, 3)": 0.19604826645126494,
        "(18, 4)": 0.30461977111357313,
        "(18, 5)": 7.98643168806656,
        "(18, 6)": 0.8034551365135397,
        "(18, 7)": 0.23360071199272558,
        "(18, 8)": 0.4019103013545444,
        "(18, 9)": 0.5066925288728734,
        "(19, 1)": 0.009366788553175751,
        "(19, 2)": 0.1287489227377742,
        "(19, 3)": 0.21603920081923292,
        "(19, 4)": 0.14343832421515113,
        "(19, 5)": 0.5188967653497447,
        "(19, 6)": 0.07085757242409155,
        "(19, 7)": 2.167882172010548,
        "(19, 8)": 1.692124630037828,
        "(19, 9)": 0.48871536239725055
    },
    "matching_probabilities": {
        "(0, 10)": 0.0029859379698666836,
        "(0, 11)": 0.01772410237222904,
        "(0, 12)": 0.13535209902872755,
        "(0, 13)": 0.0010445285028687996,
        "(0, 14)": 0.004745517485950701,
        "(0, 15)": 0.05169656965865497,
        "(0, 16)": 0.0011973263791295458,
        "(0, 17)": 0.012470023307201468,
        "(0, 18)": 0.21100414487400984,
        "(0, 19)": 0.0003419865747062821,
        "(10, 1)": 0.001372941683789294,
        "(10, 2)": 0.0016302962710152324,
        "(10, 3)": 0.004441935307374422,
        "(10, 4)": 0.044225888823791845,
        "(10, 5)": 0.0006413302154592627,
        "(10, 6)": 0.16714599946463876,
        "(10, 7)": 0.010083510664103769,
        "(10, 8)": 0.12114397186009267,
        "(10, 9)": 0.03452882440819398,
        "(11, 1)": 0.1911712579563776,
        "(11, 2)": 0.00732344613376857,
        "(11, 3)": 0.03326827276487858,
        "(11, 4)": 0.00014175600503168076,
        "(11, 5)": 0.00026517885321204244,
        "(11, 6)": 0.011066077032383412,
        "(11, 7)": 0.0005273704713210192,
        "(11, 8)": 0.009175969315298193,
        "(11, 9)": 0.13888979704508495,
        "(12, 1)": 0.0001509921784660899,
        "(12, 2)": 0.0054408276908662675,
        "(12, 3)": 0.08099149551500516,
        "(12, 4)": 0.0024214160820725844,
        "(12, 5)": 0.04016640202481021,
        "(12, 6)": 0.025444082825278675,
        "(12, 7)": 0.004801485846050702,
        "(12, 8)": 0.0037561144606895525,
        "(12, 9)": 0.11545391536806772,
        "(13, 1)": 0.027741120658853088,
        "(13, 2)": 0.00010659684290030033,
        "(13, 3)": 0.00026396492114691146,
        "(13, 4)": 0.17344292306992476,
        "(13, 5)": 0.10329639801051912,
        "(13, 6)": 0.03531346582571719,
        "(13, 7)": 0.03748129602085803,
        "(13, 8)": 0.001092643737778835,
        "(13, 9)": 0.0534381237282725,
        "(14, 1)": 0.1511689781782134,
        "(14, 2)": 0.046820775683752376,
        "(14, 3)": 0.016216260435118573,
        "(14, 4)": 0.006765441404595647,
        "(14, 5)": 0.002195747859568906,
        "(14, 6)": 0.0022595847928271063,
        "(14, 7)": 0.00461814483884083,
        "(14, 8)": 0.007120070862550831,
        "(14, 9)": 0.0017383678724294687,
        "(15, 1)": 0.0011884235682100154,
        "(15, 2)": 0.001922404974331284,
        "(15, 3)": 0.24406604961406134,
        "(15, 4)": 0.0008428024390341814,
        "(15, 5)": 0.057487436210387134,
        "(15, 6)": 0.012696845908222676,
        "(15, 7)": 0.0014427201561854521,
        "(15, 8)": 0.0001297013820394488,
        "(15, 9)": 0.00038166048097496003,
        "(16, 1)": 0.00041103067101458244,
        "(16, 2)": 0.00024637459131236485,
        "(16, 3)": 0.0006223384150499357,
        "(16, 4)": 0.12295184847267238,
        "(16, 5)": 2.257512793862411e-05,
        "(16, 6)": 0.06772467088276103,
        "(16, 7)": 0.2042515137807237,
        "(16, 8)": 0.020404462870095,
        "(16, 9)": 0.016323238141259484,
        "(17, 1)": 0.02669784120465054,
        "(17, 2)": 0.14991685840881636,
        "(17, 3)": 0.01641972329021494,
        "(17, 4)": 0.012406311824770037,
        "(17, 5)": 1.0888621046879667e-05,
        "(17, 6)": 0.00042807468325441113,
        "(17, 7)": 0.000564148110315659,
        "(17, 8)": 0.048507103396175616,
        "(17, 9)": 0.031012680358258018,
        "(18, 1)": 0.00012577065161541504,
        "(18, 2)": 0.010960657524061562,
        "(18, 3)": 0.001139244234489078,
        "(18, 4)": 0.003330554699590251,
        "(18, 5)": 0.021465912047808483,
        "(18, 6)": 0.00237563117853217,
        "(18, 7)": 0.0002831930948607899,
        "(18, 8)": 0.15183808804147542,
        "(18, 9)": 0.030497191140716823,
        "(19, 1)": 0.0006165018602180208,
        "(19, 2)": 0.001927659163081834,
        "(19, 3)": 0.005162750845643221,
        "(19, 4)": 0.04150752546701601,