{
    "min_scaled_matching_probability": 0.5163480347496952,
    "scaled_matching_probabilities": {
        "(0, 1)": 0.6304674667580279,
        "(0, 2)": 0.5944623536736093,
        "(0, 3)": 0.6249348403122704,
        "(0, 4)": 0.5930084927066828,
        "(0, 5)": 2.0664560830144754,
        "(0, 6)": 0.5872286274858054,
        "(0, 7)": 0.517047488124427,
        "(0, 8)": 0.6621419621782904,
        "(0, 9)": 0.6135372318897676,
        "(1, 2)": 0.6915391304345831,
        "(1, 3)": 0.7259915881301967,
        "(1, 4)": 0.6058523057128891,
        "(1, 5)": 0.5773339529351528,
        "(1, 6)": 5.805144537602642,
        "(1, 7)": 0.8539246955437219,
        "(1, 8)": 0.6207611116186122,
        "(1, 9)": 0.6020300514169591,
        "(2, 3)": 0.5916005625362984,
        "(2, 4)": 0.5995389418031865,
        "(2, 5)": 0.6267659996106417,
        "(2, 6)": 0.6269700040693809,
        "(2, 7)": 1.0860130758078501,
        "(2, 8)": 0.6597890189163653,
        "(2, 9)": 0.6270990128621675,
        "(3, 4)": 3.2633081502885988,
        "(3, 5)": 0.5672292402573824,
        "(3, 6)": 0.657582041543023,
        "(3, 7)": 0.5163480347496952,
        "(3, 8)": 0.5714323457371036,
        "(3, 9)": 0.9036625818061197,
        "(4, 5)": 0.6282016497051033,
        "(4, 6)": 0.6314726656781703,
        "(4, 7)": 0.6129375674225058,
        "(4, 8)": 0.6211144772061488,
        "(4, 9)": 0.5643382092558081,
        "(5, 6)": 0.6379623427537829,
        "(5, 7)": 0.6007511647037811,
        "(5, 8)": 0.521414113511665,
        "(5, 9)": 1.3101386460770628,
        "(6, 7)": 0.6163767533654507,
        "(6, 8)": 0.6419961986595982,
        "(6, 9)": 0.5892465466115658,
        "(7, 8)": 0.5456788719988859,
        "(7, 9)": 0.5762803802811952,
        "(8, 9)": 0.7179786388739513
    },
    "matching_probabilities": {
        "(0, 1)": 0.03381419014733694,
        "(0, 2)": 0.03800646449880783,
        "(0, 3)": 0.07915085245000007,
        "(0, 4)": 0.017349275418516934,
        "(0, 5)": 0.16163151076858429,
        "(0, 6)": 0.017490670254632298,
        "(0, 7)": 0.002316667020468669,
        "(0, 8)": 0.331326746339192,
        "(0, 9)": 0.05979707277288023,
        "(1, 2)": 0.09180364714671235,
        "(1, 3)": 0.001368027125142012,
        "(1, 4)": 0.14313754063301928,
        "(1, 5)": 0.029097262564970878,
        "(1, 6)": 0.1242196353882046,
        "(1, 7)": 0.215992756319589,
        "(1, 8)": 0.0013083001271875327,
        "(1, 9)": 0.14779401820033944,
        "(2, 3)": 0.15844529454487888,
        "(2, 4)": 0.001992483691349634,
        "(2, 5)": 0.06097588557628856,
        "(2, 6)": 0.048139903296312896,
        "(2, 7)": 0.2567785698696508,
        "(2, 8)": 0.0025198540185107986,
        "(2, 9)": 0.006293193035473142,
        "(3, 4)": 0.05554891186302615,
        "(3, 5)": 0.016573056877104263,
        "(3, 6)": 0.007071681711087716,
        "(3, 7)": 0.006389094180209871,
        "(3, 8)": 0.09268660872663169,
        "(3, 9)": 0.23298179115088555,
        "(4, 5)": 0.07995960561297946,
        "(4, 6)": 0.2863359107432939,
        "(4, 7)": 0.0002454289915087151,
        "(4, 8)": 0.005951721947829964,
        "(4, 9)": 0.0679650865405677,
        "(5, 6)": 0.04338752261778957,
        "(5, 7)": 0.2645856222213997,
        "(5, 8)": 0.001074852438740069,
        "(5, 9)": 0.1121185460163685,
        "(6, 7)": 0.0010352894332447426,
        "(6, 8)": 0.17032038886593412,
        "(6, 9)": 0.02977561525555314,
        "(7, 8)": 0.00021927862326377544,
        "(7, 9)": 0.029190420496331113,
        "(8, 9)": 0.037157376164722894
    },
    "matching_counts": {
        "(0, 1)": 338.14190147336944,
        "(0, 2)": 380.0646449880783,
        "(0, 3)": 791.5085245000007,
        "(0, 4)": 173.49275418516933,
        "(0, 5)": 1616.3151076858428,
        "(0, 6)": 174.90670254632298,
        "(0, 7)": 23.16667020468669,
        "(0, 8)": 3313.26746339192,
        "(0, 9)": 597.9707277288023,
        "(1, 2)": 918.0364714671235,
        "(1, 3)": 13.68027125142012,
        "(1, 4)": 1431.3754063301928,
        "(1, 5)": 290.9726256497088,
        "(1, 6)": 1242.196353882046,
        "(1, 7)": 2159.92756319589,
        "(1, 8)": 13.083001271875327,
        "(1, 9)": 1477.9401820033945,
        "(2, 3)": 1584.4529454487888,
        "(2, 4)": 19.92483691349634,
        "(2, 5)": 609.7588557628856,
        "(2, 6)": 481.39903296312895,
        "(2, 7)": 2567.785698696508,
        "(2, 8)": 25.198540185107984,
        "(2, 9)": 62.93193035473142,
        "(3, 4)": 555.4891186302615,
        "(3, 5)": 165.73056877104264,
        "(3, 6)": 70.71681711087716,
        "(3, 7)": 63.89094180209871,
        "(3, 8)": 926.8660872663169,
        "(3, 9)": 2329.8179115088556,
        "(4, 5)": 799.5960561297946,
        "(4, 6)": 2863.3591074329393,
        "(4, 7)": 2.4542899150871507,
        "(4, 8)": 59.51721947829964,
        "(4, 9)": 679.650865405677,
        "(5, 6)": 433.8752261778957,
        "(5, 7)": 2645.8562222139967,
        "(5, 8)": 10.74852438740069,
        "(5, 9)": 1121.185460163685,
        "(6, 7)": 10.352894332447425,
        "(6, 8)": 1703.2038886593411,
        "(6, 9)": 297.7561525555314,
        "(7, 8)": 2.1927862326377543,
        "(7, 9)": 291.90420496331114,
        "(8, 9)": 371.57376164722893
    },
    "average_num_matching_probability_capped": 0.6882,
    "average_num_matching_probability_exceeds_one": 0.3441,
    "average_num_proposal_matching_probability_exceeds_one": 0.6178,
    "simulation_parameters": {
        "graph_file": "nonuniform_complete_10_order_0.json",
        "c_guarantee": 0.6,
        "experiment_name": "nonuniform_complete_10_order_0_si_c60_r80_sim10000",
        "average_edge_weight": 0.1111111111111111,
        "r": 0.8,
        "num_sim_instances": 10000,
        "rounding_scheme_class": "SimpleRecursiveRoundingScheme",
        "parallel": true
    }
}