{
    "min_scaled_matching_probability": 0.31293887844180407,
    "scaled_matching_probabilities": {
        "(0, 10)": 79.8092926969637,
        "(0, 11)": 0.6186400162000971,
        "(0, 12)": 1.477736052928369,
        "(0, 13)": 3.856519816075084,
        "(0, 14)": 0.47451879547219367,
        "(0, 15)": 1.7943715333838657,
        "(0, 16)": 1.7186515201400476,
        "(0, 17)": 0.6160054858088613,
        "(0, 18)": 0.6186289462447934,
        "(0, 19)": 0.6800027554552367,
        "(10, 1)": 0.5502223482802329,
        "(10, 2)": 0.6993045013026234,
        "(10, 3)": 0.6843520030615551,
        "(10, 4)": 0.7041505050325481,
        "(10, 5)": 0.5412835356230171,
        "(10, 6)": 0.822268524855006,
        "(10, 7)": 0.7324245756153825,
        "(10, 8)": 0.6139965666726566,
        "(10, 9)": 0.6745524800116769,
        "(11, 1)": 0.6105668462236494,
        "(11, 2)": 0.5704889599953797,
        "(11, 3)": 1383.140609628686,
        "(11, 4)": 0.5463617288492956,
        "(11, 5)": 0.9192300401468513,
        "(11, 6)": 0.7391440812525207,
        "(11, 7)": 0.5158533298930692,
        "(11, 8)": 2.7058042130235953,
        "(11, 9)": 0.5559868364874863,
        "(12, 1)": 0.595387668458072,
        "(12, 2)": 0.6307658223982435,
        "(12, 3)": 0.5830626572405724,
        "(12, 4)": 0.6914450598340492,
        "(12, 5)": 1.8474732431202507,
        "(12, 6)": 3.857577666655777,
        "(12, 7)": 0.5895646065641259,
        "(12, 8)": 0.6719285912097878,
        "(12, 9)": 0.612902575383458,
        "(13, 1)": 1.0170345170236865,
        "(13, 2)": 0.649770354525477,
        "(13, 3)": 0.6929526468384892,
        "(13, 4)": 1.3105387437570248,
        "(13, 5)": 72.45715962635263,
        "(13, 6)": 0.5953851961935506,
        "(13, 7)": 0.597500358536071,
        "(13, 8)": 0.5802496309175308,
        "(13, 9)": 1.008669611666374,
        "(14, 1)": 0.8656396762722363,
        "(14, 2)": 0.5927918948726221,
        "(14, 3)": 0.7305693350955769,
        "(14, 4)": 0.5943125791878872,
        "(14, 5)": 0.5612818011280255,
        "(14, 6)": 0.5660513363574099,
        "(14, 7)": 0.6571520245270671,
        "(14, 8)": 0.700465094662749,
        "(14, 9)": 0.7835463193490543,
        "(15, 1)": 0.6328699191959172,
        "(15, 2)": 0.6586952724890017,
        "(15, 3)": 0.4857271732157785,
        "(15, 4)": 0.5641635266143891,
        "(15, 5)": 0.6276144932062692,
        "(15, 6)": 0.6409788695143381,
        "(15, 7)": 11.762180408019915,
        "(15, 8)": 0.7613212346636963,
        "(15, 9)": 0.7711301024830525,
        "(16, 1)": 0.5283927691441809,
        "(16, 2)": 0.5206121803500305,
        "(16, 3)": 0.8896843387469322,
        "(16, 4)": 1.75119548387525,
        "(16, 5)": 0.5672876090778869,
        "(16, 6)": 0.7973625949072581,
        "(16, 7)": 0.5915675153807721,
        "(16, 8)": 2.6846531781466934,
        "(16, 9)": 0.6526254654813353,
        "(17, 1)": 20.45519318733912,
        "(17, 2)": 0.6357840106075796,
        "(17, 3)": 0.5725762025420583,
        "(17, 4)": 0.6258022504927929,
        "(17, 5)": 0.8071852762550141,
        "(17, 6)": 0.5312825611234006,
        "(17, 7)": 0.45296460102024977,
        "(17, 8)": 0.6640979576268347,
        "(17, 9)": 3.5605889590182223,
        "(18, 1)": 0.6473106117781247,
        "(18, 2)": 2.5113986273160065,
        "(18, 3)": 0.8024117056602436,
        "(18, 4)": 0.6653174599811942,
        "(18, 5)": 1.4689066827181176,
        "(18, 6)": 0.9114584431403245,
        "(18, 7)": 0.5928189635896141,
        "(18, 8)": 0.7771552120998106,
        "(18, 9)": 0.6856753425365775,
        "(19, 1)": 0.5788062121189389,
        "(19, 2)": 0.31293887844180407,
        "(19, 3)": 0.8230507244384103,
        "(19, 4)": 0.6258023203761914,
        "(19, 5)": 0.632532038750343,
        "(19, 6)": 0.7703986400675383,
        "(19, 7)": 3.0460852227624806,
        "(19, 8)": 0.7030797599074305,
        "(19, 9)": 0.7154354968233401
    },
    "matching_probabilities": {
        "(0, 10)": 0.10385516578921393,
        "(0, 11)": 0.12520646592463183,
        "(0, 12)": 0.0011552882369561261,
        "(0, 13)": 0.025346360208494716,
        "(0, 14)": 0.01814179361945203,
        "(0, 15)": 0.008341205999226766,
        "(0, 16)": 0.20776369956207713,
        "(0, 17)": 0.09239195600569246,
        "(0, 18)": 0.29054932796782623,
        "(0, 19)": 0.0033211797512463265,
        "(10, 1)": 0.004612620881794972,
        "(10, 2)": 0.004785386239591431,
        "(10, 3)": 0.0010885958318409205,
        "(10, 4)": 0.1079687107683656,
        "(10, 5)": 0.00753816994886375,
        "(10, 6)": 0.15819685892123875,
        "(10, 7)": 0.037070143816740446,
        "(10, 8)": 0.2065716677294714,
        "(10, 9)": 0.1265843526782722,
        "(11, 1)": 0.37781973333135044,
        "(11, 2)": 0.025470027551121252,
        "(11, 3)": 0.22779363333942515,
        "(11, 4)": 0.00017546961470433226,
        "(11, 5)": 0.00655787770293753,
        "(11, 6)": 0.01283536954020756,
        "(11, 7)": 0.0007706900028441927,
        "(11, 8)": 0.04954979142480033,
        "(11, 9)": 0.04966216361653745,
        "(12, 1)": 0.001043465529355687,
        "(12, 2)": 0.09569519144402369,
        "(12, 3)": 0.2768334372506781,
        "(12, 4)": 0.006822754660249976,
        "(12, 5)": 0.0003476127813557744,
        "(12, 6)": 0.16139275656218446,
        "(12, 7)": 0.02485088869334439,
        "(12, 8)": 0.10072065479654548,
        "(12, 9)": 0.06514813643971892,
        "(13, 1)": 0.09893990796131137,
        "(13, 2)": 0.0005959618931521418,
        "(13, 3)": 0.0009015608383419522,
        "(13, 4)": 0.1504702286738571,
        "(13, 5)": 0.19932802690108586,
        "(13, 6)": 0.2304476698384657,
        "(13, 7)": 0.16029297235029744,
        "(13, 8)": 0.002562912384819337,
        "(13, 9)": 0.02469407325634458,
        "(14, 1)": 0.14177744725080074,
        "(14, 2)": 0.021889218038967068,
        "(14, 3)": 0.06694866162251216,
        "(14, 4)": 0.14822243337340266,
        "(14, 5)": 0.05378031308871201,
        "(14, 6)": 0.005095111520119967,
        "(14, 7)": 0.008710447189442617,
        "(14, 8)": 0.0072903312830073655,
        "(14, 9)": 0.21611300120081287,
        "(15, 1)": 0.010920705703637044,
        "(15, 2)": 0.03334138129761225,
        "(15, 3)": 0.14111152742178815,
        "(15, 4)": 0.006772712085569482,
        "(15, 5)": 0.32152593135151236,
        "(15, 6)": 0.060949973431752257,
        "(15, 7)": 0.15194353033534663,
        "(15, 8)": 0.00041854396542511047,
        "(15, 9)": 0.0016365211929246406,
        "(16, 1)": 0.008902612946957836,
        "(16, 2)": 0.0007438452853486371,
        "(16, 3)": 0.005980183237784755,
        "(16, 4)": 0.06160420629366194,
        "(16, 5)": 0.00011383036488905925,
        "(16, 6)": 0.0999679731207891,
        "(16, 7)": 0.3062321309584228,
        "(16, 8)": 0.1105729358800172,
        "(16, 9)": 0.07458660584783634,
        "(17, 1)": 0.17301078731535127,
        "(17, 2)": 0.3993801483725025,
        "(17, 3)": 0.0578930523631535,
        "(17, 4)": 0.017586823681129734,
        "(17, 5)": 0.000247169222745568,
        "(17, 6)": 0.00854129039316331,
        "(17, 7)": 0.0020084239645059704,
        "(17, 8)": 0.03628415018007754,
        "(17, 9)": 0.016672495946129247,
        "(18, 1)": 0.00045586541882384693,
        "(18, 2)": 0.15892130190821932,
        "(18, 3)": 0.004662846175113839,
        "(18, 4)": 0.007274236287944874,
        "(18, 5)": 0.0039481238792513475,
        "(18, 6)": 0.002694971999129234,
        "(18, 7)": 0.0007186717692724183,
        "(18, 8)": 0.2936022319383337,
        "(18, 9)": 0.04126994338821402,
        "(19, 1)": 0.03809577898030905,
        "(19, 2)": 0.0046853945158168596,
        "(19, 3)": 0.019668679607628796,
        "(19, 4)": 0.18109180996405375,
        "(19, 5)": 0.23060037518364687,
        "(19, 6)": 0.0806672162507893,
        "(19, 7)": 0.23655818881845972,