{
    "min_scaled_matching_probability": 0.00043022442549517067,
    "scaled_matching_probabilities": {
        "(0, 10)": 4.509340430505964,
        "(0, 11)": 0.7882757553753116,
        "(0, 12)": 159.84593221958008,
        "(0, 13)": 0.4928740016723855,
        "(0, 14)": 1.4125040149599324,
        "(0, 15)": 21.191887071899707,
        "(0, 16)": 0.10994236883374325,
        "(0, 17)": 1.0051809740933222,
        "(0, 18)": 0.8136449021474168,
        "(0, 19)": 0.7338658161436084,
        "(10, 1)": 0.583947413345886,
        "(10, 2)": 1.1541992418159732,
        "(10, 3)": 0.762089556275172,
        "(10, 4)": 1.5430319677039914,
        "(10, 5)": 0.7227553322781982,
        "(10, 6)": 0.7194579375771841,
        "(10, 7)": 0.7750122196835818,
        "(10, 8)": 0.7749918509235557,
        "(10, 9)": 1.169909600218507,
        "(11, 1)": 0.5725677472154092,
        "(11, 2)": 0.8432065450997062,
        "(11, 3)": 115.40539452355459,
        "(11, 4)": 0.6509288978381472,
        "(11, 5)": 10.571242648928338,
        "(11, 6)": 0.8304135790327036,
        "(11, 7)": 113.10800214779339,
        "(11, 8)": 1.532384791639165,
        "(11, 9)": 0.878834668226838,
        "(12, 1)": 0.593845410810067,
        "(12, 2)": 0.4749756357219031,
        "(12, 3)": 0.7678569863970736,
        "(12, 4)": 0.9153698104685541,
        "(12, 5)": 538.0675194438224,
        "(12, 6)": 0.8309776766433965,
        "(12, 7)": 0.8542859764351419,
        "(12, 8)": 0.8959066580395505,
        "(12, 9)": 0.8566526342517559,
        "(13, 1)": 1.2947711539634343,
        "(13, 2)": 0.9073151492644357,
        "(13, 3)": 1.0623765911490584,
        "(13, 4)": 1.246951201391614,
        "(13, 5)": 0.03595811010764271,
        "(13, 6)": 0.8062448040386133,
        "(13, 7)": 0.8097231324007523,
        "(13, 8)": 0.8340662003699612,
        "(13, 9)": 6.731880464816259,
        "(14, 1)": 1.4085239714475806,
        "(14, 2)": 1.059239124598835,
        "(14, 3)": 0.7624026303180491,
        "(14, 4)": 0.7313042837947967,
        "(14, 5)": 0.00043022442549517067,
        "(14, 6)": 4.257598879395588,
        "(14, 7)": 0.6890916994571555,
        "(14, 8)": 1.1742695542800663,
        "(14, 9)": 0.575668587165058,
        "(15, 1)": 0.7410544641721005,
        "(15, 2)": 0.8952639303583018,
        "(15, 3)": 0.18999135330201622,
        "(15, 4)": 0.8099342794228482,
        "(15, 5)": 0.8456071339242536,
        "(15, 6)": 0.7922076700122929,
        "(15, 7)": 0.6737287104347613,
        "(15, 8)": 1.382812643735904,
        "(15, 9)": 9.439772436691216,
        "(16, 1)": 0.1656007190884133,
        "(16, 2)": 0.7530971060356433,
        "(16, 3)": 7.53349709086035,
        "(16, 4)": 1.17615113765434,
        "(16, 5)": 0.8133164466379096,
        "(16, 6)": 2.2899309603153193,
        "(16, 7)": 0.7851076019070318,
        "(16, 8)": 1.0130719550987128,
        "(16, 9)": 0.9544311831296581,
        "(17, 1)": 5.750613706690153,
        "(17, 2)": 0.8146967704799966,
        "(17, 3)": 0.7484385817650411,
        "(17, 4)": 0.8743378424031152,
        "(17, 5)": 23.832976174064555,
        "(17, 6)": 1.0113155977567623,
        "(17, 7)": 14.465010978345664,
        "(17, 8)": 0.7987533591331314,
        "(17, 9)": 7.8438253341485655,
        "(18, 1)": 0.7092344406278698,
        "(18, 2)": 1.156780945015358,
        "(18, 3)": 21.33585574768815,
        "(18, 4)": 0.8274527813025503,
        "(18, 5)": 5.446110333856996,
        "(18, 6)": 26.131305010109916,
        "(18, 7)": 0.72890651427593,
        "(18, 8)": 0.4936145734306886,
        "(18, 9)": 1.0218486873199737,
        "(19, 1)": 0.3676930058977155,
        "(19, 2)": 0.3927155346291087,
        "(19, 3)": 8.796901839803821,
        "(19, 4)": 0.8271733562764816,
        "(19, 5)": 1.003409840689139,
        "(19, 6)": 0.0012748343689656383,
        "(19, 7)": 0.6189680586785768,
        "(19, 8)": 16.06146509174387,
        "(19, 9)": 0.5886318616650302
    },
    "matching_probabilities": {
        "(0, 10)": 0.005867967027203326,
        "(0, 11)": 0.15953901933283454,
        "(0, 12)": 0.12496692142863933,
        "(0, 13)": 0.0032393356133470176,
        "(0, 14)": 0.054002826801730124,
        "(0, 15)": 0.09851131289723312,
        "(0, 16)": 0.013290671796953682,
        "(0, 17)": 0.15076267740415206,
        "(0, 18)": 0.3821418007650646,
        "(0, 19)": 0.0035842506065675117,
        "(10, 1)": 0.00489534465673422,
        "(10, 2)": 0.007898260570673521,
        "(10, 3)": 0.0012122526283831576,
        "(10, 4)": 0.23659597065782628,
        "(10, 5)": 0.010065431825650511,
        "(10, 6)": 0.13841705283652056,
        "(10, 7)": 0.03922562868574262,
        "(10, 8)": 0.2607365705472734,
        "(10, 9)": 0.21954147946086028,
        "(11, 1)": 0.354305830565549,
        "(11, 2)": 0.037645766072579585,
        "(11, 3)": 0.019006465389334253,
        "(11, 4)": 0.00020905242236518448,
        "(11, 5)": 0.07541628692712703,
        "(11, 6)": 0.014420280738809958,
        "(11, 7)": 0.16898447959045546,
        "(11, 8)": 0.028061655918337734,
        "(11, 9)": 0.07849975614728237,
        "(12, 1)": 0.0010407625968323346,
        "(12, 2)": 0.0720598402412441,
        "(12, 3)": 0.36457229119638684,
        "(12, 4)": 0.00903230640150265,
        "(12, 5)": 0.10124051738642426,
        "(12, 6)": 0.03476631955705604,
        "(12, 7)": 0.03600922693849943,
        "(12, 8)": 0.1342944866683831,
        "(12, 9)": 0.09105741261204739,
        "(13, 1)": 0.12595888994898252,
        "(13, 2)": 0.0008321790156710662,
        "(13, 3)": 0.0013821970873782521,
        "(13, 4)": 0.14316938992634892,
        "(13, 5)": 9.891995733492171e-05,
        "(13, 6)": 0.3120622373514121,
        "(13, 7)": 0.21722652684479427,
        "(13, 8)": 0.0036839981979948843,
        "(13, 9)": 0.16480872173445846,
        "(14, 1)": 0.23069290668764902,
        "(14, 2)": 0.039113078897157746,
        "(14, 3)": 0.06986583376182733,
        "(14, 4)": 0.182388366452849,
        "(14, 5)": 4.1222794423480625e-05,
        "(14, 6)": 0.0383232751256349,
        "(14, 7)": 0.00913380257958498,
        "(14, 8)": 0.012221614083957796,
        "(14, 9)": 0.15877742387026705,
        "(15, 1)": 0.012787521523968429,
        "(15, 2)": 0.045315849848570934,
        "(15, 3)": 0.055195532677085976,
        "(15, 4)": 0.009723159020369444,
        "(15, 5)": 0.4332032230541913,
        "(15, 6)": 0.0753301532018748,
        "(15, 7)": 0.008703209371107684,
        "(15, 8)": 0.0007602150852982171,
        "(15, 9)": 0.02003343871453983,
        "(16, 1)": 0.002790119759151651,
        "(16, 2)": 0.0010760173366625365,
        "(16, 3)": 0.050637839807448924,
        "(16, 4)": 0.04137508232732782,
        "(16, 5)": 0.0001631978319455156,
        "(16, 6)": 0.28709618202731274,
        "(16, 7)": 0.4064205145018719,
        "(16, 8)": 0.0417254419471433,
        "(16, 9)": 0.10907907556514412,
        "(17, 1)": 0.04863890532975876,
        "(17, 2)": 0.5117676941292689,
        "(17, 3)": 0.0756744583731545,
        "(17, 4)": 0.02457138091142111,
        "(17, 5)": 0.00729792573024598,
        "(17, 6)": 0.0162586556225581,
        "(17, 7)": 0.06413718562182438,
        "(17, 8)": 0.043641282896270193,
        "(17, 9)": 0.03672879616011542,
        "(18, 1)": 0.0004994749806943407,
        "(18, 2)": 0.07320109671356007,
        "(18, 3)": 0.12398350206522599,
        "(18, 4)": 0.00904693986008132,
        "(18, 5)": 0.014638042369274552,
        "(18, 6)": 0.07726423056691091,
        "(18, 7)": 0.0008836500962737614,
        "(18, 8)": 0.18648313518345894,
        "(18, 9)": 0.06150379758590556,
        "(19, 1)": 0.02420076217565963,
        "(19, 2)": 0.005879829381984234,
        "(19, 3)": 0.21022209043667411,
        "(19, 4)": 0.23936363826855514,
        "(19, 5)": 0.3658102223296326,
        "(19, 6)": 0.00013348587909796188,
        "(19, 7)": 0.04806889899314532,