{
    "min_scaled_matching_probability": 0.5391689425151289,
    "scaled_matching_probabilities": {
        "(0, 1)": 0.6519595853914254,
        "(0, 2)": 0.6119852624625315,
        "(0, 3)": 0.6695207667743609,
        "(0, 4)": 0.6788345212980981,
        "(0, 5)": 0.6476329652150749,
        "(0, 6)": 0.7445897425589812,
        "(0, 7)": 0.6464381284962494,
        "(0, 8)": 0.6661375170220803,
        "(0, 9)": 0.659965871267477,
        "(1, 2)": 0.6632701077115484,
        "(1, 3)": 0.7889241146399711,
        "(1, 4)": 0.6658084586455334,
        "(1, 5)": 0.7035504066284543,
        "(1, 6)": 0.6406379170888331,
        "(1, 7)": 0.669256353659424,
        "(1, 8)": 0.7253536328672222,
        "(1, 9)": 0.6635685883547311,
        "(2, 3)": 0.6627726701025112,
        "(2, 4)": 0.7831351124891062,
        "(2, 5)": 0.6429299679104336,
        "(2, 6)": 0.6869928033044774,
        "(2, 7)": 0.6634645715275734,
        "(2, 8)": 0.5961493344924101,
        "(2, 9)": 0.6204590239592942,
        "(3, 4)": 0.6610552762110562,
        "(3, 5)": 0.6292430385623331,
        "(3, 6)": 0.5391689425151289,
        "(3, 7)": 0.6265289738342554,
        "(3, 8)": 0.6720342778029713,
        "(3, 9)": 0.6651648466900749,
        "(4, 5)": 0.6999520202841012,
        "(4, 6)": 0.6382779183114939,
        "(4, 7)": 0.6358646870431839,
        "(4, 8)": 0.63625625818797,
        "(4, 9)": 0.6755785171329137,
        "(5, 6)": 0.7100797295727969,
        "(5, 7)": 0.6567795687003382,
        "(5, 8)": 0.726755181962294,
        "(5, 9)": 0.653779840999803,
        "(6, 7)": 0.6902602931426908,
        "(6, 8)": 0.669810818278389,
        "(6, 9)": 0.6950824684599093,
        "(7, 8)": 0.659301970226065,
        "(7, 9)": 0.7247160357489887,
        "(8, 9)": 0.6313476484770018
    },
    "matching_probabilities": {
        "(0, 1)": 0.03496688814438958,
        "(0, 2)": 0.03912677734399715,
        "(0, 3)": 0.08479786372078166,
        "(0, 4)": 0.019860233400439936,
        "(0, 5)": 0.050655755741273734,
        "(0, 6)": 0.02217768864205364,
        "(0, 7)": 0.00289641073103977,
        "(0, 8)": 0.33332606712209123,
        "(0, 9)": 0.06432213919641801,
        "(1, 2)": 0.08805085967159583,
        "(1, 3)": 0.0014866144541506375,
        "(1, 4)": 0.157302669981661,
        "(1, 5)": 0.03545849123420521,
        "(1, 6)": 0.013708497344236304,
        "(1, 7)": 0.16928252018669404,
        "(1, 8)": 0.0015287366305239288,
        "(1, 9)": 0.16290128340545162,
        "(2, 3)": 0.17750694908145054,
        "(2, 4)": 0.002602639846987687,
        "(2, 5)": 0.06254842186913014,
        "(2, 6)": 0.05274856357032467,
        "(2, 7)": 0.1568705641129625,
        "(2, 8)": 0.002276802512749394,
        "(2, 9)": 0.00622655805269991,
        "(3, 4)": 0.011252661282260108,
        "(3, 5)": 0.018384949024989432,
        "(3, 6)": 0.0057982592423355935,
        "(3, 7)": 0.007752431211242578,
        "(3, 8)": 0.1090042917981149,
        "(3, 9)": 0.1714924359075729,
        "(4, 5)": 0.08909223259155391,
        "(4, 6)": 0.2894216946837725,
        "(4, 7)": 0.0002546093389792821,
        "(4, 8)": 0.006096815442678305,
        "(4, 9)": 0.08136211872386934,
        "(5, 6)": 0.04829219259915468,
        "(5, 7)": 0.289261912513422,
        "(5, 8)": 0.001498146213262558,
        "(5, 9)": 0.055948922205443376,
        "(6, 7)": 0.0011593869881970508,
        "(6, 8)": 0.17769955534623652,
        "(6, 9)": 0.03512368170973032,
        "(7, 8)": 0.0002649375590018471,
        "(7, 9)": 0.03670915503599945,
        "(8, 9)": 0.03267398331232485
    },
    "matching_counts": {
        "(0, 1)": 349.66888144389577,
        "(0, 2)": 391.2677734399715,
        "(0, 3)": 847.9786372078166,
        "(0, 4)": 198.60233400439935,
        "(0, 5)": 506.55755741273737,
        "(0, 6)": 221.7768864205364,
        "(0, 7)": 28.964107310397697,
        "(0, 8)": 3333.260671220912,
        "(0, 9)": 643.22139196418,
        "(1, 2)": 880.5085967159583,
        "(1, 3)": 14.866144541506374,
        "(1, 4)": 1573.02669981661,
        "(1, 5)": 354.5849123420521,
        "(1, 6)": 137.08497344236304,
        "(1, 7)": 1692.8252018669405,
        "(1, 8)": 15.287366305239289,
        "(1, 9)": 1629.0128340545164,
        "(2, 3)": 1775.0694908145053,
        "(2, 4)": 26.02639846987687,
        "(2, 5)": 625.4842186913014,
        "(2, 6)": 527.4856357032467,
        "(2, 7)": 1568.7056411296248,
        "(2, 8)": 22.76802512749394,
        "(2, 9)": 62.265580526999095,
        "(3, 4)": 112.52661282260108,
        "(3, 5)": 183.8494902498943,
        "(3, 6)": 57.98259242335593,
        "(3, 7)": 77.52431211242578,
        "(3, 8)": 1090.042917981149,
        "(3, 9)": 1714.9243590757292,
        "(4, 5)": 890.9223259155391,
        "(4, 6)": 2894.2169468377247,
        "(4, 7)": 2.5460933897928206,
        "(4, 8)": 60.96815442678305,
        "(4, 9)": 813.6211872386933,
        "(5, 6)": 482.9219259915468,
        "(5, 7)": 2892.6191251342198,
        "(5, 8)": 14.981462132625579,
        "(5, 9)": 559.4892220544338,
        "(6, 7)": 11.593869881970507,
        "(6, 8)": 1776.9955534623653,
        "(6, 9)": 351.2368170973032,
        "(7, 8)": 2.6493755900184714,
        "(7, 9)": 367.09155035999447,
        "(8, 9)": 326.7398331232485
    },
    "average_num_matching_probability_capped": 0.0,
    "average_num_matching_probability_exceeds_one": 0.0,
    "average_num_proposal_matching_probability_exceeds_one": 0.0,
    "simulation_parameters": {
        "graph_file": "nonuniform_complete_10_order_0.json",
        "c_guarantee": 0.6666666666666666,
        "experiment_name": "nonuniform_complete_10_order_0_mc_c66_r90_sim10000",
        "average_edge_weight": 0.1111111111111111,
        "r": 0.9,
        "num_sim_instances": 10000,
        "rounding_scheme_class": "SimulatedRecursiveRoundingScheme",
        "parallel": true
    }
}