{
    "min_scaled_matching_probability": 0.5202377372912624,
    "scaled_matching_probabilities": {
        "(0, 1)": 0.7727755543055709,
        "(0, 2)": 0.7896238499509335,
        "(0, 3)": 0.7680725565271553,
        "(0, 4)": 0.836640499747926,
        "(0, 5)": 0.5908106742022498,
        "(0, 6)": 0.7195331105184476,
        "(0, 7)": 0.6704061333989154,
        "(0, 8)": 0.8016071124127635,
        "(0, 9)": 0.8693756686203534,
        "(1, 2)": 0.9009164055089142,
        "(1, 3)": 0.8505461433603285,
        "(1, 4)": 0.7596762576543972,
        "(1, 5)": 0.7055490568592061,
        "(1, 6)": 1.299913620984742,
        "(1, 7)": 1.0248347896863852,
        "(1, 8)": 0.768950616330285,
        "(1, 9)": 0.7777682981521082,
        "(2, 3)": 0.7446853692302201,
        "(2, 4)": 0.8473248068830437,
        "(2, 5)": 0.8016844421683987,
        "(2, 6)": 0.7635660987965982,
        "(2, 7)": 0.6509236940825129,
        "(2, 8)": 0.8725415122527961,
        "(2, 9)": 0.7771804099195927,
        "(3, 4)": 6.797200550206489,
        "(3, 5)": 0.7021063213075278,
        "(3, 6)": 0.8230541889866291,
        "(3, 7)": 0.6628195892291053,
        "(3, 8)": 0.7363504527042618,
        "(3, 9)": 0.5202377372912624,
        "(4, 5)": 0.772077271942679,
        "(4, 6)": 0.8547313185170671,
        "(4, 7)": 0.7657027921566402,
        "(4, 8)": 0.8104207942109641,
        "(4, 9)": 0.7404817205035786,
        "(5, 6)": 0.8492869516590975,
        "(5, 7)": 0.7629572362969547,
        "(5, 8)": 0.7303919820381383,
        "(5, 9)": 2.0629496407985712,
        "(6, 7)": 0.7068330382428608,
        "(6, 8)": 0.7764276929290387,
        "(6, 9)": 0.7738836429929888,
        "(7, 8)": 0.7123811105497468,
        "(7, 9)": 0.7479905998730194,
        "(8, 9)": 1.1064904810148846
    },
    "matching_probabilities": {
        "(0, 1)": 0.041446673955868395,
        "(0, 2)": 0.050483955182550735,
        "(0, 3)": 0.09727989811257375,
        "(0, 4)": 0.0244770633725004,
        "(0, 5)": 0.046211299932497306,
        "(0, 6)": 0.02143137405826196,
        "(0, 7)": 0.0030038010342126106,
        "(0, 8)": 0.40111319259141176,
        "(0, 9)": 0.08473180993978027,
        "(1, 2)": 0.1195990337496145,
        "(1, 3)": 0.0016027323378479494,
        "(1, 4)": 0.17947970185571413,
        "(1, 5)": 0.03555922192957497,
        "(1, 6)": 0.027815809750978207,
        "(1, 7)": 0.25922296445077453,
        "(1, 8)": 0.001620620509752435,
        "(1, 9)": 0.19093648521729192,
        "(2, 3)": 0.19944520026331883,
        "(2, 4)": 0.0028159653047936,
        "(2, 5)": 0.07799309286770223,
        "(2, 6)": 0.05862800120872047,
        "(2, 7)": 0.1539053801322284,
        "(2, 8)": 0.0033323944062888396,
        "(2, 9)": 0.007799320749508406,
        "(3, 4)": 0.11570378183419214,
        "(3, 5)": 0.02051383668360291,
        "(3, 6)": 0.008851180366533888,
        "(3, 7)": 0.008201477482383842,
        "(3, 8)": 0.1194364071348482,
        "(3, 9)": 0.13412740805993317,
        "(4, 5)": 0.09827257568690241,
        "(4, 6)": 0.38757064847068545,
        "(4, 7)": 0.00030659837814260105,
        "(4, 8)": 0.007765716957008382,
        "(4, 9)": 0.08917862265980571,
        "(5, 6)": 0.057759611115987215,
        "(5, 7)": 0.3360251747385063,
        "(5, 8)": 0.0015056431783991638,
        "(5, 9)": 0.1765423185736028,
        "(6, 7)": 0.0011872231903062042,
        "(6, 8)": 0.20598481246782513,
        "(6, 9)": 0.03910563708660145,
        "(7, 8)": 0.0002862671750296149,
        "(7, 9)": 0.03788808518336585,
        "(8, 9)": 0.05726393627843472
    },
    "matching_counts": {
        "(0, 1)": 414.46673955868397,
        "(0, 2)": 504.8395518255074,
        "(0, 3)": 972.7989811257374,
        "(0, 4)": 244.770633725004,
        "(0, 5)": 462.11299932497303,
        "(0, 6)": 214.3137405826196,
        "(0, 7)": 30.038010342126107,
        "(0, 8)": 4011.131925914118,
        "(0, 9)": 847.3180993978027,
        "(1, 2)": 1195.990337496145,
        "(1, 3)": 16.027323378479494,
        "(1, 4)": 1794.7970185571414,
        "(1, 5)": 355.59221929574966,
        "(1, 6)": 278.15809750978207,
        "(1, 7)": 2592.2296445077454,
        "(1, 8)": 16.20620509752435,
        "(1, 9)": 1909.3648521729192,
        "(2, 3)": 1994.4520026331882,
        "(2, 4)": 28.159653047936,
        "(2, 5)": 779.9309286770223,
        "(2, 6)": 586.2800120872047,
        "(2, 7)": 1539.053801322284,
        "(2, 8)": 33.323944062888394,
        "(2, 9)": 77.99320749508406,
        "(3, 4)": 1157.0378183419214,
        "(3, 5)": 205.1383668360291,
        "(3, 6)": 88.51180366533889,
        "(3, 7)": 82.01477482383842,
        "(3, 8)": 1194.364071348482,
        "(3, 9)": 1341.2740805993317,
        "(4, 5)": 982.725756869024,
        "(4, 6)": 3875.7064847068546,
        "(4, 7)": 3.0659837814260107,
        "(4, 8)": 77.65716957008382,
        "(4, 9)": 891.786226598057,
        "(5, 6)": 577.5961111598722,
        "(5, 7)": 3360.251747385063,
        "(5, 8)": 15.056431783991638,
        "(5, 9)": 1765.423185736028,
        "(6, 7)": 11.872231903062042,
        "(6, 8)": 2059.848124678251,
        "(6, 9)": 391.05637086601445,
        "(7, 8)": 2.862671750296149,
        "(7, 9)": 378.88085183365854,
        "(8, 9)": 572.6393627843472
    },
    "average_num_matching_probability_capped": 1.3808,
    "average_num_matching_probability_exceeds_one": 1.3312,
    "average_num_proposal_matching_probability_exceeds_one": 0.9586,
    "simulation_parameters": {
        "graph_file": "nonuniform_complete_10_order_0.json",
        "c_guarantee": 0.75,
        "experiment_name": "nonuniform_complete_10_order_0_si_c75_r90_sim10000",
        "average_edge_weight": 0.1111111111111111,
        "r": 0.9,
        "num_sim_instances": 10000,
        "rounding_scheme_class": "SimpleRecursiveRoundingScheme",
        "parallel": true
    }
}