{
    "min_scaled_matching_probability": 0.5851904173207559,
    "scaled_matching_probabilities": {
        "(0, 1)": 0.8037670658386846,
        "(0, 2)": 0.7689398798506379,
        "(0, 3)": 0.5851904173207559,
        "(1, 4)": 0.7531602876735068,
        "(1, 5)": 0.7821234697827312,
        "(1, 6)": 0.7475376384566246,
        "(2, 7)": 0.8651386047999784,
        "(2, 8)": 0.7715220083903819,
        "(2, 9)": 0.8217375469084985,
        "(3, 10)": 0.727098987099483,
        "(3, 11)": 0.8603121785437245,
        "(3, 12)": 0.7647989677613222,
        "(4, 13)": 0.7479517655689265,
        "(4, 14)": 0.963073631124536,
        "(4, 15)": 0.6719228114678453,
        "(5, 16)": 0.9445847419417649,
        "(5, 17)": 0.6781363451952512,
        "(5, 18)": 0.7920063562693164,
        "(6, 19)": 0.8690732157106602,
        "(6, 20)": 0.7780953273266025,
        "(6, 21)": 0.6490676327010894,
        "(7, 22)": 0.6640444401310104,
        "(7, 23)": 0.7599907311487643,
        "(7, 24)": 0.7642913320970826,
        "(8, 25)": 0.8310339793948252,
        "(8, 26)": 0.7844867457537494,
        "(8, 27)": 0.7400688568847504,
        "(9, 28)": 0.6775033307769008,
        "(9, 29)": 0.913010254682089,
        "(9, 30)": 0.621818444880021,
        "(10, 31)": 0.7107872307183164,
        "(10, 32)": 0.7943478475622777,
        "(10, 33)": 0.694413768935071,
        "(11, 34)": 0.68642462444379,
        "(11, 35)": 0.7012160959648793,
        "(11, 36)": 0.8039035003796166,
        "(12, 37)": 0.7545023501913006,
        "(12, 38)": 1.0838051637480302,
        "(12, 39)": 0.6158973734867206,
        "(13, 40)": 0.7494202103600182,
        "(13, 41)": 0.713820740067579,
        "(13, 42)": 0.8033247304018709,
        "(14, 43)": 0.7521359675919296,
        "(14, 44)": 0.7761990689396225,
        "(14, 45)": 0.6789156034044854,
        "(15, 46)": 0.8320522274740817,
        "(15, 47)": 0.706090150698772,
        "(15, 48)": 0.7776658388818319,
        "(16, 49)": 0.7586299383505953,
        "(16, 50)": 0.6564468760517713,
        "(16, 51)": 0.8518113560481605,
        "(17, 52)": 0.833252441290127,
        "(17, 53)": 0.7375240896913914,
        "(17, 54)": 0.8323122216493679,
        "(18, 55)": 0.7698893584518538,
        "(18, 56)": 0.719270101703261,
        "(18, 57)": 0.6566756290389799,
        "(19, 58)": 0.8143770386867089,
        "(19, 59)": 0.8015793865063798,
        "(19, 60)": 0.7712519245112367,
        "(20, 61)": 0.8544409050937993,
        "(20, 62)": 0.7261190776173784,
        "(20, 63)": 0.6501487105684065,
        "(21, 64)": 0.7834270833330251,
        "(21, 65)": 0.7898171517382981,
        "(21, 66)": 0.7588058068494025,
        "(22, 67)": 0.9590331946617309,
        "(22, 68)": 0.7434995748667815,
        "(22, 69)": 0.6586335743230279,
        "(23, 70)": 0.733657728563739,
        "(23, 71)": 0.7340712018801178,
        "(23, 72)": 0.8539196244637165,
        "(24, 73)": 0.7801900642191801,
        "(24, 74)": 0.7390027190695848,
        "(24, 75)": 0.7490418751350348,
        "(25, 76)": 0.7796939817224212,
        "(25, 77)": 0.7574940533513012,
        "(25, 78)": 0.7952102439856911,
        "(26, 79)": 0.745812648459697,
        "(26, 80)": 0.6223207883594358,
        "(26, 81)": 0.6674574032997862,
        "(27, 82)": 0.6696123287211636,
        "(27, 83)": 0.769263238016934,
        "(27, 84)": 0.7557142280445959,
        "(28, 85)": 0.7377657325059107,
        "(28, 86)": 0.7324386348140224,
        "(28, 87)": 0.734960781515477,
        "(29, 88)": 0.6376024291320778,
        "(29, 89)": 0.66850977040951,
        "(29, 90)": 0.6433115812791123,
        "(30, 91)": 0.7526430395767923,
        "(30, 92)": 0.8078316489280447,
        "(30, 93)": 0.7145659528688353,
        "(31, 94)": 0.7592733936152816,
        "(31, 95)": 0.752421752377564,
        "(31, 96)": 0.7965030733087465,
        "(32, 97)": 0.743215757045425,
        "(32, 98)": 0.6442998338957755,
        "(32, 99)": 0.7641352402587783,
        "(33, 100)": 0.7819985656781615,
        "(33, 101)": 0.814637346064579,
        "(33, 102)": 0.802897481380622,
        "(34, 103)": 0.6824447133551506,
        "(34, 104)": 0.7525537038197679,
        "(34, 105)": 0.8216117493896227,
        "(35, 106)": 0.7773430003163742,
        "(35, 107)": 0.7781841029691704,
        "(35, 108)": 0.7267995251231114,
        "(36, 109)": 0.8616968932927151,
        "(36, 110)": 0.6695530625503341,
        "(36, 111)": 0.6618907517295258,
        "(37, 112)": 0.6605186829541869,
        "(37, 113)": 0.8302858949105013,
        "(37, 114)": 0.7803895728003024,
        "(38, 115)": 0.7795337779161751,
        "(38, 116)": 0.7832207290255865,
        "(38, 117)": 0.720485328902656,
        "(39, 118)": 0.8411459897593442,
        "(39, 119)": 0.7354216299643808,
        "(39, 120)": 0.6858103365077879
    },
    "matching_probabilities": {
        "(0, 1)": 0.3335660795460416,
        "(0, 2)": 0.09545101466307872,
        "(0, 3)": 0.04921065962794211,
        "(1, 4)": 0.023074010358742212,
        "(1, 5)": 0.30036705578312983,
        "(1, 6)": 0.06067964386687024,
        "(2, 7)": 0.12214764089456046,
        "(2, 8)": 0.3185763653636426,
        "(2, 9)": 0.13592947046856257,
        "(3, 10)": 0.10666290818318946,
        "(3, 11)": 0.1547363654787275,
        "(3, 12)": 0.23113854961523822,
        "(4, 13)": 0.1875734153087267,
        "(4, 14)": 0.1287948509938879,
        "(4, 15)": 0.05667821386634487,
        "(5, 16)": 0.11528469446015638,
        "(5, 17)": 0.09331813060658016,
        "(5, 18)": 0.08255425406385465,
        "(6, 19)": 0.09540152700507085,
        "(6, 20)": 0.279811387370409,
        "(6, 21)": 0.06926705852441223,
        "(7, 22)": 0.056026658602879684,
        "(7, 23)": 0.17868569801721956,
        "(7, 24)": 0.05047129558347681,
        "(8, 25)": 0.01679796568234307,
        "(8, 26)": 0.1423123636417436,
        "(8, 27)": 0.06396260773104379,
        "(9, 28)": 0.0856665826186625,
        "(9, 29)": 0.364233030059435,
        "(9, 30)": 0.0874340496241636,
        "(10, 31)": 0.09730606721662824,
        "(10, 32)": 0.10450140740358177,
        "(10, 33)": 0.24754122685470564,
        "(11, 34)": 0.01729223525134956,
        "(11, 35)": 0.08566751571186042,
        "(11, 36)": 0.4344244378389858,
        "(12, 37)": 0.4181267118745086,
        "(12, 38)": 0.09838879016167164,
        "(12, 39)": 0.01753666510732254,
        "(13, 40)": 0.017228424677954685,
        "(13, 41)": 0.1866216626589489,
        "(13, 42)": 0.3357247712880535,
        "(14, 43)": 0.16520702775256046,
        "(14, 44)": 0.4114956732683958,
        "(14, 45)": 0.03233489893216684,
        "(15, 46)": 0.15266364905703875,
        "(15, 47)": 0.032674368813588345,
        "(15, 48)": 0.4774252139483201,
        "(16, 49)": 0.5439012781730789,
        "(16, 50)": 0.03354185156969696,
        "(16, 51)": 0.060213676138174375,
        "(17, 52)": 0.018707412412627942,
        "(17, 53)": 0.5673033110861465,
        "(17, 54)": 0.04402177528352538,
        "(18, 55)": 0.04923900178643996,
        "(18, 56)": 0.5021142923041364,
        "(18, 57)": 0.07046187735083281,
        "(19, 58)": 0.3849438073729789,
        "(19, 59)": 0.04183855646947546,
        "(19, 60)": 0.21836191051529166,
        "(20, 61)": 0.3589356337028842,
        "(20, 62)": 0.026766915521628,
        "(20, 63)": 0.10448331128326972,
        "(21, 64)": 0.34604048365927126,
        "(21, 65)": 0.21270415131578924,
        "(21, 66)": 0.07134099429496239,
        "(22, 67)": 0.08705933290023256,
        "(22, 68)": 0.3782620435871632,
        "(22, 69)": 0.15989300709199072,
        "(23, 70)": 0.1465495546856816,
        "(23, 71)": 0.13013382368216264,
        "(23, 72)": 0.2379116102570746,
        "(24, 73)": 0.48548227072625816,
        "(24, 74)": 0.03000968827683622,
        "(24, 75)": 0.19236502391915364,
        "(25, 76)": 0.4986800111382964,
        "(25, 77)": 0.056528709306515906,