{
    "min_scaled_matching_probability": 0.29296813029577523,
    "scaled_matching_probabilities": {
        "(0, 1)": 0.9525120231834159,
        "(0, 2)": 1.0905774158604695,
        "(0, 3)": 0.9615463186382699,
        "(0, 4)": 1.0148904912544818,
        "(0, 5)": 0.6970443726785982,
        "(0, 6)": 0.9613628766494153,
        "(0, 7)": 0.8335483055182715,
        "(0, 8)": 0.46914931153521733,
        "(0, 9)": 1.0835251329166267,
        "(1, 2)": 1.276245434539807,
        "(1, 3)": 0.9835884278081232,
        "(1, 4)": 0.9108505796403887,
        "(1, 5)": 0.7688953921157733,
        "(1, 6)": 0.29296813029577523,
        "(1, 7)": 0.5823593431262502,
        "(1, 8)": 0.8558988012232888,
        "(1, 9)": 0.9886327472797317,
        "(2, 3)": 0.9600918936722814,
        "(2, 4)": 1.1872000592837801,
        "(2, 5)": 0.983297254797712,
        "(2, 6)": 0.8739032576797217,
        "(2, 7)": 0.48757188397139684,
        "(2, 8)": 0.795455375634936,
        "(2, 9)": 0.7925524315454511,
        "(3, 4)": 3.253767195799393,
        "(3, 5)": 0.9832815514399552,
        "(3, 6)": 0.8403294026492091,
        "(3, 7)": 0.9899962890934859,
        "(3, 8)": 0.9792321560332246,
        "(3, 9)": 0.3572791528870851,
        "(4, 5)": 0.9016242341987482,
        "(4, 6)": 0.8795972473849675,
        "(4, 7)": 0.833351080412001,
        "(4, 8)": 0.8998605541538345,
        "(4, 9)": 0.929465651789372,
        "(5, 6)": 1.1534291757926194,
        "(5, 7)": 0.9520190273795,
        "(5, 8)": 0.9445444505320529,
        "(5, 9)": 0.7339435049225338,
        "(6, 7)": 0.8596404176830574,
        "(6, 8)": 1.1572372791076064,
        "(6, 9)": 0.9754827996001005,
        "(7, 8)": 0.8448517404492495,
        "(7, 9)": 0.902894668725588,
        "(8, 9)": 2.523305773007718
    },
    "matching_probabilities": {
        "(0, 1)": 0.05108657364220534,
        "(0, 2)": 0.06972517533357574,
        "(0, 3)": 0.12178423394085189,
        "(0, 4)": 0.029692010939069525,
        "(0, 5)": 0.05452055620965873,
        "(0, 6)": 0.02863430065136959,
        "(0, 7)": 0.0037347708164419424,
        "(0, 8)": 0.23475587384141772,
        "(0, 9)": 0.1056034220200367,
        "(1, 2)": 0.1694249542632039,
        "(1, 3)": 0.0018534314601121626,
        "(1, 4)": 0.21519586642568692,
        "(1, 5)": 0.038751836776005175,
        "(1, 6)": 0.006268990218929887,
        "(1, 7)": 0.14730268412042163,
        "(1, 8)": 0.001803870264328123,
        "(1, 9)": 0.24270218056559334,
        "(2, 3)": 0.2571364067520161,
        "(2, 4)": 0.003945493097375444,
        "(2, 5)": 0.09566157215495187,
        "(2, 6)": 0.06709989001384373,
        "(2, 7)": 0.11528223173712326,
        "(2, 8)": 0.00303798845899524,
        "(2, 9)": 0.00795358522362305,
        "(3, 4)": 0.05538650316130328,
        "(3, 5)": 0.028729092087755096,
        "(3, 6)": 0.009036959181639817,
        "(3, 7)": 0.01224983751926693,
        "(3, 8)": 0.15883193938157605,
        "(3, 9)": 0.09211351521730173,
        "(4, 5)": 0.11476174602769572,
        "(4, 6)": 0.3988458924770458,
        "(4, 7)": 0.0003336857228351797,
        "(4, 8)": 0.008622757972466708,
        "(4, 9)": 0.1119385723388349,
        "(5, 6)": 0.07844418251507197,
        "(5, 7)": 0.4192926481466235,
        "(5, 8)": 0.0019471009315708957,
        "(5, 9)": 0.0628091377019281,
        "(6, 7)": 0.0014438841762899805,
        "(6, 8)": 0.30701288231812535,
        "(6, 9)": 0.049292780239999334,
        "(7, 8)": 0.0003394999073889271,
        "(7, 9)": 0.04573446528083289,
        "(8, 9)": 0.13058803801365615
    },
    "matching_counts": {
        "(0, 1)": 510.86573642205343,
        "(0, 2)": 697.2517533357574,
        "(0, 3)": 1217.842339408519,
        "(0, 4)": 296.92010939069525,
        "(0, 5)": 545.2055620965873,
        "(0, 6)": 286.3430065136959,
        "(0, 7)": 37.34770816441942,
        "(0, 8)": 2347.5587384141772,
        "(0, 9)": 1056.034220200367,
        "(1, 2)": 1694.2495426320388,
        "(1, 3)": 18.534314601121626,
        "(1, 4)": 2151.9586642568693,
        "(1, 5)": 387.5183677600517,
        "(1, 6)": 62.68990218929887,
        "(1, 7)": 1473.0268412042162,
        "(1, 8)": 18.03870264328123,
        "(1, 9)": 2427.0218056559333,
        "(2, 3)": 2571.364067520161,
        "(2, 4)": 39.45493097375444,
        "(2, 5)": 956.6157215495188,
        "(2, 6)": 670.9989001384373,
        "(2, 7)": 1152.8223173712327,
        "(2, 8)": 30.3798845899524,
        "(2, 9)": 79.5358522362305,
        "(3, 4)": 553.8650316130328,
        "(3, 5)": 287.29092087755095,
        "(3, 6)": 90.36959181639817,
        "(3, 7)": 122.49837519266929,
        "(3, 8)": 1588.3193938157606,
        "(3, 9)": 921.1351521730172,
        "(4, 5)": 1147.6174602769572,
        "(4, 6)": 3988.4589247704585,
        "(4, 7)": 3.3368572283517968,
        "(4, 8)": 86.22757972466708,
        "(4, 9)": 1119.385723388349,
        "(5, 6)": 784.4418251507198,
        "(5, 7)": 4192.926481466235,
        "(5, 8)": 19.471009315708958,
        "(5, 9)": 628.091377019281,
        "(6, 7)": 14.438841762899806,
        "(6, 8)": 3070.128823181253,
        "(6, 9)": 492.9278023999933,
        "(7, 8)": 3.3949990738892715,
        "(7, 9)": 457.3446528083289,
        "(8, 9)": 1305.8803801365616
    },
    "average_num_matching_probability_capped": 1.3954,
    "average_num_matching_probability_exceeds_one": 1.3236,
    "average_num_proposal_matching_probability_exceeds_one": 0.9143,
    "simulation_parameters": {
        "graph_file": "nonuniform_complete_10_order_0.json",
        "c_guarantee": 0.9,
        "experiment_name": "nonuniform_complete_10_order_0_si_c90_r40_sim10000",
        "average_edge_weight": 0.1111111111111111,
        "r": 0.4,
        "num_sim_instances": 10000,
        "rounding_scheme_class": "SimpleRecursiveRoundingScheme",
        "parallel": true
    }
}