{
    "min_scaled_matching_probability": 0.4314842535595129,
    "scaled_matching_probabilities": {
        "(0, 1)": 0.5021645388786045,
        "(0, 2)": 0.47851800239474446,
        "(0, 3)": 0.5077686624913305,
        "(1, 4)": 0.4961441983707833,
        "(1, 5)": 0.5145291224635956,
        "(1, 6)": 0.5297347908659175,
        "(2, 7)": 0.5064151038053581,
        "(2, 8)": 0.5095426033254067,
        "(2, 9)": 0.5005527399575928,
        "(3, 10)": 0.49626254489454097,
        "(3, 11)": 0.48148367987956203,
        "(3, 12)": 0.49566325289034796,
        "(4, 13)": 0.4972430928601098,
        "(4, 14)": 0.48903364528550664,
        "(4, 15)": 0.4872423752881642,
        "(5, 16)": 0.49898393757841647,
        "(5, 17)": 0.47235046556518984,
        "(5, 18)": 0.49887593308212685,
        "(6, 19)": 0.4919203614621514,
        "(6, 20)": 0.5047124894986075,
        "(6, 21)": 0.49851110752058553,
        "(7, 22)": 0.5345384678780266,
        "(7, 23)": 0.49635152286510265,
        "(7, 24)": 0.46943576583689156,
        "(8, 25)": 0.5837731271928112,
        "(8, 26)": 0.4922598754115636,
        "(8, 27)": 0.4824830072885849,
        "(9, 28)": 0.5085234269572042,
        "(9, 29)": 0.48980237661523657,
        "(9, 30)": 0.506364207831704,
        "(10, 31)": 0.5076735084251897,
        "(10, 32)": 0.4811630771297034,
        "(10, 33)": 0.5043830364782419,
        "(11, 34)": 0.5477984586512618,
        "(11, 35)": 0.5164937408037625,
        "(11, 36)": 0.5079629312566297,
        "(12, 37)": 0.5110294547225821,
        "(12, 38)": 0.46705868491122143,
        "(12, 39)": 0.4811515738670758,
        "(13, 40)": 0.43934046589422554,
        "(13, 41)": 0.527844735310005,
        "(13, 42)": 0.48980768288966126,
        "(14, 43)": 0.5171852982332887,
        "(14, 44)": 0.5051477431366608,
        "(14, 45)": 0.4871158568340253,
        "(15, 46)": 0.5226771998942039,
        "(15, 47)": 0.5488916994867941,
        "(15, 48)": 0.5082088977340768,
        "(16, 49)": 0.49598854958312233,
        "(16, 50)": 0.469703498404243,
        "(16, 51)": 0.5531272321765418,
        "(17, 52)": 0.449867115312505,
        "(17, 53)": 0.510270607533812,
        "(17, 54)": 0.5123750930403539,
        "(18, 55)": 0.4565642773242645,
        "(18, 56)": 0.5075286661609454,
        "(18, 57)": 0.4948700944817744,
        "(19, 58)": 0.507314600564168,
        "(19, 59)": 0.48088759027785793,
        "(19, 60)": 0.4923593039791498,
        "(20, 61)": 0.49466479058321705,
        "(20, 62)": 0.4747309733180366,
        "(20, 63)": 0.5083792713022882,
        "(21, 64)": 0.5112056067716617,
        "(21, 65)": 0.4782626409244952,
        "(21, 66)": 0.5020344114522783,
        "(22, 67)": 0.5078310251305371,
        "(22, 68)": 0.5002369257279012,
        "(22, 69)": 0.4955414901007837,
        "(23, 70)": 0.5051265080323978,
        "(23, 71)": 0.4822965005165907,
        "(23, 72)": 0.5078761256378107,
        "(24, 73)": 0.4922367531832706,
        "(24, 74)": 0.5466854641075392,
        "(24, 75)": 0.49997122557871704,
        "(25, 76)": 0.5075171669491884,
        "(25, 77)": 0.4850859867086392,
        "(25, 78)": 0.47857044739147697,
        "(26, 79)": 0.492938394646184,
        "(26, 80)": 0.511387602773064,
        "(26, 81)": 0.4910537163330225,
        "(27, 82)": 0.46147235501029477,
        "(27, 83)": 0.4920821651940275,
        "(27, 84)": 0.4771166098977237,
        "(28, 85)": 0.5004443495238292,
        "(28, 86)": 0.5080139883467227,
        "(28, 87)": 0.507966231259109,
        "(29, 88)": 0.4993401069452607,
        "(29, 89)": 0.5064028590205865,
        "(29, 90)": 0.5107894863878141,
        "(30, 91)": 0.4991412628956921,
        "(30, 92)": 0.49049747496351054,
        "(30, 93)": 0.5084701803791496,
        "(31, 94)": 0.49194747750751733,
        "(31, 95)": 0.5074932265619432,
        "(31, 96)": 0.4955579082917474,
        "(32, 97)": 0.4962946876642755,
        "(32, 98)": 0.5264557428290924,
        "(32, 99)": 0.5071005672110492,
        "(33, 100)": 0.5024966320399795,
        "(33, 101)": 0.45919158938315413,
        "(33, 102)": 0.4662625063800988,
        "(34, 103)": 0.5035999412052342,
        "(34, 104)": 0.5307572484763495,
        "(34, 105)": 0.495729720328268,
        "(35, 106)": 0.4314842535595129,
        "(35, 107)": 0.5103229690882624,
        "(35, 108)": 0.5060560595140061,
        "(36, 109)": 0.48534382430549394,
        "(36, 110)": 0.48406465581215646,
        "(36, 111)": 0.4892684192353046,
        "(37, 112)": 0.5076266508628983,
        "(37, 113)": 0.48374537813517265,
        "(37, 114)": 0.4701762800257129,
        "(38, 115)": 0.4936936629169314,
        "(38, 116)": 0.4870238375959759,
        "(38, 117)": 0.5099729193421084,
        "(39, 118)": 0.4943389452994138,
        "(39, 119)": 0.4435862681792476,
        "(39, 120)": 0.513173984461119
    },
    "matching_probabilities": {
        "(0, 1)": 0.2084,
        "(0, 2)": 0.0594,
        "(0, 3)": 0.0427,
        "(1, 4)": 0.0152,
        "(1, 5)": 0.1976,
        "(1, 6)": 0.043,
        "(2, 7)": 0.0715,
        "(2, 8)": 0.2104,
        "(2, 9)": 0.0828,
        "(3, 10)": 0.0728,
        "(3, 11)": 0.0866,
        "(3, 12)": 0.1498,
        "(4, 13)": 0.1247,
        "(4, 14)": 0.0654,
        "(4, 15)": 0.0411,
        "(5, 16)": 0.0609,
        "(5, 17)": 0.065,
        "(5, 18)": 0.052,
        "(6, 19)": 0.054,
        "(6, 20)": 0.1815,
        "(6, 21)": 0.0532,
        "(7, 22)": 0.0451,
        "(7, 23)": 0.1167,
        "(7, 24)": 0.031,
        "(8, 25)": 0.0118,
        "(8, 26)": 0.0893,
        "(8, 27)": 0.0417,
        "(9, 28)": 0.0643,
        "(9, 29)": 0.1954,
        "(9, 30)": 0.0712,
        "(10, 31)": 0.0695,
        "(10, 32)": 0.0633,
        "(10, 33)": 0.1798,
        "(11, 34)": 0.0138,
        "(11, 35)": 0.0631,
        "(11, 36)": 0.2745,
        "(12, 37)": 0.2832,
        "(12, 38)": 0.0424,
        "(12, 39)": 0.0137,
        "(13, 40)": 0.0101,
        "(13, 41)": 0.138,
        "(13, 42)": 0.2047,
        "(14, 43)": 0.1136,
        "(14, 44)": 0.2678,
        "(14, 45)": 0.0232,
        "(15, 46)": 0.0959,
        "(15, 47)": 0.0254,
        "(15, 48)": 0.312,
        "(16, 49)": 0.3556,
        "(16, 50)": 0.024,
        "(16, 51)": 0.0391,
        "(17, 52)": 0.0101,
        "(17, 53)": 0.3925,
        "(17, 54)": 0.0271,
        "(18, 55)": 0.0292,
        "(18, 56)": 0.3543,
        "(18, 57)": 0.0531,
        "(19, 58)": 0.2398,
        "(19, 59)": 0.0251,
        "(19, 60)": 0.1394,
        "(20, 61)": 0.2078,
        "(20, 62)": 0.0175,
        "(20, 63)": 0.0817,
        "(21, 64)": 0.2258,
        "(21, 65)": 0.1288,
        "(21, 66)": 0.0472,
        "(22, 67)": 0.0461,
        "(22, 68)": 0.2545,
        "(22, 69)": 0.1203,
        "(23, 70)": 0.1009,
        "(23, 71)": 0.0855,
        "(23, 72)": 0.1415,
        "(24, 73)": 0.3063,
        "(24, 74)": 0.0222,
        "(24, 75)": 0.1284,
        "(25, 76)": 0.3246,
        "(25, 77)": 0.0362,
        "(25, 78)": 0.1238,
        "(26, 79)": 0.2889,
        "(26, 80)": 0.0187,
        "(26, 81)": 0.0847,
        "(27, 82)": 0.0244,
        "(27, 83)": 0.3557,
        "(27, 84)": 0.0585,
        "(28, 85)": 0.0248,
        "(28, 86)": 0.1157,
        "(28, 87)": 0.2681,
        "(29, 88)": 0.0875,
        "(29, 89)": 0.1589,
        "(29, 90)": 0.0253,
        "(30, 91)": 0.0794,
        "(30, 92)": 0.1761,
        "(30, 93)": 0.0962,
        "(31, 94)": 0.129,
        "(31, 95)": 0.0859,
        "(31, 96)": 0.1558,
        "(32, 97)": 0.0546,
        "(32, 98)": 0.0245,
        "(32, 99)": 0.3549,
        "(33, 100)": 0.2458,
        "(33, 101)": 0.0552,
        "(33, 102)": 0.0107,
        "(34, 103)": 0.1808,
        "(34, 104)": 0.0203,
        "(34, 105)": 0.2503,
        "(35, 106)": 0.0293,
        "(35, 107)": 0.2257,
        "(35, 108)": 0.174,
        "(36, 109)": 0.0162,
        "(36, 110)": 0.104,