{
    "min_scaled_matching_probability": 0.7184018195204098,
    "scaled_matching_probabilities": {
        "(0, 2)": 0.8332731164531022,
        "(0, 3)": 0.8170138364040862,
        "(0, 4)": 0.7844311076008109,
        "(0, 5)": 0.7601249727539718,
        "(0, 6)": 0.8142892277113349,
        "(0, 7)": 0.8492641906142945,
        "(0, 8)": 0.7184018195204098,
        "(0, 9)": 0.8582336474432116,
        "(0, 10)": 0.8265176633640104,
        "(0, 11)": 0.7665138555627476,
        "(0, 12)": 0.8724203427528537,
        "(0, 13)": 0.7868156136220757,
        "(0, 14)": 0.7896455240763862,
        "(0, 15)": 0.7772967639008888,
        "(0, 16)": 0.7853432973738255,
        "(0, 19)": 0.7865555935564329,
        "(0, 20)": 0.7728470691591734
    },
    "matching_probabilities": {
        "(0, 2)": 2.511733149983636e-06,
        "(0, 3)": 0.00015824106161543456,
        "(0, 4)": 5.250852868556527e-06,
        "(0, 5)": 9.487322200204467e-07,
        "(0, 6)": 0.033420871174889566,
        "(0, 7)": 0.12871792179815522,
        "(0, 8)": 0.0001365261231230708,
        "(0, 9)": 0.017258009054336384,
        "(0, 10)": 0.29147366534649105,
        "(0, 11)": 0.012850864874521778,
        "(0, 12)": 1.5931449428103274e-05,
        "(0, 13)": 0.006096476497266395,
        "(0, 14)": 2.103138726321015e-05,
        "(0, 15)": 0.035892069259765125,
        "(0, 16)": 0.0038906281687150126,
        "(0, 19)": 0.0012498722440828084,
        "(0, 20)": 0.27587440333183216
    },
    "matching_counts": {
        "(0, 2)": 0.02511733149983636,
        "(0, 3)": 1.5824106161543456,
        "(0, 4)": 0.05250852868556526,
        "(0, 5)": 0.009487322200204467,
        "(0, 6)": 334.20871174889567,
        "(0, 7)": 1287.1792179815523,
        "(0, 8)": 1.3652612312307082,
        "(0, 9)": 172.58009054336384,
        "(0, 10)": 2914.7366534649104,
        "(0, 11)": 128.50864874521778,
        "(0, 12)": 0.15931449428103275,
        "(0, 13)": 60.96476497266394,
        "(0, 14)": 0.2103138726321015,
        "(0, 15)": 358.9206925976513,
        "(0, 16)": 38.90628168715013,
        "(0, 19)": 12.498722440828084,
        "(0, 20)": 2758.7440333183217
    },
    "average_num_matching_probability_capped": 0.0,
    "average_num_matching_probability_exceeds_one": 0.0,
    "average_num_proposal_matching_probability_exceeds_one": 0.0,
    "simulation_parameters": {
        "graph_file": "nonuniform_star_20_order_0.json",
        "c_guarantee": 0.8,
        "experiment_name": "nonuniform_star_20_order_0_tr_c80_r20_sim10000",
        "average_edge_weight": 0.05,
        "r": 0.2,
        "num_sim_instances": 10000,
        "rounding_scheme_class": "SimpleRecursiveRoundingSchemeForTree",
        "parallel": true
    }
}