{
    "min_scaled_matching_probability": 0.35360320258190703,
    "scaled_matching_probabilities": {
        "(0, 10)": 0.6126384540474988,
        "(0, 11)": 0.5013807942324194,
        "(0, 12)": 3.2250191627679383,
        "(0, 13)": 0.5352976901450139,
        "(0, 14)": 2.392818695951678,
        "(0, 15)": 0.3920336087461774,
        "(0, 16)": 0.49823714308947653,
        "(0, 17)": 0.8945135023315992,
        "(0, 18)": 0.5096908259314439,
        "(0, 19)": 0.5663555153568619,
        "(10, 1)": 0.4634351043437542,
        "(10, 2)": 1.1851009489320783,
        "(10, 3)": 0.4374478301784249,
        "(10, 4)": 0.49164330861072886,
        "(10, 5)": 0.483813187247418,
        "(10, 6)": 0.5565383863295158,
        "(10, 7)": 0.5154755681357636,
        "(10, 8)": 0.5252417303157487,
        "(10, 9)": 0.5267440294688388,
        "(11, 1)": 0.48943646655595313,
        "(11, 2)": 0.5295514607621401,
        "(11, 3)": 0.35360320258190703,
        "(11, 4)": 0.5692486489254024,
        "(11, 5)": 0.40618293857044024,
        "(11, 6)": 0.48329870140583814,
        "(11, 7)": 0.602784387429175,
        "(11, 8)": 0.42091790383586164,
        "(11, 9)": 0.7460046789766913,
        "(12, 1)": 8.439667347496961,
        "(12, 2)": 0.9745007269192328,
        "(12, 3)": 0.48504795267216866,
        "(12, 4)": 0.4731358684346129,
        "(12, 5)": 0.46686934594239066,
        "(12, 6)": 0.4797502687705036,
        "(12, 7)": 0.5516922097366256,
        "(12, 8)": 0.5174102872719443,
        "(12, 9)": 0.5138337338014265,
        "(13, 1)": 0.513959884373897,
        "(13, 2)": 0.4020314392897427,
        "(13, 3)": 0.6072711418110665,
        "(13, 4)": 0.5087550620342463,
        "(13, 5)": 0.49946997754948375,
        "(13, 6)": 0.559690995222686,
        "(13, 7)": 0.4803307077083771,
        "(13, 8)": 0.686042118129915,
        "(13, 9)": 0.5247527544837693,
        "(14, 1)": 0.5296180837953759,
        "(14, 2)": 0.6306628133556305,
        "(14, 3)": 0.6620249293232883,
        "(14, 4)": 0.5194452485962656,
        "(14, 5)": 0.44409245794173696,
        "(14, 6)": 0.6275888106311968,
        "(14, 7)": 0.5714417456286576,
        "(14, 8)": 0.7398568385589032,
        "(14, 9)": 0.6018323008413552,
        "(15, 1)": 0.5148192509772047,
        "(15, 2)": 0.4982984254429882,
        "(15, 3)": 0.5322226508650258,
        "(15, 4)": 0.48774155993570956,
        "(15, 5)": 0.5253161380499833,
        "(15, 6)": 0.6720284037136092,
        "(15, 7)": 0.5623126111747616,
        "(15, 8)": 22.25815635634746,
        "(15, 9)": 0.5084007607010083,
        "(16, 1)": 0.6507952129126419,
        "(16, 2)": 0.5652308331221731,
        "(16, 3)": 6.123159753402359,
        "(16, 4)": 0.4995245489660004,
        "(16, 5)": 0.6290431572108294,
        "(16, 6)": 0.453304271128282,
        "(16, 7)": 0.5321116259370396,
        "(16, 8)": 0.4857927485711033,
        "(16, 9)": 0.4947330936561787,
        "(17, 1)": 0.5069629443657284,
        "(17, 2)": 0.49864501596221833,
        "(17, 3)": 0.817395652190271,
        "(17, 4)": 1.4221344035113586,
        "(17, 5)": 0.5143849384344749,
        "(17, 6)": 0.44261778349399483,
        "(17, 7)": 0.4856559185563627,
        "(17, 8)": 0.49159091919567227,
        "(17, 9)": 1.392436783559892,
        "(18, 1)": 31.024655798209775,
        "(18, 2)": 0.6346998318841482,
        "(18, 3)": 0.5233620248155534,
        "(18, 4)": 1.7073898076721479,
        "(18, 5)": 0.7627067271868824,
        "(18, 6)": 0.45203097473105097,
        "(18, 7)": 0.4308825772496712,
        "(18, 8)": 0.6040596361682892,
        "(18, 9)": 0.45310650040664474,
        "(19, 1)": 0.680278178361606,
        "(19, 2)": 0.5761884706776206,
        "(19, 3)": 0.4412324710791409,
        "(19, 4)": 0.525443083407673,
        "(19, 5)": 0.6028182508344883,
        "(19, 6)": 0.4658484194705813,
        "(19, 7)": 0.5411713730925626,
        "(19, 8)": 7.1545533658557305,
        "(19, 9)": 0.6012989171547511
    },
    "matching_probabilities": {
        "(0, 10)": 0.000797221301729082,
        "(0, 11)": 0.10147438847218306,
        "(0, 12)": 0.002521307303371651,
        "(0, 13)": 0.0035181585264092304,
        "(0, 14)": 0.0914821991561459,
        "(0, 15)": 0.0018223835077262023,
        "(0, 16)": 0.06023070465097803,
        "(0, 17)": 0.1341641496023348,
        "(0, 18)": 0.23938473594662274,
        "(0, 19)": 0.0027661188936663186,
        "(10, 1)": 0.0038850665487038865,
        "(10, 2)": 0.008109722964720519,
        "(10, 3)": 0.000695846410107249,
        "(10, 4)": 0.07538458583671749,
        "(10, 5)": 0.006737810757119567,
        "(10, 6)": 0.10707283803906903,
        "(10, 7)": 0.02608972183757431,
        "(10, 8)": 0.17671118387585824,
        "(10, 9)": 0.09884709340376818,
        "(11, 1)": 0.3028640621752221,
        "(11, 2)": 0.023642333579001154,
        "(11, 3)": 5.823598679400589e-05,
        "(11, 4)": 0.00018281998138536132,
        "(11, 5)": 0.002897749115922274,
        "(11, 6)": 0.008392568631997293,
        "(11, 7)": 0.0009005658669655656,
        "(11, 8)": 0.00770802049965218,
        "(11, 9)": 0.06663504240513937,
        "(12, 1)": 0.014791206507767956,
        "(12, 2)": 0.14784414486870892,
        "(12, 3)": 0.2302968476923701,
        "(12, 4)": 0.004668613804354079,
        "(12, 5)": 8.784416904392608e-05,
        "(12, 6)": 0.020071719879445685,
        "(12, 7)": 0.02325451959718154,
        "(12, 8)": 0.07755869241799843,
        "(12, 9)": 0.05461766933526419,
        "(13, 1)": 0.04999942755588431,
        "(13, 2)": 0.00036873861049073307,
        "(13, 3)": 0.0007900855595399246,
        "(13, 4)": 0.0584129930442318,
        "(13, 5)": 0.001374030746370286,
        "(13, 6)": 0.21663199975954822,
        "(13, 7)": 0.12885956593957357,
        "(13, 8)": 0.003030188641882561,
        "(13, 9)": 0.012846905280791649,
        "(14, 1)": 0.08674267365114925,
        "(14, 2)": 0.023287625809351047,
        "(14, 3)": 0.06066731910275698,
        "(14, 4)": 0.1295504107559024,
        "(14, 5)": 0.04255158706454228,
        "(14, 6)": 0.00564901939729082,
        "(14, 7)": 0.007574370863003112,
        "(14, 8)": 0.007700314399948566,
        "(14, 9)": 0.16599374094752775,
        "(15, 1)": 0.008883641582510501,
        "(15, 2)": 0.025222524734260763,
        "(15, 3)": 0.15461920875213908,
        "(15, 4)": 0.005855276000266764,
        "(15, 5)": 0.26911864268403635,
        "(15, 6)": 0.0639024393780131,
        "(15, 7)": 0.007263939195807964,
        "(15, 8)": 0.012236644139517562,
        "(15, 9)": 0.0010789471409650934,
        "(16, 1)": 0.010964907596442404,
        "(16, 2)": 0.0008075959538037077,
        "(16, 3)": 0.04115798797936442,
        "(16, 4)": 0.017572460440083048,
        "(16, 5)": 0.00012622206261946313,
        "(16, 6)": 0.05683224856686652,
        "(16, 7)": 0.2754540654815462,
        "(16, 8)": 0.020008368632484425,
        "(16, 9)": 0.0565415605246091,
        "(17, 1)": 0.004287911502039102,
        "(17, 2)": 0.3132336094295377,
        "(17, 3)": 0.08264669241154741,
        "(17, 4)": 0.039966022790310994,
        "(17, 5)": 0.00015751046155691847,
        "(17, 6)": 0.0071158500177505276,
        "(17, 7)": 0.0021533757453358992,
        "(17, 8)": 0.026858927262777332,
        "(17, 9)": 0.006520100156560851,
        "(18, 1)": 0.021848966248933267,
        "(18, 2)": 0.040163804545738785,
        "(18, 3)": 0.00304127743700231,
        "(18, 4)": 0.01866771525428931,
        "(18, 5)": 0.002050001322684453,
        "(18, 6)": 0.0013365511382417749,
        "(18, 7)": 0.0005223570148053642,
        "(18, 8)": 0.22820828406165264,
        "(18, 9)": 0.02727191494364764,
        "(19, 1)": 0.044774445376314614,
        "(19, 2)": 0.008626829347737544,
        "(19, 3)": 0.010544259118488119,
        "(19, 4)": 0.1520503135082477,
        "(19, 5)": 0.21976770549775942,
        "(19, 6)": 0.04877824705171779,