{
    "min_scaled_matching_probability": 0.5641384852726279,
    "scaled_matching_probabilities": {
        "(0, 1)": 0.9137478640429593,
        "(0, 2)": 0.8466295478409256,
        "(0, 3)": 0.8258331413075822,
        "(1, 4)": 0.94499432034557,
        "(1, 5)": 0.7858211702713238,
        "(1, 6)": 1.092849285865185,
        "(2, 7)": 1.0946123789971192,
        "(2, 8)": 0.8144663849016864,
        "(2, 9)": 1.0047997972634661,
        "(3, 10)": 0.8284024070088252,
        "(3, 11)": 0.8094239207067186,
        "(3, 12)": 0.8670299887489499,
        "(4, 13)": 0.9148959367928619,
        "(4, 14)": 0.6641865404794683,
        "(4, 15)": 0.7013294122597509,
        "(5, 16)": 0.8453290352530345,
        "(5, 17)": 0.6858391217370607,
        "(5, 18)": 1.3103234528557577,
        "(6, 19)": 0.6574474148436324,
        "(6, 20)": 0.8269286244131893,
        "(6, 21)": 0.8303268827343941,
        "(7, 22)": 0.9291932296844607,
        "(7, 23)": 0.8002713623345922,
        "(7, 24)": 0.8408038785381844,
        "(8, 25)": 0.7754743630848604,
        "(8, 26)": 0.8585182200387059,
        "(8, 27)": 0.7988541516184402,
        "(9, 28)": 0.6792802376545727,
        "(9, 29)": 0.8946465276886666,
        "(9, 30)": 0.8652599353508272,
        "(10, 31)": 0.7154410087073977,
        "(10, 32)": 0.8540376459423661,
        "(10, 33)": 0.9885215175620361,
        "(11, 34)": 0.7335306437788502,
        "(11, 35)": 0.7896442432591765,
        "(11, 36)": 0.9380213281217662,
        "(12, 37)": 0.8721206365381554,
        "(12, 38)": 0.8913003691217208,
        "(12, 39)": 0.5976863820271116,
        "(13, 40)": 0.7740291582768124,
        "(13, 41)": 0.7116477003318562,
        "(13, 42)": 0.9936283545837734,
        "(14, 43)": 0.7808456765048039,
        "(14, 44)": 0.9639968812232639,
        "(14, 45)": 0.8089475083224847,
        "(15, 46)": 0.8395122874996828,
        "(15, 47)": 0.9121882253342154,
        "(15, 48)": 0.8833851634401007,
        "(16, 49)": 0.9170579535676808,
        "(16, 50)": 0.7947499556616281,
        "(16, 51)": 0.708323015776654,
        "(17, 52)": 0.8659327495803119,
        "(17, 53)": 0.8878069759312205,
        "(17, 54)": 0.7614156425074197,
        "(18, 55)": 0.6944184861717577,
        "(18, 56)": 0.8342459206844962,
        "(18, 57)": 0.7520922063458053,
        "(19, 58)": 0.8940490333858208,
        "(19, 59)": 1.0612851536752028,
        "(19, 60)": 0.8258265866778458,
        "(20, 61)": 0.8490821387593886,
        "(20, 62)": 0.8384595395760022,
        "(20, 63)": 0.8066523341821336,
        "(21, 64)": 0.9279617114377564,
        "(21, 65)": 0.916042266338027,
        "(21, 66)": 0.8363275576935464,
        "(22, 67)": 0.9794510066879435,
        "(22, 68)": 0.9287901824565297,
        "(22, 69)": 0.8337300814698304,
        "(23, 70)": 0.8516789149941673,
        "(23, 71)": 0.926422507368436,
        "(23, 72)": 0.9570048713154523,
        "(24, 73)": 0.892098698835439,
        "(24, 74)": 0.7646979434106161,
        "(24, 75)": 0.803465162991562,
        "(25, 76)": 0.9315927484182713,
        "(25, 77)": 0.7879641906332131,
        "(25, 78)": 0.7618304525478649,
        "(26, 79)": 0.9198791626937849,
        "(26, 80)": 0.8538404965409302,
        "(26, 81)": 0.8333441506902,
        "(27, 82)": 0.6593048104055702,
        "(27, 83)": 0.9381262215155959,
        "(27, 84)": 0.909647710147622,
        "(28, 85)": 0.7225661364517459,
        "(28, 86)": 0.853282038284956,
        "(28, 87)": 0.9014645853938806,
        "(29, 88)": 0.748246817443483,
        "(29, 89)": 0.9762088097405914,
        "(29, 90)": 0.8327178523433096,
        "(30, 91)": 0.98712075958564,
        "(30, 92)": 0.9858572144850747,
        "(30, 93)": 0.8239084410796631,
        "(31, 94)": 0.8198834632515981,
        "(31, 95)": 0.6709906943642683,
        "(31, 96)": 0.9373208233698103,
        "(32, 97)": 0.7427554403958276,
        "(32, 98)": 0.8195892041365256,
        "(32, 99)": 0.8674285167921022,
        "(33, 100)": 0.8201085510634373,
        "(33, 101)": 0.9199277495790299,
        "(33, 102)": 0.872777038103738,
        "(34, 103)": 0.7962443051662683,
        "(34, 104)": 0.7076650852735781,
        "(34, 105)": 0.9903624261230249,
        "(35, 106)": 0.742485697894206,
        "(35, 107)": 0.9218467776429868,
        "(35, 108)": 0.7338489314450252,
        "(36, 109)": 0.6500116296688503,
        "(36, 110)": 0.8452446498816154,
        "(36, 111)": 0.7489201269964567,
        "(37, 112)": 0.5641384852726279,
        "(37, 113)": 0.8657278989162935,
        "(37, 114)": 0.9149316703291647,
        "(38, 115)": 0.8888000275425411,
        "(38, 116)": 0.9798687025765107,
        "(38, 117)": 0.7879243552389354,
        "(39, 118)": 0.8461243183062462,
        "(39, 119)": 1.0738929205792058,
        "(39, 120)": 0.8922045964650756
    },
    "matching_probabilities": {
        "(0, 1)": 0.3792084867079532,
        "(0, 2)": 0.10509488648300708,
        "(0, 3)": 0.06944712767585541,
        "(1, 4)": 0.028951086632515825,
        "(1, 5)": 0.30178712237342786,
        "(1, 6)": 0.08870952050437886,
        "(2, 7)": 0.15454670389999914,
        "(2, 8)": 0.3363089293514436,
        "(2, 9)": 0.16621110339035114,
        "(3, 10)": 0.12152376972769173,
        "(3, 11)": 0.145583566925333,
        "(3, 12)": 0.26203494319423626,
        "(4, 13)": 0.22944013693955181,
        "(4, 14)": 0.08882374488159697,
        "(4, 15)": 0.05915872737224124,
        "(5, 16)": 0.10317073230201829,
        "(5, 17)": 0.09437810728008367,
        "(5, 18)": 0.1365806907692267,
        "(6, 19)": 0.07217054463050053,
        "(6, 20)": 0.29737236239209003,
        "(6, 21)": 0.0886106437651355,
        "(7, 22)": 0.07839775278499062,
        "(7, 23)": 0.1881563039141288,
        "(7, 24)": 0.055523933478345444,
        "(8, 25)": 0.01567492071518231,
        "(8, 26)": 0.15574228345415841,
        "(8, 27)": 0.06904329814576061,
        "(9, 28)": 0.08589126275369179,
        "(9, 29)": 0.3569070708035585,
        "(9, 30)": 0.12166441949122622,
        "(10, 31)": 0.09794316480961562,
        "(10, 32)": 0.1123539721930473,
        "(10, 33)": 0.3523833198250736,
        "(11, 34)": 0.01847891815736641,
        "(11, 35)": 0.09647077556470374,
        "(11, 36)": 0.5069008754879774,
        "(12, 37)": 0.4833078836946569,
        "(12, 38)": 0.08091303485330609,
        "(12, 39)": 0.017018137066373912,
        "(13, 40)": 0.017794159895296268,
        "(13, 41)": 0.18605354202901853,
        "(13, 42)": 0.4152562960698133,
        "(14, 43)": 0.17151312915111835,
        "(14, 44)": 0.5110551681149427,
        "(14, 45)": 0.03852796399415162,
        "(15, 46)": 0.15403240927194758,
        "(15, 47)": 0.04221157096227234,
        "(15, 48)": 0.5423285035389701,
        "(16, 49)": 0.6574865660966545,
        "(16, 50)": 0.04060859457227916,
        "(16, 51)": 0.05007063168429866,
        "(17, 52)": 0.019441120439945253,
        "(17, 53)": 0.6829008626171238,
        "(17, 54)": 0.04027198861191705,
        "(18, 55)": 0.04441219079830468,
        "(18, 56)": 0.5823776062430058,
        "(18, 57)": 0.08070016071345583,
        "(19, 58)": 0.42260356387831227,
        "(19, 59)": 0.05539393799256901,
        "(19, 60)": 0.23381344731888476,
        "(20, 61)": 0.35668450998134815,
        "(20, 62)": 0.03090812010858648,
        "(20, 63)": 0.1296345060133133,
        "(21, 64)": 0.40988156559135125,
        "(21, 65)": 0.24669759627527488,
        "(21, 66)": 0.07862939237360965,
        "(22, 67)": 0.08891282567209788,
        "(22, 68)": 0.47253029370279176,
        "(22, 69)": 0.20240026476980152,
        "(23, 70)": 0.17012451565380887,
        "(23, 71)": 0.16423325546662668,
        "(23, 72)": 0.26663231929060566,
        "(24, 73)": 0.555118710023585,
        "(24, 74)": 0.03105312919089477,
        "(24, 75)": 0.20634172858388616,
        "(25, 76)": 0.5958320739263704,