{
    "min_scaled_matching_probability": 0.2742456444266348,
    "scaled_matching_probabilities": {
        "(0, 1)": 0.8875714559899597,
        "(0, 2)": 1.0399167846801292,
        "(0, 3)": 0.9243542904271288,
        "(0, 4)": 1.0481153415330497,
        "(0, 5)": 0.6195930041483055,
        "(0, 6)": 0.9259552855885029,
        "(0, 7)": 0.7953570425458328,
        "(0, 8)": 0.4888982211883334,
        "(0, 9)": 1.1110091111450264,
        "(1, 2)": 1.2409624845742384,
        "(1, 3)": 1.077013303263668,
        "(1, 4)": 0.9125862450840537,
        "(1, 5)": 0.8592248516219511,
        "(1, 6)": 0.2742456444266348,
        "(1, 7)": 0.574540282977149,
        "(1, 8)": 0.8482922017256976,
        "(1, 9)": 1.013006303058007,
        "(2, 3)": 0.9082624565195975,
        "(2, 4)": 1.2196314870521792,
        "(2, 5)": 1.0318048228097896,
        "(2, 6)": 0.9039674606013032,
        "(2, 7)": 0.5335963042251866,
        "(2, 8)": 0.884124314697998,
        "(2, 9)": 0.9104708007066883,
        "(3, 4)": 3.3488155999138507,
        "(3, 5)": 0.939699618640256,
        "(3, 6)": 0.9224127960027598,
        "(3, 7)": 0.8712942162404778,
        "(3, 8)": 0.8985110008551788,
        "(3, 9)": 0.39133904874541164,
        "(4, 5)": 0.9412843911151331,
        "(4, 6)": 0.8726858388922534,
        "(4, 7)": 0.9129406216025003,
        "(4, 8)": 0.9247803988184352,
        "(4, 9)": 0.9424197977471245,
        "(5, 6)": 1.2223496864886514,
        "(5, 7)": 0.9209619897204254,
        "(5, 8)": 0.8909582125613066,
        "(5, 9)": 0.7472081815633881,
        "(6, 7)": 0.792552169220675,
        "(6, 8)": 1.1871780116317672,
        "(6, 9)": 0.9049248454618638,
        "(7, 8)": 0.7445845927167745,
        "(7, 9)": 0.9448111747122416,
        "(8, 9)": 2.455147340280786
    },
    "matching_probabilities": {
        "(0, 1)": 0.04760358236488028,
        "(0, 2)": 0.06648622930352997,
        "(0, 3)": 0.11707369366150804,
        "(0, 4)": 0.03066404942639517,
        "(0, 5)": 0.04846256068314171,
        "(0, 6)": 0.027579681597103108,
        "(0, 7)": 0.003563652222056656,
        "(0, 8)": 0.2446379570695937,
        "(0, 9)": 0.10828208822118936,
        "(1, 2)": 0.16474104941041756,
        "(1, 3)": 0.00202947725165552,
        "(1, 4)": 0.2156059315201419,
        "(1, 5)": 0.043304383854244274,
        "(1, 6)": 0.005868362749077794,
        "(1, 7)": 0.1453249214883693,
        "(1, 8)": 0.0017878387911834629,
        "(1, 9)": 0.24868571201526596,
        "(2, 3)": 0.24325519879551008,
        "(2, 4)": 0.004053274404660287,
        "(2, 5)": 0.10038070484326922,
        "(2, 6)": 0.06940827448508154,
        "(2, 7)": 0.1261643150887043,
        "(2, 8)": 0.003376631231168246,
        "(2, 9)": 0.009136943902777842,
        "(3, 4)": 0.05700444274277013,
        "(3, 5)": 0.02745573415794208,
        "(3, 6)": 0.009919689540577616,
        "(3, 7)": 0.01078106322014203,
        "(3, 8)": 0.14573892814102693,
        "(3, 9)": 0.1008948188844575,
        "(4, 5)": 0.1198098233561645,
        "(4, 6)": 0.3957119730647861,
        "(4, 7)": 0.0003655545164403216,
        "(4, 8)": 0.008861548069735027,
        "(4, 9)": 0.11349868228113141,
        "(5, 6)": 0.08313143443615875,
        "(5, 7)": 0.40561436316580046,
        "(5, 8)": 0.0018366372960972584,
        "(5, 9)": 0.06394429714692504,
        "(6, 7)": 0.0013312002466174706,
        "(6, 8)": 0.31495610256941825,
        "(6, 9)": 0.04572736860081322,
        "(7, 8)": 0.00029920800084538846,
        "(7, 9)": 0.047857668633496685,
        "(8, 9)": 0.12706065100447636
    },
    "matching_counts": {
        "(0, 1)": 476.03582364880276,
        "(0, 2)": 664.8622930352998,
        "(0, 3)": 1170.7369366150804,
        "(0, 4)": 306.6404942639517,
        "(0, 5)": 484.6256068314171,
        "(0, 6)": 275.7968159710311,
        "(0, 7)": 35.63652222056656,
        "(0, 8)": 2446.379570695937,
        "(0, 9)": 1082.8208822118936,
        "(1, 2)": 1647.4104941041755,
        "(1, 3)": 20.2947725165552,
        "(1, 4)": 2156.059315201419,
        "(1, 5)": 433.04383854244276,
        "(1, 6)": 58.68362749077794,
        "(1, 7)": 1453.2492148836932,
        "(1, 8)": 17.87838791183463,
        "(1, 9)": 2486.8571201526597,
        "(2, 3)": 2432.5519879551007,
        "(2, 4)": 40.53274404660287,
        "(2, 5)": 1003.8070484326922,
        "(2, 6)": 694.0827448508154,
        "(2, 7)": 1261.643150887043,
        "(2, 8)": 33.76631231168246,
        "(2, 9)": 91.36943902777841,
        "(3, 4)": 570.0444274277013,
        "(3, 5)": 274.5573415794208,
        "(3, 6)": 99.19689540577616,
        "(3, 7)": 107.8106322014203,
        "(3, 8)": 1457.3892814102694,
        "(3, 9)": 1008.948188844575,
        "(4, 5)": 1198.098233561645,
        "(4, 6)": 3957.119730647861,
        "(4, 7)": 3.655545164403216,
        "(4, 8)": 88.61548069735026,
        "(4, 9)": 1134.9868228113141,
        "(5, 6)": 831.3143443615876,
        "(5, 7)": 4056.143631658005,
        "(5, 8)": 18.366372960972583,
        "(5, 9)": 639.4429714692504,
        "(6, 7)": 13.312002466174706,
        "(6, 8)": 3149.5610256941827,
        "(6, 9)": 457.27368600813224,
        "(7, 8)": 2.9920800084538848,
        "(7, 9)": 478.57668633496684,
        "(8, 9)": 1270.6065100447636
    },
    "average_num_matching_probability_capped": 1.2388,
    "average_num_matching_probability_exceeds_one": 1.4435,
    "average_num_proposal_matching_probability_exceeds_one": 0.8378,
    "simulation_parameters": {
        "graph_file": "nonuniform_complete_10_order_0.json",
        "c_guarantee": 0.9,
        "experiment_name": "nonuniform_complete_10_order_0_si_c90_r80_sim10000",
        "average_edge_weight": 0.1111111111111111,
        "r": 0.8,
        "num_sim_instances": 10000,
        "rounding_scheme_class": "SimpleRecursiveRoundingScheme",
        "parallel": true
    }
}