{
    "min_scaled_matching_probability": 0.25146229042756846,
    "scaled_matching_probabilities": {
        "(0, 10)": 1.152700861201443,
        "(0, 11)": 0.5840213552458872,
        "(0, 12)": 186.23782569902642,
        "(0, 13)": 0.5781806610707694,
        "(0, 14)": 1.6216789770847717,
        "(0, 15)": 0.49477911553382936,
        "(0, 16)": 0.6824519909417057,
        "(0, 17)": 1.3021249530755503,
        "(0, 18)": 0.6027680597536758,
        "(0, 19)": 0.5323431119680114,
        "(10, 1)": 0.6680031221577997,
        "(10, 2)": 29.47509581270116,
        "(10, 3)": 0.25146229042756846,
        "(10, 4)": 0.5967448416486586,
        "(10, 5)": 0.33030619908499,
        "(10, 6)": 0.6933805257806624,
        "(10, 7)": 0.3279795194569714,
        "(10, 8)": 0.6179447918211952,
        "(10, 9)": 0.6597150063064607,
        "(11, 1)": 0.6090805324344305,
        "(11, 2)": 0.6338759365479568,
        "(11, 3)": 0.6071901963860991,
        "(11, 4)": 0.3113711338398501,
        "(11, 5)": 0.5046187645503561,
        "(11, 6)": 0.5643477559086754,
        "(11, 7)": 1.0709433426967283,
        "(11, 8)": 0.5242347081207958,
        "(11, 9)": 1.3266526330284103,
        "(12, 1)": 50.611050108037915,
        "(12, 2)": 0.9003860072739428,
        "(12, 3)": 0.5922594497411903,
        "(12, 4)": 0.6283326287470576,
        "(12, 5)": 1.0629489720801726,
        "(12, 6)": 0.5736432413189928,
        "(12, 7)": 0.7069777460440004,
        "(12, 8)": 0.6224238482812502,
        "(12, 9)": 0.597397188373321,
        "(13, 1)": 0.6249823747483153,
        "(13, 2)": 0.43611537045681453,
        "(13, 3)": 0.6917529640058455,
        "(13, 4)": 0.5774479076483714,
        "(13, 5)": 0.5452606998084767,
        "(13, 6)": 0.7159162771351861,
        "(13, 7)": 0.6034906373536368,
        "(13, 8)": 0.6792073357885389,
        "(13, 9)": 0.6331227261914718,
        "(14, 1)": 0.5891926422719465,
        "(14, 2)": 1.0345116186344472,
        "(14, 3)": 1.030128811564353,
        "(14, 4)": 0.620285026415334,
        "(14, 5)": 0.5573126383774717,
        "(14, 6)": 0.6999107683844604,
        "(14, 7)": 0.6940859055981359,
        "(14, 8)": 6.74491291773514,
        "(14, 9)": 0.7189629233946015,
        "(15, 1)": 0.7939338471593913,
        "(15, 2)": 0.6361460428055155,
        "(15, 3)": 0.6109817873921513,
        "(15, 4)": 0.641406145728034,
        "(15, 5)": 0.6117527794540656,
        "(15, 6)": 1.1967748506471272,
        "(15, 7)": 0.6425156580941606,
        "(15, 8)": 151.70255986479683,
        "(15, 9)": 0.6125610456876804,
        "(16, 1)": 0.8665472120902684,
        "(16, 2)": 0.4199358581181476,
        "(16, 3)": 12.660504572667586,
        "(16, 4)": 0.5685311407235578,
        "(16, 5)": 0.4983622863993925,
        "(16, 6)": 0.5679040495179407,
        "(16, 7)": 0.7029680986554949,
        "(16, 8)": 0.5632838925484231,
        "(16, 9)": 0.5801184793109566,
        "(17, 1)": 0.555684471889363,
        "(17, 2)": 0.59633582526356,
        "(17, 3)": 1.894970051309324,
        "(17, 4)": 1.8218795961211773,
        "(17, 5)": 0.6531438399075419,
        "(17, 6)": 0.5598150665779831,
        "(17, 7)": 0.496171196846714,
        "(17, 8)": 0.5600626555266263,
        "(17, 9)": 16.251964952145876,
        "(18, 1)": 72.41795459251757,
        "(18, 2)": 0.9086599426052261,
        "(18, 3)": 0.7055536188960124,
        "(18, 4)": 13.179699172292908,
        "(18, 5)": 2.6787731183287784,
        "(18, 6)": 0.4734898250552336,
        "(18, 7)": 0.5774169687127795,
        "(18, 8)": 0.8700578211914308,
        "(18, 9)": 0.5349836761826793,
        "(19, 1)": 0.9541484934553366,
        "(19, 2)": 0.5543594423689933,
        "(19, 3)": 0.5774714024445572,
        "(19, 4)": 0.6147723235911288,
        "(19, 5)": 0.8936626319915716,
        "(19, 6)": 0.5911655073347595,
        "(19, 7)": 0.6193685365392937,
        "(19, 8)": 13.959192721680708,
        "(19, 9)": 0.6570490541947501
    },
    "matching_probabilities": {
        "(0, 10)": 0.0015,
        "(0, 11)": 0.1182,
        "(0, 12)": 0.1456,
        "(0, 13)": 0.0038,
        "(0, 14)": 0.062,
        "(0, 15)": 0.0023,
        "(0, 16)": 0.0825,
        "(0, 17)": 0.1953,
        "(0, 18)": 0.2831,
        "(0, 19)": 0.0026,
        "(10, 1)": 0.0056,
        "(10, 2)": 0.2017,
        "(10, 3)": 0.0004,
        "(10, 4)": 0.0915,
        "(10, 5)": 0.0046,
        "(10, 6)": 0.1334,
        "(10, 7)": 0.0166,
        "(10, 8)": 0.2079,
        "(10, 9)": 0.1238,
        "(11, 1)": 0.3769,
        "(11, 2)": 0.0283,
        "(11, 3)": 0.0001,
        "(11, 4)": 0.0001,
        "(11, 5)": 0.0036,
        "(11, 6)": 0.0098,
        "(11, 7)": 0.0016,
        "(11, 8)": 0.0096,
        "(11, 9)": 0.1185,
        "(12, 1)": 0.0887,
        "(12, 2)": 0.1366,
        "(12, 3)": 0.2812,
        "(12, 4)": 0.0062,
        "(12, 5)": 0.0002,
        "(12, 6)": 0.024,
        "(12, 7)": 0.0298,
        "(12, 8)": 0.0933,
        "(12, 9)": 0.0635,
        "(13, 1)": 0.0608,
        "(13, 2)": 0.0004,
        "(13, 3)": 0.0009,
        "(13, 4)": 0.0663,
        "(13, 5)": 0.0015,
        "(13, 6)": 0.2771,
        "(13, 7)": 0.1619,
        "(13, 8)": 0.003,
        "(13, 9)": 0.0155,
        "(14, 1)": 0.0965,
        "(14, 2)": 0.0382,
        "(14, 3)": 0.0944,
        "(14, 4)": 0.1547,
        "(14, 5)": 0.0534,
        "(14, 6)": 0.0063,
        "(14, 7)": 0.0092,
        "(14, 8)": 0.0702,
        "(14, 9)": 0.1983,
        "(15, 1)": 0.0137,
        "(15, 2)": 0.0322,
        "(15, 3)": 0.1775,
        "(15, 4)": 0.0077,
        "(15, 5)": 0.3134,
        "(15, 6)": 0.1138,
        "(15, 7)": 0.0083,
        "(15, 8)": 0.0834,
        "(15, 9)": 0.0013,
        "(16, 1)": 0.0146,
        "(16, 2)": 0.0006,
        "(16, 3)": 0.0851,
        "(16, 4)": 0.02,
        "(16, 5)": 0.0001,
        "(16, 6)": 0.0712,
        "(16, 7)": 0.3639,
        "(16, 8)": 0.0232,
        "(16, 9)": 0.0663,
        "(17, 1)": 0.0047,
        "(17, 2)": 0.3746,
        "(17, 3)": 0.1916,
        "(17, 4)": 0.0512,
        "(17, 5)": 0.0002,
        "(17, 6)": 0.009,
        "(17, 7)": 0.0022,
        "(17, 8)": 0.0306,
        "(17, 9)": 0.0761,
        "(18, 1)": 0.051,
        "(18, 2)": 0.0575,
        "(18, 3)": 0.0041,
        "(18, 4)": 0.1441,
        "(18, 5)": 0.0072,
        "(18, 6)": 0.0014,
        "(18, 7)": 0.0007,
        "(18, 8)": 0.3287,
        "(18, 9)": 0.0322,
        "(19, 1)": 0.0628,
        "(19, 2)": 0.0083,
        "(19, 3)": 0.0138,
        "(19, 4)": 0.1779,
        "(19, 5)": 0.3258,
        "(19, 6)": 0.0619,
        "(19, 7)": 0.0481,
        "(19, 8)": 0.0557,
        "(19, 9)": 0.0211
    },
    "matching_counts": {
        "(0, 10)": 15.0,
        "(0, 11)": 1182.0,
        "(0, 12)": 1456.0,
        "(0, 13)": 38.0,
        "(0, 14)": 620.0,
        "(0, 15)": 23.0,
        "(0, 16)": 825.0,
        "(0, 17)": 1953.0,
        "(0, 18)": 2831.0,
        "(0, 19)": 26.0,
        "(10, 1)": 56.0,
        "(10, 2)": 2017.0,
        "(10, 3)": 4.0,
        "(10, 4)": 915.0,
        "(10, 5)": 46.0,
        "(10, 6)": 1334.0,
        "(10, 7)": 166.0,
        "(10, 8)": 2079.0,
        "(10, 9)": 1238.0,
        "(11, 1)": 3769.0,
        "(11, 2)": 283.0,
        "(11, 3)": 1.0,
        "(11, 4)": 1.0,
        "(11, 5)": 36.0,
        "(11, 6)": 98.0,
        "(11, 7)": 16.0,
        "(11, 8)": 96.0,
        "(11, 9)": 1185.0,
        "(12, 1)": 887.0,
        "(12, 2)": 1366.0,
        "(12, 3)": 2812.0,
        "(12, 4)": 62.0,
        "(12, 5)": 2.0,
        "(12, 6)": 240.0,
        "(12, 7)": 298.0,
        "(12, 8)": 933.0,
        "(12, 9)": 635.0,
        "(13, 1)": 608.0,
        "(13, 2)": 4.0,
        "(13, 3)": 9.0,
        "(13, 4)": 663.0,
        "(13, 5)": 15.0,
        "(13, 6)": 2771.0,
        "(13, 7)": 1619.0,
        "(13, 8)": 30.0,
        "(13, 9)": 155.0,
        "(14, 1)": 965.0,
        "(14, 2)": 382.0,