{
    "min_scaled_matching_probability": 0.057147926487632755,
    "scaled_matching_probabilities": {
        "(0, 10)": 43.1813196912981,
        "(0, 11)": 0.46944017776307345,
        "(0, 12)": 2.330212349749604,
        "(0, 13)": 0.4847439506116288,
        "(0, 14)": 0.5729435194286312,
        "(0, 15)": 2.819189075412892,
        "(0, 16)": 0.38028471149785686,
        "(0, 17)": 0.634412339266362,
        "(0, 18)": 0.43752733792699183,
        "(0, 19)": 0.38819135137752875,
        "(10, 1)": 0.4664954641812715,
        "(10, 2)": 0.5860452042777393,
        "(10, 3)": 0.35930876235494535,
        "(10, 4)": 0.2634714286789862,
        "(10, 5)": 1.5067348306748376,
        "(10, 6)": 0.6211098944269261,
        "(10, 7)": 0.5181935890260849,
        "(10, 8)": 0.40374994736410674,
        "(10, 9)": 0.3201885836878238,
        "(11, 1)": 0.29508113521028945,
        "(11, 2)": 0.3556597683291994,
        "(11, 3)": 759.0203148509838,
        "(11, 4)": 0.35707243620217044,
        "(11, 5)": 0.9998683643152894,
        "(11, 6)": 0.7090882273176632,
        "(11, 7)": 0.7089505837921921,
        "(11, 8)": 2.16225612459666,
        "(11, 9)": 0.47789111296281944,
        "(12, 1)": 0.15424923386665607,
        "(12, 2)": 0.40217990815410165,
        "(12, 3)": 0.35724711875920817,
        "(12, 4)": 1.1415841419089838,
        "(12, 5)": 848.7282694400636,
        "(12, 6)": 0.9551845045111105,
        "(12, 7)": 0.20099612074020876,
        "(12, 8)": 0.4860226620117475,
        "(12, 9)": 0.27358040604305855,
        "(13, 1)": 1.0629092303707819,
        "(13, 2)": 0.3704820653353777,
        "(13, 3)": 0.7536644727245981,
        "(13, 4)": 0.8767186861183053,
        "(13, 5)": 11.39513199450052,
        "(13, 6)": 0.35997143533184167,
        "(13, 7)": 0.4705923632025888,
        "(13, 8)": 0.7971988001577371,
        "(13, 9)": 1.6344230475715513,
        "(14, 1)": 0.6892426285242105,
        "(14, 2)": 0.3619376899158973,
        "(14, 3)": 0.610371512097386,
        "(14, 4)": 0.2865505120089126,
        "(14, 5)": 0.24914422708948836,
        "(14, 6)": 0.4205865832955982,
        "(14, 7)": 1.4875745693041627,
        "(14, 8)": 0.6607809170736826,
        "(14, 9)": 0.3422168392257227,
        "(15, 1)": 0.41036699395547227,
        "(15, 2)": 0.8271021906231836,
        "(15, 3)": 0.17180723175253754,
        "(15, 4)": 0.1498138703760299,
        "(15, 5)": 0.43211001202382754,
        "(15, 6)": 0.4344348128271884,
        "(15, 7)": 4.98264340687703,
        "(15, 8)": 0.2528628536450326,
        "(15, 9)": 0.5649712399800453,
        "(16, 1)": 0.6569443219380866,
        "(16, 2)": 0.5017697956660521,
        "(16, 3)": 0.8359951664100419,
        "(16, 4)": 5.002156228771572,
        "(16, 5)": 0.3031217217213456,
        "(16, 6)": 0.7691449345917303,
        "(16, 7)": 0.2691523991871079,
        "(16, 8)": 1.0014430613444882,
        "(16, 9)": 0.47176042869792584,
        "(17, 1)": 4.66092861246019,
        "(17, 2)": 0.27327474002470187,
        "(17, 3)": 0.3144101323159133,
        "(17, 4)": 1.1377418755673654,
        "(17, 5)": 0.057147926487632755,
        "(17, 6)": 0.15987727572432547,
        "(17, 7)": 0.8416896624574426,
        "(17, 8)": 0.8320569913420417,
        "(17, 9)": 25.17883728222502,
        "(18, 1)": 0.2802357288601496,
        "(18, 2)": 1.035521967711474,
        "(18, 3)": 0.8761179586448933,
        "(18, 4)": 1.6167260467904405,
        "(18, 5)": 1.7567937871119943,
        "(18, 6)": 0.7208176316879727,
        "(18, 7)": 0.47525036623514616,
        "(18, 8)": 0.43112263585182925,
        "(18, 9)": 1.1782370631565573,
        "(19, 1)": 0.46372499978183374,
        "(19, 2)": 0.654060312959937,
        "(19, 3)": 1.1661028198417889,
        "(19, 4)": 0.3485817406507309,
        "(19, 5)": 0.36322934239032484,
        "(19, 6)": 0.38924434096292804,
        "(19, 7)": 2.0299337731846916,
        "(19, 8)": 1.7478590571543648,
        "(19, 9)": 0.771985643084341
    },
    "matching_probabilities": {
        "(0, 10)": 0.05619149053938962,
        "(0, 11)": 0.09500993159442526,
        "(0, 12)": 0.0018217508545865502,
        "(0, 13)": 0.0031859021519551048,
        "(0, 14)": 0.021904765805395424,
        "(0, 15)": 0.013105110280278826,
        "(0, 16)": 0.04597171539536629,
        "(0, 17)": 0.09515271907359851,
        "(0, 18)": 0.20549195890994798,
        "(0, 19)": 0.0018959529876329529,
        "(10, 1)": 0.003910722140005223,
        "(10, 2)": 0.004010345494852776,
        "(10, 3)": 0.0005715509259762209,
        "(10, 4)": 0.04039856575470983,
        "(10, 5)": 0.02098350028035915,
        "(10, 6)": 0.11949579896733624,
        "(10, 7)": 0.02622728880167633,
        "(10, 8)": 0.13583675300444326,
        "(10, 9)": 0.06008556161619085,
        "(11, 1)": 0.18259667472253494,
        "(11, 2)": 0.01587877195422585,
        "(11, 3)": 0.1250053639483236,
        "(11, 4)": 0.00011467743711458696,
        "(11, 5)": 0.007133159455024274,
        "(11, 6)": 0.012313444245958195,
        "(11, 7)": 0.0010591792197066083,
        "(11, 8)": 0.03959611691972308,
        "(11, 9)": 0.042686454220365135,
        "(12, 1)": 0.00027033438379101064,
        "(12, 2)": 0.06101580323330752,
        "(12, 3)": 0.16961804465760424,
        "(12, 4)": 0.011264450318216653,
        "(12, 5)": 0.15969313518016154,
        "(12, 6)": 0.03996286621551736,
        "(12, 7)": 0.008472238951755405,
        "(12, 8)": 0.07285375470575785,
        "(12, 9)": 0.029080076240462677,
        "(13, 1)": 0.10340272592898066,
        "(13, 2)": 0.0003398018876952781,
        "(13, 3)": 0.0009805495035745254,
        "(13, 4)": 0.10066093948865584,
        "(13, 5)": 0.03134775346500235,
        "(13, 6)": 0.13932925946258093,
        "(13, 7)": 0.1262470349773687,
        "(13, 8)": 0.0035211580830419647,
        "(13, 9)": 0.04001365957869211,
        "(14, 1)": 0.11288653129834438,
        "(14, 2)": 0.013364779578829271,
        "(14, 3)": 0.05593385030605343,
        "(14, 4)": 0.07146612012216537,
        "(14, 5)": 0.023872241198965208,
        "(14, 6)": 0.0037857618348669173,
        "(14, 7)": 0.019717567994417796,
        "(14, 8)": 0.006877304561872483,
        "(14, 9)": 0.09438817637222593,
        "(15, 1)": 0.0070812295474049535,
        "(15, 2)": 0.04186568609404797,
        "(15, 3)": 0.04991275397297901,
        "(15, 4)": 0.0017984966461243733,
        "(15, 5)": 0.22136928889660407,
        "(15, 6)": 0.04130992698668531,
        "(15, 7)": 0.0643656535931746,
        "(15, 8)": 0.00013901388356788992,
        "(15, 9)": 0.0011990031314340725,
        "(16, 1)": 0.011068510712947661,
        "(16, 2)": 0.0007169234814782796,
        "(16, 3)": 0.005619301209770394,
        "(16, 4)": 0.1759677129525546,
        "(16, 5)": 6.082356751177212e-05,
        "(16, 6)": 0.09643023216583205,
        "(16, 7)": 0.13933001832020328,
        "(16, 8)": 0.04124648215676582,
        "(16, 9)": 0.05391608359006767,
        "(17, 1)": 0.03942230813842943,
        "(17, 2)": 0.17166286725774,
        "(17, 3)": 0.031789938479558376,
        "(17, 4)": 0.03197378364249193,
        "(17, 5)": 1.7499338735468297e-05,
        "(17, 6)": 0.0025703050300424327,
        "(17, 7)": 0.003732012799562888,
        "(17, 8)": 0.04546088492746509,
        "(17, 9)": 0.11790017532152781,
        "(18, 1)": 0.00019735467885396917,
        "(18, 2)": 0.06552782878564553,
        "(18, 3)": 0.005091156127956137,
        "(18, 4)": 0.017676444681853237,
        "(18, 5)": 0.0047219061519841255,
        "(18, 6)": 0.002131291172403637,
        "(18, 7)": 0.0005761438862910914,
        "(18, 8)": 0.16287424462255035,
        "(18, 9)": 0.07091661881041422,
        "(19, 1)": 0.030521381300763272,
        "(19, 2)": 0.0097927448919577,
        "(19, 3)": 0.027866694083369253,
        "(19, 4)": 0.10087098797734471,
        "(19, 5)": 0.1324214703786383,
        "(19, 6)": 0.040757155833114934,