{
    "min_scaled_matching_probability": 0.22545974625574222,
    "scaled_matching_probabilities": {
        "(0, 10)": 52.85892041228632,
        "(0, 11)": 0.7473801020287002,
        "(0, 12)": 3.8442455082610243,
        "(0, 13)": 4.218696351225373,
        "(0, 14)": 1.0012985702433708,
        "(0, 15)": 6.663135379633779,
        "(0, 16)": 0.796817669383523,
        "(0, 17)": 0.7850902538089448,
        "(0, 18)": 0.6606136303702318,
        "(0, 19)": 0.6961531450225062,
        "(10, 1)": 0.5135937795760805,
        "(10, 2)": 0.6876422720827019,
        "(10, 3)": 0.7744484187016444,
        "(10, 4)": 0.8024113828486715,
        "(10, 5)": 0.5262179476860899,
        "(10, 6)": 0.9415155919641517,
        "(10, 7)": 0.7808161857222152,
        "(10, 8)": 0.6540793141334639,
        "(10, 9)": 0.8716162879257093,
        "(11, 1)": 0.6158542327936601,
        "(11, 2)": 0.6838261884186916,
        "(11, 3)": 995.4192226769578,
        "(11, 4)": 0.649247744269766,
        "(11, 5)": 0.47588997259808213,
        "(11, 6)": 0.9803357961502931,
        "(11, 7)": 1.0956539555545077,
        "(11, 8)": 2.239062805215288,
        "(11, 9)": 0.5722835862555545,
        "(12, 1)": 0.3478352956406892,
        "(12, 2)": 0.4432803258133941,
        "(12, 3)": 0.6904496666932091,
        "(12, 4)": 0.5302055678505675,
        "(12, 5)": 1161.4173043674125,
        "(12, 6)": 2.298549502175752,
        "(12, 7)": 0.5677348627736746,
        "(12, 8)": 0.5645950219513614,
        "(12, 9)": 0.5950334291271081,
        "(13, 1)": 1.624969273303812,
        "(13, 2)": 0.726783583070149,
        "(13, 3)": 0.6880493648877452,
        "(13, 4)": 1.4990242697472747,
        "(13, 5)": 21.1322963607991,
        "(13, 6)": 0.6537394118092615,
        "(13, 7)": 0.6445755562453233,
        "(13, 8)": 0.8027894799148636,
        "(13, 9)": 1.5929513905414656,
        "(14, 1)": 0.9699075925133792,
        "(14, 2)": 0.68177200538892,
        "(14, 3)": 0.6948894200153963,
        "(14, 4)": 0.5810743861430547,
        "(14, 5)": 0.5567349077379583,
        "(14, 6)": 0.502836896157271,
        "(14, 7)": 0.6228920943480835,
        "(14, 8)": 0.9648714946955205,
        "(14, 9)": 0.6928509080462913,
        "(15, 1)": 0.5784081969858205,
        "(15, 2)": 0.6917608358654118,
        "(15, 3)": 0.3776980154442653,
        "(15, 4)": 0.8546593314824302,
        "(15, 5)": 0.6844225103196597,
        "(15, 6)": 0.718926606693586,
        "(15, 7)": 9.29945932256603,
        "(15, 8)": 0.7460391875845406,
        "(15, 9)": 1.0310270303588696,
        "(16, 1)": 0.22545974625574222,
        "(16, 2)": 0.534046635154595,
        "(16, 3)": 1.3451343134695624,
        "(16, 4)": 5.418342695622284,
        "(16, 5)": 0.5616440572281959,
        "(16, 6)": 0.9916070180311589,
        "(16, 7)": 0.6843600100349582,
        "(16, 8)": 0.9993639258644149,
        "(16, 9)": 0.7373514213414815,
        "(17, 1)": 6.270009323699973,
        "(17, 2)": 0.6786358115391085,
        "(17, 3)": 0.6006305429707653,
        "(17, 4)": 0.8777025123794794,
        "(17, 5)": 0.5167896789759328,
        "(17, 6)": 0.5414599637830223,
        "(17, 7)": 0.816298267624545,
        "(17, 8)": 0.7440692947557263,
        "(17, 9)": 36.42858323101872,
        "(18, 1)": 0.5590133229703419,
        "(18, 2)": 1.6856354374919054,
        "(18, 3)": 1.1522760779682402,
        "(18, 4)": 0.8776027715114665,
        "(18, 5)": 1.6816353508880773,
        "(18, 6)": 1.6396901777113941,
        "(18, 7)": 0.6287182467298366,
        "(18, 8)": 0.9963881960696188,
        "(18, 9)": 0.7039453644067873,
        "(19, 1)": 0.6886633938913637,
        "(19, 2)": 0.6581865627269272,
        "(19, 3)": 1.4266464666454732,
        "(19, 4)": 0.7042995130923653,
        "(19, 5)": 0.6907347022361083,
        "(19, 6)": 0.6704653001579918,
        "(19, 7)": 2.223339063018177,
        "(19, 8)": 2.023046023771636,
        "(19, 9)": 0.8216118794298116
    },
    "matching_probabilities": {
        "(0, 10)": 0.06878487150238473,
        "(0, 11)": 0.151262153800179,
        "(0, 12)": 0.003005416025997619,
        "(0, 13)": 0.027726707608946147,
        "(0, 14)": 0.03828162801166028,
        "(0, 15)": 0.030973844473251348,
        "(0, 16)": 0.09632539518777061,
        "(0, 17)": 0.11775223737686155,
        "(0, 18)": 0.31026813005692305,
        "(0, 19)": 0.003400059353388007,
        "(10, 1)": 0.004305556471555886,
        "(10, 2)": 0.004705580845620683,
        "(10, 3)": 0.0012319118184835234,
        "(10, 4)": 0.12303523450292482,
        "(10, 5)": 0.007328359461801007,
        "(10, 6)": 0.18113889170251718,
        "(10, 7)": 0.039519384333658786,
        "(10, 8)": 0.2200570199929679,
        "(10, 9)": 0.16356471417761967,
        "(11, 1)": 0.3810915765312504,
        "(11, 2)": 0.03053007697001422,
        "(11, 3)": 0.16393861900299728,
        "(11, 4)": 0.00020851250283325835,
        "(11, 5)": 0.003395045966789715,
        "(11, 6)": 0.01702370692837052,
        "(11, 7)": 0.0016369179012522637,
        "(11, 8)": 0.04100263221242844,
        "(11, 9)": 0.05111783090987235,
        "(12, 1)": 0.000609609772124233,
        "(12, 2)": 0.06725125892331492,
        "(12, 3)": 0.3278199214195288,
        "(12, 4)": 0.005231742504330215,
        "(12, 5)": 0.21852738652064158,
        "(12, 6)": 0.09616636975513788,
        "(12, 7)": 0.023930737573177503,
        "(12, 8)": 0.08463158295351716,
        "(12, 9)": 0.06324874553302932,
        "(13, 1)": 0.1580814688680756,
        "(13, 2)": 0.0006665975402874431,
        "(13, 3)": 0.0008951814601747595,
        "(13, 4)": 0.17211129829699473,
        "(13, 5)": 0.05813447503612998,
        "(13, 6)": 0.2530340443399916,
        "(13, 7)": 0.1729219578512968,
        "(13, 8)": 0.003545851631517715,
        "(13, 9)": 0.03899835771481315,
        "(14, 1)": 0.1588548056483385,
        "(14, 2)": 0.02517486525693578,
        "(14, 3)": 0.06367898898957791,
        "(14, 4)": 0.144920808512537,
        "(14, 5)": 0.053344643609303695,
        "(14, 6)": 0.004526109025444651,
        "(14, 7)": 0.008256337179277479,
        "(14, 8)": 0.010042231790647015,
        "(14, 9)": 0.19109794204251618,
        "(15, 1)": 0.009980922626057116,
        "(15, 2)": 0.03501507109378679,
        "(15, 3)": 0.10972732596090852,
        "(15, 4)": 0.010260077637617625,
        "(15, 5)": 0.3506285904015043,
        "(15, 6)": 0.068361937750857,
        "(15, 7)": 0.1201301655530806,
        "(15, 8)": 0.00041014250715349336,
        "(15, 9)": 0.0021880841899795107,
        "(16, 1)": 0.003798653148272939,
        "(16, 2)": 0.0007630402950790776,
        "(16, 3)": 0.009041577246722686,
        "(16, 4)": 0.19060847533264305,
        "(16, 5)": 0.00011269794536139695,
        "(16, 6)": 0.12432103582242217,
        "(16, 7)": 0.3542672962372481,
        "(16, 8)": 0.04116084870660719,
        "(16, 9)": 0.08426968107102137,
        "(17, 1)": 0.05303197284097796,
        "(17, 2)": 0.4262983443770041,
        "(17, 3)": 0.0607296204780038,
        "(17, 4)": 0.02466593771043056,
        "(17, 5)": 0.00015824682019479472,
        "(17, 6)": 0.00870490982644599,
        "(17, 7)": 0.0036194285363340163,
        "(17, 8)": 0.040653523663555124,
        "(17, 9)": 0.1705772312482428,
        "(18, 1)": 0.0003936824732472233,
        "(18, 2)": 0.10666700831764729,
        "(18, 3)": 0.006695921887640516,
        "(18, 4)": 0.009595253861382429,
        "(18, 5)": 0.004519895486314236,
        "(18, 6)": 0.004848184960528284,
        "(18, 7)": 0.0007621923091245398,
        "(18, 8)": 0.3764264765755425,
        "(18, 9)": 0.042369593210089845,
        "(19, 1)": 0.04532634221300279,
        "(19, 2)": 0.009854524074286882,
        "(19, 3)": 0.03409298045992458,
        "(19, 4)": 0.20380696815893518,
        "(19, 5)": 0.251819151805652,
        "(19, 6)": 0.07020335517694277,
        "(19, 7)": 0.17266393531824117,