{
    "min_scaled_matching_probability": 0.19435933417017662,
    "scaled_matching_probabilities": {
        "(0, 1)": 1.7203871887333544,
        "(0, 2)": 1.6793390641523007,
        "(0, 3)": 0.29040491113282924,
        "(1, 4)": 0.59949075181778,
        "(1, 5)": 0.5831939095892921,
        "(1, 6)": 0.2606445992922947,
        "(2, 7)": 0.84905807560856,
        "(2, 8)": 0.8223720904246494,
        "(2, 9)": 0.24645418539136282,
        "(3, 10)": 0.5173761646192786,
        "(3, 11)": 0.33946863899245266,
        "(3, 12)": 0.4883101987378516,
        "(4, 13)": 0.6900530038687098,
        "(4, 14)": 4.334740832853888,
        "(4, 15)": 2.963388735105248,
        "(5, 16)": 0.860631069006458,
        "(5, 17)": 0.4802253283510141,
        "(5, 18)": 5.473199019484693,
        "(6, 19)": 0.7380437554508537,
        "(6, 20)": 1.101076378653595,
        "(6, 21)": 0.36681960133986913,
        "(7, 22)": 1.5088530523146644,
        "(7, 23)": 0.7982770700932397,
        "(7, 24)": 1.045094443512733,
        "(8, 25)": 0.5709137906606865,
        "(8, 26)": 0.340043551365001,
        "(8, 27)": 1.8923276968232898,
        "(9, 28)": 0.5682473630300404,
        "(9, 29)": 2.417229690998321,
        "(9, 30)": 0.45675977664801426,
        "(10, 31)": 0.6200069253781507,
        "(10, 32)": 0.7245420323602325,
        "(10, 33)": 0.4140024685941135,
        "(11, 34)": 0.4185655410799739,
        "(11, 35)": 0.3464752618156286,
        "(11, 36)": 0.9402199134444162,
        "(12, 37)": 1.9268538200296166,
        "(12, 38)": 0.39202860068140855,
        "(12, 39)": 0.5091899501196231,
        "(13, 40)": 0.7521081436512169,
        "(13, 41)": 0.7986025563218706,
        "(13, 42)": 1.8260813576884263,
        "(14, 43)": 0.2675453962112439,
        "(14, 44)": 0.6241354680292968,
        "(14, 45)": 0.22533068283212834,
        "(15, 46)": 0.21724021531114726,
        "(15, 47)": 0.38374389227833433,
        "(15, 48)": 0.57079702070185,
        "(16, 49)": 0.49867254562516455,
        "(16, 50)": 1.3521810196696853,
        "(16, 51)": 1.558700041909538,
        "(17, 52)": 0.7999280085421572,
        "(17, 53)": 1.4643802723194586,
        "(17, 54)": 0.7412143635387942,
        "(18, 55)": 0.39336960076332067,
        "(18, 56)": 0.5079837272345235,
        "(18, 57)": 2.0042445161506164,
        "(19, 58)": 2.053083581358704,
        "(19, 59)": 0.22780401928625296,
        "(19, 60)": 0.5156236827620844,
        "(20, 61)": 0.36509416725767774,
        "(20, 62)": 0.33197138794875247,
        "(20, 63)": 0.689428200585767,
        "(21, 64)": 1.1167868154604612,
        "(21, 65)": 2.25452206484464,
        "(21, 66)": 0.19435933417017662,
        "(22, 67)": 0.3035802125868936,
        "(22, 68)": 1.926917040898848,
        "(22, 69)": 0.4705690449672687,
        "(23, 70)": 0.6437648664485653,
        "(23, 71)": 4.102333442702012,
        "(23, 72)": 0.7845174671530487,
        "(24, 73)": 1.6288875778494012,
        "(24, 74)": 0.42080749437622555,
        "(24, 75)": 0.2829270683606572,
        "(25, 76)": 0.5972700195239525,
        "(25, 77)": 8.579751933679844,
        "(25, 78)": 0.6040462571939537,
        "(26, 79)": 1.52957637849937,
        "(26, 80)": 2.2631564427958,
        "(26, 81)": 0.4941053774585628,
        "(27, 82)": 1.0617588011956292,
        "(27, 83)": 0.707478574775349,
        "(27, 84)": 0.5300631584875118,
        "(28, 85)": 3.0469427616019558,
        "(28, 86)": 0.6963512509261449,
        "(28, 87)": 0.6191008458414132,
        "(29, 88)": 0.7272563419579562,
        "(29, 89)": 0.562187477792358,
        "(29, 90)": 0.5602416508893221,
        "(30, 91)": 0.5529512533117741,
        "(30, 92)": 1.9677333095691747,
        "(30, 93)": 1.2586263186643258,
        "(31, 94)": 2.6910932370584577,
        "(31, 95)": 0.6192494398035784,
        "(31, 96)": 0.6420147996227303,
        "(32, 97)": 0.28797793211556977,
        "(32, 98)": 0.5009198340206864,
        "(32, 99)": 0.6030158501343424,
        "(33, 100)": 1.9016360505054941,
        "(33, 101)": 1.140873915869566,
        "(33, 102)": 0.6805858296157623,
        "(34, 103)": 0.5645793976510706,
        "(34, 104)": 0.4807620449894997,
        "(34, 105)": 0.6846789146582698,
        "(35, 106)": 0.426809322918854,
        "(35, 107)": 1.6986380335131224,
        "(35, 108)": 0.7158893760498342,
        "(36, 109)": 0.8086396537980309,
        "(36, 110)": 0.352026889659074,
        "(36, 111)": 0.20499647309920896,
        "(37, 112)": 0.9850836950246052,
        "(37, 113)": 0.3506631488193857,
        "(37, 114)": 0.206618958426066,
        "(38, 115)": 0.3538736721330858,
        "(38, 116)": 0.34830309232932133,
        "(38, 117)": 1.072663910356337,
        "(39, 118)": 1.5925952858820085,
        "(39, 119)": 0.9442153263662428,
        "(39, 120)": 0.640948544456973
    },
    "matching_probabilities": {
        "(0, 1)": 0.7139665634946466,
        "(0, 2)": 0.20846183406148533,
        "(0, 3)": 0.02442114021871826,
        "(1, 4)": 0.018366151327683964,
        "(1, 5)": 0.2239700563168756,
        "(1, 6)": 0.021157224261688125,
        "(2, 7)": 0.1198772547458323,
        "(2, 8)": 0.3395733481285505,
        "(2, 9)": 0.04076774517732875,
        "(3, 10)": 0.07589729503419916,
        "(3, 11)": 0.061057072887911776,
        "(3, 12)": 0.14757775030603765,
        "(4, 13)": 0.17305340349219608,
        "(4, 14)": 0.5796984587903692,
        "(4, 15)": 0.24996856429162936,
        "(5, 16)": 0.10503831517473759,
        "(5, 17)": 0.06608365740778112,
        "(5, 18)": 0.5704952476958857,
        "(6, 19)": 0.0810179165503246,
        "(6, 20)": 0.3959588218713555,
        "(6, 21)": 0.03914617447210079,
        "(7, 22)": 0.12730472500796547,
        "(7, 23)": 0.18768741464141656,
        "(7, 24)": 0.06901461308798441,
        "(8, 25)": 0.011540069962095133,
        "(8, 26)": 0.061686703819819944,
        "(8, 27)": 0.16354993598838424,
        "(9, 28)": 0.07185176435520747,
        "(9, 29)": 0.9643209265031952,
        "(9, 30)": 0.06422510831995346,
        "(10, 31)": 0.08487833341441973,
        "(10, 32)": 0.09531801758770372,
        "(10, 33)": 0.14758157683685838,
        "(11, 34)": 0.01054439707830736,
        "(11, 35)": 0.04232885569250814,
        "(11, 36)": 0.508088977284253,
        "(12, 37)": 1.067815165622143,
        "(12, 38)": 0.03558870267459267,
        "(12, 39)": 0.014498346665631021,
        "(13, 40)": 0.01729021758880311,
        "(13, 41)": 0.20878706445313533,
        "(13, 42)": 0.7631543297025546,
        "(14, 43)": 0.05876647521385604,
        "(14, 44)": 0.33088038224299715,
        "(14, 45)": 0.010731885994601483,
        "(15, 46)": 0.03985889694931391,
        "(15, 47)": 0.017757774207522337,
        "(15, 48)": 0.3504241489139828,
        "(16, 49)": 0.3575242964244889,
        "(16, 50)": 0.06909112787604328,
        "(16, 51)": 0.1101829165033969,
        "(17, 52)": 0.017959243099294853,
        "(17, 53)": 1.1264008712226319,
        "(17, 54)": 0.039203523990029916,
        "(18, 55)": 0.02515832471520984,
        "(18, 56)": 0.3546176729692695,
        "(18, 57)": 0.21505721399278713,
        "(19, 58)": 0.9704618046914356,
        "(19, 59)": 0.011890265000976934,
        "(19, 60)": 0.14598676372342587,
        "(20, 61)": 0.15336965436067856,
        "(20, 62)": 0.01223745577099982,
        "(20, 63)": 0.11079579197548538,
        "(21, 64)": 0.493285792625526,
        "(21, 65)": 0.6071610389443595,
        "(21, 66)": 0.01827317084957305,
        "(22, 67)": 0.027558473404925177,
        "(22, 68)": 0.9803362400629839,
        "(22, 69)": 0.11423757090057009,
        "(23, 70)": 0.12859328107265774,
        "(23, 71)": 0.7272487131366953,
        "(23, 72)": 0.2185753887579312,
        "(24, 73)": 1.01359409241331,
        "(24, 74)": 0.0170883021197625,
        "(24, 75)": 0.0726598526454375,
        "(25, 76)": 0.3820045132717358,