{
    "min_scaled_matching_probability": 0.5257116518568211,
    "scaled_matching_probabilities": {
        "(0, 2)": 0.6828239001977688,
        "(0, 3)": 0.6124286362672626,
        "(0, 4)": 0.5257116518568211,
        "(0, 5)": 0.5325998049861614,
        "(0, 6)": 0.5783561577452517,
        "(0, 7)": 0.6289879260095362,
        "(0, 8)": 0.5808910351857395,
        "(0, 9)": 0.6207789504848308,
        "(0, 10)": 0.6093200418901695,
        "(0, 11)": 0.5665363657799665,
        "(0, 12)": 0.7296002985136085,
        "(0, 13)": 0.5788933807242933,
        "(0, 14)": 0.5311033974827527,
        "(0, 15)": 0.6475865722929005,
        "(0, 16)": 0.5424004845574075,
        "(0, 19)": 0.6402366973590173,
        "(0, 20)": 0.595133997986652
    },
    "matching_probabilities": {
        "(0, 2)": 2.058234439421496e-06,
        "(0, 3)": 0.0001186165438680443,
        "(0, 4)": 3.5190273670160677e-06,
        "(0, 5)": 6.647519993143622e-07,
        "(0, 6)": 0.02373747064729726,
        "(0, 7)": 0.09533195861410032,
        "(0, 8)": 0.00011039337434278757,
        "(0, 9)": 0.012483091032523918,
        "(0, 10)": 0.21487834301804537,
        "(0, 11)": 0.009498174403900262,
        "(0, 12)": 1.3323382879657852e-05,
        "(0, 13)": 0.004485434489234596,
        "(0, 14)": 1.4145386618041403e-05,
        "(0, 15)": 0.029902635883602324,
        "(0, 16)": 0.002687077881737143,
        "(0, 19)": 0.0010173649316434085,
        "(0, 20)": 0.2124381952766918
    },
    "matching_counts": {
        "(0, 2)": 0.02058234439421496,
        "(0, 3)": 1.186165438680443,
        "(0, 4)": 0.03519027367016068,
        "(0, 5)": 0.006647519993143622,
        "(0, 6)": 237.3747064729726,
        "(0, 7)": 953.3195861410032,
        "(0, 8)": 1.1039337434278758,
        "(0, 9)": 124.83091032523917,
        "(0, 10)": 2148.7834301804537,
        "(0, 11)": 94.98174403900262,
        "(0, 12)": 0.13323382879657852,
        "(0, 13)": 44.854344892345964,
        "(0, 14)": 0.14145386618041403,
        "(0, 15)": 299.02635883602323,
        "(0, 16)": 26.87077881737143,
        "(0, 19)": 10.173649316434085,
        "(0, 20)": 2124.381952766918
    },
    "average_num_matching_probability_capped": 0.0,
    "average_num_matching_probability_exceeds_one": 0.0,
    "average_num_proposal_matching_probability_exceeds_one": 0.0,
    "simulation_parameters": {
        "graph_file": "nonuniform_star_20_order_0.json",
        "c_guarantee": 0.6,
        "experiment_name": "nonuniform_star_20_order_0_tr_c60_r60_sim10000",
        "average_edge_weight": 0.05,
        "r": 0.6,
        "num_sim_instances": 10000,
        "rounding_scheme_class": "SimpleRecursiveRoundingSchemeForTree",
        "parallel": true
    }
}