{
    "min_scaled_matching_probability": 0.391225521543514,
    "scaled_matching_probabilities": {
        "(0, 1)": 0.4711395109477093,
        "(0, 2)": 0.4921972882515312,
        "(0, 3)": 0.5026117346149898,
        "(0, 4)": 0.4811288303578143,
        "(0, 5)": 0.45081967261535233,
        "(0, 6)": 0.5533833005605024,
        "(0, 7)": 0.44524860190336424,
        "(0, 8)": 0.44144223262512666,
        "(0, 9)": 0.4688543712060233,
        "(1, 2)": 0.47550576138310213,
        "(1, 3)": 0.5603103557075565,
        "(1, 4)": 0.5059454911442177,
        "(1, 5)": 0.45412971849345135,
        "(1, 6)": 0.5359861503407433,
        "(1, 7)": 0.5154396535927245,
        "(1, 8)": 0.5626603135637563,
        "(1, 9)": 0.4874589031669333,
        "(2, 3)": 0.4198617150911796,
        "(2, 4)": 0.5751590209445895,
        "(2, 5)": 0.49526507454850155,
        "(2, 6)": 0.4981662764437221,
        "(2, 7)": 0.4505734570328876,
        "(2, 8)": 0.46293893732055136,
        "(2, 9)": 0.5477616529833476,
        "(3, 4)": 0.44352863861643516,
        "(3, 5)": 0.4684418813495449,
        "(3, 6)": 0.391225521543514,
        "(3, 7)": 0.4729141197063456,
        "(3, 8)": 0.46200105896443266,
        "(3, 9)": 0.4630671413096292,
        "(4, 5)": 0.5176312215486482,
        "(4, 6)": 0.42263620314086825,
        "(4, 7)": 0.4007843928741699,
        "(4, 8)": 0.4908344939143198,
        "(4, 9)": 0.5146759738783432,
        "(5, 6)": 0.4406577734808902,
        "(5, 7)": 0.4531089244737744,
        "(5, 8)": 0.48915175724792187,
        "(5, 9)": 0.5226510661252735,
        "(6, 7)": 0.44609368111319864,
        "(6, 8)": 0.4931660808223095,
        "(6, 9)": 0.5026608216959256,
        "(7, 8)": 0.4731760579578976,
        "(7, 9)": 0.48848033644265976,
        "(8, 9)": 0.5338402342659225
    },
    "matching_probabilities": {
        "(0, 1)": 0.02526887087612966,
        "(0, 2)": 0.03146823116172003,
        "(0, 3)": 0.06365807229801929,
        "(0, 4)": 0.014076082707630612,
        "(0, 5)": 0.03526165659553847,
        "(0, 6)": 0.016482583412127313,
        "(0, 7)": 0.001994967146404702,
        "(0, 8)": 0.22089163198662992,
        "(0, 9)": 0.04569587222691441,
        "(1, 2)": 0.06312464647779252,
        "(1, 3)": 0.0010558245820452149,
        "(1, 4)": 0.11953374215772616,
        "(1, 5)": 0.02288784782253137,
        "(1, 6)": 0.011469138061453018,
        "(1, 7)": 0.13037593604787184,
        "(1, 8)": 0.0011858483819635716,
        "(1, 9)": 0.11966763093803556,
        "(2, 3)": 0.11244937433888635,
        "(2, 4)": 0.0019114604394470148,
        "(2, 5)": 0.04818261765054543,
        "(2, 6)": 0.038250117577923605,
        "(2, 7)": 0.1065342678605096,
        "(2, 8)": 0.0017680478275437623,
        "(2, 9)": 0.005497010438464405,
        "(3, 4)": 0.007549864162553405,
        "(3, 5)": 0.013686730852769528,
        "(3, 6)": 0.004207265695878971,
        "(3, 7)": 0.005851659436293944,
        "(3, 8)": 0.07493679996061421,
        "(3, 9)": 0.11938771636400959,
        "(4, 5)": 0.06588583195765917,
        "(4, 6)": 0.19164079257407474,
        "(4, 7)": 0.00016047981814718254,
        "(4, 8)": 0.00470333656256459,
        "(4, 9)": 0.06198410196453049,
        "(5, 6)": 0.029968930503137512,
        "(5, 7)": 0.19956034005373313,
        "(5, 8)": 0.001008346236834567,
        "(5, 9)": 0.044727233856762146,
        "(6, 7)": 0.0007492756204254852,
        "(6, 8)": 0.13083603740414243,
        "(6, 9)": 0.025400293505197957,
        "(7, 8)": 0.00019014369050117822,
        "(7, 9)": 0.02474307110367509,
        "(8, 9)": 0.02762770550888926
    },
    "matching_counts": {
        "(0, 1)": 252.68870876129662,
        "(0, 2)": 314.6823116172003,
        "(0, 3)": 636.5807229801928,
        "(0, 4)": 140.76082707630613,
        "(0, 5)": 352.61656595538466,
        "(0, 6)": 164.82583412127315,
        "(0, 7)": 19.94967146404702,
        "(0, 8)": 2208.916319866299,
        "(0, 9)": 456.95872226914406,
        "(1, 2)": 631.2464647779252,
        "(1, 3)": 10.558245820452148,
        "(1, 4)": 1195.3374215772617,
        "(1, 5)": 228.8784782253137,
        "(1, 6)": 114.69138061453019,
        "(1, 7)": 1303.7593604787185,
        "(1, 8)": 11.858483819635717,
        "(1, 9)": 1196.6763093803556,
        "(2, 3)": 1124.4937433888635,
        "(2, 4)": 19.11460439447015,
        "(2, 5)": 481.82617650545427,
        "(2, 6)": 382.50117577923606,
        "(2, 7)": 1065.342678605096,
        "(2, 8)": 17.680478275437622,
        "(2, 9)": 54.970104384644046,
        "(3, 4)": 75.49864162553405,
        "(3, 5)": 136.8673085276953,
        "(3, 6)": 42.07265695878971,
        "(3, 7)": 58.51659436293944,
        "(3, 8)": 749.3679996061421,
        "(3, 9)": 1193.877163640096,
        "(4, 5)": 658.8583195765916,
        "(4, 6)": 1916.4079257407475,
        "(4, 7)": 1.6047981814718253,
        "(4, 8)": 47.0333656256459,
        "(4, 9)": 619.8410196453049,
        "(5, 6)": 299.6893050313751,
        "(5, 7)": 1995.6034005373313,
        "(5, 8)": 10.08346236834567,
        "(5, 9)": 447.27233856762143,
        "(6, 7)": 7.492756204254852,
        "(6, 8)": 1308.3603740414242,
        "(6, 9)": 254.00293505197956,
        "(7, 8)": 1.901436905011782,
        "(7, 9)": 247.43071103675092,
        "(8, 9)": 276.2770550888926
    },
    "average_num_matching_probability_capped": 0.0,
    "average_num_matching_probability_exceeds_one": 0.0,
    "average_num_proposal_matching_probability_exceeds_one": 0.0,
    "simulation_parameters": {
        "graph_file": "nonuniform_complete_10_order_0.json",
        "c_guarantee": 0.5,
        "experiment_name": "nonuniform_complete_10_order_0_mc_c50_r20_sim10000",
        "average_edge_weight": 0.1111111111111111,
        "r": 0.2,
        "num_sim_instances": 10000,
        "rounding_scheme_class": "SimulatedRecursiveRoundingScheme",
        "parallel": true
    }
}