{
    "min_scaled_matching_probability": 0.0006591405616939552,
    "scaled_matching_probabilities": {
        "(0, 10)": 1.3832410334417315,
        "(0, 11)": 1.002520583581984,
        "(0, 12)": 11.000311133321615,
        "(0, 13)": 0.5477500999617815,
        "(0, 14)": 0.15432106394838957,
        "(0, 15)": 1.1186310438156142,
        "(0, 16)": 2.007649675170327,
        "(0, 17)": 0.09800940507020271,
        "(0, 18)": 1.0234920746153018,
        "(0, 19)": 1.0032620187089445,
        "(10, 1)": 1.3717921258597672,
        "(10, 2)": 0.14613334562568747,
        "(10, 3)": 0.4400590082482448,
        "(10, 4)": 0.9795745925205303,
        "(10, 5)": 3.0445614872181688,
        "(10, 6)": 0.6699906279844632,
        "(10, 7)": 0.07903120950770395,
        "(10, 8)": 1.000184812158885,
        "(10, 9)": 1.7212273589417355,
        "(11, 1)": 0.7761777122002043,
        "(11, 2)": 3.6666251170636235,
        "(11, 3)": 10.322233338563683,
        "(11, 4)": 2.17959793687895,
        "(11, 5)": 1.0653062807174187,
        "(11, 6)": 0.8983494889974832,
        "(11, 7)": 1.4056131372894558,
        "(11, 8)": 1.043008638032,
        "(11, 9)": 0.47244507269028624,
        "(12, 1)": 0.11411736213762777,
        "(12, 2)": 0.0006591405616939552,
        "(12, 3)": 0.9770595972081727,
        "(12, 4)": 1.2363964630184037,
        "(12, 5)": 1.5944234581202585,
        "(12, 6)": 1.0229971136855371,
        "(12, 7)": 1.145873326641786,
        "(12, 8)": 1.2681969298849483,
        "(12, 9)": 1.016045611721554,
        "(13, 1)": 0.2035304444081685,
        "(13, 2)": 0.10902884261420363,
        "(13, 3)": 2.228981772907724,
        "(13, 4)": 0.9737356874070576,
        "(13, 5)": 1.017819972975823,
        "(13, 6)": 0.4348203155606345,
        "(13, 7)": 1.256184958543395,
        "(13, 8)": 0.7244878248411082,
        "(13, 9)": 1.0048270364071101,
        "(14, 1)": 0.997048274435325,
        "(14, 2)": 0.10561767834226032,
        "(14, 3)": 0.637283078340659,
        "(14, 4)": 1.0709639984197525,
        "(14, 5)": 1.0269581201562399,
        "(14, 6)": 26.130002019686522,
        "(14, 7)": 0.860062969980299,
        "(14, 8)": 5.101921309568888,
        "(14, 9)": 0.17439292292123215,
        "(15, 1)": 2.283284202779563,
        "(15, 2)": 0.9719995436655702,
        "(15, 3)": 1.0202535311720204,
        "(15, 4)": 1.391101640734827,
        "(15, 5)": 0.9781407714882969,
        "(15, 6)": 0.37859309862299273,
        "(15, 7)": 1.0450555884664057,
        "(15, 8)": 30.376891483718307,
        "(15, 9)": 1.3664823326879025,
        "(16, 1)": 11.728063637605278,
        "(16, 2)": 1.1898182646680848,
        "(16, 3)": 1.9042827089323748,
        "(16, 4)": 1.3161495907750362,
        "(16, 5)": 0.4983622863993925,
        "(16, 6)": 0.9890463783739416,
        "(16, 7)": 0.21674366768108413,
        "(16, 8)": 1.0294498725884975,
        "(16, 9)": 0.8574903615757731,
        "(17, 1)": 1.5842918985781838,
        "(17, 2)": 1.0011628417198422,
        "(17, 3)": 0.558798579848522,
        "(17, 4)": 0.2597601767907147,
        "(17, 5)": 0.6531438399075419,
        "(17, 6)": 0.914364608744039,
        "(17, 7)": 25.868561944690043,
        "(17, 8)": 0.9627220810686451,
        "(17, 9)": 8.457001473127157,
        "(18, 1)": 0.1419959893970933,
        "(18, 2)": 2.3230088967472735,
        "(18, 3)": 1.0153088662162129,
        "(18, 4)": 1.5731493807317003,
        "(18, 5)": 28.72240065763635,
        "(18, 6)": 0.9131589483208078,
        "(18, 7)": 0.9073695222629392,
        "(18, 8)": 0.31207732618944234,
        "(18, 9)": 0.9569894331715008,
        "(19, 1)": 1.1258344484879053,
        "(19, 2)": 0.08682738253972183,
        "(19, 3)": 1.9081663732950584,
        "(19, 4)": 1.1217262295541337,
        "(19, 5)": 0.2616802182074768,
        "(19, 6)": 0.9999196868812492,
        "(19, 7)": 1.139586600493295,
        "(19, 8)": 15.187200698991937,
        "(19, 9)": 0.881255366526608
    },
    "matching_probabilities": {
        "(0, 10)": 0.0018,
        "(0, 11)": 0.2029,
        "(0, 12)": 0.0086,
        "(0, 13)": 0.0036,
        "(0, 14)": 0.0059,
        "(0, 15)": 0.0052,
        "(0, 16)": 0.2427,
        "(0, 17)": 0.0147,
        "(0, 18)": 0.4807,
        "(0, 19)": 0.0049,
        "(10, 1)": 0.0115,
        "(10, 2)": 0.001,
        "(10, 3)": 0.0007,
        "(10, 4)": 0.1502,
        "(10, 5)": 0.0424,
        "(10, 6)": 0.1289,
        "(10, 7)": 0.004,
        "(10, 8)": 0.3365,
        "(10, 9)": 0.323,
        "(11, 1)": 0.4803,
        "(11, 2)": 0.1637,
        "(11, 3)": 0.0017,
        "(11, 4)": 0.0007,
        "(11, 5)": 0.0076,
        "(11, 6)": 0.0156,
        "(11, 7)": 0.0021,
        "(11, 8)": 0.0191,
        "(11, 9)": 0.0422,
        "(12, 1)": 0.0002,
        "(12, 2)": 0.0001,
        "(12, 3)": 0.4639,
        "(12, 4)": 0.0122,
        "(12, 5)": 0.0003,
        "(12, 6)": 0.0428,
        "(12, 7)": 0.0483,
        "(12, 8)": 0.1901,
        "(12, 9)": 0.108,
        "(13, 1)": 0.0198,
        "(13, 2)": 0.0001,
        "(13, 3)": 0.0029,
        "(13, 4)": 0.1118,
        "(13, 5)": 0.0028,
        "(13, 6)": 0.1683,
        "(13, 7)": 0.337,
        "(13, 8)": 0.0032,
        "(13, 9)": 0.0246,
        "(14, 1)": 0.1633,
        "(14, 2)": 0.0039,
        "(14, 3)": 0.0584,
        "(14, 4)": 0.2671,
        "(14, 5)": 0.0984,
        "(14, 6)": 0.2352,
        "(14, 7)": 0.0114,
        "(14, 8)": 0.0531,
        "(14, 9)": 0.0481,
        "(15, 1)": 0.0394,
        "(15, 2)": 0.0492,
        "(15, 3)": 0.2964,
        "(15, 4)": 0.0167,
        "(15, 5)": 0.5011,
        "(15, 6)": 0.036,
        "(15, 7)": 0.0135,
        "(15, 8)": 0.0167,
        "(15, 9)": 0.0029,
        "(16, 1)": 0.1976,
        "(16, 2)": 0.0017,
        "(16, 3)": 0.0128,
        "(16, 4)": 0.0463,
        "(16, 5)": 0.0001,
        "(16, 6)": 0.124,
        "(16, 7)": 0.1122,
        "(16, 8)": 0.0424,
        "(16, 9)": 0.098,
        "(17, 1)": 0.0134,
        "(17, 2)": 0.6289,
        "(17, 3)": 0.0565,
        "(17, 4)": 0.0073,
        "(17, 5)": 0.0002,
        "(17, 6)": 0.0147,
        "(17, 7)": 0.1147,
        "(17, 8)": 0.0526,
        "(17, 9)": 0.0396,
        "(18, 1)": 0.0001,
        "(18, 2)": 0.147,
        "(18, 3)": 0.0059,
        "(18, 4)": 0.0172,
        "(18, 5)": 0.0772,
        "(18, 6)": 0.0027,
        "(18, 7)": 0.0011,
        "(18, 8)": 0.1179,
        "(18, 9)": 0.0576,
        "(19, 1)": 0.0741,
        "(19, 2)": 0.0013,
        "(19, 3)": 0.0456,
        "(19, 4)": 0.3246,
        "(19, 5)": 0.0954,
        "(19, 6)": 0.1047,
        "(19, 7)": 0.0885,
        "(19, 8)": 0.0606,
        "(19, 9)": 0.0283
    },
    "matching_counts": {
        "(0, 10)": 18.0,
        "(0, 11)": 2029.0,
        "(0, 12)": 86.0,
        "(0, 13)": 36.0,
        "(0, 14)": 59.0,
        "(0, 15)": 52.0,
        "(0, 16)": 2427.0,
        "(0, 17)": 147.0,
        "(0, 18)": 4807.0,
        "(0, 19)": 49.0,
        "(10, 1)": 115.0,
        "(10, 2)": 10.0,
        "(10, 3)": 7.0,
        "(10, 4)": 1502.0,
        "(10, 5)": 424.0,
        "(10, 6)": 1289.0,
        "(10, 7)": 40.0,
        "(10, 8)": 3365.0,
        "(10, 9)": 3230.0,
        "(11, 1)": 4803.0,
        "(11, 2)": 1637.0,
        "(11, 3)": 17.0,
        "(11, 4)": 7.0,
        "(11, 5)": 76.0,
        "(11, 6)": 156.0,
        "(11, 7)": 21.0,
        "(11, 8)": 191.0,
        "(11, 9)": 422.0,
        "(12, 1)": 2.0,
        "(12, 2)": 1.0,
        "(12, 3)": 4639.0,
        "(12, 4)": 122.0,
        "(12, 5)": 3.0,
        "(12, 6)": 428.0,
        "(12, 7)": 483.0,
        "(12, 8)": 1901.0,
        "(12, 9)": 1080.0,
        "(13, 1)": 198.0,
        "(13, 2)": 1.0,
        "(13, 3)": 29.0,
        "(13, 4)": 1118.0,
        "(13, 5)": 28.0,
        "(13, 6)": 1683.0,
        "(13, 7)": 3370.0,
        "(13, 8)": 32.0,
        "(13, 9)": 246.0,
        "(14, 1)": 1633.0,
        "(14, 2)": 39.0,