{
    "min_scaled_matching_probability": 0.5499483438323287,
    "scaled_matching_probabilities": {
        "(0, 2)": 0.8682353493192053,
        "(0, 3)": 0.7778765344242082,
        "(0, 4)": 0.5499483438323287,
        "(0, 5)": 0.6839278292362162,
        "(0, 6)": 0.7539224899623892,
        "(0, 7)": 0.7826795081853661,
        "(0, 8)": 0.7686530599745613,
        "(0, 9)": 0.7944344665309332,
        "(0, 10)": 0.7658830399512206,
        "(0, 11)": 0.6907260167545671,
        "(0, 12)": 0.8970513764651294,
        "(0, 13)": 0.7040336407611572,
        "(0, 14)": 0.6396909531077417,
        "(0, 15)": 0.7810208250807037,
        "(0, 16)": 0.6142270081644198,
        "(0, 19)": 1.000761057121102,
        "(0, 20)": 0.7374265884833356
    },
    "matching_probabilities": {
        "(0, 2)": 2.617119724389197e-06,
        "(0, 3)": 0.0001506608616994607,
        "(0, 4)": 3.681263798425769e-06,
        "(0, 5)": 8.536285361263312e-07,
        "(0, 6)": 0.0309432392759311,
        "(0, 7)": 0.11862607753984211,
        "(0, 8)": 0.0001460759416994081,
        "(0, 9)": 0.015975087037559826,
        "(0, 10)": 0.27009070317107003,
        "(0, 11)": 0.011580256041311666,
        "(0, 12)": 1.638124186039665e-05,
        "(0, 13)": 0.005455057665196366,
        "(0, 14)": 1.7037503225661912e-05,
        "(0, 15)": 0.03606402965893458,
        "(0, 16)": 0.003042909906968392,
        "(0, 19)": 0.0015902543679067905,
        "(0, 20)": 0.2632307583442092
    },
    "matching_counts": {
        "(0, 2)": 0.026171197243891973,
        "(0, 3)": 1.506608616994607,
        "(0, 4)": 0.03681263798425769,
        "(0, 5)": 0.008536285361263312,
        "(0, 6)": 309.43239275931097,
        "(0, 7)": 1186.2607753984212,
        "(0, 8)": 1.4607594169940812,
        "(0, 9)": 159.75087037559825,
        "(0, 10)": 2700.9070317107003,
        "(0, 11)": 115.80256041311667,
        "(0, 12)": 0.1638124186039665,
        "(0, 13)": 54.55057665196366,
        "(0, 14)": 0.17037503225661912,
        "(0, 15)": 360.6402965893458,
        "(0, 16)": 30.42909906968392,
        "(0, 19)": 15.902543679067906,
        "(0, 20)": 2632.3075834420924
    },
    "average_num_matching_probability_capped": 0.0,
    "average_num_matching_probability_exceeds_one": 0.0,
    "average_num_proposal_matching_probability_exceeds_one": 0.0,
    "simulation_parameters": {
        "graph_file": "nonuniform_star_20_order_0.json",
        "c_guarantee": 0.75,
        "experiment_name": "nonuniform_star_20_order_0_tr_c75_r90_sim10000",
        "average_edge_weight": 0.05,
        "r": 0.9,
        "num_sim_instances": 10000,
        "rounding_scheme_class": "SimpleRecursiveRoundingSchemeForTree",
        "parallel": true
    }
}