{
    "min_scaled_matching_probability": 0.34091864484349466,
    "scaled_matching_probabilities": {
        "(0, 10)": 0.5424677048598416,
        "(0, 11)": 0.6158994338096866,
        "(0, 12)": 0.5474246502357599,
        "(0, 13)": 21.9140363257333,
        "(0, 14)": 2.637234617328968,
        "(0, 15)": 7.867533959030395,
        "(0, 16)": 0.657381416805697,
        "(0, 17)": 0.6279833158502126,
        "(0, 18)": 0.6937761925546093,
        "(0, 19)": 4.5766819950103725,
        "(10, 1)": 0.7125375504385693,
        "(10, 2)": 0.5982971558016976,
        "(10, 3)": 0.6036162122215691,
        "(10, 4)": 1.078641859438547,
        "(10, 5)": 0.921038387043351,
        "(10, 6)": 0.6273983842380517,
        "(10, 7)": 0.9643812162957069,
        "(10, 8)": 0.7740414425722002,
        "(10, 9)": 0.6118758243269968,
        "(11, 1)": 0.6223754866677804,
        "(11, 2)": 0.6651082059689216,
        "(11, 3)": 0.7835344048189552,
        "(11, 4)": 0.5589705908610874,
        "(11, 5)": 11.142462365326038,
        "(11, 6)": 0.915447399481864,
        "(11, 7)": 0.7297140947886319,
        "(11, 8)": 7.619847455108799,
        "(11, 9)": 0.5967337706621696,
        "(12, 1)": 0.6378508243911365,
        "(12, 2)": 1.6597048341595124,
        "(12, 3)": 0.5922276867284395,
        "(12, 4)": 12.166021893693292,
        "(12, 5)": 0.6657427426219016,
        "(12, 6)": 0.552895472156576,
        "(12, 7)": 0.7694621638432518,
        "(12, 8)": 0.5834779453264602,
        "(12, 9)": 0.7271730707420313,
        "(13, 1)": 0.5650322098465295,
        "(13, 2)": 0.7253547171017728,
        "(13, 3)": 0.6374263596878078,
        "(13, 4)": 1.1356860838144138,
        "(13, 5)": 0.5363006433199207,
        "(13, 6)": 0.6089894749919383,
        "(13, 7)": 0.6051754169701191,
        "(13, 8)": 1.0676320892264026,
        "(13, 9)": 1.1956223393919456,
        "(14, 1)": 0.6320196266832053,
        "(14, 2)": 0.8089436171335399,
        "(14, 3)": 0.5799314600269071,
        "(14, 4)": 0.5389247475426333,
        "(14, 5)": 0.6251371438516495,
        "(14, 6)": 0.5856751884985827,
        "(14, 7)": 9.777527296330502,
        "(14, 8)": 0.5549321046380247,
        "(14, 9)": 0.6715018977367642,
        "(15, 1)": 0.6723831607846241,
        "(15, 2)": 0.7633976416771607,
        "(15, 3)": 0.5897166037345283,
        "(15, 4)": 0.7525296326939653,
        "(15, 5)": 0.5968566807626781,
        "(15, 6)": 0.5695932817844882,
        "(15, 7)": 7.99893817951148,
        "(15, 8)": 0.5788807345654283,
        "(15, 9)": 0.5762538796383357,
        "(16, 1)": 0.625455496077927,
        "(16, 2)": 0.6698966875848223,
        "(16, 3)": 0.48841737144182007,
        "(16, 4)": 0.8890384044593083,
        "(16, 5)": 0.5044984663726656,
        "(16, 6)": 0.6332402154020144,
        "(16, 7)": 0.5979082243201983,
        "(16, 8)": 0.6445522789021967,
        "(16, 9)": 1.9513490373910307,
        "(17, 1)": 7.7768861632155515,
        "(17, 2)": 0.5933641496321401,
        "(17, 3)": 1.2315385174253548,
        "(17, 4)": 0.5712925192413941,
        "(17, 5)": 0.5108529300414176,
        "(17, 6)": 15.077295685964488,
        "(17, 7)": 0.6815728595133054,
        "(17, 8)": 0.34091864484349466,
        "(17, 9)": 0.6482114922813289,
        "(18, 1)": 0.45680686745554583,
        "(18, 2)": 0.6462276332054692,
        "(18, 3)": 1.1079398032105827,
        "(18, 4)": 0.5869422325812231,
        "(18, 5)": 0.8090165929041431,
        "(18, 6)": 30.92891960292207,
        "(18, 7)": 0.7176354554492139,
        "(18, 8)": 0.5973508368966609,
        "(18, 9)": 0.6371781214754078,
        "(19, 1)": 2.0865366118583633,
        "(19, 2)": 4.006806089351176,
        "(19, 3)": 0.5824872746947565,
        "(19, 4)": 0.6361096889659431,
        "(19, 5)": 0.8120492530667799,
        "(19, 6)": 0.6000695778078868,
        "(19, 7)": 0.5996621196969387,
        "(19, 8)": 0.6023275385439015,
        "(19, 9)": 0.8427815383746913
    },
    "matching_probabilities": {
        "(0, 10)": 0.0007059086920796203,
        "(0, 11)": 0.12465179983984433,
        "(0, 12)": 0.00042797443953805414,
        "(0, 13)": 0.14402650182655255,
        "(0, 14)": 0.10082670404245411,
        "(0, 15)": 0.03657253820474297,
        "(0, 16)": 0.07946927784859023,
        "(0, 17)": 0.094188458101402,
        "(0, 18)": 0.3258434764981958,
        "(0, 19)": 0.022352826437513865,
        "(10, 1)": 0.00597334076758012,
        "(10, 2)": 0.004094186396951473,
        "(10, 3)": 0.0009601697514092047,
        "(10, 4)": 0.16539016888014504,
        "(10, 5)": 0.012826815216111833,
        "(10, 6)": 0.12070564624399528,
        "(10, 7)": 0.04881014588049291,
        "(10, 8)": 0.2604168172313429,
        "(10, 9)": 0.11482265270239066,
        "(11, 1)": 0.3851269387769162,
        "(11, 2)": 0.02969439466566094,
        "(11, 3)": 0.00012904266397620207,
        "(11, 4)": 0.00017951907871735696,
        "(11, 5)": 0.07949142468159416,
        "(11, 6)": 0.015896908282158645,
        "(11, 7)": 0.0010902001115407633,
        "(11, 8)": 0.13953775748893926,
        "(11, 9)": 0.053301783800064846,
        "(12, 1)": 0.0011178856791692678,
        "(12, 2)": 0.25179831596073554,
        "(12, 3)": 0.2811849191782598,
        "(12, 4)": 0.12004682279720244,
        "(12, 5)": 0.0001252633494379424,
        "(12, 6)": 0.02313195794174605,
        "(12, 7)": 0.032433796694219856,
        "(12, 8)": 0.08746209267090937,
        "(12, 9)": 0.07729445482971263,
        "(13, 1)": 0.05496788349032013,
        "(13, 2)": 0.0006652870008612546,
        "(13, 3)": 0.0008293187793470434,
        "(13, 4)": 0.13039442408499652,
        "(13, 5)": 0.0014753510848341813,
        "(13, 6)": 0.23571329345316863,
        "(13, 7)": 0.16235198020155636,
        "(13, 8)": 0.004715638508174744,
        "(13, 9)": 0.029271017282943946,
        "(14, 1)": 0.1035143509935057,
        "(14, 2)": 0.029870757967214827,
        "(14, 3)": 0.05314435361088824,
        "(14, 4)": 0.13440862650942167,
        "(14, 5)": 0.05989873758984811,
        "(14, 6)": 0.005271748705992608,
        "(14, 7)": 0.12959959336549623,
        "(14, 8)": 0.00577564665707654,
        "(14, 9)": 0.18520958729344147,
        "(15, 1)": 0.011602540105460458,
        "(15, 2)": 0.03864113333723854,
        "(15, 3)": 0.1713221233805691,
        "(15, 4)": 0.009034023465999779,
        "(15, 5)": 0.30576875174633944,
        "(15, 6)": 0.054161996662968864,
        "(15, 7)": 0.10333006838599981,
        "(15, 8)": 0.0003182454752628072,
        "(15, 9)": 0.0012229475720070303,
        "(16, 1)": 0.01053797198275042,
        "(16, 2)": 0.0009571414414384433,
        "(16, 3)": 0.003282990663692105,
        "(16, 4)": 0.03127492377384456,
        "(16, 5)": 0.00010123126892638812,
        "(16, 6)": 0.07939141017729102,
        "(16, 7)": 0.30951447618499894,
        "(16, 8)": 0.026547204825753942,
        "(16, 9)": 0.2230138252666792,
        "(17, 1)": 0.06577719338248934,
        "(17, 2)": 0.372733283890771,
        "(17, 3)": 0.12452058531250147,
        "(17, 4)": 0.016054945149741873,
        "(17, 5)": 0.00015642892080670417,
        "(17, 6)": 0.24239372834882034,
        "(17, 7)": 0.003022062345534563,
        "(17, 8)": 0.018626684763335337,
        "(17, 9)": 0.0030352572570676046,
        "(18, 1)": 0.0003217040631887712,
        "(18, 2)": 0.040893283798533284,
        "(18, 3)": 0.006438282040521843,
        "(18, 4)": 0.0064173221717199426,
        "(18, 5)": 0.0021744728693349944,
        "(18, 6)": 0.09144966829865837,
        "(18, 7)": 0.0008699862422372412,
        "(18, 8)": 0.2256737601864871,
        "(18, 9)": 0.03835095615983282,
        "(19, 1)": 0.13733134844680114,
        "(19, 2)": 0.05999084348504439,
        "(19, 3)": 0.013919865740121039,
        "(19, 4)": 0.18407450908981396,
        "(19, 5)": 0.2960464465875217,
        "(19, 6)": 0.06283233105695132,