{
    "min_scaled_matching_probability": 0.3459935181636881,
    "scaled_matching_probabilities": {
        "(0, 1)": 0.5621116074957605,
        "(0, 2)": 0.5317496449228396,
        "(0, 3)": 0.7286639855266325,
        "(0, 4)": 0.7858692830492268,
        "(0, 5)": 0.6601109978583584,
        "(0, 6)": 0.7779625194913886,
        "(0, 7)": 0.6251561758006124,
        "(0, 8)": 0.5405932280310977,
        "(0, 9)": 0.6263263375651009,
        "(1, 2)": 0.5914968632064495,
        "(1, 3)": 0.7308067697119466,
        "(1, 4)": 0.5206983629872485,
        "(1, 5)": 0.5340416312043366,
        "(1, 6)": 0.7658534874107245,
        "(1, 7)": 0.7374979311282874,
        "(1, 8)": 0.9413391720810271,
        "(1, 9)": 0.5807427115545508,
        "(2, 3)": 0.667704339292869,
        "(2, 4)": 0.8180928803676012,
        "(2, 5)": 0.9321218672494669,
        "(2, 6)": 0.7005873664552105,
        "(2, 7)": 0.4937909435965434,
        "(2, 8)": 0.6804691986697481,
        "(2, 9)": 0.6490018382861501,
        "(3, 4)": 0.750667581023687,
        "(3, 5)": 0.6209167826772308,
        "(3, 6)": 0.3459935181636881,
        "(3, 7)": 0.656251874570926,
        "(3, 8)": 0.6628947196244975,
        "(3, 9)": 0.5010202902892816,
        "(4, 5)": 0.6883226278688517,
        "(4, 6)": 0.46701938431829626,
        "(4, 7)": 0.5698259083550166,
        "(4, 8)": 0.7278929219831888,
        "(4, 9)": 1.1139967369702766,
        "(5, 6)": 0.7278225103290523,
        "(5, 7)": 0.5909289126341914,
        "(5, 8)": 0.6080058651896345,
        "(5, 9)": 0.5956452751199987,
        "(6, 7)": 0.5146734348007114,
        "(6, 8)": 0.6861134201780164,
        "(6, 9)": 0.7354010866209425,
        "(7, 8)": 0.6320998832091355,
        "(7, 9)": 0.5709368518556867,
        "(8, 9)": 0.7351879058988797
    },
    "matching_probabilities": {
        "(0, 1)": 0.030148024730960236,
        "(0, 2)": 0.033996978744107106,
        "(0, 3)": 0.09228862256299948,
        "(0, 4)": 0.022991681910561328,
        "(0, 5)": 0.051631747093875587,
        "(0, 6)": 0.023171700530243214,
        "(0, 7)": 0.002801055470500739,
        "(0, 8)": 0.27050542869584204,
        "(0, 9)": 0.061043535160195235,
        "(1, 2)": 0.07852277178309114,
        "(1, 3)": 0.0013771006448962612,
        "(1, 4)": 0.1230192282621337,
        "(1, 5)": 0.026915357194527083,
        "(1, 6)": 0.01638788497869732,
        "(1, 7)": 0.18654362820947037,
        "(1, 8)": 0.0019839421888864484,
        "(1, 9)": 0.14256813041009256,
        "(2, 3)": 0.17882777233103325,
        "(2, 4)": 0.0027188170917457977,
        "(2, 5)": 0.09068289657682144,
        "(2, 6)": 0.05379237898602912,
        "(2, 7)": 0.11675267557620073,
        "(2, 8)": 0.0025988353785532468,
        "(2, 9)": 0.006512996775533703,
        "(3, 4)": 0.012778066114604622,
        "(3, 5)": 0.018141676107157285,
        "(3, 6)": 0.0037208376749640402,
        "(3, 7)": 0.008120211079345832,
        "(3, 8)": 0.10752185094725655,
        "(3, 9)": 0.12917277641532082,
        "(4, 5)": 0.08761200465602009,
        "(4, 6)": 0.2117659686820147,
        "(4, 7)": 0.0002281664649977435,
        "(4, 8)": 0.006974907908964356,
        "(4, 9)": 0.13416225127470516,
        "(5, 6)": 0.04949887087743924,
        "(5, 7)": 0.2602596602788552,
        "(5, 8)": 0.0012533542342495951,
        "(5, 9)": 0.050973904470295164,
        "(6, 7)": 0.000864464738022062,
        "(6, 8)": 0.1820246050908742,
        "(6, 9)": 0.03716104903738284,
        "(7, 8)": 0.0002540065215418043,
        "(7, 9)": 0.028919753912820874,
        "(8, 9)": 0.03804800323040735
    },
    "matching_counts": {
        "(0, 1)": 301.48024730960236,
        "(0, 2)": 339.96978744107105,
        "(0, 3)": 922.8862256299948,
        "(0, 4)": 229.91681910561329,
        "(0, 5)": 516.3174709387558,
        "(0, 6)": 231.71700530243214,
        "(0, 7)": 28.01055470500739,
        "(0, 8)": 2705.0542869584206,
        "(0, 9)": 610.4353516019523,
        "(1, 2)": 785.2277178309114,
        "(1, 3)": 13.771006448962613,
        "(1, 4)": 1230.192282621337,
        "(1, 5)": 269.1535719452708,
        "(1, 6)": 163.8788497869732,
        "(1, 7)": 1865.4362820947038,
        "(1, 8)": 19.839421888864482,
        "(1, 9)": 1425.6813041009257,
        "(2, 3)": 1788.2777233103325,
        "(2, 4)": 27.188170917457978,
        "(2, 5)": 906.8289657682144,
        "(2, 6)": 537.9237898602912,
        "(2, 7)": 1167.5267557620073,
        "(2, 8)": 25.988353785532468,
        "(2, 9)": 65.12996775533703,
        "(3, 4)": 127.78066114604623,
        "(3, 5)": 181.41676107157286,
        "(3, 6)": 37.2083767496404,
        "(3, 7)": 81.20211079345832,
        "(3, 8)": 1075.2185094725655,
        "(3, 9)": 1291.7277641532082,
        "(4, 5)": 876.1200465602009,
        "(4, 6)": 2117.659686820147,
        "(4, 7)": 2.281664649977435,
        "(4, 8)": 69.74907908964356,
        "(4, 9)": 1341.6225127470516,
        "(5, 6)": 494.9887087743924,
        "(5, 7)": 2602.5966027885524,
        "(5, 8)": 12.533542342495952,
        "(5, 9)": 509.7390447029517,
        "(6, 7)": 8.64464738022062,
        "(6, 8)": 1820.246050908742,
        "(6, 9)": 371.61049037382844,
        "(7, 8)": 2.540065215418043,
        "(7, 9)": 289.19753912820875,
        "(8, 9)": 380.4800323040735
    },
    "average_num_matching_probability_capped": 0.0,
    "average_num_matching_probability_exceeds_one": 0.0,
    "average_num_proposal_matching_probability_exceeds_one": 0.0,
    "simulation_parameters": {
        "graph_file": "nonuniform_complete_10_order_0.json",
        "c_guarantee": 0.7,
        "experiment_name": "nonuniform_complete_10_order_0_mc_c70_r0_sim10000",
        "average_edge_weight": 0.1111111111111111,
        "r": 0,
        "num_sim_instances": 10000,
        "rounding_scheme_class": "SimulatedRecursiveRoundingScheme",
        "parallel": true
    }
}