{
    "min_scaled_matching_probability": 0.0,
    "scaled_matching_probabilities": {
        "(0, 1)": 0.6768155305094247,
        "(0, 2)": 0.6084382186780031,
        "(0, 3)": 0.666379437362024,
        "(0, 4)": 0.6904479445804412,
        "(0, 5)": 0.6149576720550928,
        "(0, 6)": 0.7486962021632805,
        "(0, 7)": 0.44637186402371004,
        "(0, 8)": 0.6726803282009861,
        "(0, 9)": 0.6792333281157412,
        "(1, 2)": 0.6546009042399725,
        "(1, 3)": 0.9021646406998078,
        "(1, 4)": 0.6509828533210619,
        "(1, 5)": 0.7004056994401078,
        "(1, 6)": 0.5888346149560412,
        "(1, 7)": 0.6875115030956506,
        "(1, 8)": 0.7591666147162356,
        "(1, 9)": 0.6692661763463659,
        "(2, 3)": 0.667227264961738,
        "(2, 4)": 0.6318906314027948,
        "(2, 5)": 0.641404352000304,
        "(2, 6)": 0.6785459665540419,
        "(2, 7)": 0.662743191791582,
        "(2, 8)": 0.602223276570788,
        "(2, 9)": 0.7174597802986582,
        "(3, 4)": 0.7167081784012472,
        "(3, 5)": 0.5647287964827232,
        "(3, 6)": 0.5672272335338829,
        "(3, 7)": 0.670781892947725,
        "(3, 8)": 0.6794060691761514,
        "(3, 9)": 0.6624791071012358,
        "(4, 5)": 0.7031556398707419,
        "(4, 6)": 0.6552113162682592,
        "(4, 7)": 0.749223916442741,
        "(4, 8)": 0.5739733231118703,
        "(4, 9)": 0.6692503751741447,
        "(5, 6)": 0.7219575845606688,
        "(5, 7)": 0.6611800659952566,
        "(5, 8)": 0.6791441621251804,
        "(5, 9)": 0.6719046475899986,
        "(6, 7)": 0.5358299430240251,
        "(6, 8)": 0.6603891334096076,
        "(6, 9)": 0.7025296446497219,
        "(7, 8)": 0.0,
        "(7, 9)": 0.6949221368170309,
        "(8, 9)": 0.6357148877853
    },
    "matching_probabilities": {
        "(0, 1)": 0.0363,
        "(0, 2)": 0.0389,
        "(0, 3)": 0.0844,
        "(0, 4)": 0.0202,
        "(0, 5)": 0.0481,
        "(0, 6)": 0.0223,
        "(0, 7)": 0.002,
        "(0, 8)": 0.3366,
        "(0, 9)": 0.0662,
        "(1, 2)": 0.0869,
        "(1, 3)": 0.0017,
        "(1, 4)": 0.1538,
        "(1, 5)": 0.0353,
        "(1, 6)": 0.0126,
        "(1, 7)": 0.1739,
        "(1, 8)": 0.0016,
        "(1, 9)": 0.1643,
        "(2, 3)": 0.1787,
        "(2, 4)": 0.0021,
        "(2, 5)": 0.0624,
        "(2, 6)": 0.0521,
        "(2, 7)": 0.1567,
        "(2, 8)": 0.0023,
        "(2, 9)": 0.0072,
        "(3, 4)": 0.0122,
        "(3, 5)": 0.0165,
        "(3, 6)": 0.0061,
        "(3, 7)": 0.0083,
        "(3, 8)": 0.1102,
        "(3, 9)": 0.1708,
        "(4, 5)": 0.0895,
        "(4, 6)": 0.2971,
        "(4, 7)": 0.0003,
        "(4, 8)": 0.0055,
        "(4, 9)": 0.0806,
        "(5, 6)": 0.0491,
        "(5, 7)": 0.2912,
        "(5, 8)": 0.0014,
        "(5, 9)": 0.0575,
        "(6, 7)": 0.0009,
        "(6, 8)": 0.1752,
        "(6, 9)": 0.0355,
        "(7, 8)": 0.0,
        "(7, 9)": 0.0352,
        "(8, 9)": 0.0329
    },
    "matching_counts": {
        "(0, 1)": 363.0,
        "(0, 2)": 389.0,
        "(0, 3)": 844.0,
        "(0, 4)": 202.0,
        "(0, 5)": 481.0,
        "(0, 6)": 223.0,
        "(0, 7)": 20.0,
        "(0, 8)": 3366.0,
        "(0, 9)": 662.0,
        "(1, 2)": 869.0,
        "(1, 3)": 17.0,
        "(1, 4)": 1538.0,
        "(1, 5)": 353.0,
        "(1, 6)": 126.0,
        "(1, 7)": 1739.0,
        "(1, 8)": 16.0,
        "(1, 9)": 1643.0,
        "(2, 3)": 1787.0,
        "(2, 4)": 21.0,
        "(2, 5)": 624.0,
        "(2, 6)": 521.0,
        "(2, 7)": 1567.0,
        "(2, 8)": 23.0,
        "(2, 9)": 72.0,
        "(3, 4)": 122.0,
        "(3, 5)": 165.0,
        "(3, 6)": 61.0,
        "(3, 7)": 83.0,
        "(3, 8)": 1102.0,
        "(3, 9)": 1708.0,
        "(4, 5)": 895.0,
        "(4, 6)": 2971.0,
        "(4, 7)": 3.0,
        "(4, 8)": 55.0,
        "(4, 9)": 806.0,
        "(5, 6)": 491.0,
        "(5, 7)": 2912.0,
        "(5, 8)": 14.0,
        "(5, 9)": 575.0,
        "(6, 7)": 9.0,
        "(6, 8)": 1752.0,
        "(6, 9)": 355.0,
        "(7, 8)": 0,
        "(7, 9)": 352.0,
        "(8, 9)": 329.0
    },
    "average_num_matching_probability_capped": 0.0,
    "average_num_matching_probability_exceeds_one": 0.0,
    "average_num_proposal_matching_probability_exceeds_one": 0.0,
    "simulation_parameters": {
        "graph_file": "nonuniform_complete_10_order_0.json",
        "c_guarantee": 0.6666666666666666,
        "experiment_name": "nonuniform_complete_10_order_0_mc_c66_r100_sim10000",
        "average_edge_weight": 0.1111111111111111,
        "r": 1.0,
        "num_sim_instances": 10000,
        "rounding_scheme_class": "SimulatedRecursiveRoundingScheme",
        "parallel": true
    }
}