{
    "min_scaled_matching_probability": 0.1745525370946599,
    "scaled_matching_probabilities": {
        "(0, 1)": 0.9266592800638679,
        "(0, 2)": 0.7022847305563583,
        "(0, 3)": 0.8092878238105148,
        "(0, 4)": 0.9297120837914852,
        "(0, 5)": 0.5459187650052488,
        "(0, 6)": 0.8796341029900426,
        "(0, 7)": 24.729001266913535,
        "(0, 8)": 1.0509880707097403,
        "(0, 9)": 0.4781310134470324,
        "(1, 2)": 1.414661102603761,
        "(1, 3)": 22.023430934730605,
        "(1, 4)": 0.45416424032087094,
        "(1, 5)": 0.6984215473170481,
        "(1, 6)": 0.8271724352953912,
        "(1, 7)": 0.40365108951159245,
        "(1, 8)": 1.0913020086545886,
        "(1, 9)": 0.8150953249355314,
        "(2, 3)": 0.7811076879126782,
        "(2, 4)": 0.7522507516699939,
        "(2, 5)": 0.8295085129234699,
        "(2, 6)": 1.0549371073105067,
        "(2, 7)": 0.6344063737634799,
        "(2, 8)": 1.125895690980169,
        "(2, 9)": 0.7174597802986582,
        "(3, 4)": 13.840692363224086,
        "(3, 5)": 0.1745525370946599,
        "(3, 6)": 0.734605761461914,
        "(3, 7)": 6.618920124387792,
        "(3, 8)": 0.40690381638499085,
        "(3, 9)": 0.8226687272609609,
        "(4, 5)": 0.7919339497091707,
        "(4, 6)": 0.8098067833514131,
        "(4, 7)": 1.7481891383663957,
        "(4, 8)": 0.6992038663362784,
        "(4, 9)": 0.9133689983766241,
        "(5, 6)": 2.8451892589101715,
        "(5, 7)": 0.7812914172698069,
        "(5, 8)": 0.9702059458931148,
        "(5, 9)": 1.3286184074953535,
        "(6, 7)": 0.6549032636960307,
        "(6, 8)": 0.7086367413299443,
        "(6, 9)": 0.7955406116878542,
        "(7, 8)": 0.7465554971254208,
        "(7, 9)": 2.3354911586776916,
        "(8, 9)": 0.4927273446360228
    },
    "matching_probabilities": {
        "(0, 1)": 0.0497,
        "(0, 2)": 0.0449,
        "(0, 3)": 0.1025,
        "(0, 4)": 0.0272,
        "(0, 5)": 0.0427,
        "(0, 6)": 0.0262,
        "(0, 7)": 0.1108,
        "(0, 8)": 0.5259,
        "(0, 9)": 0.0466,
        "(1, 2)": 0.1878,
        "(1, 3)": 0.0415,
        "(1, 4)": 0.1073,
        "(1, 5)": 0.0352,
        "(1, 6)": 0.0177,
        "(1, 7)": 0.1021,
        "(1, 8)": 0.0023,
        "(1, 9)": 0.2001,
        "(2, 3)": 0.2092,
        "(2, 4)": 0.0025,
        "(2, 5)": 0.0807,
        "(2, 6)": 0.081,
        "(2, 7)": 0.15,
        "(2, 8)": 0.0043,
        "(2, 9)": 0.0072,
        "(3, 4)": 0.2356,
        "(3, 5)": 0.0051,
        "(3, 6)": 0.0079,
        "(3, 7)": 0.0819,
        "(3, 8)": 0.066,
        "(3, 9)": 0.2121,
        "(4, 5)": 0.1008,
        "(4, 6)": 0.3672,
        "(4, 7)": 0.0007,
        "(4, 8)": 0.0067,
        "(4, 9)": 0.11,
        "(5, 6)": 0.1935,
        "(5, 7)": 0.3441,
        "(5, 8)": 0.002,
        "(5, 9)": 0.1137,
        "(6, 7)": 0.0011,
        "(6, 8)": 0.188,
        "(6, 9)": 0.0402,
        "(7, 8)": 0.0003,
        "(7, 9)": 0.1183,
        "(8, 9)": 0.0255
    },
    "matching_counts": {
        "(0, 1)": 497.0,
        "(0, 2)": 449.0,
        "(0, 3)": 1025.0,
        "(0, 4)": 272.0,
        "(0, 5)": 427.0,
        "(0, 6)": 262.0,
        "(0, 7)": 1108.0,
        "(0, 8)": 5259.0,
        "(0, 9)": 466.0,
        "(1, 2)": 1878.0,
        "(1, 3)": 415.0,
        "(1, 4)": 1073.0,
        "(1, 5)": 352.0,
        "(1, 6)": 177.0,
        "(1, 7)": 1021.0,
        "(1, 8)": 23.0,
        "(1, 9)": 2001.0,
        "(2, 3)": 2092.0,
        "(2, 4)": 25.0,
        "(2, 5)": 807.0,
        "(2, 6)": 810.0,
        "(2, 7)": 1500.0,
        "(2, 8)": 43.0,
        "(2, 9)": 72.0,
        "(3, 4)": 2356.0,
        "(3, 5)": 51.0,
        "(3, 6)": 79.0,
        "(3, 7)": 819.0,
        "(3, 8)": 660.0,
        "(3, 9)": 2121.0,
        "(4, 5)": 1008.0,
        "(4, 6)": 3672.0,
        "(4, 7)": 7.0,
        "(4, 8)": 67.0,
        "(4, 9)": 1100.0,
        "(5, 6)": 1935.0,
        "(5, 7)": 3441.0,
        "(5, 8)": 20.0,
        "(5, 9)": 1137.0,
        "(6, 7)": 11.0,
        "(6, 8)": 1880.0,
        "(6, 9)": 402.0,
        "(7, 8)": 3.0,
        "(7, 9)": 1183.0,
        "(8, 9)": 255.0
    },
    "average_num_matching_probability_capped": 2.1722,
    "average_num_matching_probability_exceeds_one": 1.4534,
    "average_num_proposal_matching_probability_exceeds_one": 1.1961,
    "simulation_parameters": {
        "graph_file": "nonuniform_complete_10_order_1.json",
        "c_guarantee": 0.8,
        "experiment_name": "nonuniform_complete_10_order_1_si_c80_r100_sim10000",
        "average_edge_weight": 0.1111111111111111,
        "r": 1.0,
        "num_sim_instances": 10000,
        "rounding_scheme_class": "SimpleRecursiveRoundingScheme",
        "parallel": true
    }
}