{
    "min_scaled_matching_probability": 0.06134058435898504,
    "scaled_matching_probabilities": {
        "(0, 10)": 0.6334820285027224,
        "(0, 11)": 0.25649578420755126,
        "(0, 12)": 0.7463601426171287,
        "(0, 13)": 9.190475975038357,
        "(0, 14)": 0.8995789972838543,
        "(0, 15)": 0.7893308200984179,
        "(0, 16)": 0.6043029591259239,
        "(0, 17)": 0.7255930423071191,
        "(0, 18)": 0.7152162012096575,
        "(0, 19)": 31.742544494103043,
        "(10, 1)": 0.8070630580760308,
        "(10, 2)": 12.358645418993465,
        "(10, 3)": 123.68772124561298,
        "(10, 4)": 0.5358667950029737,
        "(10, 5)": 0.6282951609498904,
        "(10, 6)": 0.7226318719687591,
        "(10, 7)": 0.6491522588380273,
        "(10, 8)": 0.7311663255544479,
        "(10, 9)": 0.7981663301713139,
        "(11, 1)": 0.7228339657796492,
        "(11, 2)": 0.6497827918051132,
        "(11, 3)": 0.6173891625276431,
        "(11, 4)": 164.2560536148995,
        "(11, 5)": 5.896182298141188,
        "(11, 6)": 1.3857867681184097,
        "(11, 7)": 0.8346820277767758,
        "(11, 8)": 1.7947613919310323,
        "(11, 9)": 2.7800614716511625,
        "(12, 1)": 17.736550782330678,
        "(12, 2)": 0.542561439775757,
        "(12, 3)": 0.7009459926122713,
        "(12, 4)": 0.6694945576676804,
        "(12, 5)": 194.3304592470583,
        "(12, 6)": 1.6768436191167453,
        "(12, 7)": 3.4039276872324415,
        "(12, 8)": 0.7175577627481944,
        "(12, 9)": 0.5664628056501554,
        "(13, 1)": 0.9707335104617715,
        "(13, 2)": 0.6943944383556975,
        "(13, 3)": 1.1929793025598219,
        "(13, 4)": 1.1810949244660967,
        "(13, 5)": 0.7477434501443531,
        "(13, 6)": 0.6796189790876647,
        "(13, 7)": 0.7129042988357476,
        "(13, 8)": 2.269209163398336,
        "(13, 9)": 4.036708006430455,
        "(14, 1)": 0.06134058435898504,
        "(14, 2)": 1.187101908099919,
        "(14, 3)": 1.2780701481812258,
        "(14, 4)": 0.6886140141040868,
        "(14, 5)": 0.7664298343507706,
        "(14, 6)": 0.9720749935046581,
        "(14, 7)": 1.5588125320047894,
        "(14, 8)": 6.617404924728237,
        "(14, 9)": 0.7813270969650828,
        "(15, 1)": 11.318725820970727,
        "(15, 2)": 0.7340577919245456,
        "(15, 3)": 0.7227158615636581,
        "(15, 4)": 1.1075419666017503,
        "(15, 5)": 0.7103655596511681,
        "(15, 6)": 0.26333141751017075,
        "(15, 7)": 1.6646130332941695,
        "(15, 8)": 224.43686204682308,
        "(15, 9)": 3.4251759814689353,
        "(16, 1)": 9.099757460661333,
        "(16, 2)": 0.6928533655796222,
        "(16, 3)": 5.408249105256145,
        "(16, 4)": 0.7211322675579557,
        "(16, 5)": 0.5837775129330672,
        "(16, 6)": 0.8550137405368583,
        "(16, 7)": 0.7408266951441328,
        "(16, 8)": 0.7363055646942837,
        "(16, 9)": 0.7709323478590316,
        "(17, 1)": 0.7250615812068462,
        "(17, 2)": 0.7182551071040462,
        "(17, 3)": 0.08966390700165766,
        "(17, 4)": 8.181634159460243,
        "(17, 5)": 289.55932417412333,
        "(17, 6)": 0.7490659802507291,
        "(17, 7)": 0.7898217789796558,
        "(17, 8)": 0.6819046591784717,
        "(17, 9)": 0.5927860478560961,
        "(18, 1)": 0.6763313648869103,
        "(18, 2)": 1.9965916633420593,
        "(18, 3)": 8.094620318009946,
        "(18, 4)": 2.4387023007512565,
        "(18, 5)": 0.630743645223555,
        "(18, 6)": 0.642677839455637,
        "(18, 7)": 0.7034568652170347,
        "(18, 8)": 0.7412950717600035,
        "(18, 9)": 0.6836144109609401,
        "(19, 1)": 0.7050726524399525,
        "(19, 2)": 0.6937890880814952,
        "(19, 3)": 0.7061998947739585,
        "(19, 4)": 0.7273952700672176,
        "(19, 5)": 0.894358603318278,
        "(19, 6)": 0.664691269114577,
        "(19, 7)": 0.7344750111743943,
        "(19, 8)": 8.471798479126976,
        "(19, 9)": 0.7209927159208357
    },
    "matching_probabilities": {
        "(0, 10)": 0.0008243448710220276,
        "(0, 11)": 0.05191214571352108,
        "(0, 12)": 0.0005835014254336949,
        "(0, 13)": 0.060402934682159966,
        "(0, 14)": 0.034392687220908234,
        "(0, 15)": 0.0036692350772882074,
        "(0, 16)": 0.07305274918913275,
        "(0, 17)": 0.10882851206243517,
        "(0, 18)": 0.3359131315703715,
        "(0, 19)": 0.15503274829566535,
        "(10, 1)": 0.006765766469214402,
        "(10, 2)": 0.08457101537009531,
        "(10, 3)": 0.19674953415130872,
        "(10, 4)": 0.08216545551916178,
        "(10, 5)": 0.00874993490396418,
        "(10, 6)": 0.1390276884573572,
        "(10, 7)": 0.032855489009047646,
        "(10, 8)": 0.24599200623533093,
        "(10, 9)": 0.1497813309241393,
        "(11, 1)": 0.4472908050655492,
        "(11, 2)": 0.02901017683086234,
        "(11, 3)": 0.00010167969875044867,
        "(11, 4)": 0.05275249879116367,
        "(11, 5)": 0.04206394562481652,
        "(11, 6)": 0.024064435776294805,
        "(11, 7)": 0.0012470232468880739,
        "(11, 8)": 0.03286640334116868,
        "(11, 9)": 0.24832218788021493,
        "(12, 1)": 0.031084754239131554,
        "(12, 2)": 0.08231346564098616,
        "(12, 3)": 0.3328034921328878,
        "(12, 4)": 0.006606160602890792,
        "(12, 5)": 0.03656440042775656,
        "(12, 6)": 0.07015553214968112,
        "(12, 7)": 0.14347982754355834,
        "(12, 8)": 0.1075603697533054,
        "(12, 9)": 0.06021184709076086,
        "(13, 1)": 0.0944356190202063,
        "(13, 2)": 0.0006368905894129302,
        "(13, 3)": 0.0015521167644679103,
        "(13, 4)": 0.1356080651690332,
        "(13, 5)": 0.002057025521205724,
        "(13, 6)": 0.2630508973183062,
        "(13, 7)": 0.19125268701372333,
        "(13, 8)": 0.010022900418605698,
        "(13, 9)": 0.09882598035305665,
        "(14, 1)": 0.010046572149673801,
        "(14, 2)": 0.04383449356448525,
        "(14, 3)": 0.117121102364945,
        "(14, 4)": 0.17174135025882797,
        "(14, 5)": 0.07343697295917193,
        "(14, 6)": 0.0087497903100062,
        "(14, 7)": 0.020661816035704526,
        "(14, 8)": 0.06887291672727922,
        "(14, 9)": 0.21550090872090621,
        "(15, 1)": 0.19531418682061502,
        "(15, 2)": 0.037156029134015445,
        "(15, 3)": 0.2099605390450256,
        "(15, 4)": 0.01329590182388042,
        "(15, 5)": 0.3639191743327298,
        "(15, 6)": 0.025039893925288815,
        "(15, 7)": 0.02150342641815716,
        "(15, 8)": 0.12338641029780434,
        "(15, 9)": 0.007269036787853268,
        "(16, 1)": 0.15331704617130057,
        "(16, 2)": 0.0009899417049325043,
        "(16, 3)": 0.03635257948967545,
        "(16, 4)": 0.025368259217610687,
        "(16, 5)": 0.0001171391834544282,
        "(16, 6)": 0.1071958870127781,
        "(16, 7)": 0.3834979636751154,
        "(16, 8)": 0.030326251694546526,
        "(16, 9)": 0.08810754438259528,
        "(17, 1)": 0.006132597911338918,
        "(17, 2)": 0.4511859789779712,
        "(17, 3)": 0.009065897674555548,
        "(17, 4)": 0.22992719708602657,
        "(17, 5)": 0.08866632630726885,
        "(17, 6)": 0.012042537303374717,
        "(17, 7)": 0.0035020330176321287,
        "(17, 8)": 0.03725705037633815,
        "(17, 9)": 0.0027757270197590815,
        "(18, 1)": 0.0004763031461371366,
        "(18, 2)": 0.1263443178897189,
        "(18, 3)": 0.04703815899317522,
        "(18, 4)": 0.026663507030344386,
        "(18, 5)": 0.0016953112656449367,
        "(18, 6)": 0.0019002498630945955,
        "(18, 7)": 0.0008527976009254851,
        "(18, 8)": 0.28005459424966433,
        "(18, 9)": 0.04114589848798633,
        "(19, 1)": 0.046406364289146865,
        "(19, 2)": 0.01038757346040381,
        "(19, 3)": 0.016876261762271933,
        "(19, 4)": 0.2104903125584122,
        "(19, 5)": 0.326053728252837,
        "(19, 6)": 0.06959876557022036,
        "(19, 7)": 0.05703913898320388,