{
    "min_scaled_matching_probability": 0.6651904961744862,
    "scaled_matching_probabilities": {
        "(0, 2)": 0.8165420224699396,
        "(0, 3)": 0.7308792086050262,
        "(0, 4)": 0.7477341735771887,
        "(0, 5)": 0.7068606532132947,
        "(0, 6)": 0.7471374162287998,
        "(0, 7)": 0.7951391676898463,
        "(0, 8)": 0.7184927742547683,
        "(0, 9)": 0.8273114434508214,
        "(0, 10)": 0.7591914956689194,
        "(0, 11)": 0.7007595122505975,
        "(0, 12)": 0.8864508311587143,
        "(0, 13)": 0.7429648485609872,
        "(0, 14)": 0.6990866794681555,
        "(0, 15)": 0.7300899796552132,
        "(0, 16)": 0.6651904961744862,
        "(0, 19)": 0.7518669808524671,
        "(0, 20)": 0.7395452445755785
    },
    "matching_probabilities": {
        "(0, 2)": 2.4613006536469246e-06,
        "(0, 3)": 0.0001415583148399781,
        "(0, 4)": 5.00520962542392e-06,
        "(0, 5)": 8.822516044150689e-07,
        "(0, 6)": 0.0306647595079993,
        "(0, 7)": 0.120514514018683,
        "(0, 8)": 0.00013654340829262945,
        "(0, 9)": 0.01663620206964109,
        "(0, 10)": 0.2677309121765832,
        "(0, 11)": 0.011748470997770539,
        "(0, 12)": 1.6187663096601922e-05,
        "(0, 13)": 0.0057567080001068,
        "(0, 14)": 1.861944662276611e-05,
        "(0, 15)": 0.03371227223967536,
        "(0, 16)": 0.0032953854583495264,
        "(0, 19)": 0.0011947504770270453,
        "(0, 20)": 0.26398703084447084
    },
    "matching_counts": {
        "(0, 2)": 0.024613006536469244,
        "(0, 3)": 1.4155831483997812,
        "(0, 4)": 0.0500520962542392,
        "(0, 5)": 0.008822516044150689,
        "(0, 6)": 306.647595079993,
        "(0, 7)": 1205.14514018683,
        "(0, 8)": 1.3654340829262945,
        "(0, 9)": 166.3620206964109,
        "(0, 10)": 2677.3091217658316,
        "(0, 11)": 117.48470997770538,
        "(0, 12)": 0.16187663096601923,
        "(0, 13)": 57.567080001068,
        "(0, 14)": 0.18619446622766112,
        "(0, 15)": 337.1227223967536,
        "(0, 16)": 32.953854583495264,
        "(0, 19)": 11.947504770270452,
        "(0, 20)": 2639.8703084447084
    },
    "average_num_matching_probability_capped": 0.0,
    "average_num_matching_probability_exceeds_one": 0.0,
    "average_num_proposal_matching_probability_exceeds_one": 0.0,
    "simulation_parameters": {
        "graph_file": "nonuniform_star_20_order_0.json",
        "c_guarantee": 0.75,
        "experiment_name": "nonuniform_star_20_order_0_tr_c75_r40_sim10000",
        "average_edge_weight": 0.05,
        "r": 0.4,
        "num_sim_instances": 10000,
        "rounding_scheme_class": "SimpleRecursiveRoundingSchemeForTree",
        "parallel": true
    }
}