{
    "min_scaled_matching_probability": 0.5221404447312216,
    "scaled_matching_probabilities": {
        "(0, 2)": 0.7222200710381285,
        "(0, 3)": 0.5221404447312216,
        "(0, 4)": 0.7457906598097176,
        "(0, 5)": 0.5729753909407715,
        "(0, 6)": 0.7034845175378595,
        "(0, 7)": 0.6798798736477986,
        "(0, 8)": 0.9018218271885845,
        "(0, 9)": 0.7355548804880044,
        "(0, 10)": 0.7063856100826943,
        "(0, 11)": 0.626245642748245,
        "(0, 12)": 0.7375755762046619,
        "(0, 13)": 0.6913299053853862,
        "(0, 14)": 0.7960080966472592,
        "(0, 15)": 0.6816444294810546,
        "(0, 16)": 0.5367079430553202,
        "(0, 19)": 0.7399817915039189,
        "(0, 20)": 0.7237279396086101
    },
    "matching_probabilities": {
        "(0, 2)": 2.176986222394347e-06,
        "(0, 3)": 0.00010112932560637647,
        "(0, 4)": 4.992200063791137e-06,
        "(0, 5)": 7.151458433141987e-07,
        "(0, 6)": 0.028873113672697143,
        "(0, 7)": 0.10304534840334761,
        "(0, 8)": 0.00017138352725222107,
        "(0, 9)": 0.014791091942434312,
        "(0, 10)": 0.24910877534161296,
        "(0, 11)": 0.010499220692243487,
        "(0, 12)": 1.3469021085215021e-05,
        "(0, 13)": 0.005356625424141374,
        "(0, 14)": 2.120084776624387e-05,
        "(0, 15)": 0.03147527457940974,
        "(0, 16)": 0.002658876759509881,
        "(0, 19)": 0.0011758643761536768,
        "(0, 20)": 0.25834090789956865
    },
    "matching_counts": {
        "(0, 2)": 0.021769862223943472,
        "(0, 3)": 1.0112932560637646,
        "(0, 4)": 0.04992200063791138,
        "(0, 5)": 0.007151458433141987,
        "(0, 6)": 288.73113672697144,
        "(0, 7)": 1030.4534840334761,
        "(0, 8)": 1.7138352725222108,
        "(0, 9)": 147.91091942434312,
        "(0, 10)": 2491.0877534161295,
        "(0, 11)": 104.99220692243486,
        "(0, 12)": 0.13469021085215022,
        "(0, 13)": 53.566254241413745,
        "(0, 14)": 0.2120084776624387,
        "(0, 15)": 314.7527457940974,
        "(0, 16)": 26.58876759509881,
        "(0, 19)": 11.758643761536767,
        "(0, 20)": 2583.4090789956867
    },
    "average_num_matching_probability_capped": 0.0,
    "average_num_matching_probability_exceeds_one": 0.0,
    "average_num_proposal_matching_probability_exceeds_one": 0.0,
    "simulation_parameters": {
        "graph_file": "nonuniform_star_20_order_0.json",
        "c_guarantee": 0.7,
        "experiment_name": "nonuniform_star_20_order_0_mc_c70_r90_sim10000",
        "average_edge_weight": 0.05,
        "r": 0.9,
        "num_sim_instances": 10000,
        "rounding_scheme_class": "SimulatedRecursiveRoundingScheme",
        "parallel": true
    }
}