{
    "min_scaled_matching_probability": 0.5648039299542138,
    "scaled_matching_probabilities": {
        "(0, 1)": 0.8787254017509553,
        "(0, 2)": 0.9048201152428139,
        "(0, 3)": 0.8884257992643511,
        "(0, 4)": 0.9108165967126826,
        "(0, 5)": 0.5743611831368234,
        "(0, 6)": 0.8197784847447959,
        "(0, 7)": 0.7844359904613892,
        "(0, 8)": 0.6920650160493861,
        "(0, 9)": 0.9289129693262141,
        "(1, 2)": 0.8559204834526778,
        "(1, 3)": 1.1172398222762543,
        "(1, 4)": 0.8745633061751715,
        "(1, 5)": 0.9505324481348277,
        "(1, 6)": 0.7929308222549163,
        "(1, 7)": 0.7227278387778645,
        "(1, 8)": 1.0207100332436916,
        "(1, 9)": 0.9192260344975827,
        "(2, 3)": 0.8822404913262342,
        "(2, 4)": 0.9789375568410056,
        "(2, 5)": 0.8897221530008611,
        "(2, 6)": 0.9760201869284687,
        "(2, 7)": 0.5648039299542138,
        "(2, 8)": 0.8384903288662251,
        "(2, 9)": 0.882030956660344,
        "(3, 4)": 1.0102525555150657,
        "(3, 5)": 0.8222159708829704,
        "(3, 6)": 0.7213764100822642,
        "(3, 7)": 0.8433101449112343,
        "(3, 8)": 0.9216103176517176,
        "(3, 9)": 0.606332416882438,
        "(4, 5)": 0.958578714876658,
        "(4, 6)": 0.8799368154963779,
        "(4, 7)": 0.8422609726668174,
        "(4, 8)": 0.900398036245656,
        "(4, 9)": 0.9097143642396542,
        "(5, 6)": 0.8878826105243193,
        "(5, 7)": 0.9007374217510947,
        "(5, 8)": 0.9943491780996033,
        "(5, 9)": 0.8521529374657052,
        "(6, 7)": 0.8554874757862639,
        "(6, 8)": 0.908605301680812,
        "(6, 9)": 0.9341615392045013,
        "(7, 8)": 0.8256123899567676,
        "(7, 9)": 0.950668692506996,
        "(8, 9)": 0.8593243373826603
    },
    "matching_probabilities": {
        "(0, 1)": 0.04712913732867644,
        "(0, 2)": 0.057848934209658254,
        "(0, 3)": 0.11252318612162569,
        "(0, 4)": 0.026647186653262104,
        "(0, 5)": 0.04492467394797568,
        "(0, 6)": 0.02441719372555612,
        "(0, 7)": 0.0035147196930840705,
        "(0, 8)": 0.34629983163804057,
        "(0, 9)": 0.0905344835477755,
        "(1, 2)": 0.11362570618260354,
        "(1, 3)": 0.002105278362934222,
        "(1, 4)": 0.20662270258507515,
        "(1, 5)": 0.04790622841302083,
        "(1, 6)": 0.01696729116571689,
        "(1, 7)": 0.18280766299554552,
        "(1, 8)": 0.002151222171170352,
        "(1, 9)": 0.22566333516575438,
        "(2, 3)": 0.236285871514916,
        "(2, 4)": 0.0032533618433340473,
        "(2, 5)": 0.08655797575135166,
        "(2, 6)": 0.07494061455735333,
        "(2, 7)": 0.13354309319205815,
        "(2, 8)": 0.003202346756461895,
        "(2, 9)": 0.008851538528488512,
        "(3, 4)": 0.017196791593444935,
        "(3, 5)": 0.024023148109437793,
        "(3, 6)": 0.007757730661285248,
        "(3, 7)": 0.010434798965732853,
        "(3, 8)": 0.1494856487348911,
        "(3, 9)": 0.15632429112620272,
        "(4, 5)": 0.12201110268735356,
        "(4, 6)": 0.39899986674976545,
        "(4, 7)": 0.0003372533714616891,
        "(4, 8)": 0.008627908301560386,
        "(4, 9)": 0.10955986052101484,
        "(5, 6)": 0.06038448394897446,
        "(5, 7)": 0.3967069648705963,
        "(5, 8)": 0.002049769293434424,
        "(5, 9)": 0.07292521949361108,
        "(6, 7)": 0.0014369087398557637,
        "(6, 8)": 0.2410512844640371,
        "(6, 9)": 0.047204747720353615,
        "(7, 8)": 0.0003317686601206816,
        "(7, 9)": 0.04815437040115046,
        "(8, 9)": 0.044472406173123556
    },
    "matching_counts": {
        "(0, 1)": 471.2913732867644,
        "(0, 2)": 578.4893420965825,
        "(0, 3)": 1125.231861216257,
        "(0, 4)": 266.47186653262105,
        "(0, 5)": 449.2467394797568,
        "(0, 6)": 244.17193725556118,
        "(0, 7)": 35.14719693084071,
        "(0, 8)": 3462.9983163804054,
        "(0, 9)": 905.344835477755,
        "(1, 2)": 1136.2570618260354,
        "(1, 3)": 21.052783629342223,
        "(1, 4)": 2066.2270258507515,
        "(1, 5)": 479.0622841302083,
        "(1, 6)": 169.6729116571689,
        "(1, 7)": 1828.0766299554552,
        "(1, 8)": 21.51222171170352,
        "(1, 9)": 2256.6333516575437,
        "(2, 3)": 2362.85871514916,
        "(2, 4)": 32.53361843334047,
        "(2, 5)": 865.5797575135166,
        "(2, 6)": 749.4061455735333,
        "(2, 7)": 1335.4309319205815,
        "(2, 8)": 32.02346756461895,
        "(2, 9)": 88.51538528488513,
        "(3, 4)": 171.96791593444937,
        "(3, 5)": 240.23148109437793,
        "(3, 6)": 77.57730661285248,
        "(3, 7)": 104.34798965732854,
        "(3, 8)": 1494.8564873489108,
        "(3, 9)": 1563.242911262027,
        "(4, 5)": 1220.1110268735356,
        "(4, 6)": 3989.9986674976544,
        "(4, 7)": 3.3725337146168908,
        "(4, 8)": 86.27908301560386,
        "(4, 9)": 1095.5986052101484,
        "(5, 6)": 603.8448394897446,
        "(5, 7)": 3967.069648705963,
        "(5, 8)": 20.497692934344236,
        "(5, 9)": 729.2521949361108,
        "(6, 7)": 14.369087398557637,
        "(6, 8)": 2410.512844640371,
        "(6, 9)": 472.0474772035362,
        "(7, 8)": 3.317686601206816,
        "(7, 9)": 481.54370401150464,
        "(8, 9)": 444.72406173123557
    },
    "average_num_matching_probability_capped": 0.0,
    "average_num_matching_probability_exceeds_one": 7.7903,
    "average_num_proposal_matching_probability_exceeds_one": 0.1699,
    "simulation_parameters": {
        "graph_file": "nonuniform_complete_10_order_0.json",
        "c_guarantee": 0.9,
        "experiment_name": "nonuniform_complete_10_order_0_mc_c90_r90_sim10000",
        "average_edge_weight": 0.1111111111111111,
        "r": 0.9,
        "num_sim_instances": 10000,
        "rounding_scheme_class": "SimulatedRecursiveRoundingScheme",
        "parallel": true
    }
}