{
    "min_scaled_matching_probability": 0.5692065053559539,
    "scaled_matching_probabilities": {
        "(0, 2)": 0.8397334737380059,
        "(0, 3)": 0.752231857866491,
        "(0, 4)": 0.5692065053559539,
        "(0, 5)": 0.5902414036371729,
        "(0, 6)": 0.6483416150342063,
        "(0, 7)": 0.697533749370907,
        "(0, 8)": 0.6210639186062092,
        "(0, 9)": 0.7688223794123612,
        "(0, 10)": 0.6767408198196445,
        "(0, 11)": 0.6436430818318216,
        "(0, 12)": 0.7176411011721034,
        "(0, 13)": 0.6610969982432703,
        "(0, 14)": 0.6090824933907043,
        "(0, 15)": 0.6795750817047927,
        "(0, 16)": 0.6808442591268328,
        "(0, 19)": 0.9562759133314462,
        "(0, 20)": 0.660466092677146
    },
    "matching_probabilities": {
        "(0, 2)": 2.531206589403236e-06,
        "(0, 3)": 0.0001456939435611606,
        "(0, 4)": 3.8101747654942905e-06,
        "(0, 5)": 7.366960135408255e-07,
        "(0, 6)": 0.026609883633459286,
        "(0, 7)": 0.10572104133833143,
        "(0, 8)": 0.00011802788733961331,
        "(0, 9)": 0.015460059885327351,
        "(0, 10)": 0.23865446074023994,
        "(0, 11)": 0.010790894661609152,
        "(0, 12)": 1.3104993488317318e-05,
        "(0, 13)": 0.005122372055696557,
        "(0, 14)": 1.6222278735416958e-05,
        "(0, 15)": 0.03137972140440951,
        "(0, 16)": 0.003372934946952084,
        "(0, 19)": 0.0015195654719759595,
        "(0, 20)": 0.23575904795297556
    },
    "matching_counts": {
        "(0, 2)": 0.02531206589403236,
        "(0, 3)": 1.4569394356116059,
        "(0, 4)": 0.038101747654942904,
        "(0, 5)": 0.007366960135408255,
        "(0, 6)": 266.0988363345929,
        "(0, 7)": 1057.2104133833143,
        "(0, 8)": 1.1802788733961331,
        "(0, 9)": 154.6005988532735,
        "(0, 10)": 2386.5446074023994,
        "(0, 11)": 107.90894661609151,
        "(0, 12)": 0.13104993488317318,
        "(0, 13)": 51.22372055696557,
        "(0, 14)": 0.1622227873541696,
        "(0, 15)": 313.79721404409514,
        "(0, 16)": 33.72934946952084,
        "(0, 19)": 15.195654719759595,
        "(0, 20)": 2357.5904795297556
    },
    "average_num_matching_probability_capped": 0.0,
    "average_num_matching_probability_exceeds_one": 0.0,
    "average_num_proposal_matching_probability_exceeds_one": 0.0,
    "simulation_parameters": {
        "graph_file": "nonuniform_star_20_order_0.json",
        "c_guarantee": 0.6666666666666666,
        "experiment_name": "nonuniform_star_20_order_0_tr_c66_r90_sim10000",
        "average_edge_weight": 0.05,
        "r": 0.9,
        "num_sim_instances": 10000,
        "rounding_scheme_class": "SimpleRecursiveRoundingSchemeForTree",
        "parallel": true
    }
}