{
    "min_scaled_matching_probability": 0.5001328084021411,
    "scaled_matching_probabilities": {
        "(0, 1)": 0.7040301131678843,
        "(0, 2)": 0.7407013314462648,
        "(0, 3)": 0.6966291188995796,
        "(0, 4)": 0.7970536595295171,
        "(0, 5)": 0.6679003061671368,
        "(0, 6)": 0.6730333165992247,
        "(0, 7)": 0.6201359629727494,
        "(0, 8)": 0.8118984401754951,
        "(0, 9)": 0.7636683644635981,
        "(1, 2)": 0.8209432685028355,
        "(1, 3)": 0.8105616505933011,
        "(1, 4)": 0.6974970134737869,
        "(1, 5)": 0.6704721834245195,
        "(1, 6)": 1.8463544270867511,
        "(1, 7)": 1.1617040985984581,
        "(1, 8)": 0.6908149539271741,
        "(1, 9)": 0.7098351064256333,
        "(2, 3)": 0.6860830277990049,
        "(2, 4)": 0.7688476688286573,
        "(2, 5)": 0.7338714193219819,
        "(2, 6)": 0.67991759181128,
        "(2, 7)": 0.671287279083651,
        "(2, 8)": 0.7885539458153618,
        "(2, 9)": 0.7035553947039398,
        "(3, 4)": 9.308947745195393,
        "(3, 5)": 0.6564720628261971,
        "(3, 6)": 0.7582932742166604,
        "(3, 7)": 0.6087915791168341,
        "(3, 8)": 0.6818102073751248,
        "(3, 9)": 0.5001328084021411,
        "(4, 5)": 0.7134121101623774,
        "(4, 6)": 0.753894764957451,
        "(4, 7)": 0.7140687918445402,
        "(4, 8)": 0.7048427952553445,
        "(4, 9)": 0.686425896313104,
        "(5, 6)": 0.7452108094537868,
        "(5, 7)": 0.7065058330841336,
        "(5, 8)": 0.6060367501050021,
        "(5, 9)": 2.485597358996036,
        "(6, 7)": 0.7180206533188344,
        "(6, 8)": 0.7234343078608579,
        "(6, 9)": 0.7410055889219607,
        "(7, 8)": 0.6639050611053569,
        "(7, 9)": 0.672590187232219,
        "(8, 9)": 0.9658415959285578
    },
    "matching_probabilities": {
        "(0, 1)": 0.03775961389177716,
        "(0, 2)": 0.0473561339651943,
        "(0, 3)": 0.08823126035802735,
        "(0, 4)": 0.023318896158464043,
        "(0, 5)": 0.052241001594921434,
        "(0, 6)": 0.02004637250302163,
        "(0, 7)": 0.0027785620598157123,
        "(0, 8)": 0.40626283169889055,
        "(0, 9)": 0.07442927729670482,
        "(1, 2)": 0.10898238846114339,
        "(1, 3)": 0.0015273872903506108,
        "(1, 4)": 0.16478934909728082,
        "(1, 5)": 0.033791369907191025,
        "(1, 6)": 0.0395086586121127,
        "(1, 7)": 0.2938428547546289,
        "(1, 8)": 0.0014559438005537475,
        "(1, 9)": 0.17425937856655413,
        "(2, 3)": 0.18375004066225142,
        "(2, 4)": 0.0025551575293272168,
        "(2, 5)": 0.07139579958083908,
        "(2, 6)": 0.052205315895200166,
        "(2, 7)": 0.15872017688789514,
        "(2, 8)": 0.0030116306458675126,
        "(2, 9)": 0.00706046384894175,
        "(3, 4)": 0.15845942032463092,
        "(3, 5)": 0.019180514795943526,
        "(3, 6)": 0.008154737112856416,
        "(3, 7)": 0.007532955435729851,
        "(3, 8)": 0.11058995240335155,
        "(3, 9)": 0.12894396632199295,
        "(4, 5)": 0.0908054778189223,
        "(4, 6)": 0.34184717068768544,
        "(4, 7)": 0.00028592338398708035,
        "(4, 8)": 0.00675403406013143,
        "(4, 9)": 0.08266850388905633,
        "(5, 6)": 0.050681441024609315,
        "(5, 7)": 0.3111625851641687,
        "(5, 8)": 0.0012492950649712216,
        "(5, 9)": 0.2127115040131172,
        "(6, 7)": 0.0012060143267469028,
        "(6, 8)": 0.19192576668067016,
        "(6, 9)": 0.03744425392873706,
        "(7, 8)": 0.00026678729056112805,
        "(7, 9)": 0.03406881625474489,
        "(8, 9)": 0.049984968287829876
    },
    "matching_counts": {
        "(0, 1)": 377.5961389177716,
        "(0, 2)": 473.561339651943,
        "(0, 3)": 882.3126035802735,
        "(0, 4)": 233.18896158464042,
        "(0, 5)": 522.4100159492143,
        "(0, 6)": 200.4637250302163,
        "(0, 7)": 27.785620598157124,
        "(0, 8)": 4062.6283169889057,
        "(0, 9)": 744.2927729670482,
        "(1, 2)": 1089.8238846114339,
        "(1, 3)": 15.273872903506108,
        "(1, 4)": 1647.8934909728082,
        "(1, 5)": 337.9136990719103,
        "(1, 6)": 395.086586121127,
        "(1, 7)": 2938.428547546289,
        "(1, 8)": 14.559438005537476,
        "(1, 9)": 1742.5937856655414,
        "(2, 3)": 1837.5004066225142,
        "(2, 4)": 25.55157529327217,
        "(2, 5)": 713.9579958083908,
        "(2, 6)": 522.0531589520017,
        "(2, 7)": 1587.2017688789515,
        "(2, 8)": 30.116306458675126,
        "(2, 9)": 70.6046384894175,
        "(3, 4)": 1584.5942032463092,
        "(3, 5)": 191.80514795943526,
        "(3, 6)": 81.54737112856415,
        "(3, 7)": 75.3295543572985,
        "(3, 8)": 1105.8995240335155,
        "(3, 9)": 1289.4396632199296,
        "(4, 5)": 908.054778189223,
        "(4, 6)": 3418.4717068768546,
        "(4, 7)": 2.8592338398708037,
        "(4, 8)": 67.5403406013143,
        "(4, 9)": 826.6850388905633,
        "(5, 6)": 506.81441024609313,
        "(5, 7)": 3111.6258516416874,
        "(5, 8)": 12.492950649712217,
        "(5, 9)": 2127.115040131172,
        "(6, 7)": 12.060143267469028,
        "(6, 8)": 1919.2576668067015,
        "(6, 9)": 374.44253928737066,
        "(7, 8)": 2.6678729056112807,
        "(7, 9)": 340.6881625474489,
        "(8, 9)": 499.8496828782988
    },
    "average_num_matching_probability_capped": 1.1302,
    "average_num_matching_probability_exceeds_one": 1.1532,
    "average_num_proposal_matching_probability_exceeds_one": 0.8463,
    "simulation_parameters": {
        "graph_file": "nonuniform_complete_10_order_0.json",
        "c_guarantee": 0.7,
        "experiment_name": "nonuniform_complete_10_order_0_si_c70_r80_sim10000",
        "average_edge_weight": 0.1111111111111111,
        "r": 0.8,
        "num_sim_instances": 10000,
        "rounding_scheme_class": "SimpleRecursiveRoundingScheme",
        "parallel": true
    }
}