{
    "min_scaled_matching_probability": 0.608359741432033,
    "scaled_matching_probabilities": {
        "(0, 1)": 0.6700215250313512,
        "(0, 2)": 0.6816386292885015,
        "(0, 3)": 0.6905417495505103,
        "(0, 4)": 0.7037829834629483,
        "(0, 5)": 0.7040375745168637,
        "(0, 6)": 0.649418752350346,
        "(0, 7)": 0.69515899368355,
        "(0, 8)": 0.6986641968834629,
        "(0, 9)": 0.6881945664329004,
        "(1, 2)": 0.6747422083700256,
        "(1, 3)": 0.8440406101802718,
        "(1, 4)": 0.6949541527513319,
        "(1, 5)": 0.663298016779526,
        "(1, 6)": 0.6811062741566687,
        "(1, 7)": 0.7069584396632949,
        "(1, 8)": 0.7723335541087918,
        "(1, 9)": 0.7309704159972219,
        "(2, 3)": 0.670054865087453,
        "(2, 4)": 0.7640824795185184,
        "(2, 5)": 0.6694773734497017,
        "(2, 6)": 0.776652505570423,
        "(2, 7)": 0.6727089912848442,
        "(2, 8)": 0.7370438811786202,
        "(2, 9)": 0.7133081734033359,
        "(3, 4)": 0.6599538449399112,
        "(3, 5)": 0.6283401778468699,
        "(3, 6)": 0.608359741432033,
        "(3, 7)": 0.6572200403422183,
        "(3, 8)": 0.6967320129276094,
        "(3, 9)": 0.675394679680137,
        "(4, 5)": 0.7507546937043554,
        "(4, 6)": 0.662059612590265,
        "(4, 7)": 0.6170318716394383,
        "(4, 8)": 0.7230801404374085,
        "(4, 9)": 0.7344609850284047,
        "(5, 6)": 0.6807791566286172,
        "(5, 7)": 0.6940143864272367,
        "(5, 8)": 0.734210123239686,
        "(5, 9)": 0.7143623310376518,
        "(6, 7)": 0.624994543659932,
        "(6, 8)": 0.7002258059834795,
        "(6, 9)": 0.7032974123703069,
        "(7, 8)": 0.6725306997086964,
        "(7, 9)": 0.6796841357165447,
        "(8, 9)": 0.6825855605023888
    },
    "matching_probabilities": {
        "(0, 1)": 0.03593561356420347,
        "(0, 2)": 0.043580008397459555,
        "(0, 3)": 0.0874602672207011,
        "(0, 4)": 0.02059013482122874,
        "(0, 5)": 0.055067541837623114,
        "(0, 6)": 0.019343010069462565,
        "(0, 7)": 0.0031147079361911805,
        "(0, 8)": 0.34960197111741387,
        "(0, 9)": 0.06707338761518318,
        "(1, 2)": 0.08957381135217617,
        "(1, 3)": 0.0015904735927063558,
        "(1, 4)": 0.16418857754528313,
        "(1, 5)": 0.03342979648942656,
        "(1, 6)": 0.014574447283495214,
        "(1, 7)": 0.17881893190715506,
        "(1, 8)": 0.0016277503022652867,
        "(1, 9)": 0.17944794402128716,
        "(2, 3)": 0.17945730140088662,
        "(2, 4)": 0.0025393210901493222,
        "(2, 5)": 0.06513112668004097,
        "(2, 6)": 0.05963279944866692,
        "(2, 7)": 0.1590563286653653,
        "(2, 8)": 0.002814904359664957,
        "(2, 9)": 0.007158336940317577,
        "(3, 4)": 0.011233912421966726,
        "(3, 5)": 0.01835856963385881,
        "(3, 6)": 0.006542341769480163,
        "(3, 7)": 0.008132190794341437,
        "(3, 8)": 0.1130102766343049,
        "(3, 9)": 0.17412988583765138,
        "(4, 5)": 0.09555856666227057,
        "(4, 6)": 0.30020530173510446,
        "(4, 7)": 0.00024706840962941733,
        "(4, 8)": 0.006928790263011267,
        "(4, 9)": 0.08845352589886217,
        "(5, 6)": 0.04629947424239044,
        "(5, 7)": 0.30566104412630796,
        "(5, 8)": 0.0015135139633963286,
        "(5, 9)": 0.06113342746176355,
        "(6, 7)": 0.0010497641959301967,
        "(6, 8)": 0.1857685946086175,
        "(6, 9)": 0.03553879658928038,
        "(7, 8)": 0.0002702534649995531,
        "(7, 9)": 0.03442814714006105,
        "(8, 9)": 0.03532568667498789
    },
    "matching_counts": {
        "(0, 1)": 359.3561356420347,
        "(0, 2)": 435.80008397459557,
        "(0, 3)": 874.602672207011,
        "(0, 4)": 205.90134821228742,
        "(0, 5)": 550.6754183762312,
        "(0, 6)": 193.43010069462565,
        "(0, 7)": 31.147079361911803,
        "(0, 8)": 3496.0197111741386,
        "(0, 9)": 670.7338761518319,
        "(1, 2)": 895.7381135217616,
        "(1, 3)": 15.904735927063557,
        "(1, 4)": 1641.8857754528312,
        "(1, 5)": 334.2979648942656,
        "(1, 6)": 145.74447283495215,
        "(1, 7)": 1788.1893190715507,
        "(1, 8)": 16.277503022652866,
        "(1, 9)": 1794.4794402128716,
        "(2, 3)": 1794.573014008866,
        "(2, 4)": 25.393210901493223,
        "(2, 5)": 651.3112668004096,
        "(2, 6)": 596.3279944866692,
        "(2, 7)": 1590.5632866536528,
        "(2, 8)": 28.149043596649573,
        "(2, 9)": 71.58336940317577,
        "(3, 4)": 112.33912421966726,
        "(3, 5)": 183.5856963385881,
        "(3, 6)": 65.42341769480163,
        "(3, 7)": 81.32190794341437,
        "(3, 8)": 1130.1027663430489,
        "(3, 9)": 1741.2988583765139,
        "(4, 5)": 955.5856666227057,
        "(4, 6)": 3002.0530173510447,
        "(4, 7)": 2.4706840962941734,
        "(4, 8)": 69.28790263011267,
        "(4, 9)": 884.5352589886218,
        "(5, 6)": 462.9947424239044,
        "(5, 7)": 3056.6104412630793,
        "(5, 8)": 15.135139633963286,
        "(5, 9)": 611.3342746176355,
        "(6, 7)": 10.497641959301967,
        "(6, 8)": 1857.685946086175,
        "(6, 9)": 355.3879658928038,
        "(7, 8)": 2.702534649995531,
        "(7, 9)": 344.28147140061054,
        "(8, 9)": 353.25686674987884
    },
    "average_num_matching_probability_capped": 0.0,
    "average_num_matching_probability_exceeds_one": 0.0,
    "average_num_proposal_matching_probability_exceeds_one": 0.0,
    "simulation_parameters": {
        "graph_file": "nonuniform_complete_10_order_0.json",
        "c_guarantee": 0.7,
        "experiment_name": "nonuniform_complete_10_order_0_mc_c70_r60_sim10000",
        "average_edge_weight": 0.1111111111111111,
        "r": 0.6,
        "num_sim_instances": 10000,
        "rounding_scheme_class": "SimulatedRecursiveRoundingScheme",
        "parallel": true
    }
}