{
    "min_scaled_matching_probability": 1.738441757526555e-09,
    "scaled_matching_probabilities": {
        "(0, 10)": 0.0776364259982702,
        "(0, 11)": 0.5498643995923315,
        "(0, 12)": 19.557543597421454,
        "(0, 13)": 0.2601359341994206,
        "(0, 14)": 0.18172294128941338,
        "(0, 15)": 1.5674398783113295,
        "(0, 16)": 0.007042442619641738,
        "(0, 17)": 0.9781477778087333,
        "(0, 18)": 0.18289186346279446,
        "(0, 19)": 0.19232495430183352,
        "(10, 1)": 0.4776652444230727,
        "(10, 2)": 2.359189828014035,
        "(10, 3)": 0.12206294538842474,
        "(10, 4)": 0.9983386257978984,
        "(10, 5)": 0.15078953904737347,
        "(10, 6)": 0.2255118018726582,
        "(10, 7)": 0.46965083304968824,
        "(10, 8)": 0.292783822574327,
        "(10, 9)": 0.18569018296334816,
        "(11, 1)": 0.1906346706287836,
        "(11, 2)": 0.5497123106441503,
        "(11, 3)": 2.5714521043606346,
        "(11, 4)": 0.8719685815296331,
        "(11, 5)": 1.3053738815824363,
        "(11, 6)": 0.6270431416313804,
        "(11, 7)": 24.736385194186713,
        "(11, 8)": 0.03216871234413534,
        "(11, 9)": 0.6113952093846006,
        "(12, 1)": 0.14195960265664886,
        "(12, 2)": 0.2012096924041817,
        "(12, 3)": 0.24496276795473867,
        "(12, 4)": 0.26700260710823215,
        "(12, 5)": 29.401826971118464,
        "(12, 6)": 0.26536071393845284,
        "(12, 7)": 0.3330155874932387,
        "(12, 8)": 0.12498322582428734,
        "(12, 9)": 1.0435345807096463,
        "(13, 1)": 0.3062918421118729,
        "(13, 2)": 0.3325885039612557,
        "(13, 3)": 0.709039956321906,
        "(13, 4)": 0.6060474502959156,
        "(13, 5)": 0.0033032406265540537,
        "(13, 6)": 0.1618014511882486,
        "(13, 7)": 0.32447431515107583,
        "(13, 8)": 8.975920234372072,
        "(13, 9)": 0.5253041966666114,
        "(14, 1)": 0.9025488742471157,
        "(14, 2)": 0.48278924908106163,
        "(14, 3)": 0.05041944919627134,
        "(14, 4)": 0.17725107703546925,
        "(14, 5)": 0.005191207992562747,
        "(14, 6)": 0.17042464877722516,
        "(14, 7)": 0.5874781887092023,
        "(14, 8)": 0.33051359056607643,
        "(14, 9)": 0.01616657474703361,
        "(15, 1)": 0.6565856888760848,
        "(15, 2)": 0.16374302448920586,
        "(15, 3)": 0.00021698645416435395,
        "(15, 4)": 0.4799300223261341,
        "(15, 5)": 0.516049180250235,
        "(15, 6)": 0.4130706175794531,
        "(15, 7)": 0.050315174377102596,
        "(15, 8)": 2.075828179256295,
        "(15, 9)": 14.97017843608207,
        "(16, 1)": 0.7134194039243219,
        "(16, 2)": 0.26801370130905827,
        "(16, 3)": 19.542164633319832,
        "(16, 4)": 0.006876328177874608,
        "(16, 5)": 0.6036184358940302,
        "(16, 6)": 0.23003738423148037,
        "(16, 7)": 0.21833706490831586,
        "(16, 8)": 0.012708198942347716,
        "(16, 9)": 0.7904813485879372,
        "(17, 1)": 2.630954633729603,
        "(17, 2)": 0.10603641355342329,
        "(17, 3)": 0.5458095916473326,
        "(17, 4)": 0.1381780081758894,
        "(17, 5)": 0.09622289101688404,
        "(17, 6)": 1.8551240071470594,
        "(17, 7)": 2.1295856017903136,
        "(17, 8)": 0.5393745258420766,
        "(17, 9)": 0.05190599245522494,
        "(18, 1)": 0.3117748301993893,
        "(18, 2)": 0.45885831918535275,
        "(18, 3)": 6.664571132675237,
        "(18, 4)": 0.10627472800668752,
        "(18, 5)": 0.7073772832339433,
        "(18, 6)": 50.99502090051809,
        "(18, 7)": 1.0836233683466254,
        "(18, 8)": 0.0871253989618033,
        "(18, 9)": 0.3297584076458911,
        "(19, 1)": 0.08980442548324684,
        "(19, 2)": 1.8296320377022086,
        "(19, 3)": 1.2590735264101092,
        "(19, 4)": 0.2387238849945954,
        "(19, 5)": 0.259110859803417,
        "(19, 6)": 1.738441757526555e-09,
        "(19, 7)": 1.020904113788411,
        "(19, 8)": 13.32714362576537,
        "(19, 9)": 0.5602393451180566
    },
    "matching_probabilities": {
        "(0, 10)": 0.00010102763250825228,
        "(0, 11)": 0.11128697854627172,
        "(0, 12)": 0.015290010700546156,
        "(0, 13)": 0.0017097018570754372,
        "(0, 14)": 0.006947628056569835,
        "(0, 15)": 0.007286305357141871,
        "(0, 16)": 0.000851344158757201,
        "(0, 17)": 0.14670808708091915,
        "(0, 18)": 0.08589819203007526,
        "(0, 19)": 0.0009393281700145581,
        "(10, 1)": 0.004004360578628134,
        "(10, 2)": 0.016144089618374782,
        "(10, 3)": 0.00019416501007905027,
        "(10, 4)": 0.15307712423309064,
        "(10, 5)": 0.0020999662783786925,
        "(10, 6)": 0.043386384894416354,
        "(10, 7)": 0.023770398351497163,
        "(10, 8)": 0.0985035516422242,
        "(10, 9)": 0.03484602355730493,
        "(11, 1)": 0.11796503669688942,
        "(11, 2)": 0.024542434085684014,
        "(11, 3)": 0.0004235002672417168,
        "(11, 4)": 0.00028004156030022985,
        "(11, 5)": 0.009312665924907,
        "(11, 6)": 0.010888716617811689,
        "(11, 7)": 0.03695640537905335,
        "(11, 8)": 0.0005890865936952424,
        "(11, 9)": 0.05461138093600998,
        "(12, 1)": 0.0002487958010901844,
        "(12, 2)": 0.03052606744259279,
        "(12, 3)": 0.11630634239601195,
        "(12, 4)": 0.0026346175390764975,
        "(12, 5)": 0.005532123882406059,
        "(12, 6)": 0.011102121799394427,
        "(12, 7)": 0.014037025299352036,
        "(12, 8)": 0.018734717510593947,
        "(12, 9)": 0.11092192458336957,
        "(13, 1)": 0.029796910685523405,
        "(13, 2)": 0.0003050463491923082,
        "(13, 3)": 0.0009224911115586098,
        "(13, 4)": 0.06958367226275727,
        "(13, 5)": 9.087141144724863e-06,
        "(13, 6)": 0.06262629242580761,
        "(13, 7)": 0.08704756689071208,
        "(13, 8)": 0.039645862587532145,
        "(13, 9)": 0.012860405591995876,
        "(14, 1)": 0.14782256280221306,
        "(14, 2)": 0.01782730032480512,
        "(14, 3)": 0.004620389169486576,
        "(14, 4)": 0.04420667991270606,
        "(14, 5)": 0.0004974057426903247,
        "(14, 6)": 0.001534017385923043,
        "(14, 7)": 0.007786931405078768,
        "(14, 8)": 0.0034399338198616114,
        "(14, 9)": 0.004458966753390216,
        "(15, 1)": 0.011329941367012241,
        "(15, 2)": 0.008288231056660619,
        "(15, 3)": 6.303804206434124e-05,
        "(15, 4)": 0.0057614994750582954,
        "(15, 5)": 0.2643711945775759,
        "(15, 6)": 0.03927842923430721,
        "(15, 7)": 0.0006499700700971088,
        "(15, 8)": 0.0011412073092521963,
        "(15, 9)": 0.031770273516264644,
        "(16, 1)": 0.012020029782531999,
        "(16, 2)": 0.00038293519754674556,
        "(16, 3)": 0.13135639268957772,
        "(16, 4)": 0.00024189803109547344,
        "(16, 5)": 0.00012112040825863865,
        "(16, 6)": 0.02884054405173595,
        "(16, 7)": 0.11302484148583503,
        "(16, 8)": 0.0005234131835877442,
        "(16, 9)": 0.09034174100716394,
        "(17, 1)": 0.022252712472755776,
        "(17, 2)": 0.06660884493994125,
        "(17, 3)": 0.055186686294789546,
        "(17, 4)": 0.0038831951538772173,
        "(17, 5)": 2.9464532967349193e-05,
        "(17, 6)": 0.029824342110659756,
        "(17, 7)": 0.009442483468838057,
        "(17, 8)": 0.029469667952147324,
        "(17, 9)": 0.00024305036575414607,
        "(18, 1)": 0.00021956594092774524,
        "(18, 2)": 0.029036553848198695,
        "(18, 3)": 0.03872808658642245,
        "(18, 4)": 0.0011619527961577458,
        "(18, 5)": 0.0019012869751589352,
        "(18, 6)": 0.15078049301776902,
        "(18, 7)": 0.0013136717466644997,
        "(18, 8)": 0.03291519016463592,
        "(18, 9)": 0.019847747134946078,
        "(19, 1)": 0.005910733978025082,
        "(19, 2)": 0.027393681341536972,
        "(19, 3)": 0.03008844176682445,
        "(19, 4)": 0.06908082473924718,