{
    "min_scaled_matching_probability": 0.19591732867467757,
    "scaled_matching_probabilities": {
        "(0, 10)": 0.814226688257495,
        "(0, 11)": 0.7576664748643,
        "(0, 12)": 147.0352880296788,
        "(0, 13)": 0.8412885739300592,
        "(0, 14)": 0.8324114208813947,
        "(0, 15)": 0.8949590476572615,
        "(0, 16)": 0.8615544718946637,
        "(0, 17)": 0.7017678254797939,
        "(0, 18)": 0.7558330988513591,
        "(0, 19)": 0.716919242313001,
        "(10, 1)": 0.689238160591247,
        "(10, 2)": 4.334097581471804,
        "(10, 3)": 0.6713771650510683,
        "(10, 4)": 0.7380529319030807,
        "(10, 5)": 0.6402199137299299,
        "(10, 6)": 1.049947457399028,
        "(10, 7)": 0.5881261861230772,
        "(10, 8)": 0.7821708579087439,
        "(10, 9)": 0.9044062612766073,
        "(11, 1)": 0.8039648349593195,
        "(11, 2)": 0.7859840632997845,
        "(11, 3)": 0.876709775962163,
        "(11, 4)": 1.0549813571858737,
        "(11, 5)": 0.6615182612810442,
        "(11, 6)": 0.729296535368827,
        "(11, 7)": 0.8419159422057397,
        "(11, 8)": 0.7369040217573888,
        "(11, 9)": 1.8558197739167333,
        "(12, 1)": 11.96706143648492,
        "(12, 2)": 0.19591732867467757,
        "(12, 3)": 0.7278639771087253,
        "(12, 4)": 0.7441955567852413,
        "(12, 5)": 0.6797968954990008,
        "(12, 6)": 0.6988077069029912,
        "(12, 7)": 0.8138961570049346,
        "(12, 8)": 0.8614726611048483,
        "(12, 9)": 0.7509230587590113,
        "(13, 1)": 0.33511256230785447,
        "(13, 2)": 0.33627990442709094,
        "(13, 3)": 0.7374311201315108,
        "(13, 4)": 0.7523306380362894,
        "(13, 5)": 0.8711306537660932,
        "(13, 6)": 0.6596382019642641,
        "(13, 7)": 0.8161191404807195,
        "(13, 8)": 0.8091568306096872,
        "(13, 9)": 0.8809050175515901,
        "(14, 1)": 0.735768323310433,
        "(14, 2)": 4.7468462436077115,
        "(14, 3)": 1.2912391635922635,
        "(14, 4)": 0.7885765489726432,
        "(14, 5)": 0.7811097148407111,
        "(14, 6)": 1.005123130933857,
        "(14, 7)": 0.793978622407799,
        "(14, 8)": 9.481154801396402,
        "(14, 9)": 0.3777266606899582,
        "(15, 1)": 1.1452243782226417,
        "(15, 2)": 0.7538701442320336,
        "(15, 3)": 0.7958114357894981,
        "(15, 4)": 0.8374927506407052,
        "(15, 5)": 0.7696836189019922,
        "(15, 6)": 1.8018776429554177,
        "(15, 7)": 0.8109774924170473,
        "(15, 8)": 66.08515775858835,
        "(15, 9)": 0.6934858827782293,
        "(16, 1)": 2.6359868474476538,
        "(16, 2)": 0.779899831582069,
        "(16, 3)": 3.954764089641229,
        "(16, 4)": 0.8414261461658132,
        "(16, 5)": 0.7286569751294415,
        "(16, 6)": 0.7079305683587432,
        "(16, 7)": 0.6607043219142508,
        "(16, 8)": 0.6925463868189101,
        "(16, 9)": 0.7248763716280987,
        "(17, 1)": 0.9882541154696014,
        "(17, 2)": 0.7500633052683773,
        "(17, 3)": 1.8823203309231407,
        "(17, 4)": 0.4532667576516028,
        "(17, 5)": 0.7517102478810315,
        "(17, 6)": 0.7306702830843185,
        "(17, 7)": 26.464821092661143,
        "(17, 8)": 0.7628228038188021,
        "(17, 9)": 6.153703212195733,
        "(18, 1)": 5.684602497516111,
        "(18, 2)": 2.6555929393555084,
        "(18, 3)": 0.7462753891601351,
        "(18, 4)": 6.611792326420938,
        "(18, 5)": 27.652412052016736,
        "(18, 6)": 0.8451393886722066,
        "(18, 7)": 0.4786539411996457,
        "(18, 8)": 0.6015760552251865,
        "(18, 9)": 0.7374577756996079,
        "(19, 1)": 3.1370316177071342,
        "(19, 2)": 0.6049843607860115,
        "(19, 3)": 0.8034840115899903,
        "(19, 4)": 0.8129553497117755,
        "(19, 5)": 0.47595457075840614,
        "(19, 6)": 0.7492892407508857,
        "(19, 7)": 0.609611504223735,
        "(19, 8)": 11.95125628868815,
        "(19, 9)": 0.8167344498596352
    },
    "matching_probabilities": {
        "(0, 10)": 0.0010595463866603326,
        "(0, 11)": 0.15334401135255565,
        "(0, 12)": 0.11495161016172212,
        "(0, 13)": 0.00552923471188692,
        "(0, 14)": 0.03182473770944657,
        "(0, 15)": 0.004160252009405928,
        "(0, 16)": 0.10415127345914825,
        "(0, 17)": 0.10525507248170497,
        "(0, 18)": 0.3549895300893387,
        "(0, 19)": 0.0035014823862806175,
        "(10, 1)": 0.005778017454234613,
        "(10, 2)": 0.029658511976953957,
        "(10, 3)": 0.0010679568119887981,
        "(10, 4)": 0.11316703313690671,
        "(10, 5)": 0.008916004638471548,
        "(10, 6)": 0.20200017971277226,
        "(10, 7)": 0.029766781492354448,
        "(10, 8)": 0.2631518600229269,
        "(10, 9)": 0.1697179753010379,
        "(11, 1)": 0.4974947156577985,
        "(11, 2)": 0.03509101341268703,
        "(11, 3)": 0.0001443879992101655,
        "(11, 4)": 0.0003388179707527065,
        "(11, 5)": 0.0047193364732161305,
        "(11, 6)": 0.012664365139729683,
        "(11, 7)": 0.0012578307869556906,
        "(11, 8)": 0.013494487296024007,
        "(11, 9)": 0.16576655993748998,
        "(12, 1)": 0.020973252820289362,
        "(12, 2)": 0.029723148605993954,
        "(12, 3)": 0.3455839336162792,
        "(12, 4)": 0.007343264126310268,
        "(12, 5)": 0.0001279077196280928,
        "(12, 6)": 0.02923661216178353,
        "(12, 7)": 0.03430674531760656,
        "(12, 8)": 0.12913290437541797,
        "(12, 9)": 0.07981894652205683,
        "(13, 1)": 0.03260066941331368,
        "(13, 2)": 0.0003084320592276767,
        "(13, 3)": 0.0009594292220665517,
        "(13, 4)": 0.08637925714362343,
        "(13, 5)": 0.0023964609609827335,
        "(13, 6)": 0.2553172090118329,
        "(13, 7)": 0.21894240053703165,
        "(13, 8)": 0.0035739756682852124,
        "(13, 9)": 0.02156616277887383,
        "(14, 1)": 0.12050666981459932,
        "(14, 2)": 0.1752803189829507,
        "(14, 3)": 0.11832789809849419,
        "(14, 4)": 0.19667215381785352,
        "(14, 5)": 0.07484355440768356,
        "(14, 6)": 0.009047261466628822,
        "(14, 7)": 0.010524062320292949,
        "(14, 8)": 0.09867837808668405,
        "(14, 9)": 0.10418228030614066,
        "(15, 1)": 0.019761815216451314,
        "(15, 2)": 0.038158877067310144,
        "(15, 3)": 0.23119597468782177,
        "(15, 4)": 0.01005399499659265,
        "(15, 5)": 0.39430772407630177,
        "(15, 6)": 0.17133855683669214,
        "(15, 7)": 0.010476185447413718,
        "(15, 8)": 0.03633097662938801,
        "(15, 9)": 0.0014717417210224494,
        "(16, 1)": 0.04441236142218032,
        "(16, 2)": 0.0011143127930208522,
        "(16, 3)": 0.02658270230043106,
        "(16, 4)": 0.02960000203665001,
        "(16, 5)": 0.00014621029620718302,
        "(16, 6)": 0.08875558557810598,
        "(16, 7)": 0.34202164110212924,
        "(16, 8)": 0.028523940390888233,
        "(16, 9)": 0.08284394507829851,
        "(17, 1)": 0.008358690187822825,
        "(17, 2)": 0.471166920131544,
        "(17, 3)": 0.1903209895880317,
        "(17, 4)": 0.012738085459198752,
        "(17, 5)": 0.00023018214425399544,
        "(17, 6)": 0.011746794504757787,
        "(17, 7)": 0.11734378531819871,
        "(17, 8)": 0.04167815433954712,
        "(17, 9)": 0.02881478121734827,
        "(18, 1)": 0.00400335426490044,
        "(18, 2)": 0.16804591778872097,
        "(18, 3)": 0.004336635818471382,
        "(18, 4)": 0.0722899105497188,
        "(18, 5)": 0.07432408717716732,
        "(18, 6)": 0.002498881879886367,
        "(18, 7)": 0.0005802700249469417,
        "(18, 8)": 0.22727000957446977,
        "(18, 9)": 0.044386663434229444,
        "(19, 1)": 0.2064726685031755,
        "(19, 2)": 0.00905796818949386,
        "(19, 3)": 0.01920108824957168,
        "(19, 4)": 0.23524929663214886,
        "(19, 5)": 0.17351738072287573,
        "(19, 6)": 0.07845688462370932,
        "(19, 7)": 0.04734227139951175,