{
    "min_scaled_matching_probability": 0.6046831937397154,
    "scaled_matching_probabilities": {
        "(0, 2)": 0.76242691075413,
        "(0, 3)": 0.7153829828325745,
        "(0, 4)": 0.6180777269025761,
        "(0, 5)": 0.6632505016113842,
        "(0, 6)": 0.6567913363947971,
        "(0, 7)": 0.6954693858446426,
        "(0, 8)": 0.6329186070391485,
        "(0, 9)": 0.7114941176082107,
        "(0, 10)": 0.6764722458449335,
        "(0, 11)": 0.6398740059440255,
        "(0, 12)": 0.7997079273424201,
        "(0, 13)": 0.6739423421433227,
        "(0, 14)": 0.6299748882059468,
        "(0, 15)": 0.6779572625547141,
        "(0, 16)": 0.6046831937397154,
        "(0, 19)": 0.7115890525097732,
        "(0, 20)": 0.6610328989274086
    },
    "matching_probabilities": {
        "(0, 2)": 2.2981816026084926e-06,
        "(0, 3)": 0.00013855697127882402,
        "(0, 4)": 4.137310687771524e-06,
        "(0, 5)": 8.278206128969145e-07,
        "(0, 6)": 0.026956685530679186,
        "(0, 7)": 0.10540815803785404,
        "(0, 8)": 0.00012028076951307658,
        "(0, 9)": 0.014307259987265954,
        "(0, 10)": 0.23855974740948413,
        "(0, 11)": 0.010727704825464148,
        "(0, 12)": 1.460363287897138e-05,
        "(0, 13)": 0.0052219015208344825,
        "(0, 14)": 1.677872594219267e-05,
        "(0, 15)": 0.03130501779096207,
        "(0, 16)": 0.002995629394914733,
        "(0, 19)": 0.001130747035824542,
        "(0, 20)": 0.23596137431524808
    },
    "matching_counts": {
        "(0, 2)": 0.022981816026084925,
        "(0, 3)": 1.3855697127882403,
        "(0, 4)": 0.04137310687771524,
        "(0, 5)": 0.008278206128969144,
        "(0, 6)": 269.56685530679187,
        "(0, 7)": 1054.0815803785404,
        "(0, 8)": 1.2028076951307658,
        "(0, 9)": 143.07259987265954,
        "(0, 10)": 2385.5974740948413,
        "(0, 11)": 107.27704825464147,
        "(0, 12)": 0.1460363287897138,
        "(0, 13)": 52.21901520834483,
        "(0, 14)": 0.1677872594219267,
        "(0, 15)": 313.0501779096207,
        "(0, 16)": 29.95629394914733,
        "(0, 19)": 11.30747035824542,
        "(0, 20)": 2359.6137431524808
    },
    "average_num_matching_probability_capped": 0.0,
    "average_num_matching_probability_exceeds_one": 0.0,
    "average_num_proposal_matching_probability_exceeds_one": 0.0,
    "simulation_parameters": {
        "graph_file": "nonuniform_star_20_order_0.json",
        "c_guarantee": 0.6666666666666666,
        "experiment_name": "nonuniform_star_20_order_0_tr_c66_r50_sim10000",
        "average_edge_weight": 0.05,
        "r": 0.5,
        "num_sim_instances": 10000,
        "rounding_scheme_class": "SimpleRecursiveRoundingSchemeForTree",
        "parallel": true
    }
}