{
    "min_scaled_matching_probability": 0.48183177758078355,
    "scaled_matching_probabilities": {
        "(0, 1)": 0.6476254862417091,
        "(0, 2)": 0.692788333832517,
        "(0, 3)": 0.6623066599160762,
        "(0, 4)": 0.7357312413630038,
        "(0, 5)": 0.8003667484648099,
        "(0, 6)": 0.6287448188471069,
        "(0, 7)": 0.5876332528953249,
        "(0, 8)": 0.7360632563635267,
        "(0, 9)": 0.7038579792235423,
        "(1, 2)": 0.7696939041792593,
        "(1, 3)": 0.7295462541014789,
        "(1, 4)": 0.6636240346406835,
        "(1, 5)": 0.6611802589413063,
        "(1, 6)": 2.308823924995534,
        "(1, 7)": 1.18780017450613,
        "(1, 8)": 0.6368039439608532,
        "(1, 9)": 0.6506151220174805,
        "(2, 3)": 0.6483577663451875,
        "(2, 4)": 0.738165049098565,
        "(2, 5)": 0.6778734854194589,
        "(2, 6)": 0.6581222163021475,
        "(2, 7)": 0.729601534662643,
        "(2, 8)": 0.7347553332035108,
        "(2, 9)": 0.6948330565890652,
        "(3, 4)": 10.828374375319791,
        "(3, 5)": 0.6466741430295326,
        "(3, 6)": 0.7149062291968368,
        "(3, 7)": 0.5984514569003466,
        "(3, 8)": 0.6513527556108386,
        "(3, 9)": 0.48183177758078355,
        "(4, 5)": 0.6881468873400961,
        "(4, 6)": 0.6897755117798761,
        "(4, 7)": 0.7580473052269598,
        "(4, 8)": 0.6726876137607468,
        "(4, 9)": 0.6594783436043159,
        "(5, 6)": 0.7308133057747499,
        "(5, 7)": 0.6429896408643143,
        "(5, 8)": 0.5923667397212488,
        "(5, 9)": 2.7964302785588675,
        "(6, 7)": 0.5982664674530564,
        "(6, 8)": 0.6984900393399575,
        "(6, 9)": 0.6961831684411264,
        "(7, 8)": 0.6764705310145938,
        "(7, 9)": 0.6370847875421117,
        "(8, 9)": 0.8519557796107565
    },
    "matching_probabilities": {
        "(0, 1)": 0.034734435146426774,
        "(0, 2)": 0.044292855640528185,
        "(0, 3)": 0.08388416413057588,
        "(0, 4)": 0.02152482485057379,
        "(0, 5)": 0.06260209824280139,
        "(0, 6)": 0.018727234651088415,
        "(0, 7)": 0.002632931419996989,
        "(0, 8)": 0.36831594697375586,
        "(0, 9)": 0.06859998809813798,
        "(1, 2)": 0.10217889990670943,
        "(1, 3)": 0.001374725383839551,
        "(1, 4)": 0.15678658202291992,
        "(1, 5)": 0.0333230628466979,
        "(1, 6)": 0.04940467274858747,
        "(1, 7)": 0.30044362809429004,
        "(1, 8)": 0.0013421115873466177,
        "(1, 9)": 0.15972130121835118,
        "(2, 3)": 0.1736462805555901,
        "(2, 4)": 0.0024531881405895615,
        "(2, 5)": 0.06594795523020429,
        "(2, 6)": 0.0505318271118351,
        "(2, 7)": 0.17250808744269974,
        "(2, 8)": 0.0028061639795642006,
        "(2, 9)": 0.006972931646926251,
        "(3, 4)": 0.18432351040501474,
        "(3, 5)": 0.018894243442947434,
        "(3, 6)": 0.00768814989881865,
        "(3, 7)": 0.007405010696464901,
        "(3, 8)": 0.1056497386833088,
        "(3, 9)": 0.12422560459438271,
        "(4, 5)": 0.08758963581414247,
        "(4, 6)": 0.31277284055011184,
        "(4, 7)": 0.00030353301139642404,
        "(4, 8)": 0.006445912600302159,
        "(4, 9)": 0.07942312244603039,
        "(5, 6)": 0.04970227348657328,
        "(5, 7)": 0.2831884883550492,
        "(5, 8)": 0.001221115459514012,
        "(5, 9)": 0.2393118452058291,
        "(6, 7)": 0.0010048707201187686,
        "(6, 8)": 0.18530809896966755,
        "(6, 9)": 0.03517930192395301,
        "(7, 8)": 0.00027183666865463336,
        "(7, 9)": 0.03227035567495069,
        "(8, 9)": 0.0440910629713933
    },
    "matching_counts": {
        "(0, 1)": 347.34435146426773,
        "(0, 2)": 442.9285564052819,
        "(0, 3)": 838.8416413057588,
        "(0, 4)": 215.2482485057379,
        "(0, 5)": 626.0209824280139,
        "(0, 6)": 187.27234651088415,
        "(0, 7)": 26.32931419996989,
        "(0, 8)": 3683.1594697375585,
        "(0, 9)": 685.9998809813799,
        "(1, 2)": 1021.7889990670943,
        "(1, 3)": 13.747253838395512,
        "(1, 4)": 1567.8658202291992,
        "(1, 5)": 333.230628466979,
        "(1, 6)": 494.0467274858747,
        "(1, 7)": 3004.4362809429003,
        "(1, 8)": 13.421115873466178,
        "(1, 9)": 1597.2130121835119,
        "(2, 3)": 1736.462805555901,
        "(2, 4)": 24.531881405895614,
        "(2, 5)": 659.4795523020429,
        "(2, 6)": 505.318271118351,
        "(2, 7)": 1725.0808744269973,
        "(2, 8)": 28.061639795642005,
        "(2, 9)": 69.72931646926251,
        "(3, 4)": 1843.2351040501474,
        "(3, 5)": 188.94243442947433,
        "(3, 6)": 76.8814989881865,
        "(3, 7)": 74.050106964649,
        "(3, 8)": 1056.497386833088,
        "(3, 9)": 1242.256045943827,
        "(4, 5)": 875.8963581414247,
        "(4, 6)": 3127.7284055011182,
        "(4, 7)": 3.0353301139642404,
        "(4, 8)": 64.4591260030216,
        "(4, 9)": 794.2312244603039,
        "(5, 6)": 497.0227348657328,
        "(5, 7)": 2831.884883550492,
        "(5, 8)": 12.211154595140119,
        "(5, 9)": 2393.118452058291,
        "(6, 7)": 10.048707201187685,
        "(6, 8)": 1853.0809896966755,
        "(6, 9)": 351.79301923953005,
        "(7, 8)": 2.7183666865463336,
        "(7, 9)": 322.70355674950696,
        "(8, 9)": 440.910629713933
    },
    "average_num_matching_probability_capped": 0.8226,
    "average_num_matching_probability_exceeds_one": 0.9738,
    "average_num_proposal_matching_probability_exceeds_one": 0.8762,
    "simulation_parameters": {
        "graph_file": "nonuniform_complete_10_order_0.json",
        "c_guarantee": 0.6666666666666666,
        "experiment_name": "nonuniform_complete_10_order_0_si_c66_r70_sim10000",
        "average_edge_weight": 0.1111111111111111,
        "r": 0.7,
        "num_sim_instances": 10000,
        "rounding_scheme_class": "SimpleRecursiveRoundingScheme",
        "parallel": true
    }
}