{
    "min_scaled_matching_probability": 0.0,
    "scaled_matching_probabilities": {
        "(0, 2)": 1.0865345061248601,
        "(0, 3)": 0.0,
        "(0, 4)": 1.0902550111773897,
        "(0, 5)": 0.0,
        "(0, 6)": 1.0083249798093261,
        "(0, 7)": 0.9955191195714762,
        "(0, 8)": 1.1179282630423197,
        "(0, 9)": 1.3531023956281734,
        "(0, 10)": 1.0146511625265846,
        "(0, 11)": 0.9607836530989733,
        "(0, 12)": 1.1163948437525164,
        "(0, 13)": 0.9769938676676666,
        "(0, 14)": 0.9352063491502887,
        "(0, 15)": 0.9715056827251135,
        "(0, 16)": 1.0149164881755213,
        "(0, 19)": 0.0,
        "(0, 20)": 0.9885506883669923
    },
    "matching_probabilities": {
        "(0, 2)": 3.275138347498225e-06,
        "(0, 3)": 0.0,
        "(0, 4)": 7.297987799601901e-06,
        "(0, 5)": 0.0,
        "(0, 6)": 0.0413846801674465,
        "(0, 7)": 0.15088491143007202,
        "(0, 8)": 0.00021245270757355077,
        "(0, 9)": 0.027209202837436452,
        "(0, 10)": 0.35781944718034636,
        "(0, 11)": 0.016107863947951273,
        "(0, 12)": 2.0386718561509947e-05,
        "(0, 13)": 0.0075700329900547985,
        "(0, 14)": 2.4908248448565892e-05,
        "(0, 15)": 0.0448597638251216,
        "(0, 16)": 0.00502794471028563,
        "(0, 19)": 0.0,
        "(0, 20)": 0.3528716640062048
    },
    "matching_counts": {
        "(0, 2)": 0.03275138347498225,
        "(0, 3)": 0,
        "(0, 4)": 0.07297987799601902,
        "(0, 5)": 0,
        "(0, 6)": 413.846801674465,
        "(0, 7)": 1508.8491143007202,
        "(0, 8)": 2.1245270757355077,
        "(0, 9)": 272.09202837436453,
        "(0, 10)": 3578.194471803464,
        "(0, 11)": 161.07863947951273,
        "(0, 12)": 0.20386718561509948,
        "(0, 13)": 75.70032990054798,
        "(0, 14)": 0.24908248448565892,
        "(0, 15)": 448.597638251216,
        "(0, 16)": 50.2794471028563,
        "(0, 19)": 0,
        "(0, 20)": 3528.7166400620476
    },
    "average_num_matching_probability_capped": 0.0,
    "average_num_matching_probability_exceeds_one": 0.0,
    "average_num_proposal_matching_probability_exceeds_one": 0.0407,
    "simulation_parameters": {
        "graph_file": "nonuniform_star_20_order_0.json",
        "c_guarantee": 1.0,
        "experiment_name": "nonuniform_star_20_order_0_tr_c100_r40_sim10000",
        "average_edge_weight": 0.05,
        "r": 0.4,
        "num_sim_instances": 10000,
        "rounding_scheme_class": "SimpleRecursiveRoundingSchemeForTree",
        "parallel": true
    }
}