{
    "min_scaled_matching_probability": 0.5476393363694425,
    "scaled_matching_probabilities": {
        "(0, 2)": 0.6097705142039109,
        "(0, 3)": 0.5927235552349877,
        "(0, 4)": 0.5822250636775269,
        "(0, 5)": 0.5476393363694425,
        "(0, 6)": 0.5855605944126635,
        "(0, 7)": 0.6317850066806525,
        "(0, 8)": 0.5862561892383287,
        "(0, 9)": 0.6039665679450749,
        "(0, 10)": 0.6303693494200798,
        "(0, 11)": 0.5842726674038985,
        "(0, 12)": 0.6700000000000049,
        "(0, 13)": 0.6224881877194521,
        "(0, 14)": 0.5967606130271762,
        "(0, 15)": 0.6206656602315825,
        "(0, 16)": 0.565310436504072,
        "(0, 19)": 0.6045023502584093,
        "(0, 20)": 0.5604308371232964
    },
    "matching_probabilities": {
        "(0, 2)": 1.838029793794182e-06,
        "(0, 3)": 0.0001148000198352455,
        "(0, 4)": 3.897318854560796e-06,
        "(0, 5)": 6.835232389246489e-07,
        "(0, 6)": 0.02403316232729892,
        "(0, 7)": 0.09575589549389206,
        "(0, 8)": 0.00011141297599586666,
        "(0, 9)": 0.012145014972513378,
        "(0, 10)": 0.22230143763622578,
        "(0, 11)": 0.009795529518734521,
        "(0, 12)": 1.2235009425786749e-05,
        "(0, 13)": 0.004823219748763658,
        "(0, 14)": 1.5894098267301957e-05,
        "(0, 15)": 0.028659549220804797,
        "(0, 16)": 0.002800574876854645,
        "(0, 19)": 0.0009605814455588147,
        "(0, 20)": 0.20005060376091804
    },
    "matching_counts": {
        "(0, 2)": 0.018380297937941818,
        "(0, 3)": 1.148000198352455,
        "(0, 4)": 0.03897318854560796,
        "(0, 5)": 0.006835232389246489,
        "(0, 6)": 240.33162327298922,
        "(0, 7)": 957.5589549389206,
        "(0, 8)": 1.1141297599586666,
        "(0, 9)": 121.45014972513378,
        "(0, 10)": 2223.0143763622577,
        "(0, 11)": 97.95529518734521,
        "(0, 12)": 0.12235009425786748,
        "(0, 13)": 48.232197487636576,
        "(0, 14)": 0.15894098267301957,
        "(0, 15)": 286.595492208048,
        "(0, 16)": 28.00574876854645,
        "(0, 19)": 9.605814455588147,
        "(0, 20)": 2000.5060376091806
    },
    "average_num_matching_probability_capped": 0.0,
    "average_num_matching_probability_exceeds_one": 0.0,
    "average_num_proposal_matching_probability_exceeds_one": 0.0,
    "simulation_parameters": {
        "graph_file": "nonuniform_star_20_order_0.json",
        "c_guarantee": 0.6,
        "experiment_name": "nonuniform_star_20_order_0_tr_c60_r0_sim10000",
        "average_edge_weight": 0.05,
        "r": 0,
        "num_sim_instances": 10000,
        "rounding_scheme_class": "SimpleRecursiveRoundingSchemeForTree",
        "parallel": true
    }
}