{
    "min_scaled_matching_probability": 0.510489013344376,
    "scaled_matching_probabilities": {
        "(0, 1)": 0.5869374154573658,
        "(0, 2)": 0.6016125976246554,
        "(0, 3)": 0.6187095227543189,
        "(0, 4)": 0.5818405233018956,
        "(0, 5)": 2.0401353961415163,
        "(0, 6)": 0.6190767136870129,
        "(0, 7)": 0.5829903336831954,
        "(0, 8)": 0.685834201041455,
        "(0, 9)": 0.5974137476702288,
        "(1, 2)": 0.6263117177024965,
        "(1, 3)": 0.5792220530646621,
        "(1, 4)": 0.6137895074003044,
        "(1, 5)": 0.5943958566217477,
        "(1, 6)": 5.559083605431367,
        "(1, 7)": 0.8704926862873987,
        "(1, 8)": 0.6272574685581788,
        "(1, 9)": 0.6354574326216511,
        "(2, 3)": 0.6058302289593743,
        "(2, 4)": 0.6574152283886855,
        "(2, 5)": 0.6043027838309062,
        "(2, 6)": 0.6560898057818456,
        "(2, 7)": 1.1236116865606303,
        "(2, 8)": 0.5977989158128869,
        "(2, 9)": 0.6506479331500556,
        "(3, 4)": 3.2688729591455914,
        "(3, 5)": 0.5906362284344193,
        "(3, 6)": 0.6432120806179631,
        "(3, 7)": 0.5237267759627776,
        "(3, 8)": 0.5708497734615346,
        "(3, 9)": 0.906217356548279,
        "(4, 5)": 0.6567035487120881,
        "(4, 6)": 0.6308504293450671,
        "(4, 7)": 0.6826205185199499,
        "(4, 8)": 0.5972097820290917,
        "(4, 9)": 0.5484309937165941,
        "(5, 6)": 0.6511458780217114,
        "(5, 7)": 0.5845213135251586,
        "(5, 8)": 0.5911315345768163,
        "(5, 9)": 1.3836707715768677,
        "(6, 7)": 0.510489013344376,
        "(6, 8)": 0.6430367279585406,
        "(6, 9)": 0.6591725095859559,
        "(7, 8)": 0.5839851300139283,
        "(7, 9)": 0.6185318919201401,
        "(8, 9)": 0.6861310801739018
    },
    "matching_probabilities": {
        "(0, 1)": 0.03147952022475893,
        "(0, 2)": 0.03846360949916635,
        "(0, 3)": 0.07836238754182244,
        "(0, 4)": 0.017022541182073105,
        "(0, 5)": 0.15957279177682268,
        "(0, 6)": 0.01843926905910712,
        "(0, 7)": 0.00261212849944426,
        "(0, 8)": 0.34318201736022663,
        "(0, 9)": 0.05822563242808079,
        "(1, 2)": 0.08314453572522801,
        "(1, 3)": 0.001091460965978574,
        "(1, 4)": 0.14501276916368908,
        "(1, 5)": 0.02995717161570855,
        "(1, 6)": 0.11895437470785292,
        "(1, 7)": 0.22018348415083602,
        "(1, 8)": 0.0013219916817182752,
        "(1, 9)": 0.15600019823159886,
        "(2, 3)": 0.162256351921183,
        "(2, 4)": 0.0021848274226686586,
        "(2, 5)": 0.058790517391173976,
        "(2, 6)": 0.05037577491592348,
        "(2, 7)": 0.2656684421126741,
        "(2, 8)": 0.0022831025632202104,
        "(2, 9)": 0.0065295160053854264,
        "(3, 4)": 0.05564363754092584,
        "(3, 5)": 0.01725695206241544,
        "(3, 6)": 0.006917146180244538,
        "(3, 7)": 0.006480395917350466,
        "(3, 8)": 0.09259211521578399,
        "(3, 9)": 0.2336404617735262,
        "(4, 5)": 0.08358742258049191,
        "(4, 6)": 0.28605376296901874,
        "(4, 7)": 0.00027333104438028924,
        "(4, 8)": 0.005722659344779005,
        "(4, 9)": 0.0660493288211536,
        "(5, 6)": 0.044284128728035214,
        "(5, 7)": 0.2574375956757101,
        "(5, 8)": 0.0012185691853963136,
        "(5, 9)": 0.11841125024367843,
        "(6, 7)": 0.0008574364273430282,
        "(6, 8)": 0.1705964393397411,
        "(6, 9)": 0.03330909132235819,
        "(7, 8)": 0.00023467182236117906,
        "(7, 9)": 0.031330592942848595,
        "(8, 9)": 0.03550917710353385
    },
    "matching_counts": {
        "(0, 1)": 314.7952022475893,
        "(0, 2)": 384.6360949916635,
        "(0, 3)": 783.6238754182244,
        "(0, 4)": 170.22541182073104,
        "(0, 5)": 1595.7279177682267,
        "(0, 6)": 184.3926905910712,
        "(0, 7)": 26.1212849944426,
        "(0, 8)": 3431.820173602266,
        "(0, 9)": 582.2563242808079,
        "(1, 2)": 831.4453572522801,
        "(1, 3)": 10.914609659785741,
        "(1, 4)": 1450.1276916368909,
        "(1, 5)": 299.5717161570855,
        "(1, 6)": 1189.5437470785291,
        "(1, 7)": 2201.83484150836,
        "(1, 8)": 13.219916817182751,
        "(1, 9)": 1560.0019823159887,
        "(2, 3)": 1622.56351921183,
        "(2, 4)": 21.848274226686584,
        "(2, 5)": 587.9051739117398,
        "(2, 6)": 503.7577491592348,
        "(2, 7)": 2656.6844211267407,
        "(2, 8)": 22.831025632202106,
        "(2, 9)": 65.29516005385426,
        "(3, 4)": 556.4363754092584,
        "(3, 5)": 172.5695206241544,
        "(3, 6)": 69.17146180244538,
        "(3, 7)": 64.80395917350467,
        "(3, 8)": 925.92115215784,
        "(3, 9)": 2336.404617735262,
        "(4, 5)": 835.8742258049191,
        "(4, 6)": 2860.5376296901873,
        "(4, 7)": 2.7333104438028926,
        "(4, 8)": 57.22659344779005,
        "(4, 9)": 660.493288211536,
        "(5, 6)": 442.84128728035216,
        "(5, 7)": 2574.3759567571014,
        "(5, 8)": 12.185691853963137,
        "(5, 9)": 1184.1125024367843,
        "(6, 7)": 8.574364273430282,
        "(6, 8)": 1705.9643933974112,
        "(6, 9)": 333.0909132235819,
        "(7, 8)": 2.3467182236117905,
        "(7, 9)": 313.30592942848597,
        "(8, 9)": 355.0917710353385
    },
    "average_num_matching_probability_capped": 0.801,
    "average_num_matching_probability_exceeds_one": 0.4005,
    "average_num_proposal_matching_probability_exceeds_one": 0.695,
    "simulation_parameters": {
        "graph_file": "nonuniform_complete_10_order_0.json",
        "c_guarantee": 0.6,
        "experiment_name": "nonuniform_complete_10_order_0_si_c60_r50_sim10000",
        "average_edge_weight": 0.1111111111111111,
        "r": 0.5,
        "num_sim_instances": 10000,
        "rounding_scheme_class": "SimpleRecursiveRoundingScheme",
        "parallel": true
    }
}