{
    "min_scaled_matching_probability": 0.5819823079501812,
    "scaled_matching_probabilities": {
        "(0, 10)": 0.9443555405776223,
        "(0, 11)": 0.7914015457594935,
        "(0, 12)": 0.8445261545153173,
        "(0, 13)": 0.7870494566166854,
        "(0, 14)": 0.8042163302217941,
        "(0, 15)": 0.7850483944593877,
        "(0, 16)": 0.868831899211058,
        "(0, 17)": 0.780992228912002,
        "(0, 18)": 0.7778030411101898,
        "(0, 19)": 0.8072975667363955,
        "(10, 1)": 0.8692201735957795,
        "(10, 2)": 0.8412388114326355,
        "(10, 3)": 0.7505318097402508,
        "(10, 4)": 0.7639835836456976,
        "(10, 5)": 0.813594103503688,
        "(10, 6)": 0.8446887467878224,
        "(10, 7)": 0.7635203922509757,
        "(10, 8)": 0.7782115215698634,
        "(10, 9)": 0.7762180789101936,
        "(11, 1)": 0.8031304027614999,
        "(11, 2)": 0.7932792655457208,
        "(11, 3)": 0.7188865292533668,
        "(11, 4)": 0.8135563370338933,
        "(11, 5)": 0.8571975386719257,
        "(11, 6)": 0.6015514187830321,
        "(11, 7)": 0.6264661404278636,
        "(11, 8)": 0.8631996348486081,
        "(11, 9)": 0.7589919535054729,
        "(12, 1)": 0.5819823079501812,
        "(12, 2)": 0.705087161241344,
        "(12, 3)": 0.8059776642139458,
        "(12, 4)": 0.685335819930921,
        "(12, 5)": 0.8417101947639419,
        "(12, 6)": 0.7674327142215177,
        "(12, 7)": 0.8677668367738515,
        "(12, 8)": 0.7963862562269738,
        "(12, 9)": 0.7260904070306186,
        "(13, 1)": 0.8054940037746914,
        "(13, 2)": 0.7497866745670856,
        "(13, 3)": 0.8159163202350822,
        "(13, 4)": 0.8266804075059854,
        "(13, 5)": 0.6497213656475588,
        "(13, 6)": 0.7600340996525952,
        "(13, 7)": 0.7855002233152653,
        "(13, 8)": 0.8285986334913731,
        "(13, 9)": 0.8749996381538222,
        "(14, 1)": 0.738263244964084,
        "(14, 2)": 0.7749300268426509,
        "(14, 3)": 0.8627767564994338,
        "(14, 4)": 0.818099091025577,
        "(14, 5)": 0.7628331586385357,
        "(14, 6)": 0.6581404911221888,
        "(14, 7)": 0.8507528940744892,
        "(14, 8)": 0.8736519089754311,
        "(14, 9)": 0.795531194728989,
        "(15, 1)": 0.7649174528195717,
        "(15, 2)": 0.754467128711541,
        "(15, 3)": 0.7961217861231499,
        "(15, 4)": 0.732845037856055,
        "(15, 5)": 0.8099993737326768,
        "(15, 6)": 0.8218255246436497,
        "(15, 7)": 0.824929726500328,
        "(15, 8)": 0.822792310037496,
        "(15, 9)": 0.7563838404490795,
        "(16, 1)": 0.8127340907625609,
        "(16, 2)": 0.7994057305986794,
        "(16, 3)": 0.742595352319528,
        "(16, 4)": 0.8146010052069567,
        "(16, 5)": 0.9064066344979903,
        "(16, 6)": 0.7810276015325545,
        "(16, 7)": 0.7405878544174848,
        "(16, 8)": 0.7208511662071057,
        "(16, 9)": 0.8610578256792083,
        "(17, 1)": 0.7769135678167258,
        "(17, 2)": 0.8005612521764276,
        "(17, 3)": 0.8420425024845157,
        "(17, 4)": 0.7698475027741886,
        "(17, 5)": 0.8028318550676856,
        "(17, 6)": 0.8825298858744987,
        "(17, 7)": 0.8359555546823212,
        "(17, 8)": 0.8051722285734594,
        "(17, 9)": 0.8399657843297318,
        "(18, 1)": 0.7725141092333834,
        "(18, 2)": 0.8320651922578103,
        "(18, 3)": 0.6928146211939237,
        "(18, 4)": 0.8718713934217425,
        "(18, 5)": 0.8708829798933465,
        "(18, 6)": 0.8627027438608867,
        "(18, 7)": 0.9115579952330202,
        "(18, 8)": 0.7174055515346547,
        "(18, 9)": 0.785048496431647,
        "(19, 1)": 0.8163803779209624,
        "(19, 2)": 0.7470217734081329,
        "(19, 3)": 0.7585324734918698,
        "(19, 4)": 0.758285928484484,
        "(19, 5)": 0.6900916913841897,
        "(19, 6)": 0.713127236874485,
        "(19, 7)": 0.8153102439965437,
        "(19, 8)": 0.7424987780048886,
        "(19, 9)": 0.791512305282228
    },
    "matching_probabilities": {
        "(0, 10)": 0.0012288819749731094,
        "(0, 11)": 0.1601716476093378,
        "(0, 12)": 0.0006602472276289736,
        "(0, 13)": 0.0051727567809075016,
        "(0, 14)": 0.0307467835362737,
        "(0, 15)": 0.003649328054819923,
        "(0, 16)": 0.10503102435968274,
        "(0, 17)": 0.1171375926298405,
        "(0, 18)": 0.3653080772532622,
        "(0, 19)": 0.003942896275589936,
        "(10, 1)": 0.0072868416489025095,
        "(10, 2)": 0.005756651966262529,
        "(10, 3)": 0.0011938677699373536,
        "(10, 4)": 0.1171430283510327,
        "(10, 5)": 0.011330495420565771,
        "(10, 6)": 0.162510302253773,
        "(10, 7)": 0.03864399378458445,
        "(10, 8)": 0.2618197895277176,
        "(10, 9)": 0.1456625925596152,
        "(11, 1)": 0.49697836768965514,
        "(11, 2)": 0.03541671472371065,
        "(11, 3)": 0.0001183956087453432,
        "(11, 4)": 0.0002612818751054605,
        "(11, 5)": 0.0061153317236798625,
        "(11, 6)": 0.010446048278479725,
        "(11, 7)": 0.0009359466413606793,
        "(11, 8)": 0.015807264124597386,
        "(11, 9)": 0.06779509892132589,
        "(12, 1)": 0.0010199715399104637,
        "(12, 2)": 0.10697068307089287,
        "(12, 3)": 0.3826716809263249,
        "(12, 4)": 0.0067624724376397554,
        "(12, 5)": 0.0001583726438187771,
        "(12, 6)": 0.03210773493812383,
        "(12, 7)": 0.0365774621345031,
        "(12, 8)": 0.1193765918692787,
        "(12, 9)": 0.077179373696067,
        "(13, 1)": 0.07836066648955246,
        "(13, 2)": 0.0006876957111433263,
        "(13, 3)": 0.001061541802378701,
        "(13, 4)": 0.09491576693186657,
        "(13, 5)": 0.001787368957296319,
        "(13, 6)": 0.29417608698113956,
        "(13, 7)": 0.21072818413953318,
        "(13, 8)": 0.0036598484284451763,
        "(13, 9)": 0.02142158831190434,
        "(14, 1)": 0.12091529667499076,
        "(14, 2)": 0.028614784495571213,
        "(14, 3)": 0.07906402082848504,
        "(14, 4)": 0.20403511932740748,
        "(14, 5)": 0.07309235044425373,
        "(14, 6)": 0.005924019577010191,
        "(14, 7)": 0.011276596401623172,
        "(14, 8)": 0.00909283259222111,
        "(14, 9)": 0.21941859695618213,
        "(15, 1)": 0.013199297575134467,
        "(15, 2)": 0.03818909481441011,
        "(15, 3)": 0.2312861364329997,
        "(15, 4)": 0.008797712384072327,
        "(15, 5)": 0.41496142274067416,
        "(15, 6)": 0.07814648231776981,
        "(15, 7)": 0.010656420032255942,
        "(15, 8)": 0.00045233830410168913,
        "(15, 9)": 0.0016052261231856828,
        "(16, 1)": 0.013693330910973276,
        "(16, 2)": 0.0011421826192900665,
        "(16, 3)": 0.004991496517352198,
        "(16, 4)": 0.02865633724725196,
        "(16, 5)": 0.00018187705194280834,
        "(16, 6)": 0.09792000123316805,
        "(16, 7)": 0.3833743248633493,
        "(16, 8)": 0.029689730661998613,
        "(16, 9)": 0.09840771476602278,
        "(17, 1)": 0.006571163949072209,
        "(17, 2)": 0.5028881921235381,
        "(17, 3)": 0.08513872995753101,
        "(17, 4)": 0.021634905087008174,
        "(17, 5)": 0.00024583615614635006,
        "(17, 6)": 0.014188201509871382,
        "(17, 7)": 0.003706588032495717,
        "(17, 8)": 0.043991989023407604,
        "(17, 9)": 0.003933148783898438,
        "(18, 1)": 0.000544039386262551,
        "(18, 2)": 0.05265308429647608,
        "(18, 3)": 0.004025973180237828,
        "(18, 4)": 0.009532589943797309,
        "(18, 5)": 0.0023407571967662636,
        "(18, 6)": 0.002550812662688899,
        "(18, 7)": 0.0011050776669857707,
        "(18, 8)": 0.2710293489075568,
        "(18, 9)": 0.04725108953879041,
        "(19, 1)": 0.05373239918639174,
        "(19, 2)": 0.011184585749619948,
        "(19, 3)": 0.018126868429978762,
        "(19, 4)": 0.21942930984496956,
        "(19, 5)": 0.25158473119987124,
        "(19, 6)": 0.07467041871496401,
        "(19, 7)": 0.06331678221072472,