{
    "min_scaled_matching_probability": 0.21989597024391871,
    "scaled_matching_probabilities": {
        "(0, 10)": 2.417432334163454,
        "(0, 11)": 0.4187181980359987,
        "(0, 12)": 0.6208414513634435,
        "(0, 13)": 1.9197434605991728,
        "(0, 14)": 0.5542180862139271,
        "(0, 15)": 0.7846023903456469,
        "(0, 16)": 0.9477496640214875,
        "(0, 17)": 0.5802018968113838,
        "(0, 18)": 0.5233941283839224,
        "(0, 19)": 0.45450840993818736,
        "(10, 1)": 0.42904993634908606,
        "(10, 2)": 0.5645577143906858,
        "(10, 3)": 0.6312179109915602,
        "(10, 4)": 0.4472791341343903,
        "(10, 5)": 0.4723473909534212,
        "(10, 6)": 0.7380060532688792,
        "(10, 7)": 0.5482014089994612,
        "(10, 8)": 0.4523794710759971,
        "(10, 9)": 0.6769541436284902,
        "(11, 1)": 0.5021448728447689,
        "(11, 2)": 0.46338658228451607,
        "(11, 3)": 1.108348299655989,
        "(11, 4)": 0.3670711644188763,
        "(11, 5)": 0.6587013832241119,
        "(11, 6)": 0.4447800405305943,
        "(11, 7)": 0.5776665114002281,
        "(11, 8)": 5.7128807128966805,
        "(11, 9)": 0.3266414979702332,
        "(12, 1)": 0.21989597024391871,
        "(12, 2)": 0.49369153458529946,
        "(12, 3)": 0.49735843866768087,
        "(12, 4)": 0.774048329987701,
        "(12, 5)": 0.604229194375044,
        "(12, 6)": 0.793138564228539,
        "(12, 7)": 0.54542032279255,
        "(12, 8)": 0.46493588859347335,
        "(12, 9)": 0.5270067739589736,
        "(13, 1)": 0.6812065994912275,
        "(13, 2)": 0.3853040202379729,
        "(13, 3)": 0.5331862669362484,
        "(13, 4)": 0.652364633222177,
        "(13, 5)": 0.9706966290893513,
        "(13, 6)": 0.44858136240698515,
        "(13, 7)": 0.5056907559924368,
        "(13, 8)": 0.5125177361433482,
        "(13, 9)": 0.6185961902553274,
        "(14, 1)": 1.016629641029242,
        "(14, 2)": 0.5969876382072128,
        "(14, 3)": 0.5219535074832573,
        "(14, 4)": 0.42293113979193686,
        "(14, 5)": 0.7202097148317204,
        "(14, 6)": 0.5572022206568823,
        "(14, 7)": 0.4914847131232031,
        "(14, 8)": 0.45691433242011736,
        "(14, 9)": 0.4239303071608355,
        "(15, 1)": 0.48484276428045187,
        "(15, 2)": 0.6349988814672304,
        "(15, 3)": 0.5641025130397285,
        "(15, 4)": 0.43946799045651547,
        "(15, 5)": 0.5102806899049389,
        "(15, 6)": 0.6792037009441685,
        "(15, 7)": 0.8688401576936687,
        "(15, 8)": 0.43571936422137475,
        "(15, 9)": 0.5892983686396033,
        "(16, 1)": 0.3506351606676197,
        "(16, 2)": 0.5154711793273319,
        "(16, 3)": 0.6815422221306648,
        "(16, 4)": 0.5727919034379757,
        "(16, 5)": 0.47084842915254543,
        "(16, 6)": 0.5384475049440126,
        "(16, 7)": 0.4957489658405844,
        "(16, 8)": 2.165960882182617,
        "(16, 9)": 0.35903447033305014,
        "(17, 1)": 1.44900047701862,
        "(17, 2)": 0.5238801548575805,
        "(17, 3)": 0.40887746766643907,
        "(17, 4)": 0.6885061415213929,
        "(17, 5)": 0.5251530873524266,
        "(17, 6)": 0.44713190722353136,
        "(17, 7)": 0.8971117374905709,
        "(17, 8)": 0.6355746321399965,
        "(17, 9)": 0.6931477977887595,
        "(18, 1)": 0.6966262256831544,
        "(18, 2)": 1.8546613930875173,
        "(18, 3)": 0.7366280037142645,
        "(18, 4)": 0.7725244448366493,
        "(18, 5)": 0.9160806742949448,
        "(18, 6)": 0.8319132560795314,
        "(18, 7)": 0.42339477554130317,
        "(18, 8)": 0.5401234131947212,
        "(18, 9)": 0.5720992413105103,
        "(19, 1)": 0.37196957591142843,
        "(19, 2)": 0.43296775724400616,
        "(19, 3)": 0.5378324148733389,
        "(19, 4)": 0.6113087451685622,
        "(19, 5)": 0.47883993168021066,
        "(19, 6)": 0.9723810502133992,
        "(19, 7)": 0.9819440267427784,
        "(19, 8)": 0.39219446486165654,
        "(19, 9)": 0.7933813710078661
    },
    "matching_probabilities": {
        "(0, 10)": 0.0031457844990813145,
        "(0, 11)": 0.08474431724678544,
        "(0, 12)": 0.0004853714060461667,
        "(0, 13)": 0.012617207114410809,
        "(0, 14)": 0.021188855396666626,
        "(0, 15)": 0.0036472547873165105,
        "(0, 16)": 0.11457120547612494,
        "(0, 17)": 0.08702193301773606,
        "(0, 18)": 0.24582071884505635,
        "(0, 19)": 0.0022198500164125295,
        "(10, 1)": 0.0035968090026191626,
        "(10, 2)": 0.003863305202337387,
        "(10, 3)": 0.0010040756567011022,
        "(10, 4)": 0.06858214418783776,
        "(10, 5)": 0.006578132667218462,
        "(10, 6)": 0.14198553874184122,
        "(10, 7)": 0.027746072085409378,
        "(10, 8)": 0.15219756405668267,
        "(10, 9)": 0.12703504116181316,
        "(11, 1)": 0.3107280441532872,
        "(11, 2)": 0.020688339030613536,
        "(11, 3)": 0.000182537252125068,
        "(11, 4)": 0.00011788863016687823,
        "(11, 5)": 0.004699240587535002,
        "(11, 6)": 0.0077236851773805695,
        "(11, 7)": 0.0008630395104870644,
        "(11, 8)": 0.10461660396428937,
        "(11, 9)": 0.02917645248335607,
        "(12, 1)": 0.0003853856523229478,
        "(12, 2)": 0.07489927995275229,
        "(12, 3)": 0.23614176694769098,
        "(12, 4)": 0.00763783293491142,
        "(12, 5)": 0.00011368921937853292,
        "(12, 6)": 0.03318321244004639,
        "(12, 7)": 0.02299015168464216,
        "(12, 8)": 0.06969289259329588,
        "(12, 9)": 0.056017890270822907,
        "(13, 1)": 0.06626964682923368,
        "(13, 2)": 0.0003533964141959788,
        "(13, 3)": 0.0006936979893281217,
        "(13, 4)": 0.07490160516603322,
        "(13, 5)": 0.0026703647340537546,
        "(13, 6)": 0.1736263016960344,
        "(13, 7)": 0.13566297192975355,
        "(13, 8)": 0.0022637464694709054,
        "(13, 9)": 0.015144363884448299,
        "(14, 1)": 0.1665071036546326,
        "(14, 2)": 0.022044148532249425,
        "(14, 3)": 0.04783131056357354,
        "(14, 4)": 0.10547964974089725,
        "(14, 5)": 0.06900830184648565,
        "(14, 6)": 0.00501545932525232,
        "(14, 7)": 0.006514552916669415,
        "(14, 8)": 0.004755492995551196,
        "(14, 9)": 0.11692589029915043,
        "(15, 1)": 0.008366371952030738,
        "(15, 2)": 0.03214193378154193,
        "(15, 3)": 0.163880819577173,
        "(15, 4)": 0.005275757878300711,
        "(15, 5)": 0.2614160059214179,
        "(15, 6)": 0.06458473047428415,
        "(15, 7)": 0.011223653802069092,
        "(15, 8)": 0.00023954107965250797,
        "(15, 9)": 0.0012506310752611598,
        "(16, 1)": 0.005907668127393353,
        "(16, 2)": 0.0007364998763915594,
        "(16, 3)": 0.004581116239911366,
        "(16, 4)": 0.020149886696056624,
        "(16, 5)": 9.447914539327778e-05,
        "(16, 6)": 0.06750693604765813,
        "(16, 7)": 0.25663049150371076,
        "(16, 8)": 0.089209532051934,
        "(16, 9)": 0.04103297211175676,
        "(17, 1)": 0.012255700107710493,
        "(17, 2)": 0.3290855549772075,
        "(17, 3)": 0.04134150972505359,
        "(17, 4)": 0.019348981415098224,
        "(17, 5)": 0.0001608077900349689,
        "(17, 6)": 0.007188422401009471,
        "(17, 7)": 0.003977751701473695,
        "(17, 8)": 0.034725728544061585,
        "(17, 9)": 0.003245671989020613,
        "(18, 1)": 0.0004905957053019516,
        "(18, 2)": 0.11736297057045915,
        "(18, 3)": 0.004280574479873246,
        "(18, 4)": 0.008446381897318707,
        "(18, 5)": 0.0024622394520065027,
        "(18, 6)": 0.002459775262067103,
        "(18, 7)": 0.0005132795863959735,
        "(18, 8)": 0.20405375550097227,
        "(18, 9)": 0.03443393955801385,
        "(19, 1)": 0.024482236808490192,
        "(19, 2)": 0.006482495129456555,
        "(19, 3)": 0.012852735726536118,
        "(19, 4)": 0.1768977255355685,
        "(19, 5)": 0.17456928840556463,
        "(19, 6)": 0.10181647315584225,