{
    "min_scaled_matching_probability": 0.5562341080582105,
    "scaled_matching_probabilities": {
        "(0, 10)": 0.7066915863105601,
        "(0, 11)": 0.7514641364046432,
        "(0, 12)": 0.7802619000620149,
        "(0, 13)": 0.8752266528612103,
        "(0, 14)": 0.6555522099691118,
        "(0, 15)": 0.8980336180247528,
        "(0, 16)": 0.7845077177217619,
        "(0, 17)": 0.7881373988417635,
        "(0, 18)": 0.7161133656197846,
        "(0, 19)": 0.698433856024772,
        "(10, 1)": 0.7089345666707093,
        "(10, 2)": 0.6204147823751459,
        "(10, 3)": 0.7421905778927661,
        "(10, 4)": 0.7989918657449017,
        "(10, 5)": 0.7073667544253248,
        "(10, 6)": 0.7168000919040293,
        "(10, 7)": 0.7556315960828358,
        "(10, 8)": 0.7395682534799531,
        "(10, 9)": 0.8002081274668679,
        "(11, 1)": 0.7685400190936829,
        "(11, 2)": 0.7805279777038814,
        "(11, 3)": 0.7065384163698498,
        "(11, 4)": 0.7911854896957162,
        "(11, 5)": 0.8111499328876068,
        "(11, 6)": 0.7568034688020859,
        "(11, 7)": 0.8333753660261516,
        "(11, 8)": 0.6841121897162257,
        "(11, 9)": 0.754386342403435,
        "(12, 1)": 0.7055506017496367,
        "(12, 2)": 0.8021674872299304,
        "(12, 3)": 0.7353820129881808,
        "(12, 4)": 0.8420207486056456,
        "(12, 5)": 0.668451629301111,
        "(12, 6)": 0.7110869310004632,
        "(12, 7)": 0.767226084953368,
        "(12, 8)": 0.752392817503277,
        "(12, 9)": 0.7028801301350609,
        "(13, 1)": 0.7439699655542215,
        "(13, 2)": 0.7968486021949257,
        "(13, 3)": 0.7662985107579329,
        "(13, 4)": 0.7271827680596171,
        "(13, 5)": 0.748828886828378,
        "(13, 6)": 0.7291387714594926,
        "(13, 7)": 0.736635822902718,
        "(13, 8)": 0.7715283732374018,
        "(13, 9)": 0.7275860963869899,
        "(14, 1)": 0.7415344081487836,
        "(14, 2)": 0.7561831742022653,
        "(14, 3)": 0.8012673177783436,
        "(14, 4)": 0.7506500835586244,
        "(14, 5)": 0.839438918429788,
        "(14, 6)": 0.7356786297853626,
        "(14, 7)": 0.7459265571682603,
        "(14, 8)": 0.709773755356887,
        "(14, 9)": 0.7480745019769695,
        "(15, 1)": 0.7206741043216897,
        "(15, 2)": 0.8490325475852214,
        "(15, 3)": 0.7602714407082674,
        "(15, 4)": 0.806607907473872,
        "(15, 5)": 0.7369432012668616,
        "(15, 6)": 0.7665035657077898,
        "(15, 7)": 0.7801182198542681,
        "(15, 8)": 0.7038853224596467,
        "(15, 9)": 0.7569386511247034,
        "(16, 1)": 0.8014487289897696,
        "(16, 2)": 0.691670488638458,
        "(16, 3)": 0.7176393354640078,
        "(16, 4)": 0.7808079237105912,
        "(16, 5)": 0.5562341080582105,
        "(16, 6)": 0.750093441079032,
        "(16, 7)": 0.7698160154949202,
        "(16, 8)": 0.6495138821187343,
        "(16, 9)": 0.733294113253161,
        "(17, 1)": 0.6883477391886835,
        "(17, 2)": 0.7312980393645051,
        "(17, 3)": 0.7749593420282831,
        "(17, 4)": 0.77683543776104,
        "(17, 5)": 0.8008815770717126,
        "(17, 6)": 0.8073798337641532,
        "(17, 7)": 0.8092605524249588,
        "(17, 8)": 0.7772597355466221,
        "(17, 9)": 0.7397879443184852,
        "(18, 1)": 0.7215693568071764,
        "(18, 2)": 0.7800947490167436,
        "(18, 3)": 0.7897030108418484,
        "(18, 4)": 0.8536604578700252,
        "(18, 5)": 0.7500801237052398,
        "(18, 6)": 0.7864293438988605,
        "(18, 7)": 0.7442802303153262,
        "(18, 8)": 0.7636540539761733,
        "(18, 9)": 0.8329312954336647,
        "(19, 1)": 0.7665301392588645,
        "(19, 2)": 0.8571593461063428,
        "(19, 3)": 0.6588074843638096,
        "(19, 4)": 0.7686109420519637,
        "(19, 5)": 0.733056836901432,
        "(19, 6)": 0.7584727929926014,
        "(19, 7)": 0.7398523940524592,
        "(19, 8)": 0.6662896447207194,
        "(19, 9)": 0.8109959455150147
    },
    "matching_probabilities": {
        "(0, 10)": 0.0009196118569400381,
        "(0, 11)": 0.152088720943487,
        "(0, 12)": 0.0006100056861307272,
        "(0, 13)": 0.005752287312261925,
        "(0, 14)": 0.025063059700724165,
        "(0, 15)": 0.00417454426957459,
        "(0, 16)": 0.09483727437403552,
        "(0, 17)": 0.11820926527076979,
        "(0, 18)": 0.33633449969098955,
        "(0, 19)": 0.003411198501190576,
        "(10, 1)": 0.005943136254411319,
        "(10, 2)": 0.004245538755844982,
        "(10, 3)": 0.001180599407777283,
        "(10, 4)": 0.12251091356513419,
        "(10, 5)": 0.009851123228599313,
        "(10, 6)": 0.1379057079117411,
        "(10, 7)": 0.03824471880361021,
        "(10, 8)": 0.24881873256886716,
        "(10, 9)": 0.15016448804922092,
        "(11, 1)": 0.47557378338568423,
        "(11, 2)": 0.03484742123090308,
        "(11, 3)": 0.0001163619604820789,
        "(11, 4)": 0.0002540972504222735,
        "(11, 5)": 0.00578682356570191,
        "(11, 6)": 0.013142027972306906,
        "(11, 7)": 0.0012450710812434056,
        "(11, 8)": 0.01252774171480929,
        "(11, 9)": 0.06738371398000509,
        "(12, 1)": 0.0012365350697446527,
        "(12, 2)": 0.1216990022838837,
        "(12, 3)": 0.349153436289857,
        "(12, 4)": 0.008308542963565537,
        "(12, 5)": 0.00012577304214198785,
        "(12, 6)": 0.029750348500176903,
        "(12, 7)": 0.03233954316036903,
        "(12, 8)": 0.11278206975343233,
        "(12, 9)": 0.07471225029550141,
        "(13, 1)": 0.07237543926564721,
        "(13, 2)": 0.0007308603696863576,
        "(13, 3)": 0.0009969869238989075,
        "(13, 4)": 0.08349189058229431,
        "(13, 5)": 0.0020600115332667607,
        "(13, 6)": 0.28221785147828604,
        "(13, 7)": 0.19761920458438628,
        "(13, 8)": 0.0034077740297446036,
        "(13, 9)": 0.017812635729944917,
        "(14, 1)": 0.12145105904654088,
        "(14, 2)": 0.027922545029176415,
        "(14, 3)": 0.07342735583078133,
        "(14, 4)": 0.18721323743314605,
        "(14, 5)": 0.08043248108396511,
        "(14, 6)": 0.006621951793006142,
        "(14, 7)": 0.009887139719447467,
        "(14, 8)": 0.007387214369371647,
        "(14, 9)": 0.20632937932546924,
        "(15, 1)": 0.012435841178118941,
        "(15, 2)": 0.0429757417206826,
        "(15, 3)": 0.22087103660113294,
        "(15, 4)": 0.009683226344049287,
        "(15, 5)": 0.3775348589068017,
        "(15, 6)": 0.072885978286041,
        "(15, 7)": 0.01007754619396609,
        "(15, 8)": 0.00038696799807105326,
        "(15, 9)": 0.0016064035631867873,
        "(16, 1)": 0.013503189762765891,
        "(16, 2)": 0.0009882516226235561,
        "(16, 3)": 0.004823749882752051,
        "(16, 4)": 0.027467551653085287,
        "(16, 5)": 0.0001116123999022749,
        "(16, 6)": 0.09404168371428369,
        "(16, 7)": 0.39850463850976026,
        "(16, 8)": 0.02675155860924825,
        "(16, 9)": 0.08380598350604264,
        "(17, 1)": 0.005822070865480202,
        "(17, 2)": 0.45937915171349913,
        "(17, 3)": 0.07835596653890424,
        "(17, 4)": 0.021831285941203215,
        "(17, 5)": 0.0002452389590584164,
        "(17, 6)": 0.01298003383205685,
        "(17, 7)": 0.0035882236346035496,
        "(17, 8)": 0.042466941284207624,
        "(17, 9)": 0.003464064974814216,
        "(18, 1)": 0.0005081617867313844,
        "(18, 2)": 0.04936439471498804,
        "(18, 3)": 0.004588995446607974,
        "(18, 4)": 0.009333481012804469,
        "(18, 5)": 0.002016063567954204,
        "(18, 6)": 0.002325289844042521,
        "(18, 7)": 0.0009022875832384549,
        "(18, 8)": 0.28850161613194675,
        "(18, 9)": 0.05013309547001155,
        "(19, 1)": 0.05045136378209878,
        "(19, 2)": 0.012833591401059127,
        "(19, 3)": 0.015743711715825528,
        "(19, 4)": 0.22241711499358954,
        "(19, 5)": 0.26724840998469657,
        "(19, 6)": 0.07941847977212231,