{
    "min_scaled_matching_probability": 0.2488518323751403,
    "scaled_matching_probabilities": {
        "(0, 1)": 0.5108745326710258,
        "(0, 2)": 0.47861721057961165,
        "(0, 3)": 0.49267863615391344,
        "(0, 4)": 0.4443476871062246,
        "(0, 5)": 0.5011713252507202,
        "(0, 6)": 0.4901777825822375,
        "(0, 7)": 0.535646236828452,
        "(0, 8)": 0.4960168076633534,
        "(0, 9)": 0.5007037222363773,
        "(1, 2)": 0.5167505412066986,
        "(1, 3)": 0.7960276241468893,
        "(1, 4)": 0.47575079787573055,
        "(1, 5)": 0.49405387864188904,
        "(1, 6)": 0.4626557688940324,
        "(1, 7)": 0.4866743302534479,
        "(1, 8)": 0.5219270476174119,
        "(1, 9)": 0.5116240520334969,
        "(2, 3)": 0.498086833496899,
        "(2, 4)": 0.3911703908683968,
        "(2, 5)": 0.48516483035920427,
        "(2, 6)": 0.5196542047122125,
        "(2, 7)": 0.506256286263257,
        "(2, 8)": 0.3927543108070357,
        "(2, 9)": 0.5380948352239937,
        "(3, 4)": 0.4699725760008179,
        "(3, 5)": 0.4757412285521122,
        "(3, 6)": 0.44634274114141603,
        "(3, 7)": 0.5091477018759839,
        "(3, 8)": 0.49506630993507217,
        "(3, 9)": 0.5050045652493027,
        "(4, 5)": 0.5177425325975631,
        "(4, 6)": 0.5006158491851056,
        "(4, 7)": 0.2497413054809137,
        "(4, 8)": 0.5739733231118703,
        "(4, 9)": 0.5123169745439792,
        "(5, 6)": 0.4675814906115941,
        "(5, 7)": 0.5001990677841861,
        "(5, 8)": 0.8731853513038033,
        "(5, 9)": 0.5141531216340858,
        "(6, 7)": 0.3572199620160167,
        "(6, 8)": 0.4911455712515518,
        "(6, 9)": 0.4828654459000906,
        "(7, 8)": 0.2488518323751403,
        "(7, 9)": 0.5192173919968156,
        "(8, 9)": 0.5371694188580954
    },
    "matching_probabilities": {
        "(0, 1)": 0.0274,
        "(0, 2)": 0.0306,
        "(0, 3)": 0.0624,
        "(0, 4)": 0.013,
        "(0, 5)": 0.0392,
        "(0, 6)": 0.0146,
        "(0, 7)": 0.0024,
        "(0, 8)": 0.2482,
        "(0, 9)": 0.0488,
        "(1, 2)": 0.0686,
        "(1, 3)": 0.0015,
        "(1, 4)": 0.1124,
        "(1, 5)": 0.0249,
        "(1, 6)": 0.0099,
        "(1, 7)": 0.1231,
        "(1, 8)": 0.0011,
        "(1, 9)": 0.1256,
        "(2, 3)": 0.1334,
        "(2, 4)": 0.0013,
        "(2, 5)": 0.0472,
        "(2, 6)": 0.0399,
        "(2, 7)": 0.1197,
        "(2, 8)": 0.0015,
        "(2, 9)": 0.0054,
        "(3, 4)": 0.008,
        "(3, 5)": 0.0139,
        "(3, 6)": 0.0048,
        "(3, 7)": 0.0063,
        "(3, 8)": 0.0803,
        "(3, 9)": 0.1302,
        "(4, 5)": 0.0659,
        "(4, 6)": 0.227,
        "(4, 7)": 0.0001,
        "(4, 8)": 0.0055,
        "(4, 9)": 0.0617,
        "(5, 6)": 0.0318,
        "(5, 7)": 0.2203,
        "(5, 8)": 0.0018,
        "(5, 9)": 0.044,
        "(6, 7)": 0.0006,
        "(6, 8)": 0.1303,
        "(6, 9)": 0.0244,
        "(7, 8)": 0.0001,
        "(7, 9)": 0.0263,
        "(8, 9)": 0.0278
    },
    "matching_counts": {
        "(0, 1)": 274.0,
        "(0, 2)": 306.0,
        "(0, 3)": 624.0,
        "(0, 4)": 130.0,
        "(0, 5)": 392.0,
        "(0, 6)": 146.0,
        "(0, 7)": 24.0,
        "(0, 8)": 2482.0,
        "(0, 9)": 488.0,
        "(1, 2)": 686.0,
        "(1, 3)": 15.0,
        "(1, 4)": 1124.0,
        "(1, 5)": 249.0,
        "(1, 6)": 99.0,
        "(1, 7)": 1231.0,
        "(1, 8)": 11.0,
        "(1, 9)": 1256.0,
        "(2, 3)": 1334.0,
        "(2, 4)": 13.0,
        "(2, 5)": 472.0,
        "(2, 6)": 399.0,
        "(2, 7)": 1197.0,
        "(2, 8)": 15.0,
        "(2, 9)": 54.0,
        "(3, 4)": 80.0,
        "(3, 5)": 139.0,
        "(3, 6)": 48.0,
        "(3, 7)": 63.0,
        "(3, 8)": 803.0,
        "(3, 9)": 1302.0,
        "(4, 5)": 659.0,
        "(4, 6)": 2270.0,
        "(4, 7)": 1.0,
        "(4, 8)": 55.0,
        "(4, 9)": 617.0,
        "(5, 6)": 318.0,
        "(5, 7)": 2203.0,
        "(5, 8)": 18.0,
        "(5, 9)": 440.0,
        "(6, 7)": 6.0,
        "(6, 8)": 1303.0,
        "(6, 9)": 244.0,
        "(7, 8)": 1.0,
        "(7, 9)": 263.0,
        "(8, 9)": 278.0
    },
    "average_num_matching_probability_capped": 0.0,
    "average_num_matching_probability_exceeds_one": 0.0,
    "average_num_proposal_matching_probability_exceeds_one": 0.0,
    "simulation_parameters": {
        "graph_file": "nonuniform_complete_10_order_1.json",
        "c_guarantee": 0.5,
        "experiment_name": "nonuniform_complete_10_order_1_mc_c50_r100_sim10000",
        "average_edge_weight": 0.1111111111111111,
        "r": 1.0,
        "num_sim_instances": 10000,
        "rounding_scheme_class": "SimulatedRecursiveRoundingScheme",
        "parallel": true
    }
}