{
    "min_scaled_matching_probability": 0.28831508326473776,
    "scaled_matching_probabilities": {
        "(0, 10)": 0.5623685817412739,
        "(0, 11)": 1.1455514161323654,
        "(0, 12)": 0.7241849144456382,
        "(0, 13)": 0.6979261904346351,
        "(0, 14)": 1.3268251449409465,
        "(0, 15)": 0.5851117966170617,
        "(0, 16)": 0.6142713976822415,
        "(0, 17)": 0.598663464582091,
        "(0, 18)": 0.6811176285050236,
        "(0, 19)": 7.673245734187594,
        "(10, 1)": 2.943406794761028,
        "(10, 2)": 0.3285623014689825,
        "(10, 3)": 0.5034057960751057,
        "(10, 4)": 0.6419434048913348,
        "(10, 5)": 15.708431687770895,
        "(10, 6)": 0.6287597004965152,
        "(10, 7)": 1.7537699398581261,
        "(10, 8)": 0.6205065937051003,
        "(10, 9)": 0.66122844899242,
        "(11, 1)": 0.6001922281025142,
        "(11, 2)": 0.6180788290940666,
        "(11, 3)": 0.6443066953510835,
        "(11, 4)": 1.5256014479585036,
        "(11, 5)": 0.4647953803768652,
        "(11, 6)": 2.800654333049251,
        "(11, 7)": 0.6217387049050328,
        "(11, 8)": 0.7225549511077262,
        "(11, 9)": 1.3401188452467905,
        "(12, 1)": 0.806800617912755,
        "(12, 2)": 0.6998710704385926,
        "(12, 3)": 0.7021790789132093,
        "(12, 4)": 0.6926962851070102,
        "(12, 5)": 0.5313615480451249,
        "(12, 6)": 1.4690522546595304,
        "(12, 7)": 0.6067973271517438,
        "(12, 8)": 0.565237046973936,
        "(12, 9)": 0.5897513974157149,
        "(13, 1)": 0.5005292984306204,
        "(13, 2)": 0.5339139637885164,
        "(13, 3)": 0.6974606886990461,
        "(13, 4)": 1.9611964653256173,
        "(13, 5)": 14.744717254453999,
        "(13, 6)": 0.6002247025898559,
        "(13, 7)": 0.7318886927071291,
        "(13, 8)": 19.837652010922405,
        "(13, 9)": 0.5691139281128165,
        "(14, 1)": 0.9606863739550516,
        "(14, 2)": 0.6377328380018343,
        "(14, 3)": 1.7678052352698965,
        "(14, 4)": 0.6438762845249643,
        "(14, 5)": 0.9105915105622086,
        "(14, 6)": 0.4780192319656667,
        "(14, 7)": 0.7983220295467657,
        "(14, 8)": 1.1011522281388193,
        "(14, 9)": 0.6285190499552056,
        "(15, 1)": 0.7492786339642596,
        "(15, 2)": 0.6239590896025171,
        "(15, 3)": 0.607727281892647,
        "(15, 4)": 3.700465463604253,
        "(15, 5)": 0.6403190628468225,
        "(15, 6)": 1.588075103947306,
        "(15, 7)": 12.750281951948201,
        "(15, 8)": 148.78277482300473,
        "(15, 9)": 0.6443843329215884,
        "(16, 1)": 0.685880496144417,
        "(16, 2)": 0.691497973041447,
        "(16, 3)": 0.43455113924080224,
        "(16, 4)": 0.5643309084356369,
        "(16, 5)": 2.80880026023934,
        "(16, 6)": 1.6223611761388155,
        "(16, 7)": 0.6248342017001723,
        "(16, 8)": 1.4124060036021993,
        "(16, 9)": 1.3127188235780847,
        "(17, 1)": 22.747875273832733,
        "(17, 2)": 0.6595751883466757,
        "(17, 3)": 0.6232577101161187,
        "(17, 4)": 0.6511332869949096,
        "(17, 5)": 0.5947770290542413,
        "(17, 6)": 0.670622599929253,
        "(17, 7)": 0.5724444274945822,
        "(17, 8)": 0.6718965322572374,
        "(17, 9)": 0.5663981072214462,
        "(18, 1)": 0.905572472327789,
        "(18, 2)": 0.6141795565230752,
        "(18, 3)": 1.1561020172300511,
        "(18, 4)": 0.6925371408866565,
        "(18, 5)": 0.5576089479844519,
        "(18, 6)": 0.5891376624373397,
        "(18, 7)": 0.594497123365503,
        "(18, 8)": 0.6103156825486953,
        "(18, 9)": 0.6991014590291003,
        "(19, 1)": 1.2656521809638601,
        "(19, 2)": 0.5199734226279566,
        "(19, 3)": 0.28831508326473776,
        "(19, 4)": 0.6201782225132851,
        "(19, 5)": 0.6235078381983395,
        "(19, 6)": 1.0396405427328528,
        "(19, 7)": 0.5404270347066482,
        "(19, 8)": 38.70130222691208,
        "(19, 9)": 2.9866468931875656
    },
    "matching_probabilities": {
        "(0, 10)": 0.0007318055368959196,
        "(0, 11)": 0.23184799009590523,
        "(0, 12)": 0.0005661649192236899,
        "(0, 13)": 0.004587008356073317,
        "(0, 14)": 0.050727153862609675,
        "(0, 15)": 0.0027199149882615225,
        "(0, 16)": 0.07425781004588457,
        "(0, 17)": 0.08979090244505791,
        "(0, 18)": 0.319898172289638,
        "(0, 19)": 0.037476654549230964,
        "(10, 1)": 0.02467515121399092,
        "(10, 2)": 0.002248373224209735,
        "(10, 3)": 0.0008007654670116153,
        "(10, 4)": 0.09843038003525768,
        "(10, 5)": 0.21876303249505,
        "(10, 6)": 0.12096755090114522,
        "(10, 7)": 0.088763411355215,
        "(10, 8)": 0.20876188704672827,
        "(10, 9)": 0.12408400779538233,
        "(11, 1)": 0.3713999031748566,
        "(11, 2)": 0.02759472296522291,
        "(11, 3)": 0.00010611282909142738,
        "(11, 4)": 0.0004899623896231749,
        "(11, 5)": 0.0033158960524341317,
        "(11, 6)": 0.04863386480502658,
        "(11, 7)": 0.0009288838056951782,
        "(11, 8)": 0.013231721256113082,
        "(11, 9)": 0.1197028364533038,
        "(12, 1)": 0.0014139839947224467,
        "(12, 2)": 0.10617933580660888,
        "(12, 3)": 0.3333889515425693,
        "(12, 4)": 0.006835100981827811,
        "(12, 5)": 9.99787500627165e-05,
        "(12, 6)": 0.06146198817014004,
        "(12, 7)": 0.025577269511389337,
        "(12, 8)": 0.08472782112750683,
        "(12, 9)": 0.06268729492662997,
        "(13, 1)": 0.04869286330968448,
        "(13, 2)": 0.0004896997445692057,
        "(13, 3)": 0.0009074259923573484,
        "(13, 4)": 0.22517585383696065,
        "(13, 5)": 0.040562387660525764,
        "(13, 6)": 0.23232083191795141,
        "(13, 7)": 0.1963456796428295,
        "(13, 8)": 0.08762119149327871,
        "(13, 9)": 0.013932947785357004,
        "(14, 1)": 0.15734452271702537,
        "(14, 2)": 0.023548690969587224,
        "(14, 3)": 0.1619999482938965,
        "(14, 4)": 0.16058369455031163,
        "(14, 5)": 0.08725010580342786,
        "(14, 6)": 0.004302721571686798,
        "(14, 7)": 0.010581633501837195,
        "(14, 8)": 0.011460620375407578,
        "(14, 9)": 0.1733543184920419,
        "(15, 1)": 0.01292943652930005,
        "(15, 2)": 0.031583129239622545,
        "(15, 3)": 0.17655451400011826,
        "(15, 4)": 0.04442362184947705,
        "(15, 5)": 0.32803446267179937,
        "(15, 6)": 0.15100830931689602,
        "(15, 7)": 0.16470779951896689,
        "(15, 8)": 0.08179481896216856,
        "(15, 9)": 0.001367536572387878,
        "(16, 1)": 0.01155604115274142,
        "(16, 2)": 0.0009880051341272641,
        "(16, 3)": 0.0029209184939775644,
        "(16, 4)": 0.019852242665808057,
        "(16, 5)": 0.0005636061028077754,
        "(16, 6)": 0.20340076081361788,
        "(16, 7)": 0.3234530363946486,
        "(16, 8)": 0.058172832060441194,
        "(16, 9)": 0.15002669473070726,
        "(17, 1)": 0.19240237796009652,
        "(17, 2)": 0.41432504150738425,
        "(17, 3)": 0.06301744831045646,
        "(17, 4)": 0.018298697875049907,
        "(17, 5)": 0.00018212742514372857,
        "(17, 6)": 0.010781423651666774,
        "(17, 7)": 0.002538191955703447,
        "(17, 8)": 0.036710238906643204,
        "(17, 9)": 0.002652165205036382,
        "(18, 1)": 0.000637745105458821,
        "(18, 2)": 0.038865281547268364,
        "(18, 3)": 0.006718154572093287,
        "(18, 4)": 0.00757184217159986,
        "(18, 5)": 0.0014987400007928928,
        "(18, 6)": 0.001741943931564024,
        "(18, 7)": 0.000720706194837952,
        "(18, 8)": 0.2305717619767452,
        "(18, 9)": 0.04207804458887871,
        "(19, 1)": 0.08330250218882831,
        "(19, 2)": 0.007785164422146465,
        "(19, 3)": 0.006889948371833668,
        "(19, 4)": 0.17946433427684885,
        "(19, 5)": 0.22731044849924406,
        "(19, 6)": 0.10885910763856857,
        "(19, 7)": 0.041969423430246594,