{
    "min_scaled_matching_probability": 0.4977036647502806,
    "scaled_matching_probabilities": {
        "(0, 1)": 0.8763176290342413,
        "(0, 2)": 0.8915418628443748,
        "(0, 3)": 0.872451751522555,
        "(0, 4)": 0.9023676107387946,
        "(0, 5)": 0.6060081841041871,
        "(0, 6)": 0.8527750464101939,
        "(0, 7)": 0.7141949824379361,
        "(0, 8)": 0.6992597945262181,
        "(0, 9)": 0.9100905770976775,
        "(1, 2)": 0.8722990185384213,
        "(1, 3)": 1.1144386738056449,
        "(1, 4)": 0.8761602772266568,
        "(1, 5)": 0.9404881063303431,
        "(1, 6)": 0.7570730763720529,
        "(1, 7)": 0.732581262355515,
        "(1, 8)": 0.9489582683952944,
        "(1, 9)": 0.906340378801378,
        "(2, 3)": 0.899468652094475,
        "(2, 4)": 0.6920706915363943,
        "(2, 5)": 0.9107119485132521,
        "(2, 6)": 0.9273027412408403,
        "(2, 7)": 0.5608152344069163,
        "(2, 8)": 0.6807741387321952,
        "(2, 9)": 0.9167541637149522,
        "(3, 4)": 0.9810677524017073,
        "(3, 5)": 0.8043107101420603,
        "(3, 6)": 0.734605761461914,
        "(3, 7)": 0.8809063413409881,
        "(3, 8)": 0.9303300892802291,
        "(3, 9)": 0.6054624626376047,
        "(4, 5)": 0.9616340817897073,
        "(4, 6)": 0.8856710353865128,
        "(4, 7)": 0.9989652219236548,
        "(4, 8)": 0.8557420453667886,
        "(4, 9)": 0.9042353083928578,
        "(5, 6)": 0.8822292275690454,
        "(5, 7)": 0.8918665175925026,
        "(5, 8)": 0.7761647567144918,
        "(5, 9)": 0.870554717312259,
        "(6, 7)": 0.7144399240320334,
        "(6, 8)": 0.9091658617488433,
        "(6, 9)": 0.9281307136358298,
        "(7, 8)": 0.4977036647502806,
        "(7, 9)": 0.95354372750746,
        "(8, 9)": 0.8463316743159921
    },
    "matching_probabilities": {
        "(0, 1)": 0.047,
        "(0, 2)": 0.057,
        "(0, 3)": 0.1105,
        "(0, 4)": 0.0264,
        "(0, 5)": 0.0474,
        "(0, 6)": 0.0254,
        "(0, 7)": 0.0032,
        "(0, 8)": 0.3499,
        "(0, 9)": 0.0887,
        "(1, 2)": 0.1158,
        "(1, 3)": 0.0021,
        "(1, 4)": 0.207,
        "(1, 5)": 0.0474,
        "(1, 6)": 0.0162,
        "(1, 7)": 0.1853,
        "(1, 8)": 0.002,
        "(1, 9)": 0.2225,
        "(2, 3)": 0.2409,
        "(2, 4)": 0.0023,
        "(2, 5)": 0.0886,
        "(2, 6)": 0.0712,
        "(2, 7)": 0.1326,
        "(2, 8)": 0.0026,
        "(2, 9)": 0.0092,
        "(3, 4)": 0.0167,
        "(3, 5)": 0.0235,
        "(3, 6)": 0.0079,
        "(3, 7)": 0.0109,
        "(3, 8)": 0.1509,
        "(3, 9)": 0.1561,
        "(4, 5)": 0.1224,
        "(4, 6)": 0.4016,
        "(4, 7)": 0.0004,
        "(4, 8)": 0.0082,
        "(4, 9)": 0.1089,
        "(5, 6)": 0.06,
        "(5, 7)": 0.3928,
        "(5, 8)": 0.0016,
        "(5, 9)": 0.0745,
        "(6, 7)": 0.0012,
        "(6, 8)": 0.2412,
        "(6, 9)": 0.0469,
        "(7, 8)": 0.0002,
        "(7, 9)": 0.0483,
        "(8, 9)": 0.0438
    },
    "matching_counts": {
        "(0, 1)": 470.0,
        "(0, 2)": 570.0,
        "(0, 3)": 1105.0,
        "(0, 4)": 264.0,
        "(0, 5)": 474.0,
        "(0, 6)": 254.0,
        "(0, 7)": 32.0,
        "(0, 8)": 3499.0,
        "(0, 9)": 887.0,
        "(1, 2)": 1158.0,
        "(1, 3)": 21.0,
        "(1, 4)": 2070.0,
        "(1, 5)": 474.0,
        "(1, 6)": 162.0,
        "(1, 7)": 1853.0,
        "(1, 8)": 20.0,
        "(1, 9)": 2225.0,
        "(2, 3)": 2409.0,
        "(2, 4)": 23.0,
        "(2, 5)": 886.0,
        "(2, 6)": 712.0,
        "(2, 7)": 1326.0,
        "(2, 8)": 26.0,
        "(2, 9)": 92.0,
        "(3, 4)": 167.0,
        "(3, 5)": 235.0,
        "(3, 6)": 79.0,
        "(3, 7)": 109.0,
        "(3, 8)": 1509.0,
        "(3, 9)": 1561.0,
        "(4, 5)": 1224.0,
        "(4, 6)": 4016.0,
        "(4, 7)": 4.0,
        "(4, 8)": 82.0,
        "(4, 9)": 1089.0,
        "(5, 6)": 600.0,
        "(5, 7)": 3928.0,
        "(5, 8)": 16.0,
        "(5, 9)": 745.0,
        "(6, 7)": 12.0,
        "(6, 8)": 2412.0,
        "(6, 9)": 469.0,
        "(7, 8)": 2.0,
        "(7, 9)": 483.0,
        "(8, 9)": 438.0
    },
    "average_num_matching_probability_capped": 0.0,
    "average_num_matching_probability_exceeds_one": 7.8161,
    "average_num_proposal_matching_probability_exceeds_one": 0.1262,
    "simulation_parameters": {
        "graph_file": "nonuniform_complete_10_order_0.json",
        "c_guarantee": 0.9,
        "experiment_name": "nonuniform_complete_10_order_0_mc_c90_r100_sim10000",
        "average_edge_weight": 0.1111111111111111,
        "r": 1.0,
        "num_sim_instances": 10000,
        "rounding_scheme_class": "SimulatedRecursiveRoundingScheme",
        "parallel": true
    }
}