{
    "min_scaled_matching_probability": 0.000992780681373879,
    "scaled_matching_probabilities": {
        "(0, 10)": 0.9770110818871709,
        "(0, 11)": 0.9856619779422163,
        "(0, 12)": 11.532053018674974,
        "(0, 13)": 0.6656689071333858,
        "(0, 14)": 0.1589522030010714,
        "(0, 15)": 1.0868774202637976,
        "(0, 16)": 2.109377652952063,
        "(0, 17)": 0.09955726264685356,
        "(0, 18)": 0.9835380220691595,
        "(0, 19)": 0.909744983171683,
        "(10, 1)": 1.2604360756097621,
        "(10, 2)": 0.05998325616665759,
        "(10, 3)": 1.041081718446372,
        "(10, 4)": 0.9965019799522274,
        "(10, 5)": 2.8994006779458386,
        "(10, 6)": 0.6675861089737248,
        "(10, 7)": 0.06450719130020897,
        "(10, 8)": 0.9964424913904952,
        "(10, 9)": 1.700070397471985,
        "(11, 1)": 0.765120104863666,
        "(11, 2)": 3.7553179483507324,
        "(11, 3)": 8.735848886847414,
        "(11, 4)": 1.6821660161674716,
        "(11, 5)": 0.9895840362306721,
        "(11, 6)": 1.0317978150836027,
        "(11, 7)": 0.9402735304085931,
        "(11, 8)": 1.054842320818142,
        "(11, 9)": 0.43767858681028393,
        "(12, 1)": 0.23105522762785757,
        "(12, 2)": 0.000992780681373879,
        "(12, 3)": 0.9565567824562963,
        "(12, 4)": 1.320230757830147,
        "(12, 5)": 0.9904239991367766,
        "(12, 6)": 1.0363960444186269,
        "(12, 7)": 1.051603637622286,
        "(12, 8)": 1.290299703780937,
        "(12, 9)": 0.9900089747834223,
        "(13, 1)": 0.2064342162494087,
        "(13, 2)": 0.17585941445503564,
        "(13, 3)": 1.8955051501279716,
        "(13, 4)": 0.9507238212298289,
        "(13, 5)": 0.9723019906752989,
        "(13, 6)": 0.41685567625200004,
        "(13, 7)": 1.2555146135386273,
        "(13, 8)": 0.8677363436056834,
        "(13, 9)": 0.9420514844215553,
        "(14, 1)": 0.976725454183305,
        "(14, 2)": 0.12378220480580567,
        "(14, 3)": 0.652337849674903,
        "(14, 4)": 1.0471632884534006,
        "(14, 5)": 0.9322034859585466,
        "(14, 6)": 25.93009827696707,
        "(14, 7)": 1.0362340628205393,
        "(14, 8)": 5.050456636589116,
        "(14, 9)": 0.20032356842085397,
        "(15, 1)": 2.4091422615318914,
        "(15, 2)": 0.9427779858133406,
        "(15, 3)": 1.0234377951536677,
        "(15, 4)": 1.6767894721977616,
        "(15, 5)": 0.9744082991534884,
        "(15, 6)": 0.36082194243133847,
        "(15, 7)": 1.0864529576244661,
        "(15, 8)": 20.621293645033138,
        "(15, 9)": 1.0026410148014187,
        "(16, 1)": 11.537818462941317,
        "(16, 2)": 0.9408678221026571,
        "(16, 3)": 1.8675924155115398,
        "(16, 4)": 1.366183326463535,
        "(16, 5)": 0.9705323227249975,
        "(16, 6)": 0.9799119538130737,
        "(16, 7)": 0.19211780470623546,
        "(16, 8)": 1.049114271942041,
        "(16, 9)": 0.8618260984694669,
        "(17, 1)": 1.8009846172117079,
        "(17, 2)": 0.9856393617438243,
        "(17, 3)": 0.5676032428078234,
        "(17, 4)": 0.217919449220758,
        "(17, 5)": 1.1052929266921134,
        "(17, 6)": 1.0893893414717135,
        "(17, 7)": 25.879264091549494,
        "(17, 8)": 0.9503688344256425,
        "(17, 9)": 8.346143176463567,
        "(18, 1)": 0.2017586240632828,
        "(18, 2)": 2.3312174970993818,
        "(18, 3)": 1.18691384913073,
        "(18, 4)": 1.4900761699011353,
        "(18, 5)": 30.300442494472946,
        "(18, 6)": 1.054323229088366,
        "(18, 7)": 0.7880848660986562,
        "(18, 8)": 0.30177125760534684,
        "(18, 9)": 0.9986729834147227,
        "(19, 1)": 1.1679274646664788,
        "(19, 2)": 0.08205275856627868,
        "(19, 3)": 1.7625847767005123,
        "(19, 4)": 1.1039384954116171,
        "(19, 5)": 0.2751038392105436,
        "(19, 6)": 1.018454095609093,
        "(19, 7)": 1.097252743663333,
        "(19, 8)": 15.226565470489312,
        "(19, 9)": 0.9616179344004093
    },
    "matching_probabilities": {
        "(0, 10)": 0.001271376358045981,
        "(0, 11)": 0.1994879891741603,
        "(0, 12)": 0.00901571371560452,
        "(0, 13)": 0.004375002516379996,
        "(0, 14)": 0.0060770576207274,
        "(0, 15)": 0.005052392043487161,
        "(0, 16)": 0.2549976535762061,
        "(0, 17)": 0.01493215635642793,
        "(0, 18)": 0.46193491765566486,
        "(0, 19)": 0.004443256431931647,
        "(10, 1)": 0.010566480588615094,
        "(10, 2)": 0.0004104693279267102,
        "(10, 3)": 0.0016560442787285385,
        "(10, 4)": 0.1527955078986878,
        "(10, 5)": 0.040378422068666944,
        "(10, 6)": 0.12843739278202057,
        "(10, 7)": 0.003264897080636015,
        "(10, 8)": 0.33524094175071006,
        "(10, 9)": 0.3190297525372064,
        "(11, 1)": 0.47345753503320204,
        "(11, 2)": 0.16765977663877654,
        "(11, 3)": 0.0014387335202119234,
        "(11, 4)": 0.0005402446898088739,
        "(11, 5)": 0.007059790044876374,
        "(11, 6)": 0.01791735411712278,
        "(11, 7)": 0.0014047780014818005,
        "(11, 8)": 0.019316703230417905,
        "(11, 9)": 0.03909456872566879,
        "(12, 1)": 0.00040494316254734397,
        "(12, 2)": 0.00015061744627314195,
        "(12, 3)": 0.45416542926288966,
        "(12, 4)": 0.01302722526899371,
        "(12, 5)": 0.00018635400666478546,
        "(12, 6)": 0.04336058245688513,
        "(12, 7)": 0.04432641419973881,
        "(12, 8)": 0.19341315840514506,
        "(12, 9)": 0.10523245023955792,
        "(13, 1)": 0.020082486890959927,
        "(13, 2)": 0.00016129623156444084,
        "(13, 3)": 0.0024661327437416787,
        "(13, 4)": 0.10915787989298714,
        "(13, 5)": 0.002674781047900997,
        "(13, 6)": 0.16134667080298468,
        "(13, 7)": 0.33682016480529375,
        "(13, 8)": 0.0038327163056841905,
        "(13, 9)": 0.023063139900806794,
        "(14, 1)": 0.15997145851184147,
        "(14, 2)": 0.004570736701655761,
        "(14, 3)": 0.05977960456789326,
        "(14, 4)": 0.2611640678478522,
        "(14, 5)": 0.08932089947773673,
        "(14, 6)": 0.23340063694399288,
        "(14, 7)": 0.013735120251049462,
        "(14, 8)": 0.0525643637231134,
        "(14, 9)": 0.05525203362406604,
        "(15, 1)": 0.04157178724786214,
        "(15, 2)": 0.04772088341429885,
        "(15, 3)": 0.2973250797133493,
        "(15, 4)": 0.02012964643684182,
        "(15, 5)": 0.4991878602124654,
        "(15, 6)": 0.03431016036682529,
        "(15, 7)": 0.014034770101994226,
        "(15, 8)": 0.011336762487914046,
        "(15, 9)": 0.00212784232431654,
        "(16, 1)": 0.1943946587198708,
        "(16, 2)": 0.0013443021888899236,
        "(16, 3)": 0.012553379183887046,
        "(16, 4)": 0.04806010536994761,
        "(16, 5)": 0.00019474433543857755,
        "(16, 6)": 0.12285478712594873,
        "(16, 7)": 0.0994521220327252,
        "(16, 8)": 0.04320991853492951,
        "(16, 9)": 0.09849551835754886,
        "(17, 1)": 0.015232795100634624,
        "(17, 2)": 0.619148622751373,
        "(17, 3)": 0.05739023751158312,
        "(17, 4)": 0.006124156516082252,
        "(17, 5)": 0.0003384531428325428,
        "(17, 6)": 0.0175138267234893,
        "(17, 7)": 0.11474745282120451,
        "(17, 8)": 0.05192505882414095,
        "(17, 9)": 0.03908090483821864,
        "(18, 1)": 0.0001420875511484079,
        "(18, 2)": 0.14751944021972946,
        "(18, 3)": 0.006897203346572611,
        "(18, 4)": 0.016291720567807026,
        "(18, 5)": 0.08144145708626191,
        "(18, 6)": 0.0031173901583873053,
        "(18, 7)": 0.0009553917466243835,
        "(18, 8)": 0.11400646021323813,
        "(18, 9)": 0.060108880882887766,
        "(19, 1)": 0.07687047171813007,
        "(19, 2)": 0.0012285132065032996,
        "(19, 3)": 0.04212099476355,
        "(19, 4)": 0.3194526669426675,
        "(19, 5)": 0.100293810668857,
        "(19, 6)": 0.10664070845815411,
        "(19, 7)": 0.08521236365202094,