{
    "min_scaled_matching_probability": 0.0,
    "scaled_matching_probabilities": {
        "(0, 2)": 0.0,
        "(0, 3)": 1.0326192557904277,
        "(0, 4)": 0.0,
        "(0, 5)": 0.0,
        "(0, 6)": 0.6846478411334865,
        "(0, 7)": 0.7072917272282838,
        "(0, 8)": 0.5262009958876589,
        "(0, 9)": 0.6763223711656869,
        "(0, 10)": 0.7134498543982731,
        "(0, 11)": 0.7634799250481018,
        "(0, 12)": 0.0,
        "(0, 13)": 0.8001764308685905,
        "(0, 14)": 0.0,
        "(0, 15)": 0.6778485947415401,
        "(0, 16)": 0.46426682418134435,
        "(0, 19)": 0.7551705518193625,
        "(0, 20)": 0.7079252443062315
    },
    "matching_probabilities": {
        "(0, 2)": 0.0,
        "(0, 3)": 0.0002,
        "(0, 4)": 0.0,
        "(0, 5)": 0.0,
        "(0, 6)": 0.0281,
        "(0, 7)": 0.1072,
        "(0, 8)": 0.0001,
        "(0, 9)": 0.0136,
        "(0, 10)": 0.2516,
        "(0, 11)": 0.0128,
        "(0, 12)": 0.0,
        "(0, 13)": 0.0062,
        "(0, 14)": 0.0,
        "(0, 15)": 0.0313,
        "(0, 16)": 0.0023,
        "(0, 19)": 0.0012,
        "(0, 20)": 0.2527
    },
    "matching_counts": {
        "(0, 2)": 0,
        "(0, 3)": 2.0,
        "(0, 4)": 0,
        "(0, 5)": 0,
        "(0, 6)": 281.0,
        "(0, 7)": 1072.0,
        "(0, 8)": 1.0,
        "(0, 9)": 136.0,
        "(0, 10)": 2516.0,
        "(0, 11)": 128.0,
        "(0, 12)": 0,
        "(0, 13)": 62.0,
        "(0, 14)": 0,
        "(0, 15)": 313.0,
        "(0, 16)": 23.0,
        "(0, 19)": 12.0,
        "(0, 20)": 2527.0
    },
    "average_num_matching_probability_capped": 0.0,
    "average_num_matching_probability_exceeds_one": 0.0,
    "average_num_proposal_matching_probability_exceeds_one": 0.0,
    "simulation_parameters": {
        "graph_file": "nonuniform_star_20_order_1.json",
        "c_guarantee": 0.7,
        "experiment_name": "nonuniform_star_20_order_1_tr_c70_r100_sim10000",
        "average_edge_weight": 0.05,
        "r": 1.0,
        "num_sim_instances": 10000,
        "rounding_scheme_class": "SimpleRecursiveRoundingSchemeForTree",
        "parallel": true
    }
}