{
    "min_scaled_matching_probability": 0.0,
    "scaled_matching_probabilities": {
        "(0, 10)": 0.6147737926407696,
        "(0, 11)": 0.5983501363813616,
        "(0, 12)": 0.5116423782940286,
        "(0, 13)": 0.5173195388527937,
        "(0, 14)": 0.5911281432599329,
        "(0, 15)": 0.5162912509918219,
        "(0, 16)": 0.5906311776150035,
        "(0, 17)": 0.6127254643504509,
        "(0, 18)": 0.6042584788346632,
        "(0, 19)": 0.6142420522707824,
        "(10, 1)": 0.6322172406136318,
        "(10, 2)": 0.7598933972535747,
        "(10, 3)": 0.8801180164964896,
        "(10, 4)": 0.5706576354563675,
        "(10, 5)": 0.5816261331713954,
        "(10, 6)": 0.5769508123062483,
        "(10, 7)": 0.5275333234639239,
        "(10, 8)": 0.6111084617529472,
        "(10, 9)": 0.5968342544937287,
        "(11, 1)": 0.6001923845745489,
        "(11, 2)": 0.6943517326143697,
        "(11, 3)": 0.6071901963860991,
        "(11, 4)": 0.3113711338398501,
        "(11, 5)": 0.4064984492211203,
        "(11, 6)": 0.5931410087611588,
        "(11, 7)": 0.3346697945927276,
        "(11, 8)": 0.5679209337975288,
        "(11, 9)": 0.583279343297723,
        "(12, 1)": 0.6847041728257666,
        "(12, 2)": 0.5774071320439047,
        "(12, 3)": 0.5937337798081136,
        "(12, 4)": 0.6181982315092018,
        "(12, 5)": 1.0629489720801726,
        "(12, 6)": 0.5616923404581805,
        "(12, 7)": 0.5693780505052353,
        "(12, 8)": 0.6137512759043411,
        "(12, 9)": 0.6444363370641337,
        "(13, 1)": 0.6064796070748455,
        "(13, 2)": 0.43611537045681453,
        "(13, 3)": 0.6917529640058455,
        "(13, 4)": 0.6122863937810031,
        "(13, 5)": 0.4725592731673464,
        "(13, 6)": 0.5965538375695216,
        "(13, 7)": 0.6012541062701768,
        "(13, 8)": 0.7244878248411082,
        "(13, 9)": 0.5759374476967583,
        "(14, 1)": 0.605677825009089,
        "(14, 2)": 0.5768350124846525,
        "(14, 3)": 0.561987646139451,
        "(14, 4)": 0.6198840664758282,
        "(14, 5)": 0.6105391263123988,
        "(14, 6)": 0.6221429052306315,
        "(14, 7)": 0.7091747296328781,
        "(14, 8)": 0.6053126977454613,
        "(14, 9)": 0.6181703400846171,
        "(15, 1)": 0.5563332067686245,
        "(15, 2)": 0.5946582574051557,
        "(15, 3)": 0.618554519404899,
        "(15, 4)": 0.6497360956725539,
        "(15, 5)": 0.5809113821491062,
        "(15, 6)": 0.6478148576437877,
        "(15, 7)": 0.6425156580941606,
        "(15, 8)": 0.18189755379472042,
        "(15, 9)": 0.3769606435001111,
        "(16, 1)": 0.6647485462610279,
        "(16, 2)": 0.4199358581181476,
        "(16, 3)": 0.4760706772330937,
        "(16, 4)": 0.648125500424856,
        "(16, 5)": 0.0,
        "(16, 6)": 0.6037968616363498,
        "(16, 7)": 0.6137207060809308,
        "(16, 8)": 0.6385502747423935,
        "(16, 9)": 0.5722435678270975,
        "(17, 1)": 0.6739152105892274,
        "(17, 2)": 0.6057281941078072,
        "(17, 3)": 0.6052827094996379,
        "(17, 4)": 0.5373121465123003,
        "(17, 5)": 0.6531438399075419,
        "(17, 6)": 0.5038335599201847,
        "(17, 7)": 0.7442567952700709,
        "(17, 8)": 0.5838561670359274,
        "(17, 9)": 0.4911894794998096,
        "(18, 1)": 0.7099799469854665,
        "(18, 2)": 0.5689001379789241,
        "(18, 3)": 0.6883449940448901,
        "(18, 4)": 0.5579192571199635,
        "(18, 5)": 0.7068984617812055,
        "(18, 6)": 0.5411312286345528,
        "(18, 7)": 0.4949288303252395,
        "(18, 8)": 0.5738622927724436,
        "(18, 9)": 0.5931340757677531,
        "(19, 1)": 0.6016605149813907,
        "(19, 2)": 0.6679029426132449,
        "(19, 3)": 0.5858405532046232,
        "(19, 4)": 0.6102798895232904,
        "(19, 5)": 0.6160731342704328,
        "(19, 6)": 0.6074010705410454,
        "(19, 7)": 0.575587808384749,
        "(19, 8)": 0.6515960695937134,
        "(19, 9)": 0.5947695229914562
    },
    "matching_probabilities": {
        "(0, 10)": 0.0008,
        "(0, 11)": 0.1211,
        "(0, 12)": 0.0004,
        "(0, 13)": 0.0034,
        "(0, 14)": 0.0226,
        "(0, 15)": 0.0024,
        "(0, 16)": 0.0714,
        "(0, 17)": 0.0919,
        "(0, 18)": 0.2838,
        "(0, 19)": 0.003,
        "(10, 1)": 0.0053,
        "(10, 2)": 0.0052,
        "(10, 3)": 0.0014,
        "(10, 4)": 0.0875,
        "(10, 5)": 0.0081,
        "(10, 6)": 0.111,
        "(10, 7)": 0.0267,
        "(10, 8)": 0.2056,
        "(10, 9)": 0.112,
        "(11, 1)": 0.3714,
        "(11, 2)": 0.031,
        "(11, 3)": 0.0001,
        "(11, 4)": 0.0001,
        "(11, 5)": 0.0029,
        "(11, 6)": 0.0103,
        "(11, 7)": 0.0005,
        "(11, 8)": 0.0104,
        "(11, 9)": 0.0521,
        "(12, 1)": 0.0012,
        "(12, 2)": 0.0876,
        "(12, 3)": 0.2819,
        "(12, 4)": 0.0061,
        "(12, 5)": 0.0002,
        "(12, 6)": 0.0235,
        "(12, 7)": 0.024,
        "(12, 8)": 0.092,
        "(12, 9)": 0.0685,
        "(13, 1)": 0.059,
        "(13, 2)": 0.0004,
        "(13, 3)": 0.0009,
        "(13, 4)": 0.0703,
        "(13, 5)": 0.0013,
        "(13, 6)": 0.2309,
        "(13, 7)": 0.1613,
        "(13, 8)": 0.0032,
        "(13, 9)": 0.0141,
        "(14, 1)": 0.0992,
        "(14, 2)": 0.0213,
        "(14, 3)": 0.0515,
        "(14, 4)": 0.1546,
        "(14, 5)": 0.0585,
        "(14, 6)": 0.0056,
        "(14, 7)": 0.0094,
        "(14, 8)": 0.0063,
        "(14, 9)": 0.1705,
        "(15, 1)": 0.0096,
        "(15, 2)": 0.0301,
        "(15, 3)": 0.1797,
        "(15, 4)": 0.0078,
        "(15, 5)": 0.2976,
        "(15, 6)": 0.0616,
        "(15, 7)": 0.0083,
        "(15, 8)": 0.0001,
        "(15, 9)": 0.0008,
        "(16, 1)": 0.0112,
        "(16, 2)": 0.0006,
        "(16, 3)": 0.0032,
        "(16, 4)": 0.0228,
        "(16, 5)": 0.0,
        "(16, 6)": 0.0757,
        "(16, 7)": 0.3177,
        "(16, 8)": 0.0263,
        "(16, 9)": 0.0654,
        "(17, 1)": 0.0057,
        "(17, 2)": 0.3805,
        "(17, 3)": 0.0612,
        "(17, 4)": 0.0151,
        "(17, 5)": 0.0002,
        "(17, 6)": 0.0081,
        "(17, 7)": 0.0033,
        "(17, 8)": 0.0319,
        "(17, 9)": 0.0023,
        "(18, 1)": 0.0005,
        "(18, 2)": 0.036,
        "(18, 3)": 0.004,
        "(18, 4)": 0.0061,
        "(18, 5)": 0.0019,
        "(18, 6)": 0.0016,
        "(18, 7)": 0.0006,
        "(18, 8)": 0.2168,
        "(18, 9)": 0.0357,
        "(19, 1)": 0.0396,
        "(19, 2)": 0.01,
        "(19, 3)": 0.014,
        "(19, 4)": 0.1766,
        "(19, 5)": 0.2246,
        "(19, 6)": 0.0636,
        "(19, 7)": 0.0447,
        "(19, 8)": 0.0026,
        "(19, 9)": 0.0191
    },
    "matching_counts": {
        "(0, 10)": 8.0,
        "(0, 11)": 1211.0,
        "(0, 12)": 4.0,
        "(0, 13)": 34.0,
        "(0, 14)": 226.0,
        "(0, 15)": 24.0,
        "(0, 16)": 714.0,
        "(0, 17)": 919.0,
        "(0, 18)": 2838.0,
        "(0, 19)": 30.0,
        "(10, 1)": 53.0,
        "(10, 2)": 52.0,
        "(10, 3)": 14.0,
        "(10, 4)": 875.0,
        "(10, 5)": 81.0,
        "(10, 6)": 1110.0,
        "(10, 7)": 267.0,
        "(10, 8)": 2056.0,
        "(10, 9)": 1120.0,
        "(11, 1)": 3714.0,
        "(11, 2)": 310.0,
        "(11, 3)": 1.0,
        "(11, 4)": 1.0,
        "(11, 5)": 29.0,
        "(11, 6)": 103.0,
        "(11, 7)": 5.0,
        "(11, 8)": 104.0,
        "(11, 9)": 521.0,
        "(12, 1)": 12.0,
        "(12, 2)": 876.0,
        "(12, 3)": 2819.0,
        "(12, 4)": 61.0,
        "(12, 5)": 2.0,
        "(12, 6)": 235.0,
        "(12, 7)": 240.0,
        "(12, 8)": 920.0,
        "(12, 9)": 685.0,
        "(13, 1)": 590.0,
        "(13, 2)": 4.0,
        "(13, 3)": 9.0,
        "(13, 4)": 703.0,
        "(13, 5)": 13.0,
        "(13, 6)": 2309.0,
        "(13, 7)": 1613.0,
        "(13, 8)": 32.0,
        "(13, 9)": 141.0,
        "(14, 1)": 992.0,
        "(14, 2)": 213.0,
        "(14, 3)": 515.0,