{
    "min_scaled_matching_probability": 0.5166213545093186,
    "scaled_matching_probabilities": {
        "(0, 1)": 0.7547239389894848,
        "(0, 2)": 0.8257916453391612,
        "(0, 3)": 0.7687750569732791,
        "(0, 4)": 0.8354633760765555,
        "(0, 5)": 0.6336589202175085,
        "(0, 6)": 0.7286267527190078,
        "(0, 7)": 0.6906861377042219,
        "(0, 8)": 0.7895164163919827,
        "(0, 9)": 0.8400122618014549,
        "(1, 2)": 0.897513883818414,
        "(1, 3)": 0.8708460544709292,
        "(1, 4)": 0.7541323041093163,
        "(1, 5)": 0.7161827434489115,
        "(1, 6)": 1.2013883496683053,
        "(1, 7)": 1.013064321325001,
        "(1, 8)": 0.7090871460607101,
        "(1, 9)": 0.793087668942582,
        "(2, 3)": 0.7373719578372484,
        "(2, 4)": 0.8206943975455061,
        "(2, 5)": 0.8163679369018563,
        "(2, 6)": 0.7273813781453283,
        "(2, 7)": 0.642151714150769,
        "(2, 8)": 0.8577519781420507,
        "(2, 9)": 0.7530568927633704,
        "(3, 4)": 6.882098096245963,
        "(3, 5)": 0.7250250885006737,
        "(3, 6)": 0.7784585213225993,
        "(3, 7)": 0.6752378136356462,
        "(3, 8)": 0.7223514694554392,
        "(3, 9)": 0.5166213545093186,
        "(4, 5)": 0.774318161857274,
        "(4, 6)": 0.8466154142727335,
        "(4, 7)": 0.7571015972748232,
        "(4, 8)": 0.7444091812312551,
        "(4, 9)": 0.7330092608095224,
        "(5, 6)": 0.8576299063040886,
        "(5, 7)": 0.7599136439651878,
        "(5, 8)": 0.7281606841330971,
        "(5, 9)": 2.0273543788311477,
        "(6, 7)": 0.7183385040296708,
        "(6, 8)": 0.7785427468862784,
        "(6, 9)": 0.7813512344216536,
        "(7, 8)": 0.7250519736611024,
        "(7, 9)": 0.7439522389115159,
        "(8, 9)": 1.1201890145364033
    },
    "matching_probabilities": {
        "(0, 1)": 0.040478502265894445,
        "(0, 2)": 0.05279631360681111,
        "(0, 3)": 0.09736887300334703,
        "(0, 4)": 0.024442625007742674,
        "(0, 5)": 0.04956275114123888,
        "(0, 6)": 0.021702229206834314,
        "(0, 7)": 0.0030946669957116054,
        "(0, 8)": 0.3950631743138164,
        "(0, 9)": 0.08186996931602358,
        "(1, 2)": 0.11914734000310531,
        "(1, 3)": 0.0016409846116915042,
        "(1, 4)": 0.17816989768670494,
        "(1, 5)": 0.03609515294343831,
        "(1, 6)": 0.02570754643381609,
        "(1, 7)": 0.2562457277953466,
        "(1, 8)": 0.0014944538019775924,
        "(1, 9)": 0.19469727981566146,
        "(2, 3)": 0.19748648741605682,
        "(2, 4)": 0.0027274628696733355,
        "(2, 5)": 0.07942159903313485,
        "(2, 6)": 0.05584967219513106,
        "(2, 7)": 0.15183131996483773,
        "(2, 8)": 0.003275910491139612,
        "(2, 9)": 0.007557231466883394,
        "(3, 4)": 0.11714893077053053,
        "(3, 5)": 0.021183467240858327,
        "(3, 6)": 0.008371595542907236,
        "(3, 7)": 0.008355135867706896,
        "(3, 8)": 0.11716576513735923,
        "(3, 9)": 0.1331950342348042,
        "(4, 5)": 0.0985578036449589,
        "(4, 6)": 0.38389056070186506,
        "(4, 7)": 0.00030315433637095494,
        "(4, 8)": 0.007133172103843427,
        "(4, 9)": 0.08827869002818901,
        "(5, 6)": 0.058327011586360195,
        "(5, 7)": 0.3346847016471459,
        "(5, 8)": 0.0015010435407356631,
        "(5, 9)": 0.1734961608033476,
        "(6, 7)": 0.0012065482006811186,
        "(6, 8)": 0.20654593232059318,
        "(6, 9)": 0.03948298699309511,
        "(7, 8)": 0.0002913589049117781,
        "(7, 9)": 0.037683529452135274,
        "(8, 9)": 0.0579728731957815
    },
    "matching_counts": {
        "(0, 1)": 404.78502265894446,
        "(0, 2)": 527.9631360681111,
        "(0, 3)": 973.6887300334703,
        "(0, 4)": 244.42625007742674,
        "(0, 5)": 495.6275114123888,
        "(0, 6)": 217.02229206834312,
        "(0, 7)": 30.946669957116054,
        "(0, 8)": 3950.631743138164,
        "(0, 9)": 818.6996931602358,
        "(1, 2)": 1191.4734000310532,
        "(1, 3)": 16.40984611691504,
        "(1, 4)": 1781.6989768670494,
        "(1, 5)": 360.95152943438313,
        "(1, 6)": 257.0754643381609,
        "(1, 7)": 2562.457277953466,
        "(1, 8)": 14.944538019775925,
        "(1, 9)": 1946.9727981566145,
        "(2, 3)": 1974.8648741605682,
        "(2, 4)": 27.274628696733355,
        "(2, 5)": 794.2159903313485,
        "(2, 6)": 558.4967219513106,
        "(2, 7)": 1518.3131996483773,
        "(2, 8)": 32.75910491139612,
        "(2, 9)": 75.57231466883394,
        "(3, 4)": 1171.4893077053052,
        "(3, 5)": 211.83467240858326,
        "(3, 6)": 83.71595542907235,
        "(3, 7)": 83.55135867706895,
        "(3, 8)": 1171.6576513735922,
        "(3, 9)": 1331.9503423480419,
        "(4, 5)": 985.578036449589,
        "(4, 6)": 3838.9056070186507,
        "(4, 7)": 3.0315433637095492,
        "(4, 8)": 71.33172103843427,
        "(4, 9)": 882.7869002818901,
        "(5, 6)": 583.270115863602,
        "(5, 7)": 3346.847016471459,
        "(5, 8)": 15.010435407356631,
        "(5, 9)": 1734.961608033476,
        "(6, 7)": 12.065482006811187,
        "(6, 8)": 2065.459323205932,
        "(6, 9)": 394.82986993095113,
        "(7, 8)": 2.9135890491177805,
        "(7, 9)": 376.83529452135275,
        "(8, 9)": 579.7287319578151
    },
    "average_num_matching_probability_capped": 1.4456,
    "average_num_matching_probability_exceeds_one": 1.3405,
    "average_num_proposal_matching_probability_exceeds_one": 0.9941,
    "simulation_parameters": {
        "graph_file": "nonuniform_complete_10_order_0.json",
        "c_guarantee": 0.75,
        "experiment_name": "nonuniform_complete_10_order_0_si_c75_r80_sim10000",
        "average_edge_weight": 0.1111111111111111,
        "r": 0.8,
        "num_sim_instances": 10000,
        "rounding_scheme_class": "SimpleRecursiveRoundingScheme",
        "parallel": true
    }
}