{
    "min_scaled_matching_probability": 0.5820234992658169,
    "scaled_matching_probabilities": {
        "(0, 1)": 0.8951395050201932,
        "(0, 2)": 0.9293958254029725,
        "(0, 3)": 0.909234206644877,
        "(1, 4)": 0.8617749788545296,
        "(1, 5)": 0.8966445332808421,
        "(1, 6)": 0.7598949064571293,
        "(2, 7)": 1.0362772811449323,
        "(2, 8)": 0.9393944217673108,
        "(2, 9)": 0.847771225738618,
        "(3, 10)": 0.737302638899728,
        "(3, 11)": 0.8681065863792974,
        "(3, 12)": 0.9780367774318962,
        "(4, 13)": 0.9234852573915853,
        "(4, 14)": 1.16584384899029,
        "(4, 15)": 1.0352846522737116,
        "(5, 16)": 0.9857551235545886,
        "(5, 17)": 0.7746156356213895,
        "(5, 18)": 0.8955605865230066,
        "(6, 19)": 1.0084425909071215,
        "(6, 20)": 0.8532119575245396,
        "(6, 21)": 0.821926848647292,
        "(7, 22)": 0.880902642082798,
        "(7, 23)": 0.8087167377072503,
        "(7, 24)": 1.0134826802615873,
        "(8, 25)": 0.6788082239902,
        "(8, 26)": 0.837025830640555,
        "(8, 27)": 0.867353365611071,
        "(9, 28)": 0.7907790604394637,
        "(9, 29)": 0.7956542652555361,
        "(9, 30)": 1.0736896334645523,
        "(10, 31)": 0.9611876277937567,
        "(10, 32)": 0.7390083028287323,
        "(10, 33)": 0.9635367703775729,
        "(11, 34)": 0.6248100837805747,
        "(11, 35)": 0.5820234992658169,
        "(11, 36)": 0.9320415769074825,
        "(12, 37)": 0.8713727401880167,
        "(12, 38)": 0.8765232840770629,
        "(12, 39)": 1.0387364061171378,
        "(13, 40)": 0.8830018920999152,
        "(13, 41)": 1.0151998259050268,
        "(13, 42)": 0.8310942149540727,
        "(14, 43)": 0.9833570962741464,
        "(14, 44)": 0.8429792998312551,
        "(14, 45)": 0.8534411125769957,
        "(15, 46)": 0.9482930816503268,
        "(15, 47)": 0.8765734941816448,
        "(15, 48)": 0.8422265097439545,
        "(16, 49)": 0.8956235229268074,
        "(16, 50)": 0.8548049449281131,
        "(16, 51)": 1.0161749088799048,
        "(17, 52)": 0.8734152680351573,
        "(17, 53)": 0.9215051455637054,
        "(17, 54)": 1.1660569789154713,
        "(18, 55)": 0.9087665855192139,
        "(18, 56)": 0.8491086030504404,
        "(18, 57)": 0.9745139477524197,
        "(19, 58)": 0.9290191785023472,
        "(19, 59)": 1.0604352041482048,
        "(19, 60)": 0.8066087882991448,
        "(20, 61)": 1.0452541556341783,
        "(20, 62)": 0.7571838378064926,
        "(20, 63)": 0.7882325254830581,
        "(21, 64)": 0.891634291816619,
        "(21, 65)": 0.8733045023495059,
        "(21, 66)": 0.9815242841596201,
        "(22, 67)": 1.1996115824622058,
        "(22, 68)": 0.8288768036191083,
        "(22, 69)": 0.9143830893956946,
        "(23, 70)": 1.0670350630723862,
        "(23, 71)": 0.779472697050616,
        "(23, 72)": 1.0005961730713901,
        "(24, 73)": 0.924544950155942,
        "(24, 74)": 0.7662369709251468,
        "(24, 75)": 0.8085069972663531,
        "(25, 76)": 0.9432972186145568,
        "(25, 77)": 0.7314466783704221,
        "(25, 78)": 0.9110499861229042,
        "(26, 79)": 0.8421967739640696,
        "(26, 80)": 0.9591333459778575,
        "(26, 81)": 0.8901676428672458,
        "(27, 82)": 0.7256712360670029,
        "(27, 83)": 0.8774026488329648,
        "(27, 84)": 1.1354977227005734,
        "(28, 85)": 0.919165900732052,
        "(28, 86)": 1.0477599946765277,
        "(28, 87)": 0.9419428748401111,
        "(29, 88)": 0.8180261947150174,
        "(29, 89)": 0.8960444261641151,
        "(29, 90)": 1.0132373443877905,
        "(30, 91)": 0.8813406710245264,
        "(30, 92)": 0.8734605078522722,
        "(30, 93)": 0.9071496702990661,
        "(31, 94)": 0.7996709391029548,
        "(31, 95)": 0.9424134056790128,
        "(31, 96)": 0.8734489533492539,
        "(32, 97)": 0.7538312983683897,
        "(32, 98)": 0.910601046563709,
        "(32, 99)": 0.8897330266487513,
        "(33, 100)": 0.8228702220501365,
        "(33, 101)": 0.9987927268330595,
        "(33, 102)": 0.7612111543613282,
        "(34, 103)": 0.7687138156330985,
        "(34, 104)": 0.9175689719173048,
        "(34, 105)": 1.008461255720688,
        "(35, 106)": 0.9826107051708081,
        "(35, 107)": 0.918143784389108,
        "(35, 108)": 0.8019825427753555,
        "(36, 109)": 0.8415788664047003,
        "(36, 110)": 0.8881003339165404,
        "(36, 111)": 0.821658750299738,
        "(37, 112)": 1.0422304079612452,
        "(37, 113)": 1.0734749192643904,
        "(37, 114)": 0.8614719234177907,
        "(38, 115)": 0.8306212627916327,
        "(38, 116)": 0.9944503948534135,
        "(38, 117)": 0.8016441009552283,
        "(39, 118)": 0.8879525456170163,
        "(39, 119)": 0.9820789638863521,
        "(39, 120)": 0.8758917641002418
    },
    "matching_probabilities": {
        "(0, 1)": 0.37148595411135754,
        "(0, 2)": 0.11536893440300564,
        "(0, 3)": 0.07646060793363578,
        "(1, 4)": 0.02640155769553027,
        "(1, 5)": 0.3443477774940332,
        "(1, 6)": 0.06168271659908238,
        "(2, 7)": 0.1463104576563751,
        "(2, 8)": 0.3878941329928773,
        "(2, 9)": 0.14023588702581988,
        "(3, 10)": 0.10815974863326956,
        "(3, 11)": 0.15613827326245436,
        "(3, 12)": 0.2955835608247307,
        "(4, 13)": 0.23159419054842142,
        "(4, 14)": 0.15591194687525248,
        "(4, 15)": 0.08732860967456814,
        "(5, 16)": 0.12030945788718943,
        "(5, 17)": 0.10659461562114504,
        "(5, 18)": 0.09334816015574347,
        "(6, 19)": 0.11070064216720661,
        "(6, 20)": 0.3068241296040509,
        "(6, 21)": 0.08771421075352928,
        "(7, 22)": 0.07432338652005054,
        "(7, 23)": 0.1901419436484448,
        "(7, 24)": 0.06692707581003868,
        "(8, 25)": 0.01372097595790634,
        "(8, 26)": 0.15184338681617787,
        "(8, 27)": 0.07496354234160275,
        "(9, 28)": 0.09998967774307996,
        "(9, 29)": 0.3174154533616353,
        "(9, 30)": 0.15097177233364817,
        "(10, 31)": 0.13158563333132844,
        "(10, 32)": 0.09722114557939956,
        "(10, 33)": 0.34347687924544423,
        "(11, 34)": 0.015740057351386397,
        "(11, 35)": 0.07110576547650102,
        "(11, 36)": 0.503669455226148,
        "(12, 37)": 0.4828934178661181,
        "(12, 38)": 0.07957155801937763,
        "(12, 39)": 0.029576311367810665,
        "(13, 40)": 0.020299334576561166,
        "(13, 41)": 0.2654143663905522,
        "(13, 42)": 0.3473301700729399,
        "(14, 43)": 0.2159948600981961,
        "(14, 44)": 0.44689867382766185,
        "(14, 45)": 0.040647073040228875,
        "(15, 46)": 0.17399134025489144,
        "(15, 47)": 0.04056349690299781,
        "(15, 48)": 0.5170603509929339,
        "(16, 49)": 0.642119107427899,
        "(16, 50)": 0.04367716814537865,
        "(16, 51)": 0.07183236808077252,
        "(17, 52)": 0.019609111017210367,
        "(17, 53)": 0.7088214847056181,
        "(17, 54)": 0.06167384901771659,
        "(18, 55)": 0.058121026140453946,
        "(18, 56)": 0.5927530760703282,
        "(18, 57)": 0.10456621081506728,
        "(19, 58)": 0.4391334267870821,
        "(19, 59)": 0.05534957474935177,
        "(19, 60)": 0.2283723780177868,
        "(20, 61)": 0.43909293257904164,
        "(20, 62)": 0.02791205526153139,
        "(20, 63)": 0.1266743177136223,
        "(21, 64)": 0.39383570998688266,
        "(21, 65)": 0.2351879705368293,
        "(21, 66)": 0.0922804197391912,
        "(22, 67)": 0.10889861236282754,
        "(22, 68)": 0.4216984706079189,
        "(22, 69)": 0.22197997110581014,
        "(23, 70)": 0.21314232405537986,
        "(23, 71)": 0.1381824573191883,
        "(23, 72)": 0.27877734617234573,
        "(24, 73)": 0.5753087643322071,
        "(24, 74)": 0.03111562657387962,
        "(24, 75)": 0.20763654614090424,
        "(25, 76)": 0.6033180690278812,
        "(25, 77)": 0.05458489934262558,