{
    "min_scaled_matching_probability": 0.626995571245138,
    "scaled_matching_probabilities": {
        "(0, 1)": 0.897582968964876,
        "(0, 2)": 0.9304516713231142,
        "(0, 3)": 0.8407317198626947,
        "(1, 4)": 0.9074216259676167,
        "(1, 5)": 0.8975616827591165,
        "(1, 6)": 0.9030130272202733,
        "(2, 7)": 0.9129637325945548,
        "(2, 8)": 0.8941213362535178,
        "(2, 9)": 0.887453408523848,
        "(3, 10)": 0.9223121198383433,
        "(3, 11)": 0.9084807539528919,
        "(3, 12)": 0.8566569838004746,
        "(4, 13)": 0.8852282807934594,
        "(4, 14)": 0.9032915038301101,
        "(4, 15)": 0.9235080543782967,
        "(5, 16)": 0.8906330708501456,
        "(5, 17)": 0.8916523403822891,
        "(5, 18)": 0.8989360563422171,
        "(6, 19)": 0.9018539960139443,
        "(6, 20)": 0.91070710915038,
        "(6, 21)": 0.9080023744124951,
        "(7, 22)": 0.8320310519963963,
        "(7, 23)": 0.9314565853252569,
        "(7, 24)": 0.9055567353885844,
        "(8, 25)": 0.8707124608977522,
        "(8, 26)": 0.93160043610923,
        "(8, 27)": 0.9163706037711253,
        "(9, 28)": 0.9063263565986874,
        "(9, 29)": 0.7918555310785734,
        "(9, 30)": 0.9202742765930126,
        "(10, 31)": 0.9167341770843352,
        "(10, 32)": 0.6970403502811028,
        "(10, 33)": 0.904691486452909,
        "(11, 34)": 0.8415454582178804,
        "(11, 35)": 0.626995571245138,
        "(11, 36)": 0.9065611658383347,
        "(12, 37)": 0.9074742682909129,
        "(12, 38)": 0.9286096023116973,
        "(12, 39)": 0.8218209363861003,
        "(13, 40)": 0.8786809317884511,
        "(13, 41)": 0.9091934317622331,
        "(13, 42)": 0.903045527711569,
        "(14, 43)": 0.8905056719580218,
        "(14, 44)": 0.8891958406072513,
        "(14, 45)": 0.9028440449940986,
        "(15, 46)": 0.9216341449646495,
        "(15, 47)": 0.8168545764016069,
        "(15, 48)": 0.9046769929535458,
        "(16, 49)": 0.9007576077637244,
        "(16, 50)": 0.8963508427880971,
        "(16, 51)": 0.9647896990905409,
        "(17, 52)": 0.8551929320792174,
        "(17, 53)": 0.8997663375137612,
        "(17, 54)": 0.9377787680738581,
        "(18, 55)": 0.8552762318368928,
        "(18, 56)": 0.8867068708823742,
        "(18, 57)": 0.9207752417099682,
        "(19, 58)": 0.9039846906633401,
        "(19, 59)": 0.9062144629538916,
        "(19, 60)": 0.8724013492313486,
        "(20, 61)": 0.8988711497797052,
        "(20, 62)": 0.881643236162068,
        "(20, 63)": 0.9153315888441445,
        "(21, 64)": 0.9071748743729179,
        "(21, 65)": 0.896371129807245,
        "(21, 66)": 0.8945147034562841,
        "(22, 67)": 0.8625416327054457,
        "(22, 68)": 0.8976746718268467,
        "(22, 69)": 0.9371212718032277,
        "(23, 70)": 0.8625698447371868,
        "(23, 71)": 0.9059276957071867,
        "(23, 72)": 0.8743365668224078,
        "(24, 73)": 0.8930328558404944,
        "(24, 74)": 0.9406930058066663,
        "(24, 75)": 0.9181714563197936,
        "(25, 76)": 0.9104351396010857,
        "(25, 77)": 0.8777108323043058,
        "(25, 78)": 0.8891050315027441,
        "(26, 79)": 0.8833305881215974,
        "(26, 80)": 0.8504895425798017,
        "(26, 81)": 0.9421042373567434,
        "(27, 82)": 0.8567499049986209,
        "(27, 83)": 0.8963172190869002,
        "(27, 84)": 0.8995890952430585,
        "(28, 85)": 0.8979747400729999,
        "(28, 86)": 0.8957204288913693,
        "(28, 87)": 0.9155139237016094,
        "(29, 88)": 0.8856866811189082,
        "(29, 89)": 0.8917024540840786,
        "(29, 90)": 0.8903484723202608,
        "(30, 91)": 0.9046149588248124,
        "(30, 92)": 0.9088547761532849,
        "(30, 93)": 0.8583737764404771,
        "(31, 94)": 0.928217178490928,
        "(31, 95)": 0.8962365828806377,
        "(31, 96)": 0.8731106920801327,
        "(32, 97)": 0.9044198062746412,
        "(32, 98)": 0.9755547234465631,
        "(32, 99)": 0.9008929490745746,
        "(33, 100)": 0.8968481386327869,
        "(33, 101)": 0.9142238346595768,
        "(33, 102)": 0.9325250127601976,
        "(34, 103)": 0.9077611772056741,
        "(34, 104)": 0.8549636465604252,
        "(34, 105)": 0.9007506064933929,
        "(35, 106)": 0.9100930672347406,
        "(35, 107)": 0.9053314879173249,
        "(35, 108)": 0.8969407399662039,
        "(36, 109)": 0.8688253644974893,
        "(36, 110)": 0.8862106775637942,
        "(36, 111)": 0.8896774577900002,
        "(37, 112)": 0.897390562100158,
        "(37, 113)": 0.891965292095091,
        "(37, 114)": 0.88811075115968,
        "(38, 115)": 0.9036315677518199,
        "(38, 116)": 0.866456788193625,
        "(38, 117)": 0.9004472338218746,
        "(39, 118)": 0.8903553909649902,
        "(39, 119)": 0.9114200172557532,
        "(39, 120)": 0.9134115381412035
    },
    "matching_probabilities": {
        "(0, 1)": 0.3725,
        "(0, 2)": 0.1155,
        "(0, 3)": 0.0707,
        "(1, 4)": 0.0278,
        "(1, 5)": 0.3447,
        "(1, 6)": 0.0733,
        "(2, 7)": 0.1289,
        "(2, 8)": 0.3692,
        "(2, 9)": 0.1468,
        "(3, 10)": 0.1353,
        "(3, 11)": 0.1634,
        "(3, 12)": 0.2589,
        "(4, 13)": 0.222,
        "(4, 14)": 0.1208,
        "(4, 15)": 0.0779,
        "(5, 16)": 0.1087,
        "(5, 17)": 0.1227,
        "(5, 18)": 0.0937,
        "(6, 19)": 0.099,
        "(6, 20)": 0.3275,
        "(6, 21)": 0.0969,
        "(7, 22)": 0.0702,
        "(7, 23)": 0.219,
        "(7, 24)": 0.0598,
        "(8, 25)": 0.0176,
        "(8, 26)": 0.169,
        "(8, 27)": 0.0792,
        "(9, 28)": 0.1146,
        "(9, 29)": 0.3159,
        "(9, 30)": 0.1294,
        "(10, 31)": 0.1255,
        "(10, 32)": 0.0917,
        "(10, 33)": 0.3225,
        "(11, 34)": 0.0212,
        "(11, 35)": 0.0766,
        "(11, 36)": 0.4899,
        "(12, 37)": 0.5029,
        "(12, 38)": 0.0843,
        "(12, 39)": 0.0234,
        "(13, 40)": 0.0202,
        "(13, 41)": 0.2377,
        "(13, 42)": 0.3774,
        "(14, 43)": 0.1956,
        "(14, 44)": 0.4714,
        "(14, 45)": 0.043,
        "(15, 46)": 0.1691,
        "(15, 47)": 0.0378,
        "(15, 48)": 0.5554,
        "(16, 49)": 0.6458,
        "(16, 50)": 0.0458,
        "(16, 51)": 0.0682,
        "(17, 52)": 0.0192,
        "(17, 53)": 0.6921,
        "(17, 54)": 0.0496,
        "(18, 55)": 0.0547,
        "(18, 56)": 0.619,
        "(18, 57)": 0.0988,
        "(19, 58)": 0.4273,
        "(19, 59)": 0.0473,
        "(19, 60)": 0.247,
        "(20, 61)": 0.3776,
        "(20, 62)": 0.0325,
        "(20, 63)": 0.1471,
        "(21, 64)": 0.4007,
        "(21, 65)": 0.2414,
        "(21, 66)": 0.0841,
        "(22, 67)": 0.0783,
        "(22, 68)": 0.4567,
        "(22, 69)": 0.2275,
        "(23, 70)": 0.1723,
        "(23, 71)": 0.1606,
        "(23, 72)": 0.2436,
        "(24, 73)": 0.5557,
        "(24, 74)": 0.0382,
        "(24, 75)": 0.2358,
        "(25, 76)": 0.5823,
        "(25, 77)": 0.0655,
        "(25, 78)": 0.23,
        "(26, 79)": 0.5177,
        "(26, 80)": 0.0311,
        "(26, 81)": 0.1625,
        "(27, 82)": 0.0453,
        "(27, 83)": 0.6479,
        "(27, 84)": 0.1103,
        "(28, 85)": 0.0445,
        "(28, 86)": 0.204,
        "(28, 87)": 0.4832,
        "(29, 88)": 0.1552,
        "(29, 89)": 0.2798,
        "(29, 90)": 0.0441,
        "(30, 91)": 0.1439,
        "(30, 92)": 0.3263,
        "(30, 93)": 0.1624,
        "(31, 94)": 0.2434,
        "(31, 95)": 0.1517,
        "(31, 96)": 0.2745,
        "(32, 97)": 0.0995,
        "(32, 98)": 0.0454,
        "(32, 99)": 0.6305,
        "(33, 100)": 0.4387,
        "(33, 101)": 0.1099,
        "(33, 102)": 0.0214,
        "(34, 103)": 0.3259,
        "(34, 104)": 0.0327,
        "(34, 105)": 0.4548,
        "(35, 106)": 0.0618,
        "(35, 107)": 0.4004,
        "(35, 108)": 0.3084,
        "(36, 109)": 0.029,
        "(36, 110)": 0.1904,
        "(36, 111)": 0.1642,
        "(37, 112)": 0.0769,