{
    "min_scaled_matching_probability": 0.028513536054045312,
    "scaled_matching_probabilities": {
        "(0, 1)": 0.3446340277239864,
        "(0, 2)": 0.34955140074357083,
        "(0, 3)": 0.3627104581495183,
        "(1, 4)": 0.3288335118909754,
        "(1, 5)": 0.4829723838638023,
        "(1, 6)": 0.30767911893509414,
        "(2, 7)": 1.2363137906768662,
        "(2, 8)": 0.32827429605260955,
        "(2, 9)": 0.15686794063731732,
        "(3, 10)": 0.25747601761333005,
        "(3, 11)": 0.17135012160688098,
        "(3, 12)": 0.12562172361736118,
        "(4, 13)": 0.07012106251256979,
        "(4, 14)": 0.4109141487746973,
        "(4, 15)": 1.448808784394384,
        "(5, 16)": 0.19418706369779756,
        "(5, 17)": 0.3196883164198577,
        "(5, 18)": 0.05170169519425716,
        "(6, 19)": 0.28672483218626155,
        "(6, 20)": 0.1735634360753489,
        "(6, 21)": 2.2551946172030877,
        "(7, 22)": 0.10263107669217975,
        "(7, 23)": 0.2385513193064704,
        "(7, 24)": 1.7431838095678052,
        "(8, 25)": 0.1974386087578586,
        "(8, 26)": 0.13725085013475447,
        "(8, 27)": 0.10000069766551464,
        "(9, 28)": 0.45527161788756515,
        "(9, 29)": 0.38724146286693323,
        "(9, 30)": 0.20764856872371637,
        "(10, 31)": 1.146661257020661,
        "(10, 32)": 0.05712124310317195,
        "(10, 33)": 0.13281710642783698,
        "(11, 34)": 4.464674157056278,
        "(11, 35)": 0.1889303338933529,
        "(11, 36)": 0.3758446886141189,
        "(12, 37)": 0.5142865495553162,
        "(12, 38)": 0.5339182141921425,
        "(12, 39)": 0.03930217088841719,
        "(13, 40)": 0.11217546041682433,
        "(13, 41)": 0.2255634348241911,
        "(13, 42)": 0.7594238911015977,
        "(14, 43)": 0.27811846219477193,
        "(14, 44)": 0.49350457557771515,
        "(14, 45)": 0.37125070243894787,
        "(15, 46)": 0.9118169879168544,
        "(15, 47)": 0.028513536054045312,
        "(15, 48)": 0.19037358662132356,
        "(16, 49)": 0.31964154203477346,
        "(16, 50)": 0.1338263461259954,
        "(16, 51)": 1.7875902233750633,
        "(17, 52)": 0.4916318671602081,
        "(17, 53)": 0.4393871612240582,
        "(17, 54)": 0.276404815949068,
        "(18, 55)": 0.6408763550294955,
        "(18, 56)": 0.46628030434357226,
        "(18, 57)": 0.3198063611562317,
        "(19, 58)": 0.14592015476489364,
        "(19, 59)": 0.1420131512592109,
        "(19, 60)": 1.0362903639450816,
        "(20, 61)": 0.4440785202682642,
        "(20, 62)": 0.036890356241959056,
        "(20, 63)": 0.3057753847152566,
        "(21, 64)": 0.24910846556034813,
        "(21, 65)": 0.10764895587117762,
        "(21, 66)": 0.1337867906701374,
        "(22, 67)": 1.6466964865817175,
        "(22, 68)": 0.3823663296814868,
        "(22, 69)": 0.21081479964426253,
        "(23, 70)": 0.78579356559622,
        "(23, 71)": 0.17016493858057816,
        "(23, 72)": 0.5150269803804318,
        "(24, 73)": 0.3557741688197405,
        "(24, 74)": 0.07760627297172967,
        "(24, 75)": 0.26496878243495225,
        "(25, 76)": 0.3836677785829623,
        "(25, 77)": 0.21978713323410307,
        "(25, 78)": 0.5518090959329174,
        "(26, 79)": 0.20949173679426966,
        "(26, 80)": 3.2184977575289695,
        "(26, 81)": 0.17242266928792147,
        "(27, 82)": 0.5075503287089944,
        "(27, 83)": 0.27340028306565867,
        "(27, 84)": 0.4854139276748014,
        "(28, 85)": 0.1941676412682945,
        "(28, 86)": 0.1210379296458314,
        "(28, 87)": 0.5694291296914696,
        "(29, 88)": 0.11340971327716283,
        "(29, 89)": 0.5957910389079717,
        "(29, 90)": 0.16003508037759168,
        "(30, 91)": 0.27572650495206347,
        "(30, 92)": 0.11545111989743813,
        "(30, 93)": 0.9416013698451198,
        "(31, 94)": 0.48636654749219377,
        "(31, 95)": 0.2032566311240794,
        "(31, 96)": 0.15502593708105494,
        "(32, 97)": 0.4292412086795327,
        "(32, 98)": 0.5295805293437394,
        "(32, 99)": 0.4526094918269585,
        "(33, 100)": 0.37809146671467697,
        "(33, 101)": 0.47905173819075,
        "(33, 102)": 5.121824781690758,
        "(34, 103)": 0.15140677370867253,
        "(34, 104)": 0.2389672390598511,
        "(34, 105)": 0.4228053454038573,
        "(35, 106)": 0.12024023572751213,
        "(35, 107)": 0.7261589380839483,
        "(35, 108)": 0.15515334291811436,
        "(36, 109)": 0.09286582342397148,
        "(36, 110)": 0.18926489557830917,
        "(36, 111)": 0.8721667500777264,
        "(37, 112)": 0.5583105166361586,
        "(37, 113)": 0.38983436513122555,
        "(37, 114)": 0.18028951464398674,
        "(38, 115)": 0.23298449279410033,
        "(38, 116)": 0.789424536511614,
        "(38, 117)": 0.11721043624642781,
        "(39, 118)": 0.5406171015120818,
        "(39, 119)": 0.37835548205068253,
        "(39, 120)": 0.17020769962802024
    },
    "matching_probabilities": {
        "(0, 1)": 0.1430242994419032,
        "(0, 2)": 0.04339095519971633,
        "(0, 3)": 0.030501560468491624,
        "(1, 4)": 0.010074227204824577,
        "(1, 5)": 0.1854809356456585,
        "(1, 6)": 0.02497514292497692,
        "(2, 7)": 0.17455331677344937,
        "(2, 8)": 0.1355508085854009,
        "(2, 9)": 0.025948645263374818,
        "(3, 10)": 0.03777084181566374,
        "(3, 11)": 0.03081915577048777,
        "(3, 12)": 0.03796556248248588,
        "(4, 13)": 0.017585154265335252,
        "(4, 14)": 0.0549528352270646,
        "(4, 15)": 0.12221030858285374,
        "(5, 16)": 0.023700146013893263,
        "(5, 17)": 0.043992209349104375,
        "(5, 18)": 0.005389091699596547,
        "(6, 19)": 0.03147489339948658,
        "(6, 20)": 0.06241526473610822,
        "(6, 21)": 0.24066936889716134,
        "(7, 22)": 0.008659173917252098,
        "(7, 23)": 0.05608714324551614,
        "(7, 24)": 0.11511414772639639,
        "(8, 25)": 0.0039908921374060494,
        "(8, 26)": 0.024898435824748634,
        "(8, 27)": 0.008642851726709132,
        "(9, 28)": 0.05756660062906806,
        "(9, 29)": 0.15448471762651086,
        "(9, 30)": 0.02919751804030041,
        "(10, 31)": 0.15697678929543638,
        "(10, 32)": 0.007514655343049334,
        "(10, 33)": 0.04734599304224468,
        "(11, 34)": 0.11247294035670195,
        "(11, 35)": 0.02308160414513144,
        "(11, 36)": 0.20310412566788874,
        "(12, 37)": 0.2850050021346246,
        "(12, 38)": 0.04846956712955654,
        "(12, 39)": 0.0011190646989758498,
        "(13, 40)": 0.0025788021777231355,
        "(13, 41)": 0.058971420805129265,
        "(13, 42)": 0.3173777707842041,
        "(14, 43)": 0.06108885425253281,
        "(14, 44)": 0.26162746866703884,
        "(14, 45)": 0.017681658635716097,
        "(15, 46)": 0.16729876328817458,
        "(15, 47)": 0.0013194657825030122,
        "(15, 48)": 0.11687429970368707,
        "(16, 49)": 0.22916765405794212,
        "(16, 50)": 0.00683799954212748,
        "(16, 51)": 0.12636293002412985,
        "(17, 52)": 0.011037663543975151,
        "(17, 53)": 0.33797647411822596,
        "(17, 54)": 0.014619310372352149,
        "(18, 55)": 0.04098785318144889,
        "(18, 56)": 0.3255049868977039,
        "(18, 57)": 0.03431550616365104,
        "(19, 58)": 0.06897426778907689,
        "(19, 59)": 0.007412397759207303,
        "(19, 60)": 0.29340133428261944,
        "(20, 61)": 0.18654959533898988,
        "(20, 62)": 0.001359888590630865,
        "(20, 63)": 0.04914018006131876,
        "(21, 64)": 0.11003144484025777,
        "(21, 65)": 0.02899073506850939,
        "(21, 66)": 0.01257829418776952,
        "(22, 67)": 0.149484187209523,
        "(22, 68)": 0.1945322824026597,
        "(22, 69)": 0.05117839959686692,
        "(23, 70)": 0.15696378928419516,
        "(23, 71)": 0.030166302747492057,
        "(23, 72)": 0.14349230854730605,
        "(24, 73)": 0.22138458212386516,
        "(24, 74)": 0.0031514634521789537,