{
    "min_scaled_matching_probability": 0.602223276570788,
    "scaled_matching_probabilities": {
        "(0, 1)": 0.7495312486633298,
        "(0, 2)": 0.8023876765599373,
        "(0, 3)": 0.7255956195920615,
        "(0, 4)": 0.6870298854488549,
        "(0, 5)": 0.7709344620565924,
        "(0, 6)": 0.7218371455834318,
        "(0, 7)": 0.8257879484438636,
        "(0, 8)": 0.7470228956670487,
        "(0, 9)": 0.7490035189191708,
        "(1, 2)": 0.7841651798778035,
        "(1, 3)": 0.7960276241468893,
        "(1, 4)": 0.7377523493749096,
        "(1, 5)": 0.8015974577161573,
        "(1, 6)": 0.8365190164851696,
        "(1, 7)": 0.732581262355515,
        "(1, 8)": 0.7591666147162356,
        "(1, 9)": 0.7442174705933113,
        "(2, 3)": 0.7482503855530627,
        "(2, 4)": 0.8425208418703931,
        "(2, 5)": 0.7102730885131571,
        "(2, 6)": 0.7436655410793818,
        "(2, 7)": 0.7540977096135231,
        "(2, 8)": 0.602223276570788,
        "(2, 9)": 0.7772480953235464,
        "(3, 4)": 0.7225828356012575,
        "(3, 5)": 0.8282689015079939,
        "(3, 6)": 0.669514111712124,
        "(3, 7)": 0.7435172789300083,
        "(3, 8)": 0.7681850836601494,
        "(3, 9)": 0.7617733995004842,
        "(4, 5)": 0.7581510530449899,
        "(4, 6)": 0.7469541326827985,
        "(4, 7)": 0.9989652219236548,
        "(4, 8)": 0.8557420453667886,
        "(4, 9)": 0.763078281371016,
        "(5, 6)": 0.7454836972958434,
        "(5, 7)": 0.7619918617720058,
        "(5, 8)": 0.6791441621251804,
        "(5, 9)": 0.7081290720687637,
        "(6, 7)": 0.9525865653760446,
        "(6, 8)": 0.7527380704446268,
        "(6, 9)": 0.738150866068581,
        "(7, 8)": 0.7465554971254208,
        "(7, 9)": 0.683076873121286,
        "(8, 9)": 0.8347380897363211
    },
    "matching_probabilities": {
        "(0, 1)": 0.0402,
        "(0, 2)": 0.0513,
        "(0, 3)": 0.0919,
        "(0, 4)": 0.0201,
        "(0, 5)": 0.0603,
        "(0, 6)": 0.0215,
        "(0, 7)": 0.0037,
        "(0, 8)": 0.3738,
        "(0, 9)": 0.073,
        "(1, 2)": 0.1041,
        "(1, 3)": 0.0015,
        "(1, 4)": 0.1743,
        "(1, 5)": 0.0404,
        "(1, 6)": 0.0179,
        "(1, 7)": 0.1853,
        "(1, 8)": 0.0016,
        "(1, 9)": 0.1827,
        "(2, 3)": 0.2004,
        "(2, 4)": 0.0028,
        "(2, 5)": 0.0691,
        "(2, 6)": 0.0571,
        "(2, 7)": 0.1783,
        "(2, 8)": 0.0023,
        "(2, 9)": 0.0078,
        "(3, 4)": 0.0123,
        "(3, 5)": 0.0242,
        "(3, 6)": 0.0072,
        "(3, 7)": 0.0092,
        "(3, 8)": 0.1246,
        "(3, 9)": 0.1964,
        "(4, 5)": 0.0965,
        "(4, 6)": 0.3387,
        "(4, 7)": 0.0004,
        "(4, 8)": 0.0082,
        "(4, 9)": 0.0919,
        "(5, 6)": 0.0507,
        "(5, 7)": 0.3356,
        "(5, 8)": 0.0014,
        "(5, 9)": 0.0606,
        "(6, 7)": 0.0016,
        "(6, 8)": 0.1997,
        "(6, 9)": 0.0373,
        "(7, 8)": 0.0003,
        "(7, 9)": 0.0346,
        "(8, 9)": 0.0432
    },
    "matching_counts": {
        "(0, 1)": 402.0,
        "(0, 2)": 513.0,
        "(0, 3)": 919.0,
        "(0, 4)": 201.0,
        "(0, 5)": 603.0,
        "(0, 6)": 215.0,
        "(0, 7)": 37.0,
        "(0, 8)": 3738.0,
        "(0, 9)": 730.0,
        "(1, 2)": 1041.0,
        "(1, 3)": 15.0,
        "(1, 4)": 1743.0,
        "(1, 5)": 404.0,
        "(1, 6)": 179.0,
        "(1, 7)": 1853.0,
        "(1, 8)": 16.0,
        "(1, 9)": 1827.0,
        "(2, 3)": 2004.0,
        "(2, 4)": 28.0,
        "(2, 5)": 691.0,
        "(2, 6)": 571.0,
        "(2, 7)": 1783.0,
        "(2, 8)": 23.0,
        "(2, 9)": 78.0,
        "(3, 4)": 123.0,
        "(3, 5)": 242.0,
        "(3, 6)": 72.0,
        "(3, 7)": 92.0,
        "(3, 8)": 1246.0,
        "(3, 9)": 1964.0,
        "(4, 5)": 965.0,
        "(4, 6)": 3387.0,
        "(4, 7)": 4.0,
        "(4, 8)": 82.0,
        "(4, 9)": 919.0,
        "(5, 6)": 507.0,
        "(5, 7)": 3356.0,
        "(5, 8)": 14.0,
        "(5, 9)": 606.0,
        "(6, 7)": 16.0,
        "(6, 8)": 1997.0,
        "(6, 9)": 373.0,
        "(7, 8)": 3.0,
        "(7, 9)": 346.0,
        "(8, 9)": 432.0
    },
    "average_num_matching_probability_capped": 0.0,
    "average_num_matching_probability_exceeds_one": 0.0,
    "average_num_proposal_matching_probability_exceeds_one": 0.0658,
    "simulation_parameters": {
        "graph_file": "nonuniform_complete_10_order_1.json",
        "c_guarantee": 0.75,
        "experiment_name": "nonuniform_complete_10_order_1_mc_c75_r100_sim10000",
        "average_edge_weight": 0.1111111111111111,
        "r": 1.0,
        "num_sim_instances": 10000,
        "rounding_scheme_class": "SimulatedRecursiveRoundingScheme",
        "parallel": true
    }
}