{
    "min_scaled_matching_probability": 0.44257953658464116,
    "scaled_matching_probabilities": {
        "(0, 1)": 0.6471531198119959,
        "(0, 2)": 0.7748487885231705,
        "(0, 3)": 0.6948343976080015,
        "(0, 4)": 0.6477303661045501,
        "(0, 5)": 0.8450751112876598,
        "(0, 6)": 0.6952537800332775,
        "(0, 7)": 0.685083779090363,
        "(0, 8)": 0.7153694786877708,
        "(0, 9)": 0.6830909806518967,
        "(1, 2)": 0.6958260164763493,
        "(1, 3)": 0.6213356983139,
        "(1, 4)": 0.6535069353825502,
        "(1, 5)": 0.6565954974996624,
        "(1, 6)": 2.4651475100078213,
        "(1, 7)": 1.2379472985018296,
        "(1, 8)": 0.6312732246925016,
        "(1, 9)": 0.6676091236169326,
        "(2, 3)": 0.6595127530811961,
        "(2, 4)": 0.6784865782187237,
        "(2, 5)": 0.666259846863345,
        "(2, 6)": 0.6379994973562588,
        "(2, 7)": 0.7025736710708778,
        "(2, 8)": 0.698649955745783,
        "(2, 9)": 0.6749643537867481,
        "(3, 4)": 10.90766815269198,
        "(3, 5)": 0.6436331512597588,
        "(3, 6)": 0.7363045431370933,
        "(3, 7)": 0.5822367775726859,
        "(3, 8)": 0.6537638456447252,
        "(3, 9)": 0.44257953658464116,
        "(4, 5)": 0.7414759157388117,
        "(4, 6)": 0.7103790105242423,
        "(4, 7)": 0.7392687760140744,
        "(4, 8)": 0.6808877440729422,
        "(4, 9)": 0.6091613682468405,
        "(5, 6)": 0.6497445975672038,
        "(5, 7)": 0.6214550066324668,
        "(5, 8)": 0.719357281682157,
        "(5, 9)": 2.9513230236392554,
        "(6, 7)": 0.603001195385051,
        "(6, 8)": 0.7203089264712227,
        "(6, 9)": 0.639454604990666,
        "(7, 8)": 0.683225907531267,
        "(7, 9)": 0.7407914610111492,
        "(8, 9)": 0.8779638051014444
    },
    "matching_probabilities": {
        "(0, 1)": 0.03470910047157721,
        "(0, 2)": 0.04953932371152188,
        "(0, 3)": 0.08800395070752429,
        "(0, 4)": 0.01895023875154361,
        "(0, 5)": 0.06609904177160156,
        "(0, 6)": 0.020708211488110157,
        "(0, 7)": 0.0030695652405814417,
        "(0, 8)": 0.35796106476055367,
        "(0, 9)": 0.0665759777197652,
        "(1, 2)": 0.0923727425980271,
        "(1, 3)": 0.001170818096256003,
        "(1, 4)": 0.15439633494043112,
        "(1, 5)": 0.03309199379768901,
        "(1, 6)": 0.05274971585768164,
        "(1, 7)": 0.31312790293709064,
        "(1, 8)": 0.0013304551858955736,
        "(1, 9)": 0.1638932055539813,
        "(2, 3)": 0.17663386250016042,
        "(2, 4)": 0.0022548551022132115,
        "(2, 5)": 0.06481810470199777,
        "(2, 6)": 0.04898676795776627,
        "(2, 7)": 0.16611757860415477,
        "(2, 8)": 0.0026682709897321933,
        "(2, 9)": 0.006773541152706306,
        "(3, 4)": 0.18567327047905022,
        "(3, 5)": 0.018805393069965252,
        "(3, 6)": 0.007918268812930639,
        "(3, 7)": 0.007204376421994298,
        "(3, 8)": 0.10604081867771699,
        "(3, 9)": 0.11410561335197722,
        "(4, 5)": 0.0943775327903545,
        "(4, 6)": 0.32211532186104974,
        "(4, 7)": 0.0002960138190158426,
        "(4, 8)": 0.006524488929377098,
        "(4, 9)": 0.0733632854040904,
        "(5, 6)": 0.04418882829517365,
        "(5, 7)": 0.27370410458302086,
        "(5, 8)": 0.0014828960484672329,
        "(5, 9)": 0.25256719754498574,
        "(6, 7)": 0.0010128233461231054,
        "(6, 8)": 0.1910966088527135,
        "(6, 9)": 0.03231271256672318,
        "(7, 8)": 0.00027455128660709016,
        "(7, 9)": 0.03752342607335602,
        "(8, 9)": 0.045437050072033004
    },
    "matching_counts": {
        "(0, 1)": 347.0910047157721,
        "(0, 2)": 495.39323711521877,
        "(0, 3)": 880.0395070752429,
        "(0, 4)": 189.50238751543608,
        "(0, 5)": 660.9904177160156,
        "(0, 6)": 207.08211488110157,
        "(0, 7)": 30.695652405814418,
        "(0, 8)": 3579.6106476055365,
        "(0, 9)": 665.7597771976519,
        "(1, 2)": 923.7274259802709,
        "(1, 3)": 11.70818096256003,
        "(1, 4)": 1543.9633494043112,
        "(1, 5)": 330.91993797689014,
        "(1, 6)": 527.4971585768163,
        "(1, 7)": 3131.2790293709063,
        "(1, 8)": 13.304551858955735,
        "(1, 9)": 1638.9320555398128,
        "(2, 3)": 1766.3386250016042,
        "(2, 4)": 22.548551022132113,
        "(2, 5)": 648.1810470199777,
        "(2, 6)": 489.86767957766267,
        "(2, 7)": 1661.1757860415478,
        "(2, 8)": 26.68270989732193,
        "(2, 9)": 67.73541152706306,
        "(3, 4)": 1856.732704790502,
        "(3, 5)": 188.05393069965254,
        "(3, 6)": 79.18268812930638,
        "(3, 7)": 72.04376421994299,
        "(3, 8)": 1060.40818677717,
        "(3, 9)": 1141.0561335197722,
        "(4, 5)": 943.7753279035451,
        "(4, 6)": 3221.1532186104973,
        "(4, 7)": 2.960138190158426,
        "(4, 8)": 65.24488929377098,
        "(4, 9)": 733.632854040904,
        "(5, 6)": 441.88828295173647,
        "(5, 7)": 2737.0410458302085,
        "(5, 8)": 14.82896048467233,
        "(5, 9)": 2525.6719754498577,
        "(6, 7)": 10.128233461231053,
        "(6, 8)": 1910.966088527135,
        "(6, 9)": 323.12712566723184,
        "(7, 8)": 2.7455128660709014,
        "(7, 9)": 375.23426073356023,
        "(8, 9)": 454.37050072033
    },
    "average_num_matching_probability_capped": 0.9926,
    "average_num_matching_probability_exceeds_one": 1.0681,
    "average_num_proposal_matching_probability_exceeds_one": 0.9862,
    "simulation_parameters": {
        "graph_file": "nonuniform_complete_10_order_0.json",
        "c_guarantee": 0.6666666666666666,
        "experiment_name": "nonuniform_complete_10_order_0_si_c66_r40_sim10000",
        "average_edge_weight": 0.1111111111111111,
        "r": 0.4,
        "num_sim_instances": 10000,
        "rounding_scheme_class": "SimpleRecursiveRoundingScheme",
        "parallel": true
    }
}