{
    "min_scaled_matching_probability": 0.6970622686300516,
    "scaled_matching_probabilities": {
        "(0, 2)": 0.945416134133145,
        "(0, 3)": 0.7195720627552817,
        "(0, 4)": 0.8006472901915503,
        "(0, 5)": 0.786418034934471,
        "(0, 6)": 0.8175435017909914,
        "(0, 7)": 0.8489385998401333,
        "(0, 8)": 0.7786644820356955,
        "(0, 9)": 0.863284380842133,
        "(0, 10)": 0.8135924781397612,
        "(0, 11)": 0.7378227579051705,
        "(0, 12)": 0.9494798405314078,
        "(0, 13)": 0.7864984466275938,
        "(0, 14)": 0.6970622686300516,
        "(0, 15)": 0.810093118032962,
        "(0, 16)": 0.7283425113119862,
        "(0, 19)": 0.8425641631549413,
        "(0, 20)": 0.7908970539340043
    },
    "matching_probabilities": {
        "(0, 2)": 2.849765578348937e-06,
        "(0, 3)": 0.00013936832161908096,
        "(0, 4)": 5.359401328770004e-06,
        "(0, 5)": 9.815492910913568e-07,
        "(0, 6)": 0.0335544363395543,
        "(0, 7)": 0.128668573941187,
        "(0, 8)": 0.0001479785268597128,
        "(0, 9)": 0.01735957300838235,
        "(0, 10)": 0.28691556419562064,
        "(0, 11)": 0.012369848887108814,
        "(0, 12)": 1.7338648952979386e-05,
        "(0, 13)": 0.0060940189950332265,
        "(0, 14)": 1.856552854558103e-05,
        "(0, 15)": 0.03740645741708704,
        "(0, 16)": 0.003608243554709035,
        "(0, 19)": 0.0013388723823380497,
        "(0, 20)": 0.282317500522228
    },
    "matching_counts": {
        "(0, 2)": 0.02849765578348937,
        "(0, 3)": 1.3936832161908095,
        "(0, 4)": 0.05359401328770004,
        "(0, 5)": 0.009815492910913567,
        "(0, 6)": 335.54436339554303,
        "(0, 7)": 1286.68573941187,
        "(0, 8)": 1.479785268597128,
        "(0, 9)": 173.5957300838235,
        "(0, 10)": 2869.1556419562066,
        "(0, 11)": 123.69848887108814,
        "(0, 12)": 0.17338648952979385,
        "(0, 13)": 60.94018995033227,
        "(0, 14)": 0.1856552854558103,
        "(0, 15)": 374.0645741708704,
        "(0, 16)": 36.08243554709035,
        "(0, 19)": 13.388723823380497,
        "(0, 20)": 2823.1750052222797
    },
    "average_num_matching_probability_capped": 0.0,
    "average_num_matching_probability_exceeds_one": 0.0,
    "average_num_proposal_matching_probability_exceeds_one": 0.0,
    "simulation_parameters": {
        "graph_file": "nonuniform_star_20_order_0.json",
        "c_guarantee": 0.8,
        "experiment_name": "nonuniform_star_20_order_0_tr_c80_r60_sim10000",
        "average_edge_weight": 0.05,
        "r": 0.6,
        "num_sim_instances": 10000,
        "rounding_scheme_class": "SimpleRecursiveRoundingSchemeForTree",
        "parallel": true
    }
}