{
    "min_scaled_matching_probability": 0.005218283130875203,
    "scaled_matching_probabilities": {
        "(0, 10)": 7.223592063529043,
        "(0, 11)": 0.7915416337596543,
        "(0, 12)": 163.85347164866263,
        "(0, 13)": 0.5629653805162755,
        "(0, 14)": 1.226721677827029,
        "(0, 15)": 21.49062332253459,
        "(0, 16)": 0.10919231855067292,
        "(0, 17)": 0.9854278958759156,
        "(0, 18)": 0.7973742083283347,
        "(0, 19)": 0.8394641381034027,
        "(10, 1)": 0.8350039026972496,
        "(10, 2)": 1.2567467723809123,
        "(10, 3)": 0.8801180164964896,
        "(10, 4)": 1.4269701787183224,
        "(10, 5)": 0.7826820804405198,
        "(10, 6)": 0.7235275051624304,
        "(10, 7)": 0.9088589093385954,
        "(10, 8)": 0.8054980210848672,
        "(10, 9)": 1.1313206449019517,
        "(11, 1)": 0.6097269431878765,
        "(11, 2)": 0.8175431690459514,
        "(11, 3)": 94.11448043984535,
        "(11, 4)": 0.3113711338398501,
        "(11, 5)": 10.190495606336361,
        "(11, 6)": 0.7486245741645694,
        "(11, 7)": 104.75164570752374,
        "(11, 8)": 1.7037628013925863,
        "(11, 9)": 0.809426036860372,
        "(12, 1)": 0.969997578169836,
        "(12, 2)": 0.46008011206238075,
        "(12, 3)": 0.7995081334344091,
        "(12, 4)": 0.9526333403584423,
        "(12, 5)": 529.3485880959258,
        "(12, 6)": 0.7290049525095533,
        "(12, 7)": 0.8184809476012757,
        "(12, 8)": 0.8098848358129022,
        "(12, 9)": 0.7780275193460418,
        "(13, 1)": 1.2458530233469707,
        "(13, 2)": 0.5451442130710181,
        "(13, 3)": 0.9991987257862213,
        "(13, 4)": 1.1853794906627955,
        "(13, 5)": 0.21810427992339065,
        "(13, 6)": 0.8076341690092355,
        "(13, 7)": 0.799559862336968,
        "(13, 8)": 0.6792073357885389,
        "(13, 9)": 7.082805207845239,
        "(14, 1)": 1.2956132506746842,
        "(14, 2)": 0.9695161242699794,
        "(14, 3)": 0.6743851753673412,
        "(14, 4)": 0.8079342781040065,
        "(14, 5)": 0.005218283130875203,
        "(14, 6)": 4.443877894504511,
        "(14, 7)": 0.8298853219108147,
        "(14, 8)": 1.2106253954909225,
        "(14, 9)": 0.5888027168899813,
        "(15, 1)": 0.7417776090248328,
        "(15, 2)": 0.8593898404360223,
        "(15, 3)": 0.18794143995274062,
        "(15, 4)": 0.6663959955615938,
        "(15, 5)": 0.8180778234499007,
        "(15, 6)": 0.8434212919323338,
        "(15, 7)": 0.7431506406872218,
        "(15, 8)": 1.0913853227683223,
        "(15, 9)": 9.70673657012786,
        "(16, 1)": 0.33830952800784453,
        "(16, 2)": 0.7698824065499373,
        "(16, 3)": 6.754252733244518,
        "(16, 4)": 1.2706670995171516,
        "(16, 5)": 0.996724572798785,
        "(16, 6)": 2.2628423995539295,
        "(16, 7)": 0.8011015952526346,
        "(16, 8)": 0.8303581519463824,
        "(16, 9)": 0.927489574765632,
        "(17, 1)": 5.22579865053401,
        "(17, 2)": 0.8180912456031594,
        "(17, 3)": 0.7872631319635814,
        "(17, 4)": 0.857564419267976,
        "(17, 5)": 24.16632207657905,
        "(17, 6)": 1.0449881242789016,
        "(17, 7)": 12.855344645573954,
        "(17, 8)": 0.8364334430577391,
        "(17, 9)": 7.624114964410089,
        "(18, 1)": 0.8519759363825598,
        "(18, 2)": 1.1820480644673204,
        "(18, 3)": 21.063356817773634,
        "(18, 4)": 0.8048671250255212,
        "(18, 5)": 7.478241622001174,
        "(18, 6)": 25.19642283329636,
        "(18, 7)": 1.237322075813099,
        "(18, 8)": 0.4793655960382359,
        "(18, 9)": 1.0683059123772134,
        "(19, 1)": 0.3752781494959684,
        "(19, 2)": 0.33395147130662245,
        "(19, 3)": 8.11389166188403,
        "(19, 4)": 0.802763410737601,
        "(19, 5)": 1.0116107387307907,
        "(19, 6)": 0.006685231908470625,
        "(19, 7)": 0.5974781724620214,
        "(19, 8)": 18.044198850287447,
        "(19, 9)": 0.6508211010744207
    },
    "matching_probabilities": {
        "(0, 10)": 0.0094,
        "(0, 11)": 0.1602,
        "(0, 12)": 0.1281,
        "(0, 13)": 0.0037,
        "(0, 14)": 0.0469,
        "(0, 15)": 0.0999,
        "(0, 16)": 0.0132,
        "(0, 17)": 0.1478,
        "(0, 18)": 0.3745,
        "(0, 19)": 0.0041,
        "(10, 1)": 0.007,
        "(10, 2)": 0.0086,
        "(10, 3)": 0.0014,
        "(10, 4)": 0.2188,
        "(10, 5)": 0.0109,
        "(10, 6)": 0.1392,
        "(10, 7)": 0.046,
        "(10, 8)": 0.271,
        "(10, 9)": 0.2123,
        "(11, 1)": 0.3773,
        "(11, 2)": 0.0365,
        "(11, 3)": 0.0155,
        "(11, 4)": 0.0001,
        "(11, 5)": 0.0727,
        "(11, 6)": 0.013,
        "(11, 7)": 0.1565,
        "(11, 8)": 0.0312,
        "(11, 9)": 0.0723,
        "(12, 1)": 0.0017,
        "(12, 2)": 0.0698,
        "(12, 3)": 0.3796,
        "(12, 4)": 0.0094,
        "(12, 5)": 0.0996,
        "(12, 6)": 0.0305,
        "(12, 7)": 0.0345,
        "(12, 8)": 0.1214,
        "(12, 9)": 0.0827,
        "(13, 1)": 0.1212,
        "(13, 2)": 0.0005,
        "(13, 3)": 0.0013,
        "(13, 4)": 0.1361,
        "(13, 5)": 0.0006,
        "(13, 6)": 0.3126,
        "(13, 7)": 0.2145,
        "(13, 8)": 0.003,
        "(13, 9)": 0.1734,
        "(14, 1)": 0.2122,
        "(14, 2)": 0.0358,
        "(14, 3)": 0.0618,
        "(14, 4)": 0.2015,
        "(14, 5)": 0.0005,
        "(14, 6)": 0.04,
        "(14, 7)": 0.011,
        "(14, 8)": 0.0126,
        "(14, 9)": 0.1624,
        "(15, 1)": 0.0128,
        "(15, 2)": 0.0435,
        "(15, 3)": 0.0546,
        "(15, 4)": 0.008,
        "(15, 5)": 0.4191,
        "(15, 6)": 0.0802,
        "(15, 7)": 0.0096,
        "(15, 8)": 0.0006,
        "(15, 9)": 0.0206,
        "(16, 1)": 0.0057,
        "(16, 2)": 0.0011,
        "(16, 3)": 0.0454,
        "(16, 4)": 0.0447,
        "(16, 5)": 0.0002,
        "(16, 6)": 0.2837,
        "(16, 7)": 0.4147,
        "(16, 8)": 0.0342,
        "(16, 9)": 0.106,
        "(17, 1)": 0.0442,
        "(17, 2)": 0.5139,
        "(17, 3)": 0.0796,
        "(17, 4)": 0.0241,
        "(17, 5)": 0.0074,
        "(17, 6)": 0.0168,
        "(17, 7)": 0.057,
        "(17, 8)": 0.0457,
        "(17, 9)": 0.0357,
        "(18, 1)": 0.0006,
        "(18, 2)": 0.0748,
        "(18, 3)": 0.1224,
        "(18, 4)": 0.0088,
        "(18, 5)": 0.0201,
        "(18, 6)": 0.0745,
        "(18, 7)": 0.0015,
        "(18, 8)": 0.1811,
        "(18, 9)": 0.0643,
        "(19, 1)": 0.0247,
        "(19, 2)": 0.005,
        "(19, 3)": 0.1939,
        "(19, 4)": 0.2323,
        "(19, 5)": 0.3688,
        "(19, 6)": 0.0007,
        "(19, 7)": 0.0464,
        "(19, 8)": 0.072,
        "(19, 9)": 0.0209
    },
    "matching_counts": {
        "(0, 10)": 94.0,
        "(0, 11)": 1602.0,
        "(0, 12)": 1281.0,
        "(0, 13)": 37.0,
        "(0, 14)": 469.0,
        "(0, 15)": 999.0,
        "(0, 16)": 132.0,
        "(0, 17)": 1478.0,
        "(0, 18)": 3745.0,
        "(0, 19)": 41.0,
        "(10, 1)": 70.0,
        "(10, 2)": 86.0,
        "(10, 3)": 14.0,
        "(10, 4)": 2188.0,
        "(10, 5)": 109.0,
        "(10, 6)": 1392.0,
        "(10, 7)": 460.0,
        "(10, 8)": 2710.0,
        "(10, 9)": 2123.0,
        "(11, 1)": 3773.0,
        "(11, 2)": 365.0,
        "(11, 3)": 155.0,
        "(11, 4)": 1.0,
        "(11, 5)": 727.0,
        "(11, 6)": 130.0,
        "(11, 7)": 1565.0,
        "(11, 8)": 312.0,
        "(11, 9)": 723.0,
        "(12, 1)": 17.0,
        "(12, 2)": 698.0,
        "(12, 3)": 3796.0,
        "(12, 4)": 94.0,
        "(12, 5)": 996.0,
        "(12, 6)": 305.0,
        "(12, 7)": 345.0,
        "(12, 8)": 1214.0,
        "(12, 9)": 827.0,
        "(13, 1)": 1212.0,
        "(13, 2)": 5.0,
        "(13, 3)": 13.0,
        "(13, 4)": 1361.0,
        "(13, 5)": 6.0,
        "(13, 6)": 3126.0,
        "(13, 7)": 2145.0,
        "(13, 8)": 30.0,
        "(13, 9)": 1734.0,
        "(14, 1)": 2122.0,
        "(14, 2)": 358.0,