{
    "min_scaled_matching_probability": 0.35635430851058597,
    "scaled_matching_probabilities": {
        "(0, 10)": 0.49546037233291546,
        "(0, 11)": 0.5005604733887008,
        "(0, 12)": 0.5574127912527649,
        "(0, 13)": 0.5017705102514267,
        "(0, 14)": 0.5668894404631696,
        "(0, 15)": 0.5198839841763802,
        "(0, 16)": 0.4963833728709467,
        "(0, 17)": 0.47067026666554174,
        "(0, 18)": 0.4866915116160118,
        "(0, 19)": 0.5520195824208872,
        "(10, 1)": 0.5152180614029095,
        "(10, 2)": 0.5849805797497964,
        "(10, 3)": 0.44098485864489884,
        "(10, 4)": 0.45668092578644215,
        "(10, 5)": 0.430944141478473,
        "(10, 6)": 0.4961213946097496,
        "(10, 7)": 0.53007416392324,
        "(10, 8)": 0.478693944439224,
        "(10, 9)": 0.5095457603087112,
        "(11, 1)": 0.49506742602228887,
        "(11, 2)": 0.5695940539675785,
        "(11, 3)": 0.5922475188576671,
        "(11, 4)": 0.456364035944876,
        "(11, 5)": 0.4951280569956699,
        "(11, 6)": 0.5430469307170941,
        "(11, 7)": 0.44650686969782394,
        "(11, 8)": 0.5443989652661254,
        "(11, 9)": 0.4549860722147359,
        "(12, 1)": 0.500642053063091,
        "(12, 2)": 0.46327613043409926,
        "(12, 3)": 0.5010033486514069,
        "(12, 4)": 0.4493835092744888,
        "(12, 5)": 0.5433556753245646,
        "(12, 6)": 0.4692257095260375,
        "(12, 7)": 0.5332061370025585,
        "(12, 8)": 0.4718183118687986,
        "(12, 9)": 0.49072176435210224,
        "(13, 1)": 0.49705298959685834,
        "(13, 2)": 0.5098413477375273,
        "(13, 3)": 0.44266994583391234,
        "(13, 4)": 0.515600648093589,
        "(13, 5)": 0.5402220176155712,
        "(13, 6)": 0.48015076939725626,
        "(13, 7)": 0.46420726921768013,
        "(13, 8)": 0.623426228150148,
        "(13, 9)": 0.5059609686165368,
        "(14, 1)": 0.4727999472356192,
        "(14, 2)": 0.48267255048414065,
        "(14, 3)": 0.5349782161455849,
        "(14, 4)": 0.47517707546703264,
        "(14, 5)": 0.48291096955423474,
        "(14, 6)": 0.43611026594112695,
        "(14, 7)": 0.5254947672831476,
        "(14, 8)": 0.528097071653932,
        "(14, 9)": 0.5085554722493234,
        "(15, 1)": 0.4926437356680856,
        "(15, 2)": 0.41583416416020447,
        "(15, 3)": 0.4846512685105858,
        "(15, 4)": 0.5143906234296306,
        "(15, 5)": 0.48718075567945957,
        "(15, 6)": 0.49652183553973317,
        "(15, 7)": 0.48467107244070357,
        "(15, 8)": 0.5116788997156847,
        "(15, 9)": 0.5460688637368997,
        "(16, 1)": 0.45876737495527675,
        "(16, 2)": 0.458847639360651,
        "(16, 3)": 0.51082778481165,
        "(16, 4)": 0.5013149083693756,
        "(16, 5)": 0.44579584014309204,
        "(16, 6)": 0.4672702194971118,
        "(16, 7)": 0.5013290487451019,
        "(16, 8)": 0.4184218478110766,
        "(16, 9)": 0.5071514801612805,
        "(17, 1)": 0.5131597243795135,
        "(17, 2)": 0.4951101759263808,
        "(17, 3)": 0.5019456631911347,
        "(17, 4)": 0.48437566322213643,
        "(17, 5)": 0.4730497475613005,
        "(17, 6)": 0.4896415097063663,
        "(17, 7)": 0.5791257067301613,
        "(17, 8)": 0.505333401223732,
        "(17, 9)": 0.5544669318263828,
        "(18, 1)": 0.5182272058410924,
        "(18, 2)": 0.5224454763635455,
        "(18, 3)": 0.6315716691021399,
        "(18, 4)": 0.5568629813999284,
        "(18, 5)": 0.35635430851058597,
        "(18, 6)": 0.548767658850289,
        "(18, 7)": 0.5530985838661872,
        "(18, 8)": 0.48741675557007025,
        "(18, 9)": 0.5484314169371425,
        "(19, 1)": 0.46560060717922075,
        "(19, 2)": 0.4670595901847404,
        "(19, 3)": 0.42102631667825235,
        "(19, 4)": 0.5152648201101806,
        "(19, 5)": 0.47328868645949645,
        "(19, 6)": 0.4300448154429565,
        "(19, 7)": 0.4638266470918617,
        "(19, 8)": 0.4899889571515774,
        "(19, 9)": 0.566057765769222
    },
    "matching_probabilities": {
        "(0, 10)": 0.0006447384430031194,
        "(0, 11)": 0.10130836385192457,
        "(0, 12)": 0.00043578312892012487,
        "(0, 13)": 0.0032978064942957987,
        "(0, 14)": 0.021673306372818096,
        "(0, 15)": 0.0024167009602164965,
        "(0, 16)": 0.060006606772946086,
        "(0, 17)": 0.0705937651088443,
        "(0, 18)": 0.2285827271517977,
        "(0, 19)": 0.0026961012212374626,
        "(10, 1)": 0.004319173141790689,
        "(10, 2)": 0.004003060199882045,
        "(10, 3)": 0.0007014727463033599,
        "(10, 4)": 0.07002373844407975,
        "(10, 5)": 0.006001531476831004,
        "(10, 6)": 0.09544916763623698,
        "(10, 7)": 0.0268285993457594,
        "(10, 8)": 0.16105074816734002,
        "(10, 9)": 0.09561972143000602,
        "(11, 1)": 0.30634850882857234,
        "(11, 2)": 0.025430073611988145,
        "(11, 3)": 9.753904499490138e-05,
        "(11, 4)": 0.0001465659421658532,
        "(11, 5)": 0.0035322923569294632,
        "(11, 6)": 0.009430107350136647,
        "(11, 7)": 0.0006670857019546613,
        "(11, 8)": 0.009969256109136826,
        "(11, 9)": 0.04064051750635737,
        "(12, 1)": 0.000877416098103121,
        "(12, 2)": 0.07028487660408957,
        "(12, 3)": 0.2378723407492093,
        "(12, 4)": 0.0044342401301961315,
        "(12, 5)": 0.00010223551451604063,
        "(12, 6)": 0.01963139494632802,
        "(12, 7)": 0.022475308411882205,
        "(12, 8)": 0.07072455308214284,
        "(12, 9)": 0.052160995469710335,
        "(13, 1)": 0.04835467844938686,
        "(13, 2)": 0.0004676206180979016,
        "(13, 3)": 0.0005759324093725957,
        "(13, 4)": 0.059198972783222906,
        "(13, 5)": 0.0014861386978888944,
        "(13, 6)": 0.18584544373315875,
        "(13, 7)": 0.12453408923774664,
        "(13, 8)": 0.0027536196767944327,
        "(13, 9)": 0.012386848061405064,
        "(14, 1)": 0.07743680357633961,
        "(14, 2)": 0.017822991154833434,
        "(14, 3)": 0.04902488216735827,
        "(14, 4)": 0.11850986311819943,
        "(14, 5)": 0.04627105864541712,
        "(14, 6)": 0.003925492790703719,
        "(14, 7)": 0.0069653508593273215,
        "(14, 8)": 0.005496351825777833,
        "(14, 9)": 0.14026669090374133,
        "(15, 1)": 0.008500984310973443,
        "(15, 2)": 0.021048405845467428,
        "(15, 3)": 0.14079895986394517,
        "(15, 4)": 0.006175194651296028,
        "(15, 5)": 0.249581945448941,
        "(15, 6)": 0.04721371346821698,
        "(15, 7)": 0.006260967885499069,
        "(15, 8)": 0.00028130059423071596,
        "(15, 9)": 0.0011588878004167324,
        "(16, 1)": 0.00772953115640433,
        "(16, 2)": 0.0006555967495848697,
        "(16, 3)": 0.0034336265381808497,
        "(16, 4)": 0.01763544236930848,
        "(16, 5)": 8.945216207348138e-05,
        "(16, 6)": 0.05858320548415694,
        "(16, 7)": 0.2595190893971822,
        "(16, 8)": 0.017233560195194956,
        "(16, 9)": 0.05796082064931015,
        "(17, 1)": 0.004340324098644085,
        "(17, 2)": 0.31101313059642466,
        "(17, 3)": 0.050751614254257525,
        "(17, 4)": 0.013612334212300976,
        "(17, 5)": 0.0001448531605620792,
        "(17, 6)": 0.007871838130929308,
        "(17, 7)": 0.0025678164369544515,
        "(17, 8)": 0.02760977173688928,
        "(17, 9)": 0.002596297348427176,
        "(18, 1)": 0.0003649590442951628,
        "(18, 2)": 0.0330603490726951,
        "(18, 3)": 0.003670087962089268,
        "(18, 4)": 0.006088451228721742,
        "(18, 5)": 0.0009578082606999314,
        "(18, 6)": 0.0016225791595432565,
        "(18, 7)": 0.0006705189311797274,
        "(18, 8)": 0.18414165547812678,
        "(18, 9)": 0.03300940273801149,
        "(19, 1)": 0.03064482974234635,
        "(19, 2)": 0.006992926073320137,
        "(19, 3)": 0.01006138684195312,
        "(19, 4)": 0.1491049742807971,
        "(19, 5)": 0.17254548699755662,