{
    "min_scaled_matching_probability": 0.2372395670988236,
    "scaled_matching_probabilities": {
        "(0, 1)": 0.48290694876567763,
        "(0, 2)": 0.5286686835814011,
        "(0, 3)": 0.51873375633513,
        "(0, 4)": 0.49220051494843337,
        "(0, 5)": 1.3794996427181812,
        "(0, 6)": 0.5170368391620861,
        "(0, 7)": 0.2901417116154115,
        "(0, 8)": 0.5287914879440906,
        "(0, 9)": 0.5089119799779572,
        "(1, 2)": 0.5438686454099656,
        "(1, 3)": 0.37147955793521503,
        "(1, 4)": 0.5045328746155434,
        "(1, 5)": 0.46825990104211174,
        "(1, 6)": 3.5844138862800285,
        "(1, 7)": 0.6123952376625433,
        "(1, 8)": 0.2372395670988236,
        "(1, 9)": 0.49573763640506835,
        "(2, 3)": 0.4950998060096612,
        "(2, 4)": 0.45135045100199633,
        "(2, 5)": 0.5098342285130621,
        "(2, 6)": 0.49881594086410375,
        "(2, 7)": 0.6500550643163124,
        "(2, 8)": 0.6545905180117262,
        "(2, 9)": 0.4882712393699202,
        "(3, 4)": 0.657961606401145,
        "(3, 5)": 0.5099672162177319,
        "(3, 6)": 0.669514111712124,
        "(3, 7)": 0.4687391541080487,
        "(3, 8)": 0.49383326806723893,
        "(3, 9)": 0.6353283240233163,
        "(4, 5)": 0.5130286400397703,
        "(4, 6)": 0.5160533423317829,
        "(4, 7)": 0.749223916442741,
        "(4, 8)": 0.5635374445098363,
        "(4, 9)": 0.48076422732733215,
        "(5, 6)": 0.5396302108630662,
        "(5, 7)": 0.5126870154592339,
        "(5, 8)": 0.3880823783572459,
        "(5, 9)": 0.6929381843841202,
        "(6, 7)": 0.4167566223520195,
        "(6, 8)": 0.506222948726657,
        "(6, 9)": 0.5026550133550123,
        "(7, 8)": 0.2488518323751403,
        "(7, 9)": 0.4896042327574535,
        "(8, 9)": 0.5487630034377666
    },
    "matching_probabilities": {
        "(0, 1)": 0.0259,
        "(0, 2)": 0.0338,
        "(0, 3)": 0.0657,
        "(0, 4)": 0.0144,
        "(0, 5)": 0.1079,
        "(0, 6)": 0.0154,
        "(0, 7)": 0.0013,
        "(0, 8)": 0.2646,
        "(0, 9)": 0.0496,
        "(1, 2)": 0.0722,
        "(1, 3)": 0.0007,
        "(1, 4)": 0.1192,
        "(1, 5)": 0.0236,
        "(1, 6)": 0.0767,
        "(1, 7)": 0.1549,
        "(1, 8)": 0.0005,
        "(1, 9)": 0.1217,
        "(2, 3)": 0.1326,
        "(2, 4)": 0.0015,
        "(2, 5)": 0.0496,
        "(2, 6)": 0.0383,
        "(2, 7)": 0.1537,
        "(2, 8)": 0.0025,
        "(2, 9)": 0.0049,
        "(3, 4)": 0.0112,
        "(3, 5)": 0.0149,
        "(3, 6)": 0.0072,
        "(3, 7)": 0.0058,
        "(3, 8)": 0.0801,
        "(3, 9)": 0.1638,
        "(4, 5)": 0.0653,
        "(4, 6)": 0.234,
        "(4, 7)": 0.0003,
        "(4, 8)": 0.0054,
        "(4, 9)": 0.0579,
        "(5, 6)": 0.0367,
        "(5, 7)": 0.2258,
        "(5, 8)": 0.0008,
        "(5, 9)": 0.0593,
        "(6, 7)": 0.0007,
        "(6, 8)": 0.1343,
        "(6, 9)": 0.0254,
        "(7, 8)": 0.0001,
        "(7, 9)": 0.0248,
        "(8, 9)": 0.0284
    },
    "matching_counts": {
        "(0, 1)": 259.0,
        "(0, 2)": 338.0,
        "(0, 3)": 657.0,
        "(0, 4)": 144.0,
        "(0, 5)": 1079.0,
        "(0, 6)": 154.0,
        "(0, 7)": 13.0,
        "(0, 8)": 2646.0,
        "(0, 9)": 496.0,
        "(1, 2)": 722.0,
        "(1, 3)": 7.0,
        "(1, 4)": 1192.0,
        "(1, 5)": 236.0,
        "(1, 6)": 767.0,
        "(1, 7)": 1549.0,
        "(1, 8)": 5.0,
        "(1, 9)": 1217.0,
        "(2, 3)": 1326.0,
        "(2, 4)": 15.0,
        "(2, 5)": 496.0,
        "(2, 6)": 383.0,
        "(2, 7)": 1537.0,
        "(2, 8)": 25.0,
        "(2, 9)": 49.0,
        "(3, 4)": 112.0,
        "(3, 5)": 149.0,
        "(3, 6)": 72.0,
        "(3, 7)": 58.0,
        "(3, 8)": 801.0,
        "(3, 9)": 1638.0,
        "(4, 5)": 653.0,
        "(4, 6)": 2340.0,
        "(4, 7)": 3.0,
        "(4, 8)": 54.0,
        "(4, 9)": 579.0,
        "(5, 6)": 367.0,
        "(5, 7)": 2258.0,
        "(5, 8)": 8.0,
        "(5, 9)": 593.0,
        "(6, 7)": 7.0,
        "(6, 8)": 1343.0,
        "(6, 9)": 254.0,
        "(7, 8)": 1.0,
        "(7, 9)": 248.0,
        "(8, 9)": 284.0
    },
    "average_num_matching_probability_capped": 0.0,
    "average_num_matching_probability_exceeds_one": 0.0,
    "average_num_proposal_matching_probability_exceeds_one": 0.2392,
    "simulation_parameters": {
        "graph_file": "nonuniform_complete_10_order_0.json",
        "c_guarantee": 0.5,
        "experiment_name": "nonuniform_complete_10_order_0_si_c50_r100_sim10000",
        "average_edge_weight": 0.1111111111111111,
        "r": 1.0,
        "num_sim_instances": 10000,
        "rounding_scheme_class": "SimpleRecursiveRoundingScheme",
        "parallel": true
    }
}