{
    "min_scaled_matching_probability": 0.4888393735646726,
    "scaled_matching_probabilities": {
        "(0, 10)": 0.842199703529442,
        "(0, 11)": 0.8993606565899575,
        "(0, 12)": 1.066818226575496,
        "(0, 13)": 0.9230276970743932,
        "(0, 14)": 0.8415095012809622,
        "(0, 15)": 0.8992759494890269,
        "(0, 16)": 0.5539955049386782,
        "(0, 17)": 0.9437445545525738,
        "(0, 18)": 0.9241322967945454,
        "(0, 19)": 0.9993792644622322,
        "(10, 1)": 0.7197926813911214,
        "(10, 2)": 0.8371651079027015,
        "(10, 3)": 1.1861559664387769,
        "(10, 4)": 0.7818769380452041,
        "(10, 5)": 0.6924646671038835,
        "(10, 6)": 0.9501798133251219,
        "(10, 7)": 0.8760022092804095,
        "(10, 8)": 0.9547451358041809,
        "(10, 9)": 0.9291326725801576,
        "(11, 1)": 0.9167787876789215,
        "(11, 2)": 0.9811854470896704,
        "(11, 3)": 0.7998412957383425,
        "(11, 4)": 0.952852248742241,
        "(11, 5)": 0.9866302224617409,
        "(11, 6)": 0.9722904148323479,
        "(11, 7)": 0.9140433316218846,
        "(11, 8)": 0.804719680619087,
        "(11, 9)": 0.9218818080137168,
        "(12, 1)": 1.0683714687361656,
        "(12, 2)": 0.9526449036402487,
        "(12, 3)": 0.8919973061576137,
        "(12, 4)": 0.9896438256737803,
        "(12, 5)": 0.9110483654681528,
        "(12, 6)": 0.8579803348572981,
        "(12, 7)": 0.8617306867721736,
        "(12, 8)": 0.944577979295452,
        "(12, 9)": 0.8817489607833555,
        "(13, 1)": 0.92086740632864,
        "(13, 2)": 0.9383720739077337,
        "(13, 3)": 0.9993133843092816,
        "(13, 4)": 0.9414346772152754,
        "(13, 5)": 1.2580474537023456,
        "(13, 6)": 0.875129784180524,
        "(13, 7)": 0.9486950762615681,
        "(13, 8)": 0.8503757547652968,
        "(13, 9)": 0.9043180205626753,
        "(14, 1)": 0.5308947079681088,
        "(14, 2)": 0.9139141178011901,
        "(14, 3)": 0.9587742223783158,
        "(14, 4)": 0.9104364885486501,
        "(14, 5)": 1.1325400210661982,
        "(14, 6)": 0.7460163727669734,
        "(14, 7)": 0.8736684806179104,
        "(14, 8)": 0.9607020804421894,
        "(14, 9)": 0.8610972977300799,
        "(15, 1)": 0.9305923723164152,
        "(15, 2)": 0.9652944820236995,
        "(15, 3)": 0.4888393735646726,
        "(15, 4)": 0.8801406154183489,
        "(15, 5)": 0.880254618659086,
        "(15, 6)": 1.021547072846078,
        "(15, 7)": 0.9882775967030976,
        "(15, 8)": 0.8035797983457136,
        "(15, 9)": 0.968587507387349,
        "(16, 1)": 1.0171537193685463,
        "(16, 2)": 0.9524003187008514,
        "(16, 3)": 1.0922327869288382,
        "(16, 4)": 0.8343082453675648,
        "(16, 5)": 0.936089470400851,
        "(16, 6)": 0.9271365611876823,
        "(16, 7)": 0.9017905147724438,
        "(16, 8)": 0.9027972839022975,
        "(16, 9)": 0.937705985667673,
        "(17, 1)": 0.9944584364212042,
        "(17, 2)": 0.7913353624446541,
        "(17, 3)": 0.9083668603510852,
        "(17, 4)": 0.854861847377578,
        "(17, 5)": 0.8385880265209515,
        "(17, 6)": 0.9465269539205684,
        "(17, 7)": 0.8189866305289261,
        "(17, 8)": 0.8031560309538541,
        "(17, 9)": 0.7588072228918572,
        "(18, 1)": 0.810575590471808,
        "(18, 2)": 0.8494689892546204,
        "(18, 3)": 0.9749567055953404,
        "(18, 4)": 0.9031544592230948,
        "(18, 5)": 0.8599627339468151,
        "(18, 6)": 1.1451532999836764,
        "(18, 7)": 0.9237621455738203,
        "(18, 8)": 0.6670506881110112,
        "(18, 9)": 0.9160564868685416,
        "(19, 1)": 0.8866308619208032,
        "(19, 2)": 0.9180994982186376,
        "(19, 3)": 0.7764813319392979,
        "(19, 4)": 0.9893356451693555,
        "(19, 5)": 0.8959933515462638,
        "(19, 6)": 0.5455225376740012,
        "(19, 7)": 0.8136607517684908,
        "(19, 8)": 1.0321148701647593,
        "(19, 9)": 0.8220559276742988
    },
    "matching_probabilities": {
        "(0, 10)": 0.0010959474377224326,
        "(0, 11)": 0.18202147687592043,
        "(0, 12)": 0.0008340342956989549,
        "(0, 13)": 0.006066452036612437,
        "(0, 14)": 0.03217257534731693,
        "(0, 15)": 0.004180319295799671,
        "(0, 16)": 0.06697120055928592,
        "(0, 17)": 0.14154809879710803,
        "(0, 18)": 0.43403403513027705,
        "(0, 19)": 0.00488103636392677,
        "(10, 1)": 0.006034161940395978,
        "(10, 2)": 0.0057287753477365385,
        "(10, 3)": 0.0018868132703665783,
        "(10, 4)": 0.11988664976723387,
        "(10, 5)": 0.00964358972826379,
        "(10, 6)": 0.18280580775593838,
        "(10, 7)": 0.0443370265866938,
        "(10, 8)": 0.32121237424576193,
        "(10, 9)": 0.17435805425955342,
        "(11, 1)": 0.5673041686213857,
        "(11, 2)": 0.04380596667521055,
        "(11, 3)": 0.0001317282954334363,
        "(11, 4)": 0.00030601817098187685,
        "(11, 5)": 0.007038717246329876,
        "(11, 6)": 0.016883997438804265,
        "(11, 7)": 0.0013655898237458488,
        "(11, 8)": 0.014736355327627688,
        "(11, 9)": 0.08234483656829707,
        "(12, 1)": 0.0018724082799034363,
        "(12, 2)": 0.144528338719135,
        "(12, 3)": 0.4235131116964538,
        "(12, 4)": 0.00976519671024035,
        "(12, 5)": 0.00017141902187181143,
        "(12, 6)": 0.03589605272647947,
        "(12, 7)": 0.03632303083018478,
        "(12, 8)": 0.14159021334356614,
        "(12, 9)": 0.09372501260376465,
        "(13, 1)": 0.08958450760683988,
        "(13, 2)": 0.0008606640696243511,
        "(13, 3)": 0.0013001491756105485,
        "(13, 4)": 0.10809134169965816,
        "(13, 5)": 0.0034608604310128236,
        "(13, 6)": 0.3387246119990541,
        "(13, 7)": 0.2545088910082695,
        "(13, 8)": 0.0037560360877641435,
        "(13, 9)": 0.022139355829224182,
        "(14, 1)": 0.08695176355456977,
        "(14, 2)": 0.0337468605196417,
        "(14, 3)": 0.08786113501190902,
        "(14, 4)": 0.22706420239164163,
        "(14, 5)": 0.10851653624975406,
        "(14, 6)": 0.006715003341469208,
        "(14, 7)": 0.011580338913175536,
        "(14, 8)": 0.009998837178417963,
        "(14, 9)": 0.23750264246402025,
        "(15, 1)": 0.01605815843013852,
        "(15, 2)": 0.04886060783162925,
        "(15, 3)": 0.14201567149502897,
        "(15, 4)": 0.010565977242124639,
        "(15, 5)": 0.45095307574074023,
        "(15, 6)": 0.09713778395913247,
        "(15, 7)": 0.01276654342863284,
        "(15, 8)": 0.0004417760335867901,
        "(15, 9)": 0.002055572695109883,
        "(16, 1)": 0.017137490139699164,
        "(16, 2)": 0.0013607797004554394,
        "(16, 3)": 0.007341651324727546,
        "(16, 4)": 0.029349605874033846,
        "(16, 5)": 0.00018783312781630904,
        "(16, 6)": 0.1162381624371171,
        "(16, 7)": 0.46682284580671296,
        "(16, 8)": 0.03718355391235115,
        "(16, 9)": 0.10716760294140233,
        "(17, 1)": 0.008411166565961279,
        "(17, 2)": 0.4970927692307496,
        "(17, 3)": 0.09184477101525343,
        "(17, 4)": 0.024024050040912157,
        "(17, 5)": 0.0002567850985595029,
        "(17, 6)": 0.015217065588031011,
        "(17, 7)": 0.0036313486123626644,
        "(17, 8)": 0.04388183054997411,
        "(17, 9)": 0.0035531229504925663,
        "(18, 1)": 0.0005708440033507037,
        "(18, 2)": 0.053754396548062106,
        "(18, 3)": 0.005665511997791963,
        "(18, 4)": 0.009874622771940428,
        "(18, 5)": 0.0023114057857501345,
        "(18, 6)": 0.003385953689269096,
        "(18, 7)": 0.0011198727036775475,
        "(18, 8)": 0.25200573552898126,
        "(18, 9)": 0.05513629703178977,
        "(19, 1)": 0.05835613482654712,
        "(19, 2)": 0.013746001696391254,
        "(19, 3)": 0.018555797456638726,
        "(19, 4)": 0.2862894188982454,
        "(19, 5)": 0.3266497036842936,
        "(19, 6)": 0.0571207972438401,
        "(19, 7)": 0.063188683071862,