{
    "min_scaled_matching_probability": 0.4629746943638022,
    "scaled_matching_probabilities": {
        "(0, 1)": 0.5684288341527451,
        "(0, 2)": 0.6175945264394563,
        "(0, 3)": 0.6791495342949005,
        "(0, 4)": 0.6478815700902782,
        "(0, 5)": 0.6300069165096404,
        "(0, 6)": 0.7065292294773395,
        "(0, 7)": 0.754642865647043,
        "(0, 8)": 0.7072759758328471,
        "(0, 9)": 0.6836792210581434,
        "(1, 2)": 0.717411879128366,
        "(1, 3)": 0.7447491131301119,
        "(1, 4)": 0.6905729467377965,
        "(1, 5)": 0.6494806293833927,
        "(1, 6)": 0.717103296208866,
        "(1, 7)": 0.8207811998804543,
        "(1, 8)": 0.692527996196392,
        "(1, 9)": 0.6994679345919385,
        "(2, 3)": 0.6682068633071653,
        "(2, 4)": 0.781104778868813,
        "(2, 5)": 0.6727679424297778,
        "(2, 6)": 0.7284680135108594,
        "(2, 7)": 0.6412496904507856,
        "(2, 8)": 0.8028698777649077,
        "(2, 9)": 0.6559125753144804,
        "(3, 4)": 0.6794211652411253,
        "(3, 5)": 0.6456306306667157,
        "(3, 6)": 0.4629746943638022,
        "(3, 7)": 0.6076506241155518,
        "(3, 8)": 0.6626583690542805,
        "(3, 9)": 0.7126065601182158,
        "(4, 5)": 0.8191758680062114,
        "(4, 6)": 0.6163825794596913,
        "(4, 7)": 0.5439203975516164,
        "(4, 8)": 0.6049200624541587,
        "(4, 9)": 0.829956752811353,
        "(5, 6)": 0.600066663769397,
        "(5, 7)": 0.6125906866604556,
        "(5, 8)": 0.6277387830331964,
        "(5, 9)": 0.6456345998263663,
        "(6, 7)": 0.631524944251885,
        "(6, 8)": 0.68824457889001,
        "(6, 9)": 0.5627440216138051,
        "(7, 8)": 0.6923440570691756,
        "(7, 9)": 0.7244688347790806,
        "(8, 9)": 0.7349604488142065
    },
    "matching_probabilities": {
        "(0, 1)": 0.0304868398398215,
        "(0, 2)": 0.03948540104974738,
        "(0, 3)": 0.08601739111489008,
        "(0, 4)": 0.018954662431178958,
        "(0, 5)": 0.049277103223779095,
        "(0, 6)": 0.02104405200910661,
        "(0, 7)": 0.0033812295373839177,
        "(0, 8)": 0.3539111870597249,
        "(0, 9)": 0.06663330929240985,
        "(1, 2)": 0.09523832291163538,
        "(1, 3)": 0.0014033729933586167,
        "(1, 4)": 0.1631534819487645,
        "(1, 5)": 0.0327334089879065,
        "(1, 6)": 0.015344718708335868,
        "(1, 7)": 0.2076094000122541,
        "(1, 8)": 0.0014595541643100268,
        "(1, 9)": 0.17171431295219006,
        "(2, 3)": 0.17896236071803492,
        "(2, 4)": 0.0025958923176040813,
        "(2, 5)": 0.06545125469868691,
        "(2, 6)": 0.05593310604535595,
        "(2, 7)": 0.15161804412053173,
        "(2, 8)": 0.0030663057884017706,
        "(2, 9)": 0.006582348825600212,
        "(3, 4)": 0.011565290400943614,
        "(3, 5)": 0.01886375455324725,
        "(3, 6)": 0.0049788611488635354,
        "(3, 7)": 0.0075188376925256805,
        "(3, 8)": 0.10748351476802652,
        "(3, 9)": 0.18372383244018567,
        "(4, 5)": 0.10426744241151693,
        "(4, 6)": 0.27949343946083127,
        "(4, 7)": 0.00021779352698754316,
        "(4, 8)": 0.005796541772115448,
        "(4, 9)": 0.09995439189584097,
        "(5, 6)": 0.04081025509137993,
        "(5, 7)": 0.2698000395505034,
        "(5, 8)": 0.0012940320262732196,
        "(5, 9)": 0.055251871858861455,
        "(6, 7)": 0.0010607329008509932,
        "(6, 8)": 0.18258999750490973,
        "(6, 9)": 0.028436398263664345,
        "(7, 8)": 0.0002782153743700298,
        "(7, 9)": 0.03669663352649535,
        "(8, 9)": 0.03803623169849968
    },
    "matching_counts": {
        "(0, 1)": 304.868398398215,
        "(0, 2)": 394.85401049747384,
        "(0, 3)": 860.1739111489009,
        "(0, 4)": 189.54662431178957,
        "(0, 5)": 492.77103223779096,
        "(0, 6)": 210.44052009106608,
        "(0, 7)": 33.81229537383918,
        "(0, 8)": 3539.111870597249,
        "(0, 9)": 666.3330929240984,
        "(1, 2)": 952.3832291163538,
        "(1, 3)": 14.033729933586166,
        "(1, 4)": 1631.5348194876449,
        "(1, 5)": 327.33408987906495,
        "(1, 6)": 153.44718708335867,
        "(1, 7)": 2076.094000122541,
        "(1, 8)": 14.595541643100269,
        "(1, 9)": 1717.1431295219006,
        "(2, 3)": 1789.6236071803492,
        "(2, 4)": 25.958923176040813,
        "(2, 5)": 654.5125469868691,
        "(2, 6)": 559.3310604535595,
        "(2, 7)": 1516.1804412053173,
        "(2, 8)": 30.663057884017707,
        "(2, 9)": 65.82348825600212,
        "(3, 4)": 115.65290400943614,
        "(3, 5)": 188.6375455324725,
        "(3, 6)": 49.788611488635354,
        "(3, 7)": 75.1883769252568,
        "(3, 8)": 1074.8351476802652,
        "(3, 9)": 1837.2383244018567,
        "(4, 5)": 1042.6744241151694,
        "(4, 6)": 2794.9343946083127,
        "(4, 7)": 2.1779352698754315,
        "(4, 8)": 57.96541772115447,
        "(4, 9)": 999.5439189584097,
        "(5, 6)": 408.1025509137993,
        "(5, 7)": 2698.0003955050342,
        "(5, 8)": 12.940320262732197,
        "(5, 9)": 552.5187185886145,
        "(6, 7)": 10.607329008509932,
        "(6, 8)": 1825.8999750490973,
        "(6, 9)": 284.36398263664347,
        "(7, 8)": 2.782153743700298,
        "(7, 9)": 366.9663352649535,
        "(8, 9)": 380.36231698499677
    },
    "average_num_matching_probability_capped": 0.0,
    "average_num_matching_probability_exceeds_one": 0.0,
    "average_num_proposal_matching_probability_exceeds_one": 0.0,
    "simulation_parameters": {
        "graph_file": "nonuniform_complete_10_order_0.json",
        "c_guarantee": 0.7,
        "experiment_name": "nonuniform_complete_10_order_0_mc_c70_r20_sim10000",
        "average_edge_weight": 0.1111111111111111,
        "r": 0.2,
        "num_sim_instances": 10000,
        "rounding_scheme_class": "SimulatedRecursiveRoundingScheme",
        "parallel": true
    }
}