{
    "min_scaled_matching_probability": 0.13259464829459963,
    "scaled_matching_probabilities": {
        "(0, 1)": 0.6110956687960658,
        "(0, 2)": 0.6293230127110573,
        "(0, 3)": 0.15527487842802926,
        "(1, 4)": 0.21535130367142508,
        "(1, 5)": 0.3905251331077563,
        "(1, 6)": 0.23616958571378643,
        "(2, 7)": 0.16103214202933483,
        "(2, 8)": 0.19489423925922927,
        "(2, 9)": 0.32289278067203275,
        "(3, 10)": 0.47418027414384717,
        "(3, 11)": 0.29775832811711617,
        "(3, 12)": 0.33724940601096726,
        "(4, 13)": 0.16142244190441615,
        "(4, 14)": 0.4339802147743044,
        "(4, 15)": 0.44566338454590365,
        "(5, 16)": 0.3874378205632071,
        "(5, 17)": 0.27165277374997643,
        "(5, 18)": 0.24673985927578249,
        "(6, 19)": 0.33434283467369363,
        "(6, 20)": 0.29636884801506963,
        "(6, 21)": 0.21404535162079644,
        "(7, 22)": 0.3276204991189043,
        "(7, 23)": 0.2130057608424516,
        "(7, 24)": 0.2676679421688496,
        "(8, 25)": 0.3431373743609595,
        "(8, 26)": 0.32978918344544494,
        "(8, 27)": 0.13283183951765817,
        "(9, 28)": 0.809858946604202,
        "(9, 29)": 0.24806990144643676,
        "(9, 30)": 0.31673080933178066,
        "(10, 31)": 0.3782248009888053,
        "(10, 32)": 0.36599451416484746,
        "(10, 33)": 0.5106004220134374,
        "(11, 34)": 0.6078055819887763,
        "(11, 35)": 1.0632403710837635,
        "(11, 36)": 0.2885685116812215,
        "(12, 37)": 0.38062270308292523,
        "(12, 38)": 1.1859748313056007,
        "(12, 39)": 1.2403709946740265,
        "(13, 40)": 3.3190629486675154,
        "(13, 41)": 0.4809157093320361,
        "(13, 42)": 0.6216295641814257,
        "(14, 43)": 0.2413992849500927,
        "(14, 44)": 0.48303465948091745,
        "(14, 45)": 0.42875919437530735,
        "(15, 46)": 0.7762547212874715,
        "(15, 47)": 0.5760071543154969,
        "(15, 48)": 0.2347582244478824,
        "(16, 49)": 0.15229446691014958,
        "(16, 50)": 0.2824454186531239,
        "(16, 51)": 0.4897738602957618,
        "(17, 52)": 0.16448133383577873,
        "(17, 53)": 0.4751116791747401,
        "(17, 54)": 0.422133296436568,
        "(18, 55)": 0.30937747089206613,
        "(18, 56)": 0.39776680892408434,
        "(18, 57)": 0.223117286883557,
        "(19, 58)": 0.42931281926098475,
        "(19, 59)": 0.2897657977736692,
        "(19, 60)": 0.6101261482760001,
        "(20, 61)": 0.43488672673452694,
        "(20, 62)": 0.3351238564724656,
        "(20, 63)": 0.3595647369039963,
        "(21, 64)": 0.4141952821162127,
        "(21, 65)": 0.39590218447993075,
        "(21, 66)": 0.24828238458914284,
        "(22, 67)": 0.2111621543819185,
        "(22, 68)": 0.4847808643606905,
        "(22, 69)": 0.6536893535944189,
        "(23, 70)": 0.3059720189500476,
        "(23, 71)": 0.7723517943244764,
        "(23, 72)": 0.13259464829459963,
        "(24, 73)": 0.2787068569753329,
        "(24, 74)": 0.3285170048247802,
        "(24, 75)": 0.6140641712239711,
        "(25, 76)": 0.46646309138484743,
        "(25, 77)": 0.26791775227874237,
        "(25, 78)": 0.3896590756603862,
        "(26, 79)": 0.28814849567607015,
        "(26, 80)": 0.34469188698266434,
        "(26, 81)": 0.3855994666138199,
        "(27, 82)": 1.4464505756809767,
        "(27, 83)": 0.4579941619274411,
        "(27, 84)": 0.29450236093023924,
        "(28, 85)": 0.4686463344325238,
        "(28, 86)": 0.5655575292279675,
        "(28, 87)": 0.31612023581686977,
        "(29, 88)": 1.1779926076700769,
        "(29, 89)": 0.49769957140418514,
        "(29, 90)": 0.2912648822427439,
        "(30, 91)": 0.5105268141564473,
        "(30, 92)": 0.7338585348945436,
        "(30, 93)": 0.29244265587304247,
        "(31, 94)": 0.2071320527172762,
        "(31, 95)": 0.5946129618166032,
        "(31, 96)": 0.5793432431741118,
        "(32, 97)": 0.45369193196870594,
        "(32, 98)": 0.26465310926838653,
        "(32, 99)": 0.37286284159629524,
        "(33, 100)": 0.4243979524352964,
        "(33, 101)": 0.24931787028607952,
        "(33, 102)": 0.35018648132122493,
        "(34, 103)": 0.2953275116367513,
        "(34, 104)": 0.2847975115393266,
        "(34, 105)": 0.2020809138483727,
        "(35, 106)": 0.22369003056123382,
        "(35, 107)": 0.2010811471849616,
        "(35, 108)": 0.6896419562111928,
        "(36, 109)": 0.45822162658306337,
        "(36, 110)": 0.586282715589859,
        "(36, 111)": 0.2191545641709995,
        "(37, 112)": 0.3462897435194364,
        "(37, 113)": 0.5703852775776582,
        "(37, 114)": 0.30207085354550495,
        "(38, 115)": 0.5220581578225607,
        "(38, 116)": 0.45350099516147996,
        "(38, 117)": 0.33506117566879,
        "(39, 118)": 0.27326209446830424,
        "(39, 119)": 0.2668350595009841,
        "(39, 120)": 0.216790013454037
    },
    "matching_probabilities": {
        "(0, 1)": 0.25360679123518687,
        "(0, 2)": 0.07811991767908326,
        "(0, 3)": 0.013057594528079119,
        "(1, 4)": 0.006597557376574214,
        "(1, 5)": 0.1499774510966626,
        "(1, 6)": 0.01917052147753544,
        "(2, 7)": 0.022735890119744126,
        "(2, 8)": 0.08047560237854055,
        "(2, 9)": 0.0534119985876201,
        "(3, 10)": 0.06956060720844422,
        "(3, 11)": 0.053555026457786314,
        "(3, 12)": 0.10192395890929414,
        "(4, 13)": 0.04048196705900493,
        "(4, 14)": 0.05803753242717974,
        "(4, 15)": 0.03759271778035267,
        "(5, 16)": 0.047286017635770713,
        "(5, 17)": 0.037382053329026596,
        "(5, 18)": 0.02571876458956878,
        "(6, 19)": 0.03670210563904169,
        "(6, 20)": 0.10657740205353794,
        "(6, 21)": 0.02284244530249739,
        "(7, 22)": 0.02764194795730616,
        "(7, 23)": 0.05008098322500744,
        "(7, 24)": 0.017675913961181705,
        "(8, 25)": 0.006935949650388743,
        "(8, 26)": 0.059826476933664025,
        "(8, 27)": 0.0114803788407273,
        "(9, 28)": 0.10240222476718377,
        "(9, 29)": 0.09896411503268698,
        "(9, 30)": 0.04453559962499945,
        "(10, 31)": 0.05177860028636011,
        "(10, 32)": 0.0481488581477123,
        "(10, 33)": 0.18201634321216184,
        "(11, 34)": 0.01531168424989104,
        "(11, 35)": 0.12989599314597686,
        "(11, 36)": 0.15594062397532765,
        "(12, 37)": 0.2109317741217102,
        "(12, 38)": 0.1076638428357578,
        "(12, 39)": 0.03531752476762908,
        "(13, 40)": 0.07630195345951289,
        "(13, 41)": 0.12573085123003794,
        "(13, 42)": 0.259790885755875,
        "(14, 43)": 0.053023469274953654,
        "(14, 44)": 0.2560769271298001,
        "(14, 45)": 0.0204206312932581,
        "(15, 46)": 0.14242600937354188,
        "(15, 47)": 0.026654769480560565,
        "(15, 48)": 0.14412295092492644,
        "(16, 49)": 0.10918782798265639,
        "(16, 50)": 0.014431849178694002,
        "(16, 51)": 0.03462161474532522,
        "(17, 52)": 0.003692782635573067,
        "(17, 53)": 0.3654557627321866,
        "(17, 54)": 0.022327026603789286,
        "(18, 55)": 0.019786528641688412,
        "(18, 56)": 0.2776764935620648,
        "(18, 57)": 0.02394068274811302,
        "(19, 58)": 0.20292972830724307,
        "(19, 59)": 0.015124369335288256,
        "(19, 60)": 0.17274292245988743,
        "(20, 61)": 0.18268828413861393,
        "(20, 62)": 0.012353665165932266,
        "(20, 63)": 0.057784494103790725,
        "(21, 64)": 0.18295044784908904,
        "(21, 65)": 0.10661966249850859,
        "(21, 66)": 0.023342879064220286,
        "(22, 67)": 0.0191689259522972,
        "(22, 68)": 0.2466365908519621,
        "(22, 69)": 0.15869272464231998,
        "(23, 70)": 0.06111850441648114,
        "(23, 71)": 0.13692008617937534,
        "(23, 72)": 0.036942360127922166,
        "(24, 73)": 0.17342855798449514,
        "(24, 74)": 0.013340536717975533,