{
    "min_scaled_matching_probability": 0.6008485128852159,
    "scaled_matching_probabilities": {
        "(0, 1)": 0.6925505067305272,
        "(0, 2)": 0.6918409431124046,
        "(0, 3)": 0.6916022679907912,
        "(1, 4)": 0.6577837289899385,
        "(1, 5)": 0.7172634927954783,
        "(1, 6)": 0.6611787532548842,
        "(2, 7)": 0.6765331621984091,
        "(2, 8)": 0.6911406298328319,
        "(2, 9)": 0.7170129882927125,
        "(3, 10)": 0.7272940602606394,
        "(3, 11)": 0.6871885746799751,
        "(3, 12)": 0.670425589143001,
        "(4, 13)": 0.6970419930506238,
        "(4, 14)": 0.711646025083398,
        "(4, 15)": 0.6524043089812587,
        "(5, 16)": 0.6596464339006954,
        "(5, 17)": 0.7199730258700937,
        "(5, 18)": 0.6533981533484045,
        "(6, 19)": 0.6508881679515829,
        "(6, 20)": 0.7158683809233972,
        "(6, 21)": 0.6851404994964907,
        "(7, 22)": 0.6900627062833825,
        "(7, 23)": 0.6866309308030034,
        "(7, 24)": 0.713747534186145,
        "(8, 25)": 0.740229239879803,
        "(8, 26)": 0.6405243910014479,
        "(8, 27)": 0.7872876071448273,
        "(9, 28)": 0.705202479497372,
        "(9, 29)": 0.6815536295096372,
        "(9, 30)": 0.6888936205953432,
        "(10, 31)": 0.7260358069695081,
        "(10, 32)": 0.6832237223576169,
        "(10, 33)": 0.6473407130729275,
        "(11, 34)": 0.704731705711553,
        "(11, 35)": 0.6402648236416143,
        "(11, 36)": 0.7131390224397067,
        "(12, 37)": 0.6728275599175735,
        "(12, 38)": 0.731275542894682,
        "(12, 39)": 0.7072999742466104,
        "(13, 40)": 0.7193891305177774,
        "(13, 41)": 0.6726084848987383,
        "(13, 42)": 0.6879654216934885,
        "(14, 43)": 0.689337106716849,
        "(14, 44)": 0.6862662581977835,
        "(14, 45)": 0.704974120553697,
        "(15, 46)": 0.6865499482652668,
        "(15, 47)": 0.7908585513499449,
        "(15, 48)": 0.6743453514162205,
        "(16, 49)": 0.6800148349180986,
        "(16, 50)": 0.7365695161613591,
        "(16, 51)": 0.7485645566451739,
        "(17, 52)": 0.6008485128852159,
        "(17, 53)": 0.6859479923937781,
        "(17, 54)": 0.7122600285948003,
        "(18, 55)": 0.7104106630527891,
        "(18, 56)": 0.7015660094192221,
        "(18, 57)": 0.678867117099835,
        "(19, 58)": 0.6884761482567687,
        "(19, 59)": 0.7846056221106117,
        "(19, 60)": 0.6774112608359635,
        "(20, 61)": 0.6634718400841431,
        "(20, 62)": 0.741316140662046,
        "(20, 63)": 0.7634598020364738,
        "(21, 64)": 0.6779052354528438,
        "(21, 65)": 0.7102614591876922,
        "(21, 66)": 0.7255070340366905,
        "(22, 67)": 0.6907807753816082,
        "(22, 68)": 0.6536494441674378,
        "(22, 69)": 0.6950127309955092,
        "(23, 70)": 0.6740404531397785,
        "(23, 71)": 0.7459113389843666,
        "(23, 72)": 0.6509318482171675,
        "(24, 73)": 0.6737542041454048,
        "(24, 74)": 0.6706219887149165,
        "(24, 75)": 0.6658072486989284,
        "(25, 76)": 0.6925517170246184,
        "(25, 77)": 0.719890434289103,
        "(25, 78)": 0.6981533688211938,
        "(26, 79)": 0.7012383586369174,
        "(26, 80)": 0.8213861206273572,
        "(26, 81)": 0.6403177936703464,
        "(27, 82)": 0.6919234899332335,
        "(27, 83)": 0.6753283325576057,
        "(27, 84)": 0.7150550176889008,
        "(28, 85)": 0.6806101960985561,
        "(28, 86)": 0.6744480424629671,
        "(28, 87)": 0.7072448741992301,
        "(29, 88)": 0.6995628765456047,
        "(29, 89)": 0.6741837518362672,
        "(29, 90)": 0.6651809487424912,
        "(30, 91)": 0.6852962812738069,
        "(30, 92)": 0.709662498901001,
        "(30, 93)": 0.6995353227812102,
        "(31, 94)": 0.6572842602388852,
        "(31, 95)": 0.6758352412599397,
        "(31, 96)": 0.7181687984908094,
        "(32, 97)": 0.7264330009708637,
        "(32, 98)": 0.8151646567438156,
        "(32, 99)": 0.6807994084297369,
        "(33, 100)": 0.6909521007831149,
        "(33, 101)": 0.7290018660912495,
        "(33, 102)": 0.7339324038549978,
        "(34, 103)": 0.6781316911795673,
        "(34, 104)": 0.6189278039461664,
        "(34, 105)": 0.7038247073708641,
        "(35, 106)": 0.6496222974713506,
        "(35, 107)": 0.6987178736567283,
        "(35, 108)": 0.7102214556206605,
        "(36, 109)": 0.6843658495658151,
        "(36, 110)": 0.6762239068076014,
        "(36, 111)": 0.6744450986761964,
        "(37, 112)": 0.7045145269480874,
        "(37, 113)": 0.7301720074811532,
        "(37, 114)": 0.6854835970931077,
        "(38, 115)": 0.6903512071373658,
        "(38, 116)": 0.675643201778308,
        "(38, 117)": 0.7009144756359608,
        "(39, 118)": 0.6838565218081353,
        "(39, 119)": 0.6332972135859637,
        "(39, 120)": 0.6850340746424722
    },
    "matching_probabilities": {
        "(0, 1)": 0.2874108273852692,
        "(0, 2)": 0.08588047223973821,
        "(0, 3)": 0.05815919536726234,
        "(1, 4)": 0.02015202982011901,
        "(1, 5)": 0.2754582004955694,
        "(1, 6)": 0.05366966051726851,
        "(2, 7)": 0.09551871722170865,
        "(2, 8)": 0.2853853388662803,
        "(2, 9)": 0.11860623405171325,
        "(3, 10)": 0.10669152474165894,
        "(3, 11)": 0.12359822991751612,
        "(3, 12)": 0.20261690304453314,
        "(4, 13)": 0.17480612155605435,
        "(4, 14)": 0.09517065030010845,
        "(4, 15)": 0.05503178389045398,
        "(5, 16)": 0.08050853905139814,
        "(5, 17)": 0.09907526316409948,
        "(5, 18)": 0.06810652052145329,
        "(6, 19)": 0.07145051073900256,
        "(6, 20)": 0.2574339130515118,
        "(6, 21)": 0.07311667488112722,
        "(7, 22)": 0.058221867879641676,
        "(7, 23)": 0.16143766249003333,
        "(7, 24)": 0.04713354876215029,
        "(8, 25)": 0.014962499340427399,
        "(8, 26)": 0.11619640554413883,
        "(8, 27)": 0.06804362583137137,
        "(9, 28)": 0.0891689881486956,
        "(9, 29)": 0.2718965557629357,
        "(9, 30)": 0.09686550713452186,
        "(10, 31)": 0.09939358218810128,
        "(10, 32)": 0.08988233653177652,
        "(10, 33)": 0.23076085393988716,
        "(11, 34)": 0.01775342260502914,
        "(11, 35)": 0.07822110352956974,
        "(11, 36)": 0.3853758800379877,
        "(12, 37)": 0.3728645447102381,
        "(12, 38)": 0.06638583976792586,
        "(12, 39)": 0.020139203888077793,
        "(13, 40)": 0.016538040044731174,
        "(13, 41)": 0.17584710939953282,
        "(13, 42)": 0.28751390952024125,
        "(14, 43)": 0.1514132276971861,
        "(14, 44)": 0.3638185193191028,
        "(14, 45)": 0.03357599504796768,
        "(15, 46)": 0.12596711708864652,
        "(15, 47)": 0.03659703220702812,
        "(15, 48)": 0.4139946202829994,
        "(16, 49)": 0.4875380197791251,
        "(16, 50)": 0.037635803113943614,
        "(16, 51)": 0.052915265172633084,
        "(17, 52)": 0.013489694564416168,
        "(17, 53)": 0.5276309923391338,
        "(17, 54)": 0.03767210201491756,
        "(18, 55)": 0.045434985590010336,
        "(18, 56)": 0.4897552664708136,
        "(18, 57)": 0.07284304369968117,
        "(19, 58)": 0.32543234546842265,
        "(19, 59)": 0.040952608287515485,
        "(19, 60)": 0.19179312546215688,
        "(20, 61)": 0.2787128799018318,
        "(20, 62)": 0.027327124604728033,
        "(20, 63)": 0.12269317288763179,
        "(21, 64)": 0.2994313836499523,
        "(21, 65)": 0.19127915943118218,
        "(21, 66)": 0.06821032826708313,
        "(22, 67)": 0.06270785393016592,
        "(22, 68)": 0.33254998778538664,
        "(22, 69)": 0.16872458352933287,
        "(23, 70)": 0.13464088825336717,
        "(23, 71)": 0.13223280578410399,
        "(23, 72)": 0.18135693306523873,
        "(24, 73)": 0.4192513285429157,
        "(24, 74)": 0.027232858978197653,
        "(24, 75)": 0.17098914169308058,
        "(25, 76)": 0.442945188824909,