{
    "min_scaled_matching_probability": 0.490858421655879,
    "scaled_matching_probabilities": {
        "(0, 10)": 0.9969658393148729,
        "(0, 11)": 0.490858421655879,
        "(0, 12)": 0.8709368398562934,
        "(0, 13)": 0.9739586834108515,
        "(0, 14)": 0.8497072878388393,
        "(0, 15)": 0.9232228655023381,
        "(0, 16)": 0.8950920480062673,
        "(0, 17)": 0.9760163758172794,
        "(0, 18)": 0.8727725403918174,
        "(0, 19)": 0.9537112564921149,
        "(10, 1)": 0.8819645347987707,
        "(10, 2)": 0.8995489272679212,
        "(10, 3)": 0.7620530103046147,
        "(10, 4)": 0.9020761623902619,
        "(10, 5)": 0.7074772250067818,
        "(10, 6)": 0.9098058343295014,
        "(10, 7)": 0.8450092189907249,
        "(10, 8)": 0.9430709624382008,
        "(10, 9)": 0.9440749898346333,
        "(11, 1)": 0.9427654365231375,
        "(11, 2)": 0.9825191440196923,
        "(11, 3)": 1.0244419596712764,
        "(11, 4)": 0.7421261782098795,
        "(11, 5)": 0.8976608486508005,
        "(11, 6)": 0.9471990589573669,
        "(11, 7)": 0.8885018628367941,
        "(11, 8)": 0.9695151700548367,
        "(11, 9)": 0.8334777693528218,
        "(12, 1)": 0.8871857986144831,
        "(12, 2)": 1.0026317791377815,
        "(12, 3)": 0.7659416394616418,
        "(12, 4)": 0.8677776860547542,
        "(12, 5)": 0.9905783006464842,
        "(12, 6)": 0.9889804909707832,
        "(12, 7)": 0.8259945031566431,
        "(12, 8)": 0.8776841998464229,
        "(12, 9)": 0.9493841002428136,
        "(13, 1)": 0.8594587656003656,
        "(13, 2)": 0.9875268500303842,
        "(13, 3)": 0.9461560468284689,
        "(13, 4)": 0.809901719997073,
        "(13, 5)": 0.6221975821039114,
        "(13, 6)": 0.937732071609479,
        "(13, 7)": 0.8837040184697863,
        "(13, 8)": 0.6206769940566994,
        "(13, 9)": 0.9296581900613451,
        "(14, 1)": 0.6105063916764661,
        "(14, 2)": 0.8512761546956004,
        "(14, 3)": 0.8202846560167557,
        "(14, 4)": 0.9404434953065918,
        "(14, 5)": 0.9883571422462275,
        "(14, 6)": 1.014412680307835,
        "(14, 7)": 0.887395784970825,
        "(14, 8)": 0.8323414283415478,
        "(14, 9)": 0.8978867168762491,
        "(15, 1)": 1.0429242899930613,
        "(15, 2)": 0.9917857307237935,
        "(15, 3)": 0.9295205642091191,
        "(15, 4)": 0.9306142757207537,
        "(15, 5)": 0.9100384295930921,
        "(15, 6)": 0.8680897206444235,
        "(15, 7)": 0.843793870425723,
        "(15, 8)": 1.0097170404802487,
        "(15, 9)": 0.7654183415254152,
        "(16, 1)": 0.8713146415900735,
        "(16, 2)": 0.9981815448484,
        "(16, 3)": 1.0100015089271523,
        "(16, 4)": 0.8830049563362747,
        "(16, 5)": 0.9120437916006774,
        "(16, 6)": 0.764430369063598,
        "(16, 7)": 0.9443615670524587,
        "(16, 8)": 0.9093443908346265,
        "(16, 9)": 0.9131167891125528,
        "(17, 1)": 0.9152564728503808,
        "(17, 2)": 0.7026590226730646,
        "(17, 3)": 0.9625133623931231,
        "(17, 4)": 0.9658122471822722,
        "(17, 5)": 0.8896341274189974,
        "(17, 6)": 0.9229791976813808,
        "(17, 7)": 0.795215298891654,
        "(17, 8)": 0.9653972240345181,
        "(17, 9)": 0.8171298793531894,
        "(18, 1)": 0.8001264862951081,
        "(18, 2)": 0.9527217265268587,
        "(18, 3)": 0.9543848003449441,
        "(18, 4)": 0.8579886765868471,
        "(18, 5)": 0.8785406575515963,
        "(18, 6)": 0.8812747031913089,
        "(18, 7)": 0.956658645018198,
        "(18, 8)": 0.9105205124564338,
        "(18, 9)": 0.9432565647690735,
        "(19, 1)": 0.8537523540094771,
        "(19, 2)": 0.8938092669878337,
        "(19, 3)": 0.9666610912829637,
        "(19, 4)": 0.9059117298699317,
        "(19, 5)": 0.9361186950766325,
        "(19, 6)": 0.9426064198017816,
        "(19, 7)": 0.6812539010975225,
        "(19, 8)": 0.8467826506730831,
        "(19, 9)": 0.8941269124432494
    },
    "matching_probabilities": {
        "(0, 10)": 0.0012973433171669755,
        "(0, 11)": 0.09934476696540881,
        "(0, 12)": 0.0006808949976038044,
        "(0, 13)": 0.006401187805394666,
        "(0, 14)": 0.032485992968048535,
        "(0, 15)": 0.004291637468093971,
        "(0, 16)": 0.10820555136577338,
        "(0, 17)": 0.1463884074618874,
        "(0, 18)": 0.40991207511210004,
        "(0, 19)": 0.004657990703988861,
        "(10, 1)": 0.00739368010574417,
        "(10, 2)": 0.006155671885950428,
        "(10, 3)": 0.0012121944948626283,
        "(10, 4)": 0.13831702110850497,
        "(10, 5)": 0.009852661694047766,
        "(10, 6)": 0.17503822762098734,
        "(10, 7)": 0.04276838096009924,
        "(10, 8)": 0.3172847407825293,
        "(10, 9)": 0.17716208154166857,
        "(11, 1)": 0.5833847481635325,
        "(11, 2)": 0.04386551085561463,
        "(11, 3)": 0.00016871846182112203,
        "(11, 4)": 0.0002383413545944124,
        "(11, 5)": 0.006404000965010489,
        "(11, 6)": 0.016448281543772682,
        "(11, 7)": 0.0013274306154788273,
        "(11, 8)": 0.017754157609842582,
        "(11, 9)": 0.07444836214800946,
        "(12, 1)": 0.0015548655909948562,
        "(12, 2)": 0.1521119829981442,
        "(12, 3)": 0.36366289995158907,
        "(12, 4)": 0.0085626965836042,
        "(12, 5)": 0.00018638303938672425,
        "(12, 6)": 0.04137681763446401,
        "(12, 7)": 0.03481670580411171,
        "(12, 8)": 0.13156297926532715,
        "(12, 9)": 0.10091425192270113,
        "(13, 1)": 0.08361050656755833,
        "(13, 2)": 0.0009057482647272779,
        "(13, 3)": 0.0012309892207970738,
        "(13, 4)": 0.09298931267147936,
        "(13, 5)": 0.00171165164385346,
        "(13, 6)": 0.3629552300204513,
        "(13, 7)": 0.23707357121171116,
        "(13, 8)": 0.0027414765478178138,
        "(13, 9)": 0.022759729432920407,
        "(14, 1)": 0.09999083927729502,
        "(14, 2)": 0.03143391386197924,
        "(14, 3)": 0.0751700861665923,
        "(14, 4)": 0.2345479941128129,
        "(14, 5)": 0.09470137183611017,
        "(14, 6)": 0.009130878069915478,
        "(14, 7)": 0.011762292182977179,
        "(14, 8)": 0.008662879563046585,
        "(14, 9)": 0.24764967728222786,
        "(15, 1)": 0.01799654067404491,
        "(15, 2)": 0.05020152351882125,
        "(15, 3)": 0.27004061913423594,
        "(15, 4)": 0.011171907177341239,
        "(15, 5)": 0.4662112758833656,
        "(15, 6)": 0.08254569366653872,
        "(15, 7)": 0.010900106536403102,
        "(15, 8)": 0.0005551020447585348,
        "(15, 9)": 0.0016243994798362863,
        "(16, 1)": 0.01468032392202758,
        "(16, 2)": 0.0014261914416952193,
        "(16, 3)": 0.006788918081137002,
        "(16, 4)": 0.031062676890926066,
        "(16, 5)": 0.000183008188318198,
        "(16, 6)": 0.09583915156711478,
        "(16, 7)": 0.4888602696305349,
        "(16, 8)": 0.03745320991146526,
        "(16, 9)": 0.10435737746204708,
        "(17, 1)": 0.007741273402459339,
        "(17, 2)": 0.4413889938223945,
        "(17, 3)": 0.09731951178178232,
        "(17, 4)": 0.02714207193549542,
        "(17, 5)": 0.0002724159895758744,
        "(17, 6)": 0.014838494486956214,
        "(17, 7)": 0.0035259476339617457,
        "(17, 8)": 0.052746161101705206,
        "(17, 9)": 0.0038262194141987197,
        "(18, 1)": 0.0005634852714449179,
        "(18, 2)": 0.060288229629920635,
        "(18, 3)": 0.0055459678422980115,
        "(18, 4)": 0.009380803513033093,
        "(18, 5)": 0.0023613394845166335,
        "(18, 6)": 0.0026057256548731723,
        "(18, 7)": 0.00115975298233025,
        "(18, 8)": 0.3439864399294678,
        "(18, 9)": 0.05677343578459548,
        "(19, 1)": 0.05619214220800412,
        "(19, 2)": 0.013382322639434781,
        "(19, 3)": 0.02310057780044902,
        "(19, 4)": 0.2621485882813519,
        "(19, 5)": 0.3412780840755164,
        "(19, 6)": 0.09869881896321449,
        "(19, 7)": 0.05290600137017447,