{
    "min_scaled_matching_probability": 0.09471313357009417,
    "scaled_matching_probabilities": {
        "(0, 10)": 0.6681426038506031,
        "(0, 11)": 0.539141948663444,
        "(0, 12)": 159.93620795102498,
        "(0, 13)": 0.8006033091335436,
        "(0, 14)": 6.523821695294066,
        "(0, 15)": 0.8092288641093925,
        "(0, 16)": 0.8605685308768495,
        "(0, 17)": 0.8461229661821611,
        "(0, 18)": 0.4833787543395689,
        "(0, 19)": 3.065455143426825,
        "(10, 1)": 1.752949494598639,
        "(10, 2)": 0.6458053052357184,
        "(10, 3)": 0.792773057601044,
        "(10, 4)": 0.7615547369216081,
        "(10, 5)": 4.5238769984005796,
        "(10, 6)": 0.8346816680688023,
        "(10, 7)": 1.224847259831943,
        "(10, 8)": 0.7915660550263951,
        "(10, 9)": 1.3038601600812822,
        "(11, 1)": 0.8384113923741133,
        "(11, 2)": 0.8452010969032817,
        "(11, 3)": 0.7334483713245441,
        "(11, 4)": 441.51124252127414,
        "(11, 5)": 0.8049130445034829,
        "(11, 6)": 1.3566492056296096,
        "(11, 7)": 0.8223438002871051,
        "(11, 8)": 1.0173461667679433,
        "(11, 9)": 1.0997597210456267,
        "(12, 1)": 1.6186171853839535,
        "(12, 2)": 0.8933363091731524,
        "(12, 3)": 0.5444969128170256,
        "(12, 4)": 0.9639384553206322,
        "(12, 5)": 491.94471965945877,
        "(12, 6)": 0.8564291230393115,
        "(12, 7)": 0.7963296242866743,
        "(12, 8)": 0.5768859274937898,
        "(12, 9)": 0.8374986245509419,
        "(13, 1)": 0.5574975050957383,
        "(13, 2)": 0.606024106591387,
        "(13, 3)": 2.3118275961938153,
        "(13, 4)": 0.47075626177530094,
        "(13, 5)": 1.9331162389959085,
        "(13, 6)": 0.8218216292654814,
        "(13, 7)": 1.3488409786200184,
        "(13, 8)": 2.9379647084472826,
        "(13, 9)": 0.7728169049737746,
        "(14, 1)": 0.09471313357009417,
        "(14, 2)": 0.80470465906033,
        "(14, 3)": 0.5003836786446401,
        "(14, 4)": 0.9176088509865268,
        "(14, 5)": 0.21503420389491937,
        "(14, 6)": 0.7730548529231343,
        "(14, 7)": 3.8907297084733026,
        "(14, 8)": 3.2122418266840853,
        "(14, 9)": 0.8168958244678682,
        "(15, 1)": 0.38249387931246503,
        "(15, 2)": 0.8615504808093275,
        "(15, 3)": 0.7954422260289405,
        "(15, 4)": 2.972048301258095,
        "(15, 5)": 0.8492387282271878,
        "(15, 6)": 1.67147219967821,
        "(15, 7)": 4.07367466134522,
        "(15, 8)": 40.41710142175142,
        "(15, 9)": 0.7900292238305998,
        "(16, 1)": 0.5819862155629708,
        "(16, 2)": 0.9439389712002029,
        "(16, 3)": 10.315455048268623,
        "(16, 4)": 0.6443990889171944,
        "(16, 5)": 426.69835888367237,
        "(16, 6)": 0.35123791750045635,
        "(16, 7)": 0.8225497368911328,
        "(16, 8)": 4.165647866172637,
        "(16, 9)": 0.5283655338264228,
        "(17, 1)": 5.306263060813302,
        "(17, 2)": 0.8049527102790355,
        "(17, 3)": 0.8091420011612768,
        "(17, 4)": 0.8172233243620648,
        "(17, 5)": 0.9139692900064099,
        "(17, 6)": 0.9127390852349118,
        "(17, 7)": 0.5505562348362427,
        "(17, 8)": 0.866182333191468,
        "(17, 9)": 0.5716321236018111,
        "(18, 1)": 325.86049483539955,
        "(18, 2)": 0.7804061387366354,
        "(18, 3)": 7.557070627776168,
        "(18, 4)": 1.999839592943727,
        "(18, 5)": 0.8019888161882003,
        "(18, 6)": 0.7903707051881755,
        "(18, 7)": 0.6497732295500701,
        "(18, 8)": 0.8747551052439894,
        "(18, 9)": 1.51145472515388,
        "(19, 1)": 0.8884373281402772,
        "(19, 2)": 0.7483438682781364,
        "(19, 3)": 4.3424456055834435,
        "(19, 4)": 0.8306987057134738,
        "(19, 5)": 0.8249727641550096,
        "(19, 6)": 1.7728067626659882,
        "(19, 7)": 0.18988012104645446,
        "(19, 8)": 5.463788757202753,
        "(19, 9)": 1.7663498221392038
    },
    "matching_probabilities": {
        "(0, 10)": 0.0008694483881371547,
        "(0, 11)": 0.10911686320988835,
        "(0, 12)": 0.1250374986405942,
        "(0, 13)": 0.005261837310630991,
        "(0, 14)": 0.24941862774551368,
        "(0, 15)": 0.00376173191029593,
        "(0, 16)": 0.10403208539163682,
        "(0, 17)": 0.1269062657197909,
        "(0, 18)": 0.2270268358437144,
        "(0, 19)": 0.014971891612244013,
        "(10, 1)": 0.014695316300383192,
        "(10, 2)": 0.004419287757155121,
        "(10, 3)": 0.0012610607439438645,
        "(10, 4)": 0.11677060875099025,
        "(10, 5)": 0.06300164589792684,
        "(10, 6)": 0.16058503286491282,
        "(10, 7)": 0.06199309196767615,
        "(10, 8)": 0.2663127596803268,
        "(10, 9)": 0.2446782114625394,
        "(11, 1)": 0.5188103000481655,
        "(11, 2)": 0.037734814753538494,
        "(11, 3)": 0.00012079384280080838,
        "(11, 4)": 0.14179581680437983,
        "(11, 5)": 0.005742328989280732,
        "(11, 6)": 0.023558456777706478,
        "(11, 7)": 0.001228589812366913,
        "(11, 8)": 0.018630058349211442,
        "(11, 9)": 0.09823334586568896,
        "(12, 1)": 0.002836758850825643,
        "(12, 2)": 0.13553047120591805,
        "(12, 3)": 0.2585227334929916,
        "(12, 4)": 0.00951155192259448,
        "(12, 5)": 0.0925622457109548,
        "(12, 6)": 0.03583115335880615,
        "(12, 7)": 0.03356629389896802,
        "(12, 8)": 0.0864739633351095,
        "(12, 9)": 0.0890214478641825,
        "(13, 1)": 0.054234886741359664,
        "(13, 2)": 0.0005558383378752273,
        "(13, 3)": 0.0030077859363633343,
        "(13, 4)": 0.054050139834791865,
        "(13, 5)": 0.005317959573305716,
        "(13, 6)": 0.3180913477491215,
        "(13, 7)": 0.3618570710494966,
        "(13, 8)": 0.01297673576376967,
        "(13, 9)": 0.01891996848565323,
        "(14, 1)": 0.015512443187122377,
        "(14, 2)": 0.029714231742202134,
        "(14, 3)": 0.04585467247763038,
        "(14, 4)": 0.22885300015700405,
        "(14, 5)": 0.020603922641013746,
        "(14, 6)": 0.006958380687094278,
        "(14, 7)": 0.05157101308246262,
        "(14, 8)": 0.033432511135954406,
        "(14, 9)": 0.2253112597616805,
        "(15, 1)": 0.0066002553806334295,
        "(15, 2)": 0.043609365798635794,
        "(15, 3)": 0.2310887133359267,
        "(15, 4)": 0.03567906555324904,
        "(15, 5)": 0.4350636831824727,
        "(15, 6)": 0.1589384471277341,
        "(15, 7)": 0.052623619772096286,
        "(15, 8)": 0.022219705861115616,
        "(15, 9)": 0.0016766296162806014,
        "(16, 1)": 0.00980558084852997,
        "(16, 2)": 0.0013486902148774759,
        "(16, 3)": 0.06933730165090068,
        "(16, 4)": 0.02266891090950906,
        "(16, 5)": 0.0856201142278475,
        "(16, 6)": 0.044035853851122186,
        "(16, 7)": 0.4258028918057269,
        "(16, 8)": 0.17157073329040237,
        "(16, 9)": 0.06038531117695119,
        "(17, 1)": 0.044880570984873545,
        "(17, 2)": 0.5056467723321141,
        "(17, 3)": 0.08181216759356276,
        "(17, 4)": 0.022966300460480444,
        "(17, 5)": 0.0002798676904419064,
        "(17, 6)": 0.014673866884877583,
        "(17, 7)": 0.0024411407279127627,
        "(17, 8)": 0.04732538249802807,
        "(17, 9)": 0.0026766735428108354,
        "(18, 1)": 0.2294857032363972,
        "(18, 2)": 0.04938409945606251,
        "(18, 3)": 0.04391443647098471,
        "(18, 4)": 0.02186520963612071,
        "(18, 5)": 0.00215558362783538,
        "(18, 6)": 0.002336943538616417,
        "(18, 7)": 0.0007877171703128413,
        "(18, 8)": 0.3304745915621581,
        "(18, 9)": 0.09097257414885333,
        "(19, 1)": 0.05847503254462886,
        "(19, 2)": 0.011204380465074121,
        "(19, 3)": 0.10377267013288156,
        "(19, 4)": 0.24038378774629582,
        "(19, 5)": 0.30075793363175674,
        "(19, 6)": 0.18562777639677816,
        "(19, 7)": 0.01474604098129714,