{
    "min_scaled_matching_probability": 0.36138696944005194,
    "scaled_matching_probabilities": {
        "(0, 1)": 0.4813604477673976,
        "(0, 2)": 0.4788689883710069,
        "(0, 3)": 0.5439758380832641,
        "(0, 4)": 0.5139081187286287,
        "(0, 5)": 0.3819989063679932,
        "(0, 6)": 0.515834565036182,
        "(0, 7)": 0.4219601673633742,
        "(0, 8)": 0.4223183314522955,
        "(0, 9)": 0.47160321946432127,
        "(1, 2)": 0.4565082050075377,
        "(1, 3)": 0.5598611470718549,
        "(1, 4)": 0.5010144037596168,
        "(1, 5)": 0.46682060368748024,
        "(1, 6)": 0.5051061028644366,
        "(1, 7)": 0.5168456511906836,
        "(1, 8)": 0.5914948936174704,
        "(1, 9)": 0.40130097248967905,
        "(2, 3)": 0.43464449135039945,
        "(2, 4)": 0.5605862830381237,
        "(2, 5)": 0.49256548576519066,
        "(2, 6)": 0.5041847403372789,
        "(2, 7)": 0.4494377582474732,
        "(2, 8)": 0.5142879445581217,
        "(2, 9)": 0.5384980558766994,
        "(3, 4)": 0.44053675223669464,
        "(3, 5)": 0.456634574207371,
        "(3, 6)": 0.376571181193909,
        "(3, 7)": 0.5361432956769827,
        "(3, 8)": 0.42086294504043764,
        "(3, 9)": 0.38184429552718957,
        "(4, 5)": 0.5455821202109921,
        "(4, 6)": 0.3744419223039222,
        "(4, 7)": 0.42165673701743367,
        "(4, 8)": 0.461650174334043,
        "(4, 9)": 0.6151178162475727,
        "(5, 6)": 0.43412686385004545,
        "(5, 7)": 0.36138696944005194,
        "(5, 8)": 0.4811199769678147,
        "(5, 9)": 0.5435588788334541,
        "(6, 7)": 0.44697467586922607,
        "(6, 8)": 0.4586420059268846,
        "(6, 9)": 0.5078833593786309,
        "(7, 8)": 0.463201640571392,
        "(7, 9)": 0.50006586590133,
        "(8, 9)": 0.44390460684951566
    },
    "matching_probabilities": {
        "(0, 1)": 0.025817055706160715,
        "(0, 2)": 0.030616097207217773,
        "(0, 3)": 0.06889702496820159,
        "(0, 4)": 0.015035085671268674,
        "(0, 5)": 0.02987871886352264,
        "(0, 6)": 0.015364190130883268,
        "(0, 7)": 0.0018906217052289875,
        "(0, 8)": 0.21132229442031467,
        "(0, 9)": 0.04596378274774256,
        "(1, 2)": 0.06060267066269138,
        "(1, 3)": 0.0010549781127354662,
        "(1, 4)": 0.11836873260965197,
        "(1, 5)": 0.023527460332405766,
        "(1, 6)": 0.01080836067452832,
        "(1, 7)": 0.13073157079897663,
        "(1, 8)": 0.0012466194000663464,
        "(1, 9)": 0.0985164828439373,
        "(2, 3)": 0.11640856823914474,
        "(2, 4)": 0.0018630299863231252,
        "(2, 5)": 0.04791998404110194,
        "(2, 6)": 0.038712226240136594,
        "(2, 7)": 0.10626574152651083,
        "(2, 8)": 0.001964159006306095,
        "(2, 9)": 0.005404046482854094,
        "(3, 4)": 0.007498935465305584,
        "(3, 5)": 0.013341750095529483,
        "(3, 6)": 0.004049671929487198,
        "(3, 7)": 0.006634033209458967,
        "(3, 8)": 0.06826417756275797,
        "(3, 9)": 0.09844688681793799,
        "(4, 5)": 0.06944351575969714,
        "(4, 6)": 0.1697875057318885,
        "(4, 7)": 0.00016883740405115267,
        "(4, 8)": 0.004423682872700963,
        "(4, 9)": 0.0740806398153361,
        "(5, 6)": 0.029524766372540267,
        "(5, 7)": 0.1591637299931818,
        "(5, 8)": 0.0009917893803978368,
        "(5, 9)": 0.04651647468882435,
        "(6, 7)": 0.0007507553721466187,
        "(6, 8)": 0.12167686500763546,
        "(6, 9)": 0.025664197084424818,
        "(7, 8)": 0.00018613551531865865,
        "(7, 9)": 0.025329914744623268,
        "(8, 9)": 0.02297328857001919
    },
    "matching_counts": {
        "(0, 1)": 258.17055706160716,
        "(0, 2)": 306.16097207217774,
        "(0, 3)": 688.9702496820158,
        "(0, 4)": 150.35085671268675,
        "(0, 5)": 298.7871886352264,
        "(0, 6)": 153.64190130883267,
        "(0, 7)": 18.906217052289875,
        "(0, 8)": 2113.2229442031467,
        "(0, 9)": 459.63782747742556,
        "(1, 2)": 606.0267066269138,
        "(1, 3)": 10.549781127354661,
        "(1, 4)": 1183.6873260965197,
        "(1, 5)": 235.27460332405767,
        "(1, 6)": 108.08360674528319,
        "(1, 7)": 1307.3157079897662,
        "(1, 8)": 12.466194000663464,
        "(1, 9)": 985.164828439373,
        "(2, 3)": 1164.0856823914473,
        "(2, 4)": 18.63029986323125,
        "(2, 5)": 479.1998404110194,
        "(2, 6)": 387.12226240136596,
        "(2, 7)": 1062.6574152651083,
        "(2, 8)": 19.64159006306095,
        "(2, 9)": 54.04046482854094,
        "(3, 4)": 74.98935465305584,
        "(3, 5)": 133.41750095529483,
        "(3, 6)": 40.49671929487198,
        "(3, 7)": 66.34033209458967,
        "(3, 8)": 682.6417756275797,
        "(3, 9)": 984.4688681793799,
        "(4, 5)": 694.4351575969714,
        "(4, 6)": 1697.875057318885,
        "(4, 7)": 1.6883740405115266,
        "(4, 8)": 44.23682872700962,
        "(4, 9)": 740.8063981533609,
        "(5, 6)": 295.2476637254027,
        "(5, 7)": 1591.637299931818,
        "(5, 8)": 9.917893803978368,
        "(5, 9)": 465.1647468882435,
        "(6, 7)": 7.507553721466188,
        "(6, 8)": 1216.7686500763546,
        "(6, 9)": 256.6419708442482,
        "(7, 8)": 1.8613551531865866,
        "(7, 9)": 253.29914744623267,
        "(8, 9)": 229.7328857001919
    },
    "average_num_matching_probability_capped": 0.0,
    "average_num_matching_probability_exceeds_one": 0.0,
    "average_num_proposal_matching_probability_exceeds_one": 0.0,
    "simulation_parameters": {
        "graph_file": "nonuniform_complete_10_order_0.json",
        "c_guarantee": 0.5,
        "experiment_name": "nonuniform_complete_10_order_0_mc_c50_r0_sim10000",
        "average_edge_weight": 0.1111111111111111,
        "r": 0,
        "num_sim_instances": 10000,
        "rounding_scheme_class": "SimulatedRecursiveRoundingScheme",
        "parallel": true
    }
}