{
    "min_scaled_matching_probability": 0.524829547225099,
    "scaled_matching_probabilities": {
        "(0, 10)": 0.6420552934837591,
        "(0, 11)": 0.6986994041923759,
        "(0, 12)": 0.5292019627873775,
        "(0, 13)": 8.715446033976251,
        "(0, 14)": 2.3266026709518814,
        "(0, 15)": 9.232595548336969,
        "(0, 16)": 0.7740758017097188,
        "(0, 17)": 0.7520525766893149,
        "(0, 18)": 0.7778319771839243,
        "(0, 19)": 4.920231659259276,
        "(10, 1)": 0.7517135261959561,
        "(10, 2)": 0.7779623256280754,
        "(10, 3)": 0.6238307077587306,
        "(10, 4)": 0.6513700204706606,
        "(10, 5)": 1.249378235812805,
        "(10, 6)": 0.7107097722531776,
        "(10, 7)": 1.530769322858173,
        "(10, 8)": 0.8985785807358219,
        "(10, 9)": 0.6848885673884519,
        "(11, 1)": 0.7088107970873949,
        "(11, 2)": 0.8357042348030507,
        "(11, 3)": 0.7800200640302761,
        "(11, 4)": 0.6739372965760523,
        "(11, 5)": 6.450347030267071,
        "(11, 6)": 1.1128905337194457,
        "(11, 7)": 0.7785914458430465,
        "(11, 8)": 4.346752851807391,
        "(11, 9)": 0.6166657343674543,
        "(12, 1)": 0.7380625808665502,
        "(12, 2)": 1.271564367399912,
        "(12, 3)": 0.6523637336470042,
        "(12, 4)": 8.708567549722895,
        "(12, 5)": 0.7284460861445424,
        "(12, 6)": 0.7473562317980151,
        "(12, 7)": 0.9398802723082906,
        "(12, 8)": 0.668375762142968,
        "(12, 9)": 0.8754634171786786,
        "(13, 1)": 0.6322547619384671,
        "(13, 2)": 0.8268497188788112,
        "(13, 3)": 0.6405678512482703,
        "(13, 4)": 2.1038122166621065,
        "(13, 5)": 0.6783454441113252,
        "(13, 6)": 0.6786810275506454,
        "(13, 7)": 0.6773750268618125,
        "(13, 8)": 1.8514186360062364,
        "(13, 9)": 2.4896789056329567,
        "(14, 1)": 0.6875562401393972,
        "(14, 2)": 1.0393103194401354,
        "(14, 3)": 0.6732170301099315,
        "(14, 4)": 0.6127386937200053,
        "(14, 5)": 0.6905482446556117,
        "(14, 6)": 0.6818476820341657,
        "(14, 7)": 6.478616233913162,
        "(14, 8)": 0.5430420767884799,
        "(14, 9)": 0.7681402495256533,
        "(15, 1)": 0.7021818176372182,
        "(15, 2)": 0.9298697944678112,
        "(15, 3)": 0.6709621115827586,
        "(15, 4)": 0.7908661827946184,
        "(15, 5)": 0.6730331236798797,
        "(15, 6)": 0.6494600650334865,
        "(15, 7)": 5.498979601850733,
        "(15, 8)": 0.524829547225099,
        "(15, 9)": 0.6035711194679194,
        "(16, 1)": 0.7107436834817057,
        "(16, 2)": 0.7541750287549815,
        "(16, 3)": 0.5825192389790452,
        "(16, 4)": 1.1251523269965003,
        "(16, 5)": 0.6894190286128705,
        "(16, 6)": 0.7016336022948774,
        "(16, 7)": 0.6653013659628695,
        "(16, 8)": 0.7352458477856806,
        "(16, 9)": 1.39773781451736,
        "(17, 1)": 7.604197581745128,
        "(17, 2)": 0.6572311891877889,
        "(17, 3)": 1.099159562593074,
        "(17, 4)": 0.7030097998054957,
        "(17, 5)": 0.5899533889365264,
        "(17, 6)": 11.339487069810913,
        "(17, 7)": 0.8217994452692033,
        "(17, 8)": 1.0463882762430472,
        "(17, 9)": 0.7544772222312189,
        "(18, 1)": 0.5259071670635189,
        "(18, 2)": 1.508260735130769,
        "(18, 3)": 1.9864685182414217,
        "(18, 4)": 0.6203075819354329,
        "(18, 5)": 0.8359335698016694,
        "(18, 6)": 22.045055378132275,
        "(18, 7)": 0.7821258024853704,
        "(18, 8)": 0.663415126955643,
        "(18, 9)": 0.7067723799631135,
        "(19, 1)": 1.2220193803707058,
        "(19, 2)": 2.4542851241339863,
        "(19, 3)": 0.6779662362931226,
        "(19, 4)": 0.6942816064686664,
        "(19, 5)": 1.0203870289508492,
        "(19, 6)": 0.695645336825534,
        "(19, 7)": 0.7154603700905683,
        "(19, 8)": 0.590478896078518,
        "(19, 9)": 0.8953255705014213
    },
    "matching_probabilities": {
        "(0, 10)": 0.0008355011891132202,
        "(0, 11)": 0.14140967420749195,
        "(0, 12)": 0.00041372801412728786,
        "(0, 13)": 0.0572808763056432,
        "(0, 14)": 0.08895062933992524,
        "(0, 15)": 0.04291808019880568,
        "(0, 16)": 0.09357618482866549,
        "(0, 17)": 0.11279706135767552,
        "(0, 18)": 0.3653216675594201,
        "(0, 19)": 0.024030746386069193,
        "(10, 1)": 0.006301760586237108,
        "(10, 2)": 0.005323646853475751,
        "(10, 3)": 0.0009923248638163814,
        "(10, 4)": 0.09987578059058605,
        "(10, 5)": 0.017399430893696687,
        "(10, 6)": 0.136733986741019,
        "(10, 7)": 0.07747669976929576,
        "(10, 8)": 0.302315820778101,
        "(10, 9)": 0.12852398965031694,
        "(11, 1)": 0.43861324602588375,
        "(11, 2)": 0.037310818223712496,
        "(11, 3)": 0.00012846387650407293,
        "(11, 4)": 0.0002164418031514391,
        "(11, 5)": 0.046017411440600904,
        "(11, 6)": 0.019325543720626517,
        "(11, 7)": 0.0011632233598950035,
        "(11, 8)": 0.07959951283449868,
        "(11, 9)": 0.05508215768262711,
        "(12, 1)": 0.0012935149692234076,
        "(12, 2)": 0.19291247440941292,
        "(12, 3)": 0.3097370282258907,
        "(12, 4)": 0.08593078942271115,
        "(12, 5)": 0.0001370613463634075,
        "(12, 6)": 0.031267778073895525,
        "(12, 7)": 0.039617134020854865,
        "(12, 8)": 0.10018809333886736,
        "(12, 9)": 0.09305689426195624,
        "(13, 1)": 0.061507477777016165,
        "(13, 2)": 0.0007583770487270074,
        "(13, 3)": 0.0008334059933548353,
        "(13, 4)": 0.2415503599843913,
        "(13, 5)": 0.0018661131574756664,
        "(13, 6)": 0.26268785714278725,
        "(13, 7)": 0.1817211569840215,
        "(13, 8)": 0.008177555829208453,
        "(13, 9)": 0.06095188411486632,
        "(14, 1)": 0.11261032880113232,
        "(14, 2)": 0.03837719508169396,
        "(14, 3)": 0.06169295230745753,
        "(14, 4)": 0.15281793350112943,
        "(14, 5)": 0.06616623009298021,
        "(14, 6)": 0.006137411497083371,
        "(14, 7)": 0.0858730437706228,
        "(14, 8)": 0.005651897104603694,
        "(14, 9)": 0.21186379231037936,
        "(15, 1)": 0.012116741131580181,
        "(15, 2)": 0.04706750552092552,
        "(15, 3)": 0.19492524534041386,
        "(15, 4)": 0.009494248921806675,
        "(15, 5)": 0.34479382529248026,
        "(15, 6)": 0.06175644095532798,
        "(15, 7)": 0.07103567068037481,
        "(15, 8)": 0.00028853029426519544,
        "(15, 9)": 0.0012809212417799613,
        "(16, 1)": 0.011974947970580907,
        "(16, 2)": 0.0010775574614675513,
        "(16, 3)": 0.003915514342464455,
        "(16, 4)": 0.03958102719103626,
        "(16, 5)": 0.00013833691822746861,
        "(16, 6)": 0.08796611421559708,
        "(16, 7)": 0.3444013569562226,
        "(16, 8)": 0.030282605084720065,
        "(16, 9)": 0.1597432600536549,
        "(17, 1)": 0.06431658691610496,
        "(17, 2)": 0.41285261263807904,
        "(17, 3)": 0.11113577866168398,
        "(17, 4)": 0.019756575476597704,
        "(17, 5)": 0.00018065037221205038,
        "(17, 6)": 0.18230195955985717,
        "(17, 7)": 0.00364382050204094,
        "(17, 8)": 0.057171248497062115,
        "(17, 9)": 0.0035328476760106914,
        "(18, 1)": 0.0003703676204493452,
        "(18, 2)": 0.09544273738024514,
        "(18, 3)": 0.011543447169236623,
        "(18, 4)": 0.006782121609027978,
        "(18, 5)": 0.002246820255657543,
        "(18, 6)": 0.06518213464414983,
        "(18, 7)": 0.0009481676005474174,
        "(18, 8)": 0.250632253304394,
        "(18, 9)": 0.04253974774931474,
        "(19, 1)": 0.08043068517497233,
        "(19, 2)": 0.03674613431902727,
        "(19, 3)": 0.01620155391459987,
        "(19, 4)": 0.20090803221148462,
        "(19, 5)": 0.3719995467319954,
        "(19, 6)": 0.07283991676651848,
        "(19, 7)": 0.05556246688545355,