{
    "min_scaled_matching_probability": 0.35960467466591917,
    "scaled_matching_probabilities": {
        "(0, 10)": 1.2939270556584834,
        "(0, 11)": 0.9235201328686774,
        "(0, 12)": 0.6858102176812364,
        "(0, 13)": 0.5217361516775444,
        "(0, 14)": 0.9324767328335631,
        "(0, 15)": 0.5545297689764644,
        "(0, 16)": 0.6224426765212023,
        "(0, 17)": 0.6815299122072301,
        "(0, 18)": 0.7747216173879036,
        "(0, 19)": 1.0564578645438965,
        "(10, 1)": 1.1250762402879146,
        "(10, 2)": 0.4485911818288853,
        "(10, 3)": 0.9183443599747385,
        "(10, 4)": 0.6693529329170579,
        "(10, 5)": 0.474366791163365,
        "(10, 6)": 0.7974329859113349,
        "(10, 7)": 0.8002852580653839,
        "(10, 8)": 0.7732318074900533,
        "(10, 9)": 0.5916632398319952,
        "(11, 1)": 0.7716800274879795,
        "(11, 2)": 0.5672552862153022,
        "(11, 3)": 0.766894093347108,
        "(11, 4)": 0.49688747603349215,
        "(11, 5)": 0.6381265729595889,
        "(11, 6)": 1.2300274121576018,
        "(11, 7)": 1.0538847388418484,
        "(11, 8)": 1.0998512546503014,
        "(11, 9)": 0.6793678699390091,
        "(12, 1)": 0.5477617891349889,
        "(12, 2)": 0.6492471823075037,
        "(12, 3)": 0.759486523883319,
        "(12, 4)": 0.8076266963289882,
        "(12, 5)": 0.4967978068124385,
        "(12, 6)": 1.0712332476596842,
        "(12, 7)": 0.6604698601767847,
        "(12, 8)": 0.9138937638848399,
        "(12, 9)": 1.0193881293950322,
        "(13, 1)": 0.5908821344706999,
        "(13, 2)": 1.1818631089477127,
        "(13, 3)": 1.094807096472985,
        "(13, 4)": 0.7681383067844781,
        "(13, 5)": 0.6325974418482643,
        "(13, 6)": 0.9670188851020434,
        "(13, 7)": 0.7300406247212808,
        "(13, 8)": 0.5476426623473551,
        "(13, 9)": 0.5644906459303031,
        "(14, 1)": 0.7019701304941306,
        "(14, 2)": 0.5852631545772616,
        "(14, 3)": 0.8846365971122622,
        "(14, 4)": 0.644970070616275,
        "(14, 5)": 0.36589446234154094,
        "(14, 6)": 0.35960467466591917,
        "(14, 7)": 1.2250099910818808,
        "(14, 8)": 0.5828205780769686,
        "(14, 9)": 0.9249220203895389,
        "(15, 1)": 0.6433385033874481,
        "(15, 2)": 1.9811108244987472,
        "(15, 3)": 0.7130640168688032,
        "(15, 4)": 0.6383003093206256,
        "(15, 5)": 0.734412771277074,
        "(15, 6)": 1.0214809025943326,
        "(15, 7)": 0.8685486715977323,
        "(15, 8)": 0.915396884587589,
        "(15, 9)": 0.7453143161610611,
        "(16, 1)": 0.9199282948863368,
        "(16, 2)": 0.6331422696197702,
        "(16, 3)": 0.7799995024715485,
        "(16, 4)": 0.8376717427288564,
        "(16, 5)": 0.40232987036260315,
        "(16, 6)": 0.5720513284762649,
        "(16, 7)": 0.8604378953716266,
        "(16, 8)": 0.8370659407828427,
        "(16, 9)": 0.7747193540059207,
        "(17, 1)": 0.5995519800336427,
        "(17, 2)": 0.7063238095445007,
        "(17, 3)": 1.0197538812320313,
        "(17, 4)": 0.9052885530062965,
        "(17, 5)": 0.5248962310125103,
        "(17, 6)": 0.7654074636109224,
        "(17, 7)": 0.8577041604344772,
        "(17, 8)": 0.8316538165331222,
        "(17, 9)": 0.39548680392814284,
        "(18, 1)": 0.886154269781806,
        "(18, 2)": 1.007148399794295,
        "(18, 3)": 0.5445654462098558,
        "(18, 4)": 0.5587920967073161,
        "(18, 5)": 0.5368617080605896,
        "(18, 6)": 0.8404110418429659,
        "(18, 7)": 0.7889155881113926,
        "(18, 8)": 0.7516995957863805,
        "(18, 9)": 0.6994165302938653,
        "(19, 1)": 0.6565246061049835,
        "(19, 2)": 1.4224477213336748,
        "(19, 3)": 0.5325749968878922,
        "(19, 4)": 0.9847438240851978,
        "(19, 5)": 0.7177512263523301,
        "(19, 6)": 0.49332402430073335,
        "(19, 7)": 0.6665967530761654,
        "(19, 8)": 0.44402095381047657,
        "(19, 9)": 0.48336374237160296
    },
    "matching_probabilities": {
        "(0, 10)": 0.0016837764669185408,
        "(0, 11)": 0.18691110988419013,
        "(0, 12)": 0.00053616373215052,
        "(0, 13)": 0.003429027482003585,
        "(0, 14)": 0.035650432824633434,
        "(0, 15)": 0.00257775324099884,
        "(0, 16)": 0.07524561653361135,
        "(0, 17)": 0.10221967679806018,
        "(0, 18)": 0.3638608355793492,
        "(0, 19)": 0.005159812132554062,
        "(10, 1)": 0.009431732781817744,
        "(10, 2)": 0.0030697386685303637,
        "(10, 3)": 0.0014608064826153481,
        "(10, 4)": 0.10263313410921794,
        "(10, 5)": 0.006606255787497386,
        "(10, 6)": 0.15341873093537467,
        "(10, 7)": 0.04050477086459734,
        "(10, 8)": 0.26014442536752885,
        "(10, 9)": 0.11102962399065813,
        "(11, 1)": 0.4775168255628495,
        "(11, 2)": 0.025325657079393663,
        "(11, 3)": 0.00012630212047420094,
        "(11, 4)": 0.00015958045625676405,
        "(11, 5)": 0.004552457863316883,
        "(11, 6)": 0.021359646623801156,
        "(11, 7)": 0.0015745142762649987,
        "(11, 8)": 0.020140925202171,
        "(11, 9)": 0.060682872504462554,
        "(12, 1)": 0.0009599972850307869,
        "(12, 2)": 0.09849904861551441,
        "(12, 3)": 0.3605980632462945,
        "(12, 4)": 0.007969163605628169,
        "(12, 5)": 9.347538214185652e-05,
        "(12, 6)": 0.044818096147559716,
        "(12, 7)": 0.027839634194147925,
        "(12, 8)": 0.13699071525923745,
        "(12, 9)": 0.1083552910465545,
        "(13, 1)": 0.05748263507476679,
        "(13, 2)": 0.0010839912454447596,
        "(13, 3)": 0.0014243905528352175,
        "(13, 4)": 0.0881942233494463,
        "(13, 5)": 0.0017402614256000792,
        "(13, 6)": 0.37429087956213253,
        "(13, 7)": 0.19584989364651173,
        "(13, 8)": 0.002418890227583712,
        "(13, 9)": 0.013819761398477431,
        "(14, 1)": 0.11497108540167007,
        "(14, 2)": 0.0216112145114065,
        "(14, 3)": 0.08106723531067904,
        "(14, 4)": 0.16085648641392253,
        "(14, 5)": 0.035058893237954074,
        "(14, 6)": 0.0032368546859545505,
        "(14, 7)": 0.01623731562196351,
        "(14, 8)": 0.006065905532067511,
        "(14, 9)": 0.25510639099059657,
        "(15, 1)": 0.011101349977636841,
        "(15, 2)": 0.10027849622002959,
        "(15, 3)": 0.2071565234938433,
        "(15, 4)": 0.007662714825081854,
        "(15, 5)": 0.3762385235480852,
        "(15, 6)": 0.09713149190290774,
        "(15, 7)": 0.01121988839251713,
        "(15, 8)": 0.0005032485954267729,
        "(15, 9)": 0.00158173396403562,
        "(16, 1)": 0.015499389898148343,
        "(16, 2)": 0.000904627110135907,
        "(16, 3)": 0.005242915657850661,
        "(16, 4)": 0.029467928235655444,
        "(16, 5)": 8.073040062268517e-05,
        "(16, 6)": 0.07171995801418099,
        "(16, 7)": 0.445416158606058,
        "(16, 8)": 0.03447627401220691,
        "(16, 9)": 0.08854034994989418,
        "(17, 1)": 0.005071033020910408,
        "(17, 2)": 0.443691101299223,
        "(17, 3)": 0.10310708789780429,
        "(17, 4)": 0.025441183935867234,
        "(17, 5)": 0.00016072913773076811,
        "(17, 6)": 0.012305255045397567,
        "(17, 7)": 0.0038030203384393545,
        "(17, 8)": 0.045438856768595375,
        "(17, 9)": 0.0018518711963477245,
        "(18, 1)": 0.0006240699286961311,
        "(18, 2)": 0.06373234944431992,
        "(18, 3)": 0.003164491357799239,
        "(18, 4)": 0.006109543175674444,
        "(18, 5)": 0.0014429756187966292,
        "(18, 6)": 0.0024849012509253017,
        "(18, 7)": 0.0009563988271925417,
        "(18, 8)": 0.28398532961480005,
        "(18, 9)": 0.04209700833520799,
        "(19, 1)": 0.04321103638080933,
        "(19, 2)": 0.021297221955156972,
        "(19, 3)": 0.0127270976985887,
        "(19, 4)": 0.28496065873854937,
        "(19, 5)": 0.26166848783243585,
        "(19, 6)": 0.05165517393240491,