{
    "min_scaled_matching_probability": 0.5703335693275241,
    "scaled_matching_probabilities": {
        "(0, 2)": 0.5937870325676725,
        "(0, 3)": 0.6100995425841306,
        "(0, 4)": 0.6775383955729809,
        "(0, 5)": 0.6548210294312008,
        "(0, 6)": 0.6721672100441687,
        "(0, 7)": 0.6363538006519324,
        "(0, 8)": 0.6829612848149658,
        "(0, 9)": 0.6888412242107446,
        "(0, 10)": 0.6877996795346456,
        "(0, 11)": 0.61943194138351,
        "(0, 12)": 0.6790080394313271,
        "(0, 13)": 0.6980345372686388,
        "(0, 14)": 0.6771536494186465,
        "(0, 15)": 0.6401001351588068,
        "(0, 16)": 0.5703335693275241,
        "(0, 19)": 0.7327424869403065,
        "(0, 20)": 0.681256486708617
    },
    "matching_probabilities": {
        "(0, 2)": 1.7898508235559717e-06,
        "(0, 3)": 0.00011816543981007297,
        "(0, 4)": 4.535330628119389e-06,
        "(0, 5)": 8.172995641986572e-07,
        "(0, 6)": 0.027587757482694736,
        "(0, 7)": 0.09644836042012626,
        "(0, 8)": 0.00012979095253570641,
        "(0, 9)": 0.013851738532793666,
        "(0, 10)": 0.24255439720689037,
        "(0, 11)": 0.010384986676904951,
        "(0, 12)": 1.2399507108398817e-05,
        "(0, 13)": 0.005408574864380502,
        "(0, 14)": 1.8035283178838037e-05,
        "(0, 15)": 0.029556945881270048,
        "(0, 16)": 0.002825459716546372,
        "(0, 19)": 0.0011643607953328865,
        "(0, 20)": 0.2431803577791302
    },
    "matching_counts": {
        "(0, 2)": 0.017898508235559718,
        "(0, 3)": 1.1816543981007297,
        "(0, 4)": 0.045353306281193884,
        "(0, 5)": 0.008172995641986572,
        "(0, 6)": 275.87757482694735,
        "(0, 7)": 964.4836042012627,
        "(0, 8)": 1.2979095253570643,
        "(0, 9)": 138.51738532793667,
        "(0, 10)": 2425.5439720689037,
        "(0, 11)": 103.84986676904951,
        "(0, 12)": 0.12399507108398818,
        "(0, 13)": 54.085748643805026,
        "(0, 14)": 0.18035283178838038,
        "(0, 15)": 295.5694588127005,
        "(0, 16)": 28.25459716546372,
        "(0, 19)": 11.643607953328866,
        "(0, 20)": 2431.803577791302
    },
    "average_num_matching_probability_capped": 0.0,
    "average_num_matching_probability_exceeds_one": 0.0,
    "average_num_proposal_matching_probability_exceeds_one": 0.0,
    "simulation_parameters": {
        "graph_file": "nonuniform_star_20_order_0.json",
        "c_guarantee": 0.6666666666666666,
        "experiment_name": "nonuniform_star_20_order_0_mc_c66_r80_sim10000",
        "average_edge_weight": 0.05,
        "r": 0.8,
        "num_sim_instances": 10000,
        "rounding_scheme_class": "SimulatedRecursiveRoundingScheme",
        "parallel": true
    }
}