{
    "min_scaled_matching_probability": 0.48726306380338197,
    "scaled_matching_probabilities": {
        "(0, 1)": 0.6831177747594681,
        "(0, 2)": 0.6670552670921512,
        "(0, 3)": 0.6670539980516501,
        "(0, 4)": 0.7505874835768966,
        "(0, 5)": 0.806405624610374,
        "(0, 6)": 0.6503400706616632,
        "(0, 7)": 0.5902978896436427,
        "(0, 8)": 0.7409539521078939,
        "(0, 9)": 0.7397034698863293,
        "(1, 2)": 0.7764565180481785,
        "(1, 3)": 0.7891070483985225,
        "(1, 4)": 0.6591602441314708,
        "(1, 5)": 0.6227093642527713,
        "(1, 6)": 2.330576878988534,
        "(1, 7)": 1.196344778893607,
        "(1, 8)": 0.654541033794875,
        "(1, 9)": 0.6664720343044226,
        "(2, 3)": 0.6475174686067382,
        "(2, 4)": 0.7452982021753323,
        "(2, 5)": 0.6922211777326648,
        "(2, 6)": 0.6822538528127217,
        "(2, 7)": 0.7195828033831743,
        "(2, 8)": 0.8056907782862374,
        "(2, 9)": 0.6788631895455122,
        "(3, 4)": 10.948546957108732,
        "(3, 5)": 0.6185119022501063,
        "(3, 6)": 0.7412016020116372,
        "(3, 7)": 0.586492024294967,
        "(3, 8)": 0.6506927733930918,
        "(3, 9)": 0.48726306380338197,
        "(4, 5)": 0.6765882953609792,
        "(4, 6)": 0.7055394607484946,
        "(4, 7)": 0.7077041472945885,
        "(4, 8)": 0.6707416063783396,
        "(4, 9)": 0.6605777249102944,
        "(5, 6)": 0.7185744476220675,
        "(5, 7)": 0.667638770060256,
        "(5, 8)": 0.5645778330176408,
        "(5, 9)": 2.803614574449487,
        "(6, 7)": 0.6707306003801441,
        "(6, 8)": 0.6891962492407394,
        "(6, 9)": 0.6741491510919345,
        "(7, 8)": 0.6285988096177695,
        "(7, 9)": 0.6185030012235895,
        "(8, 9)": 0.8865698950076306
    },
    "matching_probabilities": {
        "(0, 1)": 0.036638011549623255,
        "(0, 2)": 0.042647633060041365,
        "(0, 3)": 0.08448543619297412,
        "(0, 4)": 0.02195946455813783,
        "(0, 5)": 0.06307443960189188,
        "(0, 6)": 0.019370451638263116,
        "(0, 7)": 0.0026448705091873252,
        "(0, 8)": 0.3707631839725791,
        "(0, 9)": 0.0720935909348235,
        "(1, 2)": 0.10307665476986747,
        "(1, 3)": 0.00148695916660722,
        "(1, 4)": 0.15573197516681841,
        "(1, 5)": 0.03138415432040969,
        "(1, 6)": 0.04987014677703308,
        "(1, 7)": 0.302604910772895,
        "(1, 8)": 0.0013794938209489775,
        "(1, 9)": 0.16361405836165596,
        "(2, 3)": 0.17342122799292314,
        "(2, 4)": 0.0024768941756481235,
        "(2, 5)": 0.06734379234535941,
        "(2, 6)": 0.05238469828662939,
        "(2, 7)": 0.1701392435059574,
        "(2, 8)": 0.003077079319501403,
        "(2, 9)": 0.0068126675514730995,
        "(3, 4)": 0.18636912051803942,
        "(3, 5)": 0.01807141135831732,
        "(3, 6)": 0.007970932114987932,
        "(3, 7)": 0.007257029226380129,
        "(3, 8)": 0.10554268924160469,
        "(3, 9)": 0.12562589582904357,
        "(4, 5)": 0.08611841959475593,
        "(4, 6)": 0.31992086916666745,
        "(4, 7)": 0.0002833748890404012,
        "(4, 8)": 0.006427265321461373,
        "(4, 9)": 0.07955552451340138,
        "(5, 6)": 0.04886991442816351,
        "(5, 7)": 0.29404457248555543,
        "(5, 8)": 0.0011638309070512312,
        "(5, 9)": 0.2399266601430264,
        "(6, 7)": 0.001126584186272441,
        "(6, 8)": 0.1828424738662135,
        "(6, 9)": 0.034065886110323795,
        "(7, 8)": 0.0002525996307192814,
        "(7, 9)": 0.03132912953786449,
        "(8, 9)": 0.04588243897726996
    },
    "matching_counts": {
        "(0, 1)": 366.3801154962326,
        "(0, 2)": 426.47633060041363,
        "(0, 3)": 844.8543619297412,
        "(0, 4)": 219.5946455813783,
        "(0, 5)": 630.7443960189188,
        "(0, 6)": 193.70451638263117,
        "(0, 7)": 26.448705091873254,
        "(0, 8)": 3707.6318397257915,
        "(0, 9)": 720.935909348235,
        "(1, 2)": 1030.7665476986747,
        "(1, 3)": 14.8695916660722,
        "(1, 4)": 1557.3197516681842,
        "(1, 5)": 313.8415432040969,
        "(1, 6)": 498.7014677703308,
        "(1, 7)": 3026.04910772895,
        "(1, 8)": 13.794938209489775,
        "(1, 9)": 1636.1405836165598,
        "(2, 3)": 1734.2122799292315,
        "(2, 4)": 24.768941756481237,
        "(2, 5)": 673.4379234535941,
        "(2, 6)": 523.8469828662938,
        "(2, 7)": 1701.3924350595742,
        "(2, 8)": 30.770793195014033,
        "(2, 9)": 68.12667551473099,
        "(3, 4)": 1863.6912051803943,
        "(3, 5)": 180.7141135831732,
        "(3, 6)": 79.70932114987932,
        "(3, 7)": 72.57029226380129,
        "(3, 8)": 1055.426892416047,
        "(3, 9)": 1256.2589582904357,
        "(4, 5)": 861.1841959475593,
        "(4, 6)": 3199.2086916666744,
        "(4, 7)": 2.8337488904040122,
        "(4, 8)": 64.27265321461373,
        "(4, 9)": 795.5552451340138,
        "(5, 6)": 488.6991442816351,
        "(5, 7)": 2940.4457248555545,
        "(5, 8)": 11.638309070512312,
        "(5, 9)": 2399.266601430264,
        "(6, 7)": 11.26584186272441,
        "(6, 8)": 1828.424738662135,
        "(6, 9)": 340.65886110323794,
        "(7, 8)": 2.5259963071928135,
        "(7, 9)": 313.2912953786449,
        "(8, 9)": 458.8243897726996
    },
    "average_num_matching_probability_capped": 0.7566,
    "average_num_matching_probability_exceeds_one": 0.9372,
    "average_num_proposal_matching_probability_exceeds_one": 0.8321,
    "simulation_parameters": {
        "graph_file": "nonuniform_complete_10_order_0.json",
        "c_guarantee": 0.6666666666666666,
        "experiment_name": "nonuniform_complete_10_order_0_si_c66_r80_sim10000",
        "average_edge_weight": 0.1111111111111111,
        "r": 0.8,
        "num_sim_instances": 10000,
        "rounding_scheme_class": "SimpleRecursiveRoundingScheme",
        "parallel": true
    }
}