{
    "min_scaled_matching_probability": 0.39562153668340283,
    "scaled_matching_probabilities": {
        "(0, 1)": 0.7602831177791506,
        "(0, 2)": 0.6734637316700842,
        "(0, 3)": 0.7372630081853794,
        "(0, 4)": 0.6089135749235047,
        "(0, 5)": 0.7485330367674861,
        "(0, 6)": 0.8999748034839367,
        "(0, 7)": 0.6716251049834884,
        "(0, 8)": 0.6073512738406096,
        "(0, 9)": 0.5959845454884628,
        "(1, 2)": 0.7974271894570406,
        "(1, 3)": 0.9601683987680689,
        "(1, 4)": 0.773966888119706,
        "(1, 5)": 0.6211072020695402,
        "(1, 6)": 1.8283021513501192,
        "(1, 7)": 1.108527884011383,
        "(1, 8)": 0.6904574951387595,
        "(1, 9)": 0.4823198393304987,
        "(2, 3)": 0.6514035225562272,
        "(2, 4)": 0.7877077706241711,
        "(2, 5)": 0.7360150672981463,
        "(2, 6)": 0.6477266419654331,
        "(2, 7)": 0.6043163612292171,
        "(2, 8)": 0.7352929864758666,
        "(2, 9)": 0.7268673437728247,
        "(3, 4)": 6.908859598567872,
        "(3, 5)": 0.818868674417052,
        "(3, 6)": 0.7228964760161403,
        "(3, 7)": 0.6207629850995913,
        "(3, 8)": 0.777280496560556,
        "(3, 9)": 0.39562153668340283,
        "(4, 5)": 0.8157752734837219,
        "(4, 6)": 0.5702497946901995,
        "(4, 7)": 0.8559456566084487,
        "(4, 8)": 0.6889811909967227,
        "(4, 9)": 0.6979679023021069,
        "(5, 6)": 0.7311412882353355,
        "(5, 7)": 0.5256286591409391,
        "(5, 8)": 0.8237397464819298,
        "(5, 9)": 2.1379746466945715,
        "(6, 7)": 0.7108475271884659,
        "(6, 8)": 0.7751408708434872,
        "(6, 9)": 0.7850918075445963,
        "(7, 8)": 0.839090252887842,
        "(7, 9)": 0.584090564080189,
        "(8, 9)": 1.3508093276778022
    },
    "matching_probabilities": {
        "(0, 1)": 0.040776660598509804,
        "(0, 2)": 0.043057353002722225,
        "(0, 3)": 0.09337772806612135,
        "(0, 4)": 0.017814600376468738,
        "(0, 5)": 0.0585478329723001,
        "(0, 6)": 0.02680585003597349,
        "(0, 7)": 0.0030092627206799645,
        "(0, 8)": 0.303910238198117,
        "(0, 9)": 0.058086338343829404,
        "(1, 2)": 0.10586056682013566,
        "(1, 3)": 0.0018092997710922863,
        "(1, 4)": 0.18285597967063918,
        "(1, 5)": 0.03130340636945316,
        "(1, 6)": 0.03912237243174176,
        "(1, 7)": 0.28039239803491667,
        "(1, 8)": 0.001455190429619915,
        "(1, 9)": 0.11840602797920141,
        "(2, 3)": 0.17446200956352267,
        "(2, 4)": 0.00261783643577445,
        "(2, 5)": 0.0716043476415055,
        "(2, 6)": 0.04973363590646495,
        "(2, 7)": 0.14288547204630994,
        "(2, 8)": 0.0028082173749982993,
        "(2, 9)": 0.007294408716521785,
        "(3, 4)": 0.1176044722840313,
        "(3, 5)": 0.023925348259259013,
        "(3, 6)": 0.007774077553057133,
        "(3, 7)": 0.007681085059832014,
        "(3, 8)": 0.12607528046495112,
        "(3, 9)": 0.10199892757553676,
        "(4, 5)": 0.10383460337488663,
        "(4, 6)": 0.2585749204812164,
        "(4, 7)": 0.00034273291515001864,
        "(4, 8)": 0.006602042983352037,
        "(4, 9)": 0.0840585452207053,
        "(5, 6)": 0.049724579421380456,
        "(5, 7)": 0.23149981890551977,
        "(5, 8)": 0.0016980719402284084,
        "(5, 9)": 0.18296277995081361,
        "(6, 7)": 0.001193966075988654,
        "(6, 8)": 0.20564342097910604,
        "(6, 9)": 0.039672004420154255,
        "(7, 8)": 0.0003371846792845497,
        "(7, 9)": 0.029586030961388104,
        "(8, 9)": 0.06990811090711621
    },
    "matching_counts": {
        "(0, 1)": 407.76660598509807,
        "(0, 2)": 430.57353002722226,
        "(0, 3)": 933.7772806612136,
        "(0, 4)": 178.14600376468738,
        "(0, 5)": 585.478329723001,
        "(0, 6)": 268.0585003597349,
        "(0, 7)": 30.092627206799644,
        "(0, 8)": 3039.1023819811703,
        "(0, 9)": 580.863383438294,
        "(1, 2)": 1058.6056682013566,
        "(1, 3)": 18.092997710922862,
        "(1, 4)": 1828.5597967063918,
        "(1, 5)": 313.0340636945316,
        "(1, 6)": 391.22372431741763,
        "(1, 7)": 2803.9239803491664,
        "(1, 8)": 14.551904296199151,
        "(1, 9)": 1184.0602797920142,
        "(2, 3)": 1744.6200956352268,
        "(2, 4)": 26.178364357744503,
        "(2, 5)": 716.043476415055,
        "(2, 6)": 497.3363590646495,
        "(2, 7)": 1428.8547204630993,
        "(2, 8)": 28.082173749982992,
        "(2, 9)": 72.94408716521785,
        "(3, 4)": 1176.044722840313,
        "(3, 5)": 239.25348259259013,
        "(3, 6)": 77.74077553057133,
        "(3, 7)": 76.81085059832014,
        "(3, 8)": 1260.7528046495113,
        "(3, 9)": 1019.9892757553677,
        "(4, 5)": 1038.3460337488664,
        "(4, 6)": 2585.749204812164,
        "(4, 7)": 3.4273291515001865,
        "(4, 8)": 66.02042983352037,
        "(4, 9)": 840.585452207053,
        "(5, 6)": 497.2457942138046,
        "(5, 7)": 2314.9981890551976,
        "(5, 8)": 16.980719402284084,
        "(5, 9)": 1829.6277995081361,
        "(6, 7)": 11.939660759886541,
        "(6, 8)": 2056.4342097910603,
        "(6, 9)": 396.7200442015425,
        "(7, 8)": 3.371846792845497,
        "(7, 9)": 295.86030961388104,
        "(8, 9)": 699.0811090711621
    },
    "average_num_matching_probability_capped": 1.6358,
    "average_num_matching_probability_exceeds_one": 1.3135,
    "average_num_proposal_matching_probability_exceeds_one": 1.0953,
    "simulation_parameters": {
        "graph_file": "nonuniform_complete_10_order_0.json",
        "c_guarantee": 0.75,
        "experiment_name": "nonuniform_complete_10_order_0_si_c75_r0_sim10000",
        "average_edge_weight": 0.1111111111111111,
        "r": 0,
        "num_sim_instances": 10000,
        "rounding_scheme_class": "SimpleRecursiveRoundingScheme",
        "parallel": true
    }
}