{
    "min_scaled_matching_probability": 0.4831590895791049,
    "scaled_matching_probabilities": {
        "(0, 1)": 0.5859607911647939,
        "(0, 2)": 0.5694651951525422,
        "(0, 3)": 0.612455426153017,
        "(0, 4)": 0.5952539024748541,
        "(0, 5)": 0.6267412546251382,
        "(0, 6)": 0.6284650429625884,
        "(0, 7)": 0.5770939451675909,
        "(0, 8)": 0.6009850271829397,
        "(0, 9)": 0.5974912695672617,
        "(1, 2)": 0.577069681407187,
        "(1, 3)": 0.6830116552962248,
        "(1, 4)": 0.5992262604897052,
        "(1, 5)": 0.6421481324496193,
        "(1, 6)": 0.6325068923033264,
        "(1, 7)": 0.6229179459693787,
        "(1, 8)": 0.6496467707602507,
        "(1, 9)": 0.5949927646517882,
        "(2, 3)": 0.5790957950625775,
        "(2, 4)": 0.6726073404908668,
        "(2, 5)": 0.5680717343244607,
        "(2, 6)": 0.6254940292299501,
        "(2, 7)": 0.6063289599121214,
        "(2, 8)": 0.5392746854797206,
        "(2, 9)": 0.6190090413099373,
        "(3, 4)": 0.5915565328827219,
        "(3, 5)": 0.5499592254673153,
        "(3, 6)": 0.4831590895791049,
        "(3, 7)": 0.5846955034361774,
        "(3, 8)": 0.5661458558702058,
        "(3, 9)": 0.6000527301750253,
        "(4, 5)": 0.6442990980211467,
        "(4, 6)": 0.5759747711374383,
        "(4, 7)": 0.4983096148679044,
        "(4, 8)": 0.6146027064266806,
        "(4, 9)": 0.6160887199694419,
        "(5, 6)": 0.6284848946686479,
        "(5, 7)": 0.5811177230667307,
        "(5, 8)": 0.579141599905845,
        "(5, 9)": 0.5983525727246928,
        "(6, 7)": 0.5522538305296188,
        "(6, 8)": 0.5999877344464312,
        "(6, 9)": 0.6481829204067446,
        "(7, 8)": 0.5793968437796483,
        "(7, 9)": 0.6104986523670435,
        "(8, 9)": 0.6038149796893665
    },
    "matching_probabilities": {
        "(0, 1)": 0.031427140425209006,
        "(0, 2)": 0.036408291608580313,
        "(0, 3)": 0.07757027763633159,
        "(0, 4)": 0.017414967955764797,
        "(0, 5)": 0.04902167371410304,
        "(0, 6)": 0.0187189014951211,
        "(0, 7)": 0.002585709323009379,
        "(0, 8)": 0.3007246557823169,
        "(0, 9)": 0.058233187931279996,
        "(1, 2)": 0.07660752527146043,
        "(1, 3)": 0.001287037600035957,
        "(1, 4)": 0.14157208349366962,
        "(1, 5)": 0.032363855824691076,
        "(1, 6)": 0.013534508061515495,
        "(1, 7)": 0.1575616267019813,
        "(1, 8)": 0.0013691787982601491,
        "(1, 9)": 0.1460664152579203,
        "(2, 3)": 0.1550962078619747,
        "(2, 4)": 0.0022353162791718087,
        "(2, 5)": 0.05526572451730035,
        "(2, 6)": 0.04802657524939389,
        "(2, 7)": 0.14336133391485448,
        "(2, 8)": 0.0020595879051140647,
        "(2, 9)": 0.006212006888492455,
        "(3, 4)": 0.010069634920684266,
        "(3, 5)": 0.016068469107167825,
        "(3, 6)": 0.005195925498976394,
        "(3, 7)": 0.007234799760610819,
        "(3, 8)": 0.09182913745906036,
        "(3, 9)": 0.1547052657439242,
        "(4, 5)": 0.08200854263715057,
        "(4, 6)": 0.2611708623708682,
        "(4, 7)": 0.00019953031554325218,
        "(4, 8)": 0.005889324031681352,
        "(4, 9)": 0.07419756890926794,
        "(5, 6)": 0.04274296577548794,
        "(5, 7)": 0.2559385705349532,
        "(5, 8)": 0.0011938529182538068,
        "(5, 9)": 0.05120558855348803,
        "(6, 7)": 0.0009275861753294583,
        "(6, 8)": 0.15917562200378485,
        "(6, 9)": 0.032753768968585464,
        "(7, 8)": 0.00023282803998252922,
        "(7, 9)": 0.030923683999691053,
        "(8, 9)": 0.031249091713090944
    },
    "matching_counts": {
        "(0, 1)": 314.27140425209006,
        "(0, 2)": 364.08291608580316,
        "(0, 3)": 775.7027763633159,
        "(0, 4)": 174.14967955764797,
        "(0, 5)": 490.2167371410304,
        "(0, 6)": 187.189014951211,
        "(0, 7)": 25.857093230093792,
        "(0, 8)": 3007.2465578231686,
        "(0, 9)": 582.3318793128,
        "(1, 2)": 766.0752527146043,
        "(1, 3)": 12.870376000359569,
        "(1, 4)": 1415.7208349366963,
        "(1, 5)": 323.63855824691075,
        "(1, 6)": 135.34508061515496,
        "(1, 7)": 1575.6162670198128,
        "(1, 8)": 13.691787982601491,
        "(1, 9)": 1460.6641525792031,
        "(2, 3)": 1550.962078619747,
        "(2, 4)": 22.353162791718088,
        "(2, 5)": 552.6572451730035,
        "(2, 6)": 480.26575249393886,
        "(2, 7)": 1433.6133391485448,
        "(2, 8)": 20.59587905114065,
        "(2, 9)": 62.12006888492455,
        "(3, 4)": 100.69634920684265,
        "(3, 5)": 160.68469107167826,
        "(3, 6)": 51.959254989763934,
        "(3, 7)": 72.3479976061082,
        "(3, 8)": 918.2913745906036,
        "(3, 9)": 1547.052657439242,
        "(4, 5)": 820.0854263715057,
        "(4, 6)": 2611.708623708682,
        "(4, 7)": 1.9953031554325218,
        "(4, 8)": 58.89324031681352,
        "(4, 9)": 741.9756890926794,
        "(5, 6)": 427.4296577548794,
        "(5, 7)": 2559.385705349532,
        "(5, 8)": 11.938529182538067,
        "(5, 9)": 512.0558855348803,
        "(6, 7)": 9.275861753294583,
        "(6, 8)": 1591.7562200378484,
        "(6, 9)": 327.5376896858547,
        "(7, 8)": 2.3282803998252923,
        "(7, 9)": 309.23683999691053,
        "(8, 9)": 312.49091713090945
    },
    "average_num_matching_probability_capped": 0.0,
    "average_num_matching_probability_exceeds_one": 0.0,
    "average_num_proposal_matching_probability_exceeds_one": 0.0,
    "simulation_parameters": {
        "graph_file": "nonuniform_complete_10_order_0.json",
        "c_guarantee": 0.6,
        "experiment_name": "nonuniform_complete_10_order_0_mc_c60_r70_sim10000",
        "average_edge_weight": 0.1111111111111111,
        "r": 0.7,
        "num_sim_instances": 10000,
        "rounding_scheme_class": "SimulatedRecursiveRoundingScheme",
        "parallel": true
    }
}