{
    "min_scaled_matching_probability": 0.5013366263431778,
    "scaled_matching_probabilities": {
        "(0, 1)": 0.6839024500421781,
        "(0, 2)": 0.6495295223355789,
        "(0, 3)": 0.6762955101005327,
        "(0, 4)": 0.7005146068254455,
        "(0, 5)": 0.8187340568799568,
        "(0, 6)": 0.6565007200306685,
        "(0, 7)": 0.572043129385832,
        "(0, 8)": 0.7523263964564431,
        "(0, 9)": 0.7561005764588962,
        "(1, 2)": 0.7675204750373185,
        "(1, 3)": 0.7637550225602056,
        "(1, 4)": 0.6695069274456499,
        "(1, 5)": 0.6383668144858891,
        "(1, 6)": 2.423585609456142,
        "(1, 7)": 1.2081756996273922,
        "(1, 8)": 0.6826066265363174,
        "(1, 9)": 0.6721236509531074,
        "(2, 3)": 0.6471784190232976,
        "(2, 4)": 0.7468653645339459,
        "(2, 5)": 0.7127578226490429,
        "(2, 6)": 0.6942823175794997,
        "(2, 7)": 0.7359259864475065,
        "(2, 8)": 0.7474153616440832,
        "(2, 9)": 0.68403288401982,
        "(3, 4)": 11.05209256742704,
        "(3, 5)": 0.626663619750872,
        "(3, 6)": 0.772461098400311,
        "(3, 7)": 0.6062950578323596,
        "(3, 8)": 0.6532123825279733,
        "(3, 9)": 0.5013366263431778,
        "(4, 5)": 0.6820184014519454,
        "(4, 6)": 0.7162261561746189,
        "(4, 7)": 0.6886202252358029,
        "(4, 8)": 0.6742969633830715,
        "(4, 9)": 0.6622781475940305,
        "(5, 6)": 0.6940161224744251,
        "(5, 7)": 0.6764504703350944,
        "(5, 8)": 0.6078023018677258,
        "(5, 9)": 2.8185455160811252,
        "(6, 7)": 0.6313058658492653,
        "(6, 8)": 0.6948166563058569,
        "(6, 9)": 0.657176474655312,
        "(7, 8)": 0.5611356876764109,
        "(7, 9)": 0.6470920027052915,
        "(8, 9)": 0.8817394089888746
    },
    "matching_probabilities": {
        "(0, 1)": 0.036680096447912945,
        "(0, 2)": 0.04152713889957927,
        "(0, 3)": 0.08565591591247655,
        "(0, 4)": 0.02049451398754276,
        "(0, 5)": 0.06403872969715198,
        "(0, 6)": 0.019553947267774614,
        "(0, 7)": 0.0025630787936734593,
        "(0, 8)": 0.3764537989753385,
        "(0, 9)": 0.07369169928753813,
        "(1, 2)": 0.10189037144423511,
        "(1, 3)": 0.0014391869064444768,
        "(1, 4)": 0.1581764633520332,
        "(1, 5)": 0.032173279813921346,
        "(1, 6)": 0.0518603660578397,
        "(1, 7)": 0.30559743832529435,
        "(1, 8)": 0.001438644141202579,
        "(1, 9)": 0.16500148932439798,
        "(2, 3)": 0.1733304221105162,
        "(2, 4)": 0.0024821024202232684,
        "(2, 5)": 0.06934173114759158,
        "(2, 6)": 0.05330826580487978,
        "(2, 7)": 0.17400345036300233,
        "(2, 8)": 0.0028545149260422614,
        "(2, 9)": 0.006864547533093145,
        "(3, 4)": 0.18813170183628428,
        "(3, 5)": 0.018309584689658587,
        "(3, 6)": 0.008307098851523018,
        "(3, 7)": 0.007502064430950219,
        "(3, 8)": 0.10595137108779518,
        "(3, 9)": 0.12925433400321498,
        "(4, 5)": 0.08680958164705889,
        "(4, 6)": 0.32476666033704094,
        "(4, 7)": 0.0002757334129849939,
        "(4, 8)": 0.006461333914440588,
        "(4, 9)": 0.07976031194930452,
        "(5, 6)": 0.04719971414142089,
        "(5, 7)": 0.2979254625062951,
        "(5, 8)": 0.0012529346051537926,
        "(5, 9)": 0.24120441457871694,
        "(6, 7)": 0.0010603649285774674,
        "(6, 8)": 0.18433355733199458,
        "(6, 9)": 0.03320822833304877,
        "(7, 8)": 0.00022548987577093968,
        "(7, 9)": 0.032777252714318826,
        "(8, 9)": 0.04563244799377934
    },
    "matching_counts": {
        "(0, 1)": 366.80096447912945,
        "(0, 2)": 415.2713889957927,
        "(0, 3)": 856.5591591247655,
        "(0, 4)": 204.9451398754276,
        "(0, 5)": 640.3872969715198,
        "(0, 6)": 195.53947267774612,
        "(0, 7)": 25.630787936734592,
        "(0, 8)": 3764.537989753385,
        "(0, 9)": 736.9169928753813,
        "(1, 2)": 1018.9037144423512,
        "(1, 3)": 14.391869064444768,
        "(1, 4)": 1581.764633520332,
        "(1, 5)": 321.73279813921346,
        "(1, 6)": 518.603660578397,
        "(1, 7)": 3055.9743832529434,
        "(1, 8)": 14.386441412025789,
        "(1, 9)": 1650.0148932439797,
        "(2, 3)": 1733.304221105162,
        "(2, 4)": 24.821024202232685,
        "(2, 5)": 693.4173114759159,
        "(2, 6)": 533.0826580487978,
        "(2, 7)": 1740.0345036300232,
        "(2, 8)": 28.545149260422615,
        "(2, 9)": 68.64547533093145,
        "(3, 4)": 1881.3170183628426,
        "(3, 5)": 183.09584689658587,
        "(3, 6)": 83.07098851523018,
        "(3, 7)": 75.02064430950219,
        "(3, 8)": 1059.5137108779518,
        "(3, 9)": 1292.54334003215,
        "(4, 5)": 868.0958164705888,
        "(4, 6)": 3247.666603370409,
        "(4, 7)": 2.7573341298499394,
        "(4, 8)": 64.61333914440588,
        "(4, 9)": 797.6031194930453,
        "(5, 6)": 471.9971414142089,
        "(5, 7)": 2979.2546250629507,
        "(5, 8)": 12.529346051537926,
        "(5, 9)": 2412.0441457871693,
        "(6, 7)": 10.603649285774674,
        "(6, 8)": 1843.3355733199458,
        "(6, 9)": 332.0822833304877,
        "(7, 8)": 2.254898757709397,
        "(7, 9)": 327.77252714318826,
        "(8, 9)": 456.32447993779346
    },
    "average_num_matching_probability_capped": 0.6824,
    "average_num_matching_probability_exceeds_one": 0.8955,
    "average_num_proposal_matching_probability_exceeds_one": 0.7773,
    "simulation_parameters": {
        "graph_file": "nonuniform_complete_10_order_0.json",
        "c_guarantee": 0.6666666666666666,
        "experiment_name": "nonuniform_complete_10_order_0_si_c66_r90_sim10000",
        "average_edge_weight": 0.1111111111111111,
        "r": 0.9,
        "num_sim_instances": 10000,
        "rounding_scheme_class": "SimpleRecursiveRoundingScheme",
        "parallel": true
    }
}