{
    "min_scaled_matching_probability": 0.539579326747446,
    "scaled_matching_probabilities": {
        "(0, 2)": 0.7594171276753924,
        "(0, 3)": 0.7092636597058575,
        "(0, 4)": 0.5549072538165098,
        "(0, 5)": 0.539579326747446,
        "(0, 6)": 0.6583057671745839,
        "(0, 7)": 0.6882134314672917,
        "(0, 8)": 0.5897354997417492,
        "(0, 9)": 0.7726623826622494,
        "(0, 10)": 0.6720658740491484,
        "(0, 11)": 0.6059124246977123,
        "(0, 12)": 0.7660138775215706,
        "(0, 13)": 0.6439752905724441,
        "(0, 14)": 0.5693564340840098,
        "(0, 15)": 0.7019262968753988,
        "(0, 16)": 0.6149765194156185,
        "(0, 19)": 0.7573215984310899,
        "(0, 20)": 0.666668713255255
    },
    "matching_probabilities": {
        "(0, 2)": 2.289109220716102e-06,
        "(0, 3)": 0.00013737176713075048,
        "(0, 4)": 3.714457926581893e-06,
        "(0, 5)": 6.734633262837601e-07,
        "(0, 6)": 0.02701884231020186,
        "(0, 7)": 0.10430841619257587,
        "(0, 8)": 0.00011207418920728433,
        "(0, 9)": 0.015537277564979834,
        "(0, 10)": 0.2370058286063826,
        "(0, 11)": 0.010158327392356892,
        "(0, 12)": 1.3988338823522094e-05,
        "(0, 13)": 0.004989708078773503,
        "(0, 14)": 1.5164216462857905e-05,
        "(0, 15)": 0.03241180001350764,
        "(0, 16)": 0.00304662302147059,
        "(0, 19)": 0.0012034181098929957,
        "(0, 20)": 0.23797312667483866
    },
    "matching_counts": {
        "(0, 2)": 0.022891092207161016,
        "(0, 3)": 1.3737176713075048,
        "(0, 4)": 0.037144579265818926,
        "(0, 5)": 0.006734633262837601,
        "(0, 6)": 270.1884231020186,
        "(0, 7)": 1043.0841619257587,
        "(0, 8)": 1.1207418920728434,
        "(0, 9)": 155.37277564979834,
        "(0, 10)": 2370.058286063826,
        "(0, 11)": 101.58327392356892,
        "(0, 12)": 0.13988338823522095,
        "(0, 13)": 49.89708078773503,
        "(0, 14)": 0.15164216462857905,
        "(0, 15)": 324.1180001350764,
        "(0, 16)": 30.466230214705902,
        "(0, 19)": 12.034181098929956,
        "(0, 20)": 2379.7312667483866
    },
    "average_num_matching_probability_capped": 0.0,
    "average_num_matching_probability_exceeds_one": 0.0,
    "average_num_proposal_matching_probability_exceeds_one": 0.0,
    "simulation_parameters": {
        "graph_file": "nonuniform_star_20_order_0.json",
        "c_guarantee": 0.6666666666666666,
        "experiment_name": "nonuniform_star_20_order_0_tr_c66_r70_sim10000",
        "average_edge_weight": 0.05,
        "r": 0.7,
        "num_sim_instances": 10000,
        "rounding_scheme_class": "SimpleRecursiveRoundingSchemeForTree",
        "parallel": true
    }
}