{
    "min_scaled_matching_probability": 0.8401372700045397,
    "scaled_matching_probabilities": {
        "(0, 2)": 0.9578290807977246,
        "(0, 3)": 0.9814843322277556,
        "(0, 4)": 0.9047817045003564,
        "(0, 5)": 1.001748570215935,
        "(0, 6)": 0.9214508242127684,
        "(0, 7)": 0.9505689524220549,
        "(0, 8)": 0.8401372700045397,
        "(0, 9)": 1.011555474019429,
        "(0, 10)": 0.9509218131282733,
        "(0, 11)": 0.8843151782163999,
        "(0, 12)": 0.9359999999999996,
        "(0, 13)": 0.8450098703336,
        "(0, 14)": 0.8597190221293224,
        "(0, 15)": 0.9039555962890443,
        "(0, 16)": 0.8959967494713654,
        "(0, 19)": 0.973567826937971,
        "(0, 20)": 0.8595763325767923
    },
    "matching_probabilities": {
        "(0, 2)": 2.887181893613151e-06,
        "(0, 3)": 0.00019009607398352642,
        "(0, 4)": 6.056459977758599e-06,
        "(0, 5)": 1.2503090662578239e-06,
        "(0, 6)": 0.03781910436979009,
        "(0, 7)": 0.1440720819667596,
        "(0, 8)": 0.0001596609045916562,
        "(0, 9)": 0.020341119905516146,
        "(0, 10)": 0.3353451216061425,
        "(0, 11)": 0.014825844020007167,
        "(0, 12)": 1.7092490779904938e-05,
        "(0, 13)": 0.006547382544598727,
        "(0, 14)": 2.2897722003931788e-05,
        "(0, 15)": 0.04174060458830834,
        "(0, 16)": 0.004438810650358224,
        "(0, 19)": 0.001547043101072907,
        "(0, 20)": 0.3068331592766219
    },
    "matching_counts": {
        "(0, 2)": 0.02887181893613151,
        "(0, 3)": 1.9009607398352641,
        "(0, 4)": 0.060564599777585985,
        "(0, 5)": 0.012503090662578238,
        "(0, 6)": 378.19104369790085,
        "(0, 7)": 1440.720819667596,
        "(0, 8)": 1.5966090459165618,
        "(0, 9)": 203.41119905516146,
        "(0, 10)": 3353.451216061425,
        "(0, 11)": 148.25844020007168,
        "(0, 12)": 0.17092490779904937,
        "(0, 13)": 65.47382544598727,
        "(0, 14)": 0.2289772200393179,
        "(0, 15)": 417.4060458830834,
        "(0, 16)": 44.38810650358224,
        "(0, 19)": 15.47043101072907,
        "(0, 20)": 3068.3315927662193
    },
    "average_num_matching_probability_capped": 0.0,
    "average_num_matching_probability_exceeds_one": 0.0,
    "average_num_proposal_matching_probability_exceeds_one": 0.0,
    "simulation_parameters": {
        "graph_file": "nonuniform_star_20_order_0.json",
        "c_guarantee": 0.9,
        "experiment_name": "nonuniform_star_20_order_0_tr_c90_r0_sim10000",
        "average_edge_weight": 0.05,
        "r": 0,
        "num_sim_instances": 10000,
        "rounding_scheme_class": "SimpleRecursiveRoundingSchemeForTree",
        "parallel": true
    }
}