{
    "min_scaled_matching_probability": 0.5428977947584265,
    "scaled_matching_probabilities": {
        "(0, 10)": 0.872016116203258,
        "(0, 11)": 0.8115751189563174,
        "(0, 12)": 0.79960457882925,
        "(0, 13)": 0.6197009792470677,
        "(0, 14)": 0.7525768103651774,
        "(0, 15)": 0.652360623895874,
        "(0, 16)": 0.739977232161203,
        "(0, 17)": 0.759790146089363,
        "(0, 18)": 0.7681605764099241,
        "(0, 19)": 0.7452476909216686,
        "(10, 1)": 0.764218289069052,
        "(10, 2)": 0.8255441651468752,
        "(10, 3)": 0.6628866676886433,
        "(10, 4)": 0.8101276791549268,
        "(10, 5)": 0.7542098208326987,
        "(10, 6)": 0.759275138562064,
        "(10, 7)": 0.7465647590098338,
        "(10, 8)": 0.7751344347743313,
        "(10, 9)": 0.7125080170800789,
        "(11, 1)": 0.7595284644955672,
        "(11, 2)": 0.749000143084802,
        "(11, 3)": 0.6285456893750704,
        "(11, 4)": 0.7947646701822734,
        "(11, 5)": 0.7536792648240973,
        "(11, 6)": 0.7665861304007098,
        "(11, 7)": 0.7930170563464958,
        "(11, 8)": 0.7342917220848009,
        "(11, 9)": 0.7278463397085903,
        "(12, 1)": 0.6908331254985833,
        "(12, 2)": 0.765872781574767,
        "(12, 3)": 0.7527724025373026,
        "(12, 4)": 0.8022689179324352,
        "(12, 5)": 0.8465634349114566,
        "(12, 6)": 0.7451942547468305,
        "(12, 7)": 0.7459191605747937,
        "(12, 8)": 0.7911035580762993,
        "(12, 9)": 0.7578710467994879,
        "(13, 1)": 0.7377112498757326,
        "(13, 2)": 0.8725645167629651,
        "(13, 3)": 0.7615372353458306,
        "(13, 4)": 0.7271931462818325,
        "(13, 5)": 0.5905185418292535,
        "(13, 6)": 0.7701543440277002,
        "(13, 7)": 0.8060198073740954,
        "(13, 8)": 0.6218730141023968,
        "(13, 9)": 0.7034922043370009,
        "(14, 1)": 0.7807787641413482,
        "(14, 2)": 0.8755357971016104,
        "(14, 3)": 0.7357822099087988,
        "(14, 4)": 0.7526973130635589,
        "(14, 5)": 0.7500668892478577,
        "(14, 6)": 0.7068161906621858,
        "(14, 7)": 0.6445161865132024,
        "(14, 8)": 0.726557209901342,
        "(14, 9)": 0.7582146725965008,
        "(15, 1)": 0.7304094148529304,
        "(15, 2)": 0.6818513161947936,
        "(15, 3)": 0.8104275336902247,
        "(15, 4)": 0.673757198172664,
        "(15, 5)": 0.7476278402738349,
        "(15, 6)": 0.7214226044868705,
        "(15, 7)": 0.7006261180989936,
        "(15, 8)": 0.7180466518513924,
        "(15, 9)": 0.6721818089275043,
        "(16, 1)": 0.7768116145479493,
        "(16, 2)": 0.6797862101416781,
        "(16, 3)": 0.6598498142920008,
        "(16, 4)": 0.7010526547905751,
        "(16, 5)": 0.742296330715497,
        "(16, 6)": 0.7500236770497292,
        "(16, 7)": 0.7544406860865094,
        "(16, 8)": 0.8411777436783218,
        "(16, 9)": 0.747993142293547,
        "(17, 1)": 0.8644168024003592,
        "(17, 2)": 0.7715125454196112,
        "(17, 3)": 0.7411172548369974,
        "(17, 4)": 0.7943470482861498,
        "(17, 5)": 0.7522664329684138,
        "(17, 6)": 0.7332636273380868,
        "(17, 7)": 0.8908808612404675,
        "(17, 8)": 0.8132848614512804,
        "(17, 9)": 0.5428977947584265,
        "(18, 1)": 0.8328392154068021,
        "(18, 2)": 0.7694089448153428,
        "(18, 3)": 0.6347972201192463,
        "(18, 4)": 0.705603273604073,
        "(18, 5)": 0.8992142386247707,
        "(18, 6)": 0.7498229545248681,
        "(18, 7)": 0.7053377546158532,
        "(18, 8)": 0.7488087462194675,
        "(18, 9)": 0.7665579816743222,
        "(19, 1)": 0.7523325181367111,
        "(19, 2)": 0.7290377551598974,
        "(19, 3)": 0.6718455273036943,
        "(19, 4)": 0.7778311561653005,
        "(19, 5)": 0.7835382694131894,
        "(19, 6)": 0.7650369293565297,
        "(19, 7)": 0.7659051182484304,
        "(19, 8)": 0.7243345808931545,
        "(19, 9)": 0.874831620958744
    },
    "matching_probabilities": {
        "(0, 10)": 0.0011347472864222145,
        "(0, 11)": 0.16425457425310863,
        "(0, 12)": 0.0006251277163517025,
        "(0, 13)": 0.004072885656150684,
        "(0, 14)": 0.02877250238917163,
        "(0, 15)": 0.003032523782540134,
        "(0, 16)": 0.08945408975810859,
        "(0, 17)": 0.11395758539207032,
        "(0, 18)": 0.3607793340452018,
        "(0, 19)": 0.003639840457845112,
        "(10, 1)": 0.0064065904437131255,
        "(10, 2)": 0.005649252479728078,
        "(10, 3)": 0.0010544510138065129,
        "(10, 4)": 0.12421838861293227,
        "(10, 5)": 0.010503481876638117,
        "(10, 6)": 0.14607751403191213,
        "(10, 7)": 0.03778581973679949,
        "(10, 8)": 0.2607845411475092,
        "(10, 9)": 0.13370696690433903,
        "(11, 1)": 0.46999741910023496,
        "(11, 2)": 0.03343983077309361,
        "(11, 3)": 0.00010351710108563608,
        "(11, 4)": 0.00025524674056364225,
        "(11, 5)": 0.0053768221556017735,
        "(11, 6)": 0.013311905645537218,
        "(11, 7)": 0.0011847753653889627,
        "(11, 8)": 0.013446649797917976,
        "(11, 9)": 0.06501309318520072,
        "(12, 1)": 0.0012107414902658284,
        "(12, 2)": 0.1161926341790461,
        "(12, 3)": 0.35741025269582566,
        "(12, 4)": 0.007916296343068736,
        "(12, 5)": 0.0001592858090364859,
        "(12, 6)": 0.031177325601886748,
        "(12, 7)": 0.03144142953510366,
        "(12, 8)": 0.11858472674582793,
        "(12, 9)": 0.08055747902464797,
        "(13, 1)": 0.07176657423420474,
        "(13, 2)": 0.000800306135368709,
        "(13, 3)": 0.0009907923022726014,
        "(13, 4)": 0.08349308216360193,
        "(13, 5)": 0.001624503312002883,
        "(13, 6)": 0.2980931926622164,
        "(13, 7)": 0.216233026225721,
        "(13, 8)": 0.002746759264814571,
        "(13, 9)": 0.017222773273069713,
        "(14, 1)": 0.12787863481985567,
        "(14, 2)": 0.032329716599441824,
        "(14, 3)": 0.06742636438826712,
        "(14, 4)": 0.1877238194896623,
        "(14, 5)": 0.07186912538435392,
        "(14, 6)": 0.006362156723849365,
        "(14, 7)": 0.008542961135065277,
        "(14, 8)": 0.007561893942464841,
        "(14, 9)": 0.20912617978405068,
        "(15, 1)": 0.012603832194946344,
        "(15, 2)": 0.03451347788731697,
        "(15, 3)": 0.23544218534567535,
        "(15, 4)": 0.008088370310267146,
        "(15, 5)": 0.3830085828967012,
        "(15, 6)": 0.06859927942688084,
        "(15, 7)": 0.00905066936029352,
        "(15, 8)": 0.00039475333058175177,
        "(15, 9)": 0.0014265294173656752,
        "(16, 1)": 0.013088091928704536,
        "(16, 2)": 0.0009712714887287702,
        "(16, 3)": 0.004435306576759737,
        "(16, 4)": 0.024661891128720227,
        "(16, 5)": 0.0001489471316295819,
        "(16, 6)": 0.09403293716829483,
        "(16, 7)": 0.39054541193543646,
        "(16, 8)": 0.034645627030173626,
        "(16, 9)": 0.08548589142163796,
        "(17, 1)": 0.007311269572583243,
        "(17, 2)": 0.48464067941323913,
        "(17, 3)": 0.07493420063744836,
        "(17, 4)": 0.022323412018466767,
        "(17, 5)": 0.00023035245439194637,
        "(17, 6)": 0.011788487020156823,
        "(17, 7)": 0.003950124286103063,
        "(17, 8)": 0.04443523687007558,
        "(17, 9)": 0.0025421247401632607,
        "(18, 1)": 0.0005865230552940184,
        "(18, 2)": 0.048688197038859723,
        "(18, 3)": 0.003688831766693132,
        "(18, 4)": 0.007714700494841252,
        "(18, 5)": 0.0024169058864296554,
        "(18, 6)": 0.0022170532095644496,
        "(18, 7)": 0.0008550777947031431,
        "(18, 8)": 0.28289319271366503,
        "(18, 9)": 0.04613816852513587,
        "(19, 1)": 0.04951690692073293,
        "(19, 2)": 0.010915324797154744,
        "(19, 3)": 0.016055285573524366,
        "(19, 4)": 0.22508521833497147,
        "(19, 5)": 0.2856522797713049,
        "(19, 6)": 0.08010580005026072,