{
    "min_scaled_matching_probability": 0.40183518572573923,
    "scaled_matching_probabilities": {
        "(0, 1)": 0.8759045687053296,
        "(0, 2)": 0.5298389026671261,
        "(0, 3)": 0.553840067415827,
        "(1, 4)": 1.3027213973415754,
        "(1, 5)": 0.9616350606755426,
        "(1, 6)": 0.7275265077624073,
        "(2, 7)": 0.8233911114646407,
        "(2, 8)": 0.7993172725136855,
        "(2, 9)": 0.5901763292389675,
        "(3, 10)": 0.6309394755337099,
        "(3, 11)": 0.6977413290515304,
        "(3, 12)": 0.938973517516066,
        "(4, 13)": 0.5496494375043899,
        "(4, 14)": 1.0774977623234996,
        "(4, 15)": 1.5493412537165574,
        "(5, 16)": 0.732565722452972,
        "(5, 17)": 0.5371074801486125,
        "(5, 18)": 1.396707909437733,
        "(6, 19)": 0.5310680360703401,
        "(6, 20)": 1.1000554516254915,
        "(6, 21)": 0.7253752002454453,
        "(7, 22)": 0.8227697337468206,
        "(7, 23)": 1.7674613709283664,
        "(7, 24)": 0.5369419704490337,
        "(8, 25)": 0.806564608208413,
        "(8, 26)": 0.6377239775843786,
        "(8, 27)": 1.3307693479905256,
        "(9, 28)": 0.7222315783573592,
        "(9, 29)": 0.8344445835445128,
        "(9, 30)": 0.5100372416701839,
        "(10, 31)": 0.6828920159273134,
        "(10, 32)": 1.2261981673936,
        "(10, 33)": 0.8760403892383104,
        "(11, 34)": 0.7693261736301364,
        "(11, 35)": 0.4664668722609964,
        "(11, 36)": 0.957327113027554,
        "(12, 37)": 0.885873799240496,
        "(12, 38)": 0.7391403735629666,
        "(12, 39)": 0.7120028358562969,
        "(13, 40)": 0.644155865314388,
        "(13, 41)": 1.1304454206934709,
        "(13, 42)": 0.978226953708818,
        "(14, 43)": 0.8140390285168515,
        "(14, 44)": 0.7708956483457026,
        "(14, 45)": 0.5739043516055904,
        "(15, 46)": 0.5141641496121061,
        "(15, 47)": 0.9047737232289149,
        "(15, 48)": 0.6378564028636906,
        "(16, 49)": 0.8924750317876904,
        "(16, 50)": 0.7046746957894556,
        "(16, 51)": 0.8027334663437321,
        "(17, 52)": 0.5250959442383829,
        "(17, 53)": 0.856252369768052,
        "(17, 54)": 0.6780049432331915,
        "(18, 55)": 0.40183518572573923,
        "(18, 56)": 0.593592147353794,
        "(18, 57)": 0.6464909664821418,
        "(19, 58)": 0.9841357446721611,
        "(19, 59)": 0.7452826677750388,
        "(19, 60)": 1.079946229784812,
        "(20, 61)": 0.6730889819471884,
        "(20, 62)": 0.6751475592852024,
        "(20, 63)": 0.5170814916509295,
        "(21, 64)": 0.8931483648856906,
        "(21, 65)": 0.7499984427433525,
        "(21, 66)": 0.697490124579087,
        "(22, 67)": 0.5947524715906143,
        "(22, 68)": 0.8147931990474849,
        "(22, 69)": 0.7912184330458687,
        "(23, 70)": 0.56182567922705,
        "(23, 71)": 0.788156485223968,
        "(23, 72)": 0.6510862629259802,
        "(24, 73)": 0.9189615250979414,
        "(24, 74)": 0.7393670740208489,
        "(24, 75)": 0.6362725549714794,
        "(25, 76)": 0.9299771931879001,
        "(25, 77)": 1.9654900143093226,
        "(25, 78)": 0.6517840522217045,
        "(26, 79)": 0.9882213791144017,
        "(26, 80)": 1.166013517267588,
        "(26, 81)": 0.7642938570783813,
        "(27, 82)": 0.5632294692994905,
        "(27, 83)": 0.6709812294045882,
        "(27, 84)": 0.6667022274579437,
        "(28, 85)": 0.7273849968472644,
        "(28, 86)": 0.8500612063095961,
        "(28, 87)": 1.0016382970630586,
        "(29, 88)": 0.7674332954295033,
        "(29, 89)": 0.9507108743123457,
        "(29, 90)": 0.6816722436646934,
        "(30, 91)": 1.004872992107357,
        "(30, 92)": 0.959318986765057,
        "(30, 93)": 0.8752219970354438,
        "(31, 94)": 1.3789056306786156,
        "(31, 95)": 0.6397830810337365,
        "(31, 96)": 0.8617074737120745,
        "(32, 97)": 0.7812420633766233,
        "(32, 98)": 0.47360400665301283,
        "(32, 99)": 0.8373160431638895,
        "(33, 100)": 0.9306919944457921,
        "(33, 101)": 0.9824347536084725,
        "(33, 102)": 1.0758520577140813,
        "(34, 103)": 0.7284983338496245,
        "(34, 104)": 2.037569892090261,
        "(34, 105)": 0.8869143757725475,
        "(35, 106)": 0.6532936837427721,
        "(35, 107)": 0.9376731444088401,
        "(35, 108)": 0.7334411890389674,
        "(36, 109)": 0.49085287688555723,
        "(36, 110)": 0.5563860883556031,
        "(36, 111)": 0.6496466233739435,
        "(37, 112)": 0.6995812897798974,
        "(37, 113)": 1.6072407144629026,
        "(37, 114)": 1.1912357826714395,
        "(38, 115)": 0.6004087786054426,
        "(38, 116)": 0.7616466861955408,
        "(38, 117)": 1.0275128720094877,
        "(39, 118)": 0.8604947386519861,
        "(39, 119)": 1.6067367666082655,
        "(39, 120)": 0.5224985199160371
    },
    "matching_probabilities": {
        "(0, 1)": 0.3635033897969414,
        "(0, 2)": 0.06577063069920763,
        "(0, 3)": 0.046574301696020066,
        "(1, 4)": 0.03991050445538779,
        "(1, 5)": 0.3693067694199012,
        "(1, 6)": 0.05905528648146087,
        "(2, 7)": 0.11625337401538002,
        "(2, 8)": 0.3300535677278349,
        "(2, 9)": 0.09762527733866071,
        "(3, 10)": 0.09255664021272252,
        "(3, 11)": 0.12549625588758698,
        "(3, 12)": 0.2837778110515356,
        "(4, 13)": 0.13784260825535538,
        "(4, 14)": 0.14409714819277145,
        "(4, 15)": 0.13069045049722983,
        "(5, 16)": 0.08940819360618181,
        "(5, 17)": 0.07391119254616582,
        "(5, 18)": 0.14558491695931478,
        "(6, 19)": 0.058297391599239266,
        "(6, 20)": 0.39559168561169034,
        "(6, 21)": 0.07741043292894764,
        "(7, 22)": 0.06941860543598675,
        "(7, 23)": 0.4155577901659788,
        "(7, 24)": 0.035457888587261,
        "(8, 25)": 0.016303358160088457,
        "(8, 26)": 0.11568838746134222,
        "(8, 27)": 0.11501561914700376,
        "(9, 28)": 0.09132222435897018,
        "(9, 29)": 0.33289032354508524,
        "(9, 30)": 0.0717164662218517,
        "(10, 31)": 0.09348723996683017,
        "(10, 32)": 0.1613140070078401,
        "(10, 33)": 0.31228659687852717,
        "(11, 34)": 0.01938067007752328,
        "(11, 35)": 0.056988221374888064,
        "(11, 36)": 0.5173336012452067,
        "(12, 37)": 0.4909295494153094,
        "(12, 38)": 0.0670998160435167,
        "(12, 39)": 0.02027311014039425,
        "(13, 40)": 0.014808502163426211,
        "(13, 41)": 0.29554423416590264,
        "(13, 42)": 0.40881975603739906,
        "(14, 43)": 0.17880406491717665,
        "(14, 44)": 0.4086841076336909,
        "(14, 45)": 0.02733349935226265,
        "(15, 46)": 0.09433803876997421,
        "(15, 47)": 0.04186846438286748,
        "(15, 48)": 0.39159329673445664,
        "(16, 49)": 0.6398617902982777,
        "(16, 50)": 0.03600610333200397,
        "(16, 51)": 0.05674441016135355,
        "(17, 52)": 0.011788968022531621,
        "(17, 53)": 0.6586290689135781,
        "(17, 54)": 0.03586031837065192,
        "(18, 55)": 0.02569974920499106,
        "(18, 56)": 0.4143799391633904,
        "(18, 57)": 0.06936905402649264,
        "(19, 58)": 0.46518620065328514,
        "(19, 59)": 0.03890014077997888,
        "(19, 60)": 0.3057614697545717,
        "(20, 61)": 0.2827528724729315,
        "(20, 62)": 0.024887953286283182,
        "(20, 63)": 0.08309850588451952,
        "(21, 64)": 0.39450447749347434,
        "(21, 65)": 0.20198065071236518,
        "(21, 66)": 0.06557624961384208,
        "(22, 67)": 0.05399057478475158,
        "(22, 68)": 0.4145333111022254,
        "(22, 69)": 0.1920799355792781,
        "(23, 70)": 0.112225769450954,
        "(23, 71)": 0.13972189185380826,
        "(23, 72)": 0.18139995473960774,
        "(24, 73)": 0.5718344136580533,
        "(24, 74)": 0.030024484133776126,
        "(24, 75)": 0.16340419583901683,
        "(25, 76)": 0.5947987902033175,