{
    "min_scaled_matching_probability": 0.4340522208211965,
    "scaled_matching_probabilities": {
        "(0, 1)": 0.5389011678509753,
        "(0, 2)": 0.48227269010258605,
        "(0, 3)": 0.5211185078285845,
        "(1, 4)": 0.5331099487368017,
        "(1, 5)": 0.5709274575190735,
        "(1, 6)": 0.48968250224906407,
        "(2, 7)": 0.5781852512538819,
        "(2, 8)": 0.4926388452841748,
        "(2, 9)": 0.5732750752711149,
        "(3, 10)": 0.5307121881271473,
        "(3, 11)": 0.4379743291246139,
        "(3, 12)": 0.5215182745606392,
        "(4, 13)": 0.5734920959200924,
        "(4, 14)": 0.47604981676082464,
        "(4, 15)": 0.4719246190500687,
        "(5, 16)": 0.4642783748784637,
        "(5, 17)": 0.45190647840812675,
        "(5, 18)": 0.479157592688087,
        "(6, 19)": 0.5029963328462038,
        "(6, 20)": 0.5655576429341967,
        "(6, 21)": 0.5009658263416071,
        "(7, 22)": 0.47606154876572393,
        "(7, 23)": 0.5304394515629923,
        "(7, 24)": 0.5241401166396509,
        "(8, 25)": 0.479164556656855,
        "(8, 26)": 0.5282449313970763,
        "(8, 27)": 0.5389969904196287,
        "(9, 28)": 0.510758917451228,
        "(9, 29)": 0.5315755766988551,
        "(9, 30)": 0.5075926619870595,
        "(10, 31)": 0.5381490667660941,
        "(10, 32)": 0.48095306162003426,
        "(10, 33)": 0.48434245218346,
        "(11, 34)": 0.5742542561815575,
        "(11, 35)": 0.5258228890999747,
        "(11, 36)": 0.5172870370936321,
        "(12, 37)": 0.5772251092235137,
        "(12, 38)": 0.4976030745045019,
        "(12, 39)": 0.5181236894647812,
        "(13, 40)": 0.5076496565697011,
        "(13, 41)": 0.5112535029027405,
        "(13, 42)": 0.5547678725298932,
        "(14, 43)": 0.5376579790019171,
        "(14, 44)": 0.5480842471296192,
        "(14, 45)": 0.4564787422072015,
        "(15, 46)": 0.545941919895519,
        "(15, 47)": 0.5287642185428056,
        "(15, 48)": 0.5666212534112024,
        "(16, 49)": 0.5344798615873787,
        "(16, 50)": 0.43510842978080133,
        "(16, 51)": 0.5384555901890045,
        "(17, 52)": 0.4340522208211965,
        "(17, 53)": 0.5686978837594806,
        "(17, 54)": 0.5118302841329533,
        "(18, 55)": 0.47201470386243816,
        "(18, 56)": 0.5310509191500519,
        "(18, 57)": 0.5581304221869757,
        "(19, 58)": 0.541775075832417,
        "(19, 59)": 0.4841651649337717,
        "(19, 60)": 0.527817652212289,
        "(20, 61)": 0.5371186858466019,
        "(20, 62)": 0.4649533119939939,
        "(20, 63)": 0.46182353480501437,
        "(21, 64)": 0.5208005634266307,
        "(21, 65)": 0.5168936262426749,
        "(21, 66)": 0.4482467420622023,
        "(22, 67)": 0.49288514428785446,
        "(22, 68)": 0.5319122717167004,
        "(22, 69)": 0.5185458913106489,
        "(23, 70)": 0.5318914737047494,
        "(23, 71)": 0.6141459373888851,
        "(23, 72)": 0.45607761031578997,
        "(24, 73)": 0.5434105109904747,
        "(24, 74)": 0.48087463978267736,
        "(24, 75)": 0.5593528906331574,
        "(25, 76)": 0.5412882613920278,
        "(25, 77)": 0.5668461544898736,
        "(25, 78)": 0.48345625762073685,
        "(26, 79)": 0.5423881048115464,
        "(26, 80)": 0.5467925700196591,
        "(26, 81)": 0.5312464044239732,
        "(27, 82)": 0.5259232401298928,
        "(27, 83)": 0.5001346113085761,
        "(27, 84)": 0.536172387834205,
        "(28, 85)": 0.5436430668196324,
        "(28, 86)": 0.5416912956850847,
        "(28, 87)": 0.5191648651560805,
        "(29, 88)": 0.461471001351664,
        "(29, 89)": 0.5384438922311762,
        "(29, 90)": 0.5086611068217242,
        "(30, 91)": 0.49816067358659355,
        "(30, 92)": 0.5460579513189056,
        "(30, 93)": 0.4904266361466514,
        "(31, 94)": 0.5035483698696571,
        "(31, 95)": 0.543678626837839,
        "(31, 96)": 0.4991630303293304,
        "(32, 97)": 0.5323681515207642,
        "(32, 98)": 0.585493662274175,
        "(32, 99)": 0.5403161317676171,
        "(33, 100)": 0.5479187949011101,
        "(33, 101)": 0.5407286802062821,
        "(33, 102)": 0.4445389730715336,
        "(34, 103)": 0.5032218679308206,
        "(34, 104)": 0.5650381508699859,
        "(34, 105)": 0.5393464902501361,
        "(35, 106)": 0.48748501328424326,
        "(35, 107)": 0.5130761216973598,
        "(35, 108)": 0.522745357095863,
        "(36, 109)": 0.46531604912916297,
        "(36, 110)": 0.5083957515939844,
        "(36, 111)": 0.4985265473498176,
        "(37, 112)": 0.4715516678292289,
        "(37, 113)": 0.5400660885388019,
        "(37, 114)": 0.49740797964434014,
        "(38, 115)": 0.4935660950461579,
        "(38, 116)": 0.4657560325553167,
        "(38, 117)": 0.5422252542877063,
        "(39, 118)": 0.5285441912508989,
        "(39, 119)": 0.46132010809963103,
        "(39, 120)": 0.501463559620397
    },
    "matching_probabilities": {
        "(0, 1)": 0.2236458265869165,
        "(0, 2)": 0.059866081628548236,
        "(0, 3)": 0.04382263406155058,
        "(1, 4)": 0.01633249214121329,
        "(1, 5)": 0.21925924244210473,
        "(1, 6)": 0.03974884783816168,
        "(2, 7)": 0.08163312103847079,
        "(2, 8)": 0.20342011123571568,
        "(2, 9)": 0.09482952033479983,
        "(3, 10)": 0.07785364358671618,
        "(3, 11)": 0.07877437696679354,
        "(3, 12)": 0.15761393864407863,
        "(4, 13)": 0.14382193616785904,
        "(4, 14)": 0.06366363197358649,
        "(4, 15)": 0.03980791250245139,
        "(5, 16)": 0.05666425490029933,
        "(5, 17)": 0.062186709314197335,
        "(5, 18)": 0.049944671946479176,
        "(6, 19)": 0.05521585220209439,
        "(6, 20)": 0.20338056681444558,
        "(6, 21)": 0.05346196214950527,
        "(7, 22)": 0.04016619408995155,
        "(7, 23)": 0.12471460476253012,
        "(7, 24)": 0.03461249610340676,
        "(8, 25)": 0.009685512239557773,
        "(8, 26)": 0.09582798584654012,
        "(8, 27)": 0.04658438569019896,
        "(9, 28)": 0.06458266551971031,
        "(9, 29)": 0.21206485032748443,
        "(9, 30)": 0.07137273325110369,
        "(10, 31)": 0.07367207372364787,
        "(10, 32)": 0.06327237115149949,
        "(10, 33)": 0.1726560304459065,
        "(11, 34)": 0.0144664677495022,
        "(11, 35)": 0.06423974131917824,
        "(11, 36)": 0.27953868864195547,
        "(12, 37)": 0.3198840094664223,
        "(12, 38)": 0.04517284666915307,
        "(12, 39)": 0.014752720205438828,
        "(13, 40)": 0.011670360299996603,
        "(13, 41)": 0.13366237963734204,
        "(13, 42)": 0.23184810584616936,
        "(14, 43)": 0.11809683419706785,
        "(14, 44)": 0.29056244113834145,
        "(14, 45)": 0.02174083777119886,
        "(15, 46)": 0.1001685746548304,
        "(15, 47)": 0.024468599476990986,
        "(15, 48)": 0.3478605586256369,
        "(16, 49)": 0.38319642447435115,
        "(16, 50)": 0.022232328160672905,
        "(16, 51)": 0.03806287658907089,
        "(17, 52)": 0.009744938629819035,
        "(17, 53)": 0.4374422435468328,
        "(17, 54)": 0.02707118454508991,
        "(18, 55)": 0.03018814663634809,
        "(18, 56)": 0.37072061776939635,
        "(18, 57)": 0.05988788926347196,
        "(19, 58)": 0.2560889496185137,
        "(19, 59)": 0.025271073501430767,
        "(19, 60)": 0.14943920044518733,
        "(20, 61)": 0.22563413657828815,
        "(20, 62)": 0.017139566232692142,
        "(20, 63)": 0.07421817710410619,
        "(21, 64)": 0.23003810142923511,
        "(21, 65)": 0.1392036370044782,
        "(21, 66)": 0.04214301996576798,
        "(22, 67)": 0.04474323943841249,
        "(22, 68)": 0.2706151149376252,
        "(22, 69)": 0.12588465743198202,
        "(23, 70)": 0.10624635382106509,
        "(23, 71)": 0.10887385164625175,
        "(23, 72)": 0.1270683511232955,
        "(24, 73)": 0.338143461332337,
        "(24, 74)": 0.019527530369959616,
        "(24, 75)": 0.1436500892109634,
        "(25, 76)": 0.34619946100353916,