{
    "min_scaled_matching_probability": 0.17422064755810124,
    "scaled_matching_probabilities": {
        "(0, 10)": 1.0567786819876788,
        "(0, 11)": 0.7504734269468494,
        "(0, 12)": 0.5202457227341611,
        "(0, 13)": 0.3051274986029313,
        "(0, 14)": 0.34623356046321224,
        "(0, 15)": 0.5619022658157458,
        "(0, 16)": 0.621118597957114,
        "(0, 17)": 0.795341724690718,
        "(0, 18)": 1.6951219418662888,
        "(0, 19)": 0.9810681338257449,
        "(10, 1)": 1.1993049326357847,
        "(10, 2)": 0.695402600264295,
        "(10, 3)": 0.854017197735449,
        "(10, 4)": 0.6941324181669632,
        "(10, 5)": 0.49535931670767325,
        "(10, 6)": 0.2773174526097239,
        "(10, 7)": 0.33281252415523427,
        "(10, 8)": 2.303080435685836,
        "(10, 9)": 0.7549942994534418,
        "(11, 1)": 1.3561191472874268,
        "(11, 2)": 0.8128134555552831,
        "(11, 3)": 0.7247667098156878,
        "(11, 4)": 1.5299459114681722,
        "(11, 5)": 0.7558081807724343,
        "(11, 6)": 0.7674983056970245,
        "(11, 7)": 0.6511117444671873,
        "(11, 8)": 0.7274034624508929,
        "(11, 9)": 1.0810782979996099,
        "(12, 1)": 1.0340473123483709,
        "(12, 2)": 0.8559323437463993,
        "(12, 3)": 1.570006652195051,
        "(12, 4)": 0.5838850401084935,
        "(12, 5)": 0.7520744630431857,
        "(12, 6)": 1.0477677715010179,
        "(12, 7)": 0.630303565721653,
        "(12, 8)": 0.6842305977211737,
        "(12, 9)": 0.9216585268781499,
        "(13, 1)": 1.0822871269924619,
        "(13, 2)": 0.7649979272355832,
        "(13, 3)": 0.825993151285052,
        "(13, 4)": 0.6146859187391381,
        "(13, 5)": 0.709213449810283,
        "(13, 6)": 0.8020458754812626,
        "(13, 7)": 2.400402477025266,
        "(13, 8)": 0.5244248238104506,
        "(13, 9)": 0.49672798677038105,
        "(14, 1)": 0.5914047413504304,
        "(14, 2)": 0.6021863840949424,
        "(14, 3)": 0.7871888403216676,
        "(14, 4)": 1.1208709955223113,
        "(14, 5)": 0.6774434555600463,
        "(14, 6)": 0.6356821030964617,
        "(14, 7)": 1.1277946349246692,
        "(14, 8)": 0.39739640425276695,
        "(14, 9)": 2.0327185525050377,
        "(15, 1)": 0.6175830911163528,
        "(15, 2)": 1.2896955523155653,
        "(15, 3)": 0.7487088177969706,
        "(15, 4)": 0.8276781723118721,
        "(15, 5)": 0.561124820890865,
        "(15, 6)": 1.0231766919509624,
        "(15, 7)": 0.6478762945414339,
        "(15, 8)": 0.6993736979884267,
        "(15, 9)": 0.602915251969838,
        "(16, 1)": 0.8750447248455511,
        "(16, 2)": 0.23788954714763244,
        "(16, 3)": 0.7611994267629322,
        "(16, 4)": 0.7660657345428347,
        "(16, 5)": 0.3491385689667556,
        "(16, 6)": 0.5276095490414643,
        "(16, 7)": 0.8758997572359396,
        "(16, 8)": 0.6049246007717107,
        "(16, 9)": 0.5972161362493702,
        "(17, 1)": 0.4310823148243873,
        "(17, 2)": 1.3071266414177904,
        "(17, 3)": 0.7377248035387303,
        "(17, 4)": 0.17422064755810124,
        "(17, 5)": 0.6369751834377819,
        "(17, 6)": 0.45371098295691337,
        "(17, 7)": 0.5443235288088814,
        "(17, 8)": 0.4750889837480354,
        "(17, 9)": 0.5261676487934721,
        "(18, 1)": 0.43709666180213697,
        "(18, 2)": 0.688910755545977,
        "(18, 3)": 0.4905250867682232,
        "(18, 4)": 0.7597011799888688,
        "(18, 5)": 1.0123110006725313,
        "(18, 6)": 0.9496409044074806,
        "(18, 7)": 0.39864803923793884,
        "(18, 8)": 0.6518975927384395,
        "(18, 9)": 0.582606045952813,
        "(19, 1)": 1.1612227071496393,
        "(19, 2)": 0.4968291831139227,
        "(19, 3)": 0.3575584881680861,
        "(19, 4)": 0.7370951590513352,
        "(19, 5)": 1.9911018563089828,
        "(19, 6)": 1.1163585073874558,
        "(19, 7)": 0.5227925915516934,
        "(19, 8)": 0.4047435668193581,
        "(19, 9)": 0.9472836079914919
    },
    "matching_probabilities": {
        "(0, 10)": 0.0013751772696077636,
        "(0, 11)": 0.15188821139557512,
        "(0, 12)": 0.0004067260608621348,
        "(0, 13)": 0.0020054017243396143,
        "(0, 14)": 0.01323719493935144,
        "(0, 15)": 0.002612024579860934,
        "(0, 16)": 0.0750855518213866,
        "(0, 17)": 0.1192898104480798,
        "(0, 18)": 0.7961420881167053,
        "(0, 19)": 0.004791603555302906,
        "(10, 1)": 0.010054006336176789,
        "(10, 2)": 0.0047586852767029,
        "(10, 3)": 0.001358481538179485,
        "(10, 4)": 0.10643261881712474,
        "(10, 5)": 0.006898607604603219,
        "(10, 6)": 0.05335331293950928,
        "(10, 7)": 0.016844612462765952,
        "(10, 8)": 0.7748433661329911,
        "(10, 9)": 0.14167980624790696,
        "(11, 1)": 0.8391686803216865,
        "(11, 2)": 0.036288837398505996,
        "(11, 3)": 0.00011936403356466982,
        "(11, 4)": 0.0004913576581749165,
        "(11, 5)": 0.005392010051796721,
        "(11, 6)": 0.01332774573316101,
        "(11, 7)": 0.0009727674187919319,
        "(11, 8)": 0.01332050917529007,
        "(11, 9)": 0.09656467346732378,
        "(12, 1)": 0.0018122523917110697,
        "(12, 2)": 0.1298558142965288,
        "(12, 3)": 0.7454264694133154,
        "(12, 4)": 0.005761418527462731,
        "(12, 5)": 0.00014150716220579982,
        "(12, 6)": 0.0438363510711023,
        "(12, 7)": 0.02656808699228314,
        "(12, 8)": 0.10256469918957725,
        "(12, 9)": 0.09796717760946225,
        "(13, 1)": 0.10528786087390227,
        "(13, 2)": 0.0007016472970757958,
        "(13, 3)": 0.0010746521877573985,
        "(13, 4)": 0.07057550278149284,
        "(13, 5)": 0.0019510303513330272,
        "(13, 6)": 0.3104370150448348,
        "(13, 7)": 0.6439622041769337,
        "(13, 8)": 0.0023163390448438376,
        "(13, 9)": 0.012160807812500564,
        "(14, 1)": 0.0968623052050524,
        "(14, 2)": 0.022236115533232376,
        "(14, 3)": 0.07213721788202132,
        "(14, 4)": 0.2795468786492941,
        "(14, 5)": 0.06491056910574594,
        "(14, 6)": 0.005721868315802046,
        "(14, 7)": 0.014948741297902567,
        "(14, 8)": 0.0041360396967010495,
        "(14, 9)": 0.5606521224468133,
        "(15, 1)": 0.010656918556333338,
        "(15, 2)": 0.06528091662948116,
        "(15, 3)": 0.21751190935854314,
        "(15, 4)": 0.009936172219814864,
        "(15, 5)": 0.28746337535913324,
        "(15, 6)": 0.0972927426416579,
        "(15, 7)": 0.008369248557528302,
        "(15, 8)": 0.0003844876873812726,
        "(15, 9)": 0.0012795293352042684,
        "(16, 1)": 0.014743170140641111,
        "(16, 2)": 0.0003398941184213466,
        "(16, 3)": 0.005116547357628473,
        "(16, 4)": 0.02694894543746113,
        "(16, 5)": 7.005718098960492e-05,
        "(16, 6)": 0.06614814584195973,
        "(16, 7)": 0.4534201797603393,
        "(16, 8)": 0.02491505779511922,
        "(16, 9)": 0.06825403989951025,
        "(17, 1)": 0.003646110305702433,
        "(17, 2)": 0.8210971387786336,
        "(17, 3)": 0.07459119064196117,
        "(17, 4)": 0.004896095863835278,
        "(17, 5)": 0.00019504897528481669,
        "(17, 6)": 0.0072941924760494044,
        "(17, 7)": 0.002413505199394909,
        "(17, 8)": 0.025957315238274686,
        "(17, 9)": 0.002463785652447906,
        "(18, 1)": 0.00030782324462685456,
        "(18, 2)": 0.04359427172537258,
        "(18, 3)": 0.0028504606905660674,
        "(18, 4)": 0.00830617896549081,
        "(18, 5)": 0.0027208870937862144,
        "(18, 6)": 0.0028078687140011597,
        "(18, 7)": 0.00048327922902689216,
        "(18, 8)": 0.24628103272458174,
        "(18, 9)": 0.03506633102067713,
        "(19, 1)": 0.07642917901060536,
        "(19, 2)": 0.0074386434228006695,
        "(19, 3)": 0.008544677911030113,
        "(19, 4)": 0.21329722201750193,
        "(19, 5)": 0.7258902426520892,
        "(19, 6)": 0.11689212369447793,