{
    "min_scaled_matching_probability": 0.0,
    "scaled_matching_probabilities": {
        "(0, 2)": 0.0,
        "(0, 3)": 0.0,
        "(0, 4)": 0.0,
        "(0, 5)": 0.0,
        "(0, 6)": 0.8625100916770614,
        "(0, 7)": 0.9171040119844351,
        "(0, 8)": 0.5262009958876589,
        "(0, 9)": 0.8603218397916459,
        "(0, 10)": 0.905139878870941,
        "(0, 11)": 0.8350561680213613,
        "(0, 12)": 0.0,
        "(0, 13)": 0.7485521450061007,
        "(0, 14)": 0.0,
        "(0, 15)": 0.8900823400599776,
        "(0, 16)": 0.8276060778884835,
        "(0, 19)": 0.9439631897742032,
        "(0, 20)": 0.9051469981612323
    },
    "matching_probabilities": {
        "(0, 2)": 0.0,
        "(0, 3)": 0.0,
        "(0, 4)": 0.0,
        "(0, 5)": 0.0,
        "(0, 6)": 0.0354,
        "(0, 7)": 0.139,
        "(0, 8)": 0.0001,
        "(0, 9)": 0.0173,
        "(0, 10)": 0.3192,
        "(0, 11)": 0.014,
        "(0, 12)": 0.0,
        "(0, 13)": 0.0058,
        "(0, 14)": 0.0,
        "(0, 15)": 0.0411,
        "(0, 16)": 0.0041,
        "(0, 19)": 0.0015,
        "(0, 20)": 0.3231
    },
    "matching_counts": {
        "(0, 2)": 0,
        "(0, 3)": 0,
        "(0, 4)": 0,
        "(0, 5)": 0,
        "(0, 6)": 354.0,
        "(0, 7)": 1390.0,
        "(0, 8)": 1.0,
        "(0, 9)": 173.0,
        "(0, 10)": 3192.0,
        "(0, 11)": 140.0,
        "(0, 12)": 0,
        "(0, 13)": 58.0,
        "(0, 14)": 0,
        "(0, 15)": 411.0,
        "(0, 16)": 41.0,
        "(0, 19)": 15.0,
        "(0, 20)": 3231.0
    },
    "average_num_matching_probability_capped": 0.0,
    "average_num_matching_probability_exceeds_one": 0.0,
    "average_num_proposal_matching_probability_exceeds_one": 0.0,
    "simulation_parameters": {
        "graph_file": "nonuniform_star_20_order_1.json",
        "c_guarantee": 0.9,
        "experiment_name": "nonuniform_star_20_order_1_tr_c90_r100_sim10000",
        "average_edge_weight": 0.05,
        "r": 1.0,
        "num_sim_instances": 10000,
        "rounding_scheme_class": "SimpleRecursiveRoundingSchemeForTree",
        "parallel": true
    }
}