{
    "min_scaled_matching_probability": 0.027800882960935254,
    "scaled_matching_probabilities": {
        "(0, 10)": 7.854455710562989,
        "(0, 11)": 0.44684413034879944,
        "(0, 12)": 0.21647762824712216,
        "(0, 13)": 0.31864474246785424,
        "(0, 14)": 0.13424945820249673,
        "(0, 15)": 0.4822520742122108,
        "(0, 16)": 0.2237102941839155,
        "(0, 17)": 0.2664635056818135,
        "(0, 18)": 0.609414652404356,
        "(0, 19)": 0.2942062603883337,
        "(10, 1)": 0.8554762888098247,
        "(10, 2)": 0.2560424841238385,
        "(10, 3)": 0.2855156857973501,
        "(10, 4)": 0.5184306989127078,
        "(10, 5)": 0.09626334924525354,
        "(10, 6)": 0.5247939980696972,
        "(10, 7)": 0.8467528761318405,
        "(10, 8)": 0.20457204833619366,
        "(10, 9)": 1.0740763184858912,
        "(11, 1)": 0.49153361942811485,
        "(11, 2)": 0.34450306921030693,
        "(11, 3)": 0.6280263000263494,
        "(11, 4)": 0.22913155379673955,
        "(11, 5)": 0.976514930738222,
        "(11, 6)": 0.11458913811568447,
        "(11, 7)": 0.24558202359029754,
        "(11, 8)": 6.162000666728205,
        "(11, 9)": 0.2929778397150459,
        "(12, 1)": 0.03803296237482497,
        "(12, 2)": 0.11377780257711201,
        "(12, 3)": 0.15322561319076292,
        "(12, 4)": 18.46652313997356,
        "(12, 5)": 0.21541774010057002,
        "(12, 6)": 0.9885069068256057,
        "(12, 7)": 0.2582546689456894,
        "(12, 8)": 1.1634309077972345,
        "(12, 9)": 0.03676773656830768,
        "(13, 1)": 1.1652966683604011,
        "(13, 2)": 0.05378827120941796,
        "(13, 3)": 1.14004479530364,
        "(13, 4)": 0.18713087125825867,
        "(13, 5)": 5.1904274598520965,
        "(13, 6)": 0.393301587925676,
        "(13, 7)": 0.07867887735280336,
        "(13, 8)": 0.7716325892297082,
        "(13, 9)": 0.4320003251423385,
        "(14, 1)": 0.8011318277315324,
        "(14, 2)": 0.09526846985911032,
        "(14, 3)": 1.0161835669623185,
        "(14, 4)": 0.10601650189563439,
        "(14, 5)": 1.4174743296247114,
        "(14, 6)": 0.25266215272555964,
        "(14, 7)": 0.11539864839020171,
        "(14, 8)": 0.23022440326929555,
        "(14, 9)": 0.13570501557030054,
        "(15, 1)": 0.0957631504359779,
        "(15, 2)": 0.0964242060573033,
        "(15, 3)": 0.9671431722567387,
        "(15, 4)": 0.04711518010042699,
        "(15, 5)": 0.14359117260418133,
        "(15, 6)": 0.10857986806610491,
        "(15, 7)": 0.21032683002156513,
        "(15, 8)": 0.39420503153155206,
        "(15, 9)": 0.1499748236008038,
        "(16, 1)": 0.4571375877755774,
        "(16, 2)": 0.09536155589028163,
        "(16, 3)": 0.21225640157586534,
        "(16, 4)": 0.12742018015242246,
        "(16, 5)": 0.1601635319626424,
        "(16, 6)": 0.10386974536451682,
        "(16, 7)": 0.4658529736823769,
        "(16, 8)": 2.2942658732389924,
        "(16, 9)": 0.38712431732262864,
        "(17, 1)": 0.3702045715087425,
        "(17, 2)": 0.32751000034962224,
        "(17, 3)": 0.6786757084625568,
        "(17, 4)": 0.07415168544759512,
        "(17, 5)": 0.1410728956458656,
        "(17, 6)": 0.9681867193551679,
        "(17, 7)": 0.24753555035309305,
        "(17, 8)": 0.5933888837908283,
        "(17, 9)": 0.12032326122839508,
        "(18, 1)": 0.27835732549906783,
        "(18, 2)": 0.9680410928600774,
        "(18, 3)": 0.1493143882654382,
        "(18, 4)": 0.26828975654820897,
        "(18, 5)": 0.6006329893739624,
        "(18, 6)": 0.1848732447944367,
        "(18, 7)": 0.15739461459026968,
        "(18, 8)": 0.5740458481381873,
        "(18, 9)": 0.6365213062604446,
        "(19, 1)": 0.1966248996506374,
        "(19, 2)": 0.027800882960935254,
        "(19, 3)": 0.8838533166363491,
        "(19, 4)": 0.17686162264464392,
        "(19, 5)": 1.061504357087386,
        "(19, 6)": 0.6943581029575495,
        "(19, 7)": 0.44539399102765,
        "(19, 8)": 0.23297140706955707,
        "(19, 9)": 0.07867059886765901
    },
    "matching_probabilities": {
        "(0, 10)": 0.01022093759309298,
        "(0, 11)": 0.09043672073428011,
        "(0, 12)": 0.00016924135875446788,
        "(0, 13)": 0.0020942416495484235,
        "(0, 14)": 0.005132622748503261,
        "(0, 15)": 0.002241767560240216,
        "(0, 16)": 0.027043806033455513,
        "(0, 17)": 0.03996569034080921,
        "(0, 18)": 0.28622168229381056,
        "(0, 19)": 0.0014369234048728196,
        "(10, 1)": 0.0071716239916066425,
        "(10, 2)": 0.001752115391785235,
        "(10, 3)": 0.00045416859173895164,
        "(10, 4)": 0.07949194637268699,
        "(10, 5)": 0.0013406088282776308,
        "(10, 6)": 0.10096551134555966,
        "(10, 7)": 0.0428566325332171,
        "(10, 8)": 0.06882577442517072,
        "(10, 9)": 0.2015577134936109,
        "(11, 1)": 0.3041617837004177,
        "(11, 2)": 0.015380670406493775,
        "(11, 3)": 0.0001034315612742537,
        "(11, 4)": 7.358792415053817e-05,
        "(11, 5)": 0.006966553758241763,
        "(11, 6)": 0.0019898609355247106,
        "(11, 7)": 0.00036690198452052667,
        "(11, 8)": 0.11284107191727571,
        "(11, 9)": 0.026169528587887295,
        "(12, 1)": 6.66558736767092e-05,
        "(12, 2)": 0.017261538613965628,
        "(12, 3)": 0.0727502827486687,
        "(12, 4)": 0.18221629472934198,
        "(12, 5)": 4.053209434484918e-05,
        "(12, 6)": 0.04135700389193978,
        "(12, 7)": 0.010885758678608486,
        "(12, 8)": 0.17439579797147026,
        "(12, 9)": 0.003908205993478031,
        "(13, 1)": 0.1133632567875921,
        "(13, 2)": 4.933398348522022e-05,
        "(13, 3)": 0.0014832467212451375,
        "(13, 4)": 0.02148553419294313,
        "(13, 5)": 0.014278749949359744,
        "(13, 6)": 0.15222990941107692,
        "(13, 7)": 0.02110738668503073,
        "(13, 8)": 0.0034082343427601523,
        "(13, 9)": 0.010576156505999771,
        "(14, 1)": 0.13121212966609008,
        "(14, 2)": 0.003517848889335648,
        "(14, 3)": 0.09312207138014816,
        "(14, 4)": 0.026440671860218225,
        "(14, 5)": 0.13581807407477473,
        "(14, 6)": 0.0022742492815836586,
        "(14, 7)": 0.0015295910155025442,
        "(14, 8)": 0.0023961396250214997,
        "(14, 9)": 0.03742933566105595,
        "(15, 1)": 0.0016524741521814817,
        "(15, 2)": 0.00488073370912156,
        "(15, 3)": 0.28097058966078176,
        "(15, 4)": 0.0005656118033629117,
        "(15, 5)": 0.07356153499508446,
        "(15, 6)": 0.010324739844960244,
        "(15, 7)": 0.002716996336489525,
        "(15, 8)": 0.00021671815992447608,
        "(15, 9)": 0.00031828218926681584,
        "(16, 1)": 0.007702071726044831,
        "(16, 2)": 0.00013625160230558634,
        "(16, 3)": 0.0014267219501742368,
        "(16, 4)": 0.004482434506235047,
        "(16, 5)": 3.213797198014413e-05,
        "(16, 6)": 0.013022491873814266,
        "(16, 7)": 0.24115446696265502,
        "(16, 8)": 0.09449403571320641,
        "(16, 9)": 0.044243276423422705,
        "(17, 1)": 0.0031312040809330314,
        "(17, 2)": 0.20573180569311902,
        "(17, 3)": 0.06862074978524282,
        "(17, 4)": 0.0020838733267554265,
        "(17, 5)": 4.319810952081725e-05,
        "(17, 6)": 0.015565283956112822,
        "(17, 7)": 0.001097561112450156,
        "(17, 8)": 0.03242083660608595,
        "(17, 9)": 0.0005634149597567184,
        "(18, 1)": 0.00019603182222325914,
        "(18, 2)": 0.06125763911179407,
        "(18, 3)": 0.0008676718189698971,
        "(18, 4)": 0.002933341149384598,
        "(18, 5)": 0.0016143799166502444,
        "(18, 6)": 0.0005466274648711177,
        "(18, 7)": 0.00019080878495621935,
        "(18, 8)": 0.21686934556215737,
        "(18, 9)": 0.03831142327151607,
        "(19, 1)": 0.012941427652778698,
        "(19, 2)": 0.0004162413606408319,
        "(19, 3)": 0.021121696620730348,
        "(19, 4)": 0.05117940652352453,