{
    "min_scaled_matching_probability": 0.19338467101954437,
    "scaled_matching_probabilities": {
        "(0, 1)": 1.0267093345143197,
        "(0, 2)": 1.193034084632448,
        "(0, 3)": 1.0554224975218167,
        "(0, 4)": 1.2052833386567405,
        "(0, 5)": 0.3804213681326845,
        "(0, 6)": 0.9357063346162198,
        "(0, 7)": 0.8965194118401839,
        "(0, 8)": 0.39648758970189035,
        "(0, 9)": 1.2956356608094477,
        "(1, 2)": 1.5799833881978742,
        "(1, 3)": 1.0080826846932418,
        "(1, 4)": 1.0233097174322547,
        "(1, 5)": 0.9478299108685223,
        "(1, 6)": 0.2882299356468254,
        "(1, 7)": 0.30336522504568125,
        "(1, 8)": 0.9743695188670217,
        "(1, 9)": 1.1408096696978967,
        "(2, 3)": 1.0500495657008992,
        "(2, 4)": 1.4268999442939745,
        "(2, 5)": 1.1096929326366374,
        "(2, 6)": 1.0769930254493476,
        "(2, 7)": 0.40314768437243026,
        "(2, 8)": 1.0532197924076727,
        "(2, 9)": 0.9841171916228841,
        "(3, 4)": 3.2956995875591923,
        "(3, 5)": 1.157516786961074,
        "(3, 6)": 0.9412802418598955,
        "(3, 7)": 0.9826248325385352,
        "(3, 8)": 1.079243383292957,
        "(3, 9)": 0.22437429051734292,
        "(4, 5)": 1.077552410131082,
        "(4, 6)": 0.7107932776731363,
        "(4, 7)": 0.987671944442623,
        "(4, 8)": 0.9806250422767467,
        "(4, 9)": 1.0704378397451524,
        "(5, 6)": 1.779397130508069,
        "(5, 7)": 1.0516163785326091,
        "(5, 8)": 0.9789990252931471,
        "(5, 9)": 0.19338467101954437,
        "(6, 7)": 0.9671760988246902,
        "(6, 8)": 1.234776103519083,
        "(6, 9)": 1.0526285140092304,
        "(7, 8)": 0.9657557448209353,
        "(7, 9)": 1.0459924062309371,
        "(8, 9)": 3.3541695945585306
    },
    "matching_probabilities": {
        "(0, 1)": 0.055066036701045866,
        "(0, 2)": 0.07627565867416813,
        "(0, 3)": 0.1336740808562016,
        "(0, 4)": 0.03526221438121701,
        "(0, 5)": 0.029755328925374913,
        "(0, 6)": 0.02787011768144518,
        "(0, 7)": 0.004016917212293485,
        "(0, 8)": 0.19839694591720136,
        "(0, 9)": 0.12627631359539246,
        "(1, 2)": 0.20974697032202963,
        "(1, 3)": 0.001899587377586828,
        "(1, 4)": 0.24176525347505454,
        "(1, 5)": 0.047770022260534,
        "(1, 6)": 0.006167601389094832,
        "(1, 7)": 0.07673357085358375,
        "(1, 8)": 0.002053556096865457,
        "(1, 9)": 0.28006051307508634,
        "(2, 3)": 0.2812293010860566,
        "(2, 4)": 0.004742102088719293,
        "(2, 5)": 0.10795816832326911,
        "(2, 6)": 0.0826934937228635,
        "(2, 7)": 0.09532084663198834,
        "(2, 8)": 0.004022437552283662,
        "(2, 9)": 0.0098760153171725,
        "(3, 4)": 0.05610028764833218,
        "(3, 5)": 0.033819821308584574,
        "(3, 6)": 0.010122591328299436,
        "(3, 7)": 0.012158625919715211,
        "(3, 8)": 0.17505380984173677,
        "(3, 9)": 0.0578480565040761,
        "(4, 5)": 0.13715447226514485,
        "(4, 6)": 0.32230316777713885,
        "(4, 7)": 0.00039547800975121643,
        "(4, 8)": 0.00939666969761049,
        "(4, 9)": 0.1289163115687596,
        "(5, 6)": 0.12101597237338017,
        "(5, 7)": 0.46315777679675657,
        "(5, 8)": 0.00201812621214548,
        "(5, 9)": 0.016549399715432657,
        "(6, 7)": 0.0016245051256928214,
        "(6, 8)": 0.327583787182583,
        "(6, 9)": 0.0531910824431606,
        "(7, 8)": 0.00038808464281873294,
        "(7, 9)": 0.05298281742465662,
        "(8, 9)": 0.1735875339421733
    },
    "matching_counts": {
        "(0, 1)": 550.6603670104587,
        "(0, 2)": 762.7565867416813,
        "(0, 3)": 1336.7408085620161,
        "(0, 4)": 352.6221438121701,
        "(0, 5)": 297.55328925374914,
        "(0, 6)": 278.7011768144518,
        "(0, 7)": 40.16917212293485,
        "(0, 8)": 1983.9694591720136,
        "(0, 9)": 1262.7631359539246,
        "(1, 2)": 2097.469703220296,
        "(1, 3)": 18.99587377586828,
        "(1, 4)": 2417.6525347505453,
        "(1, 5)": 477.70022260534,
        "(1, 6)": 61.67601389094832,
        "(1, 7)": 767.3357085358374,
        "(1, 8)": 20.53556096865457,
        "(1, 9)": 2800.6051307508633,
        "(2, 3)": 2812.293010860566,
        "(2, 4)": 47.42102088719293,
        "(2, 5)": 1079.5816832326911,
        "(2, 6)": 826.934937228635,
        "(2, 7)": 953.2084663198833,
        "(2, 8)": 40.22437552283662,
        "(2, 9)": 98.76015317172501,
        "(3, 4)": 561.0028764833218,
        "(3, 5)": 338.19821308584574,
        "(3, 6)": 101.22591328299437,
        "(3, 7)": 121.58625919715212,
        "(3, 8)": 1750.5380984173678,
        "(3, 9)": 578.480565040761,
        "(4, 5)": 1371.5447226514486,
        "(4, 6)": 3223.031677771389,
        "(4, 7)": 3.9547800975121645,
        "(4, 8)": 93.9666969761049,
        "(4, 9)": 1289.163115687596,
        "(5, 6)": 1210.1597237338017,
        "(5, 7)": 4631.577767967566,
        "(5, 8)": 20.1812621214548,
        "(5, 9)": 165.49399715432656,
        "(6, 7)": 16.245051256928214,
        "(6, 8)": 3275.8378718258305,
        "(6, 9)": 531.910824431606,
        "(7, 8)": 3.880846428187329,
        "(7, 9)": 529.8281742465662,
        "(8, 9)": 1735.8753394217329
    },
    "average_num_matching_probability_capped": 1.2274,
    "average_num_matching_probability_exceeds_one": 1.1184,
    "average_num_proposal_matching_probability_exceeds_one": 0.7426,
    "simulation_parameters": {
        "graph_file": "nonuniform_complete_10_order_0.json",
        "c_guarantee": 1.0,
        "experiment_name": "nonuniform_complete_10_order_0_si_c100_r50_sim10000",
        "average_edge_weight": 0.1111111111111111,
        "r": 0.5,
        "num_sim_instances": 10000,
        "rounding_scheme_class": "SimpleRecursiveRoundingScheme",
        "parallel": true
    }
}