{
    "min_scaled_matching_probability": 0.5201235252509575,
    "scaled_matching_probabilities": {
        "(0, 1)": 0.8024947344854617,
        "(0, 2)": 0.919767502295562,
        "(0, 3)": 0.8190354993989535,
        "(0, 4)": 0.8864549824273198,
        "(0, 5)": 0.6390307768556371,
        "(0, 6)": 0.7821114328106896,
        "(0, 7)": 0.7811186588261907,
        "(0, 8)": 0.718027633344747,
        "(0, 9)": 0.8734350214164917,
        "(1, 2)": 0.9769081736542488,
        "(1, 3)": 0.8199570326625832,
        "(1, 4)": 0.8065734239952534,
        "(1, 5)": 0.7872196350907563,
        "(1, 6)": 0.7152938744658359,
        "(1, 7)": 0.8644316706782446,
        "(1, 8)": 0.7722359380283457,
        "(1, 9)": 0.8606327094164359,
        "(2, 3)": 0.7957398352302406,
        "(2, 4)": 0.9940298893997898,
        "(2, 5)": 0.8885991963441227,
        "(2, 6)": 0.7911516318315993,
        "(2, 7)": 0.6084446696141853,
        "(2, 8)": 0.8359132844796908,
        "(2, 9)": 0.80136821230321,
        "(3, 4)": 4.382288585501733,
        "(3, 5)": 0.771990266376844,
        "(3, 6)": 0.8568305931199646,
        "(3, 7)": 0.7264142418494591,
        "(3, 8)": 0.7797273042250628,
        "(3, 9)": 0.5201235252509575,
        "(4, 5)": 0.8228598994294123,
        "(4, 6)": 0.9272324151779199,
        "(4, 7)": 0.8687668606191223,
        "(4, 8)": 0.828574320744309,
        "(4, 9)": 0.7998477232299191,
        "(5, 6)": 0.9322338159974679,
        "(5, 7)": 0.8028926095828015,
        "(5, 8)": 0.8136969405029022,
        "(5, 9)": 1.556394170482451,
        "(6, 7)": 0.6985013000991218,
        "(6, 8)": 0.8282249478526227,
        "(6, 9)": 0.8362425140151997,
        "(7, 8)": 0.7439020716065645,
        "(7, 9)": 0.8195303972574959,
        "(8, 9)": 1.4032988798572525
    },
    "matching_probabilities": {
        "(0, 1)": 0.0430406182315236,
        "(0, 2)": 0.05880458317861235,
        "(0, 3)": 0.10373458764412215,
        "(0, 4)": 0.0259344542707168,
        "(0, 5)": 0.04998292039196227,
        "(0, 6)": 0.023295276376832368,
        "(0, 7)": 0.0034998561593241454,
        "(0, 8)": 0.3592911688531336,
        "(0, 9)": 0.08512744593698587,
        "(1, 2)": 0.12968714179996438,
        "(1, 3)": 0.0015450915416559935,
        "(1, 4)": 0.19055953928373068,
        "(1, 5)": 0.03967536692079694,
        "(1, 6)": 0.015306000342629935,
        "(1, 7)": 0.21865040345373346,
        "(1, 8)": 0.0016275445691288628,
        "(1, 9)": 0.21127909814456325,
        "(2, 3)": 0.2131188517360698,
        "(2, 4)": 0.003303519096501556,
        "(2, 5)": 0.08644872720141283,
        "(2, 6)": 0.060746068873940455,
        "(2, 7)": 0.14386157550830966,
        "(2, 8)": 0.0031925045562022506,
        "(2, 9)": 0.008042055160473644,
        "(3, 4)": 0.07459649876241471,
        "(3, 5)": 0.022555675351695326,
        "(3, 6)": 0.009214414099035978,
        "(3, 7)": 0.00898837352459718,
        "(3, 8)": 0.12647215387668795,
        "(3, 9)": 0.13409796197435103,
        "(4, 5)": 0.10473635824420098,
        "(4, 6)": 0.4204456542636567,
        "(4, 7)": 0.00034786670909170745,
        "(4, 8)": 0.007939669982197911,
        "(4, 9)": 0.0963282635075945,
        "(5, 6)": 0.06340078883350136,
        "(5, 7)": 0.3536136975917074,
        "(5, 8)": 0.0016773695192186448,
        "(5, 9)": 0.13319250748411263,
        "(6, 7)": 0.001173228891504898,
        "(6, 8)": 0.21972652716830493,
        "(6, 9)": 0.04225673531875113,
        "(7, 8)": 0.0002989337327784445,
        "(7, 9)": 0.041511801761841466,
        "(8, 9)": 0.07262459010224738
    },
    "matching_counts": {
        "(0, 1)": 430.40618231523604,
        "(0, 2)": 588.0458317861235,
        "(0, 3)": 1037.3458764412214,
        "(0, 4)": 259.344542707168,
        "(0, 5)": 499.82920391962267,
        "(0, 6)": 232.95276376832368,
        "(0, 7)": 34.998561593241455,
        "(0, 8)": 3592.911688531336,
        "(0, 9)": 851.2744593698587,
        "(1, 2)": 1296.8714179996437,
        "(1, 3)": 15.450915416559935,
        "(1, 4)": 1905.5953928373067,
        "(1, 5)": 396.75366920796944,
        "(1, 6)": 153.06000342629935,
        "(1, 7)": 2186.5040345373345,
        "(1, 8)": 16.275445691288628,
        "(1, 9)": 2112.7909814456325,
        "(2, 3)": 2131.188517360698,
        "(2, 4)": 33.03519096501556,
        "(2, 5)": 864.4872720141284,
        "(2, 6)": 607.4606887394045,
        "(2, 7)": 1438.6157550830967,
        "(2, 8)": 31.925045562022504,
        "(2, 9)": 80.42055160473645,
        "(3, 4)": 745.9649876241472,
        "(3, 5)": 225.55675351695328,
        "(3, 6)": 92.14414099035977,
        "(3, 7)": 89.8837352459718,
        "(3, 8)": 1264.7215387668793,
        "(3, 9)": 1340.9796197435103,
        "(4, 5)": 1047.3635824420098,
        "(4, 6)": 4204.456542636567,
        "(4, 7)": 3.4786670909170745,
        "(4, 8)": 79.39669982197911,
        "(4, 9)": 963.2826350759451,
        "(5, 6)": 634.0078883350136,
        "(5, 7)": 3536.136975917074,
        "(5, 8)": 16.773695192186448,
        "(5, 9)": 1331.9250748411262,
        "(6, 7)": 11.732288915048981,
        "(6, 8)": 2197.2652716830494,
        "(6, 9)": 422.56735318751134,
        "(7, 8)": 2.9893373277844453,
        "(7, 9)": 415.1180176184147,
        "(8, 9)": 726.2459010224738
    },
    "average_num_matching_probability_capped": 1.291,
    "average_num_matching_probability_exceeds_one": 1.1712,
    "average_num_proposal_matching_probability_exceeds_one": 0.8888,
    "simulation_parameters": {
        "graph_file": "nonuniform_complete_10_order_0.json",
        "c_guarantee": 0.8,
        "experiment_name": "nonuniform_complete_10_order_0_si_c80_r70_sim10000",
        "average_edge_weight": 0.1111111111111111,
        "r": 0.7,
        "num_sim_instances": 10000,
        "rounding_scheme_class": "SimpleRecursiveRoundingScheme",
        "parallel": true
    }
}