{
    "min_scaled_matching_probability": 0.17378784576111453,
    "scaled_matching_probabilities": {
        "(0, 1)": 1.402382411328689,
        "(0, 2)": 0.3153556712909587,
        "(0, 3)": 0.800093283018986,
        "(1, 4)": 1.6620970143723337,
        "(1, 5)": 1.8758378863054008,
        "(1, 6)": 0.36647015946266,
        "(2, 7)": 0.7711041841365224,
        "(2, 8)": 1.2339861126636482,
        "(2, 9)": 1.2878720510451418,
        "(3, 10)": 0.38031395556823855,
        "(3, 11)": 0.8886177919085221,
        "(3, 12)": 0.9396970821205872,
        "(4, 13)": 1.3736031367674948,
        "(4, 14)": 0.5494584000502812,
        "(4, 15)": 0.5105238473785274,
        "(5, 16)": 1.1467012250137818,
        "(5, 17)": 0.5425421084748828,
        "(5, 18)": 0.506086587907003,
        "(6, 19)": 5.5151532953243665,
        "(6, 20)": 1.3010890185690622,
        "(6, 21)": 0.7753100955193908,
        "(7, 22)": 0.9052410455866992,
        "(7, 23)": 0.35759753924983295,
        "(7, 24)": 1.072230408997613,
        "(8, 25)": 1.2867356029184438,
        "(8, 26)": 1.1352336307248083,
        "(8, 27)": 0.5443597258573262,
        "(9, 28)": 0.9895556552785084,
        "(9, 29)": 1.8058719736175401,
        "(9, 30)": 0.2767529852051826,
        "(10, 31)": 1.477519428137875,
        "(10, 32)": 1.5706126319142304,
        "(10, 33)": 0.32369168111062735,
        "(11, 34)": 0.30408414985480164,
        "(11, 35)": 0.33302209925048176,
        "(11, 36)": 1.9676796904694682,
        "(12, 37)": 0.4632243917583387,
        "(12, 38)": 6.407045482241172,
        "(12, 39)": 0.2932356555423539,
        "(13, 40)": 0.6472434739045987,
        "(13, 41)": 0.5623828737528569,
        "(13, 42)": 0.603294456036837,
        "(14, 43)": 0.3563676612609123,
        "(14, 44)": 1.0327894120844718,
        "(14, 45)": 0.5874750283289873,
        "(15, 46)": 0.293581679389713,
        "(15, 47)": 3.652780679205487,
        "(15, 48)": 2.075735623872977,
        "(16, 49)": 1.057908094579447,
        "(16, 50)": 0.3542486937380211,
        "(16, 51)": 4.429481927150377,
        "(17, 52)": 0.982951662450008,
        "(17, 53)": 1.294919641764722,
        "(17, 54)": 0.5823205653715753,
        "(18, 55)": 0.17378784576111453,
        "(18, 56)": 0.9169904628891654,
        "(18, 57)": 0.8620212998895305,
        "(19, 58)": 0.792077441164629,
        "(19, 59)": 0.5977935256198745,
        "(19, 60)": 0.3987595332808221,
        "(20, 61)": 1.579912874730941,
        "(20, 62)": 0.4513633990868897,
        "(20, 63)": 2.7291007489538535,
        "(21, 64)": 1.9711133976047326,
        "(21, 65)": 0.7722408083313135,
        "(21, 66)": 0.4858652060262044,
        "(22, 67)": 6.399875993215021,
        "(22, 68)": 0.7468632981878739,
        "(22, 69)": 0.34522234526399437,
        "(23, 70)": 3.4659033076954646,
        "(23, 71)": 0.3056848522458573,
        "(23, 72)": 0.6477041612951016,
        "(24, 73)": 1.9364225839124607,
        "(24, 74)": 0.4734296900928849,
        "(24, 75)": 0.44045965651537905,
        "(25, 76)": 1.920580363992088,
        "(25, 77)": 0.3941341623535368,
        "(25, 78)": 0.7458828692389059,
        "(26, 79)": 0.4206263783929812,
        "(26, 80)": 0.5453736881317636,
        "(26, 81)": 0.4017286961979935,
        "(27, 82)": 0.6750713780578413,
        "(27, 83)": 1.0465750140676173,
        "(27, 84)": 0.328926923720544,
        "(28, 85)": 0.2948317937519757,
        "(28, 86)": 1.2794665555488358,
        "(28, 87)": 0.4112747993197233,
        "(29, 88)": 0.38550000161764353,
        "(29, 89)": 1.5984149013665399,
        "(29, 90)": 1.9669350330484543,
        "(30, 91)": 0.6301218141629419,
        "(30, 92)": 2.090423944922399,
        "(30, 93)": 2.3231850336494735,
        "(31, 94)": 0.5980001527391615,
        "(31, 95)": 0.62500178094914,
        "(31, 96)": 2.5194283530511115,
        "(32, 97)": 0.613441392255041,
        "(32, 98)": 0.706347856702823,
        "(32, 99)": 1.7832972861042606,
        "(33, 100)": 2.3806408286223957,
        "(33, 101)": 1.0450735366352593,
        "(33, 102)": 0.2756644911795588,
        "(34, 103)": 0.4551897225223595,
        "(34, 104)": 0.22620800153328355,
        "(34, 105)": 0.6891995323307369,
        "(35, 106)": 0.3111111314304257,
        "(35, 107)": 2.6664117014407966,
        "(35, 108)": 0.6010280394033085,
        "(36, 109)": 0.3511284693801502,
        "(36, 110)": 1.6046256971013173,
        "(36, 111)": 0.5756147552778584,
        "(37, 112)": 3.8144360481820394,
        "(37, 113)": 0.9294648316367126,
        "(37, 114)": 0.7745442847009776,
        "(38, 115)": 1.9636267122707294,
        "(38, 116)": 0.524369464849358,
        "(38, 117)": 0.589130356567471,
        "(39, 118)": 0.4779109764022033,
        "(39, 119)": 0.3047555149242621,
        "(39, 120)": 1.0658075236815314
    },
    "matching_probabilities": {
        "(0, 1)": 0.5819934939522884,
        "(0, 2)": 0.03914612779652589,
        "(0, 3)": 0.06728257513428965,
        "(1, 4)": 0.05092042737055051,
        "(1, 5)": 0.720397641554629,
        "(1, 6)": 0.029747370058771507,
        "(2, 7)": 0.10887106002855754,
        "(2, 8)": 0.5095367421880226,
        "(2, 9)": 0.21303610451832114,
        "(3, 10)": 0.05579074272319183,
        "(3, 11)": 0.15982743340029157,
        "(3, 12)": 0.2839964876976764,
        "(4, 13)": 0.34447599899209747,
        "(4, 14)": 0.07348079157684363,
        "(4, 15)": 0.04306384500085407,
        "(5, 16)": 0.13995261038310422,
        "(5, 17)": 0.07465905005231835,
        "(5, 18)": 0.052751597794219174,
        "(6, 19)": 0.6054197005838516,
        "(6, 20)": 0.4678855027044785,
        "(6, 21)": 0.08273937422734028,
        "(7, 22)": 0.07637686267562707,
        "(7, 23)": 0.08407677000680269,
        "(7, 24)": 0.07080658334515387,
        "(8, 25)": 0.026009213866096257,
        "(8, 26)": 0.20594074042489788,
        "(8, 27)": 0.04704787572896468,
        "(9, 28)": 0.12512388861833668,
        "(9, 29)": 0.7204280756727763,
        "(9, 30)": 0.03891430761069535,
        "(10, 31)": 0.20227094491126923,
        "(10, 32)": 0.20662387520098713,
        "(10, 33)": 0.11538802864993145,
        "(11, 34)": 0.007660410871414555,
        "(11, 35)": 0.0406852838719867,
        "(11, 36)": 1.063321832751983,
        "(12, 37)": 0.2567076056646809,
        "(12, 38)": 0.5816372486439528,
        "(12, 39)": 0.008349403180046724,
        "(13, 40)": 0.014879483211569944,
        "(13, 41)": 0.14702966873831627,
        "(13, 42)": 0.2521282933378569,
        "(14, 43)": 0.07827632853743388,
        "(14, 44)": 0.5475249732658835,
        "(14, 45)": 0.027979833680258224,
        "(15, 46)": 0.053865910085942686,
        "(15, 47)": 0.16903266953857735,
        "(15, 48)": 1.274337221437718,
        "(16, 49)": 0.758469361336346,
        "(16, 50)": 0.01810071391547401,
        "(16, 51)": 0.3131155605376192,
        "(17, 52)": 0.022068320739222335,
        "(17, 53)": 0.996051804451572,
        "(17, 54)": 0.03079948173891195,
        "(18, 55)": 0.011114765977672888,
        "(18, 56)": 0.6401406317778386,
        "(18, 57)": 0.09249564993832914,
        "(19, 58)": 0.3744031222047459,
        "(19, 59)": 0.03120192285350751,
        "(19, 60)": 0.1128994181487034,
        "(20, 61)": 0.6636936802840002,
        "(20, 62)": 0.016638601498472034,
        "(20, 63)": 0.43858501669111283,
        "(21, 64)": 0.8706426519651801,
        "(21, 65)": 0.20797069978287508,
        "(21, 66)": 0.04567981238197805,
        "(22, 67)": 0.5809693947142643,
        "(22, 68)": 0.37997336784410873,
        "(22, 69)": 0.08380781219108831,
        "(23, 70)": 0.6923209100799016,
        "(23, 71)": 0.05419084492428685,
        "(23, 72)": 0.18045766319131273,
        "(24, 73)": 1.2049612988397735,
        "(24, 74)": 0.019225203174589225,
        "(24, 75)": 0.11311654951964924,
        "(25, 76)": 1.2283730024333293,