{
    "min_scaled_matching_probability": 0.5002391443350093,
    "scaled_matching_probabilities": {
        "(0, 1)": 0.5939710116774279,
        "(0, 2)": 0.6106340838640005,
        "(0, 3)": 0.6112250410317186,
        "(1, 4)": 0.5157288377801563,
        "(1, 5)": 0.606706910597256,
        "(1, 6)": 0.5876360354489364,
        "(2, 7)": 0.6006153958418794,
        "(2, 8)": 0.5681496898295646,
        "(2, 9)": 0.6099730852864867,
        "(3, 10)": 0.5862442151226719,
        "(3, 11)": 0.5937928061332244,
        "(3, 12)": 0.6134577242047431,
        "(4, 13)": 0.6144760273435679,
        "(4, 14)": 0.5795123472419994,
        "(4, 15)": 0.585639253995993,
        "(5, 16)": 0.5981252453731428,
        "(5, 17)": 0.6075153680192287,
        "(5, 18)": 0.5871385981658878,
        "(6, 19)": 0.6121675609306773,
        "(6, 20)": 0.5873018059620161,
        "(6, 21)": 0.6175165786768155,
        "(7, 22)": 0.5724658092795718,
        "(7, 23)": 0.5937504078146386,
        "(7, 24)": 0.6496385275613757,
        "(8, 25)": 0.5689314375184176,
        "(8, 26)": 0.5892786190537082,
        "(8, 27)": 0.6317403404785789,
        "(9, 28)": 0.5891912178586581,
        "(9, 29)": 0.5963356468616416,
        "(9, 30)": 0.6372223739005713,
        "(10, 31)": 0.6026340207924914,
        "(10, 32)": 0.608865126036165,
        "(10, 33)": 0.5826493697248657,
        "(11, 34)": 0.5914635531814348,
        "(11, 35)": 0.6065322693115499,
        "(11, 36)": 0.6119611707343076,
        "(12, 37)": 0.5893439968658026,
        "(12, 38)": 0.5970419981648161,
        "(12, 39)": 0.6181217299314259,
        "(13, 40)": 0.5002391443350093,
        "(13, 41)": 0.5653293614407153,
        "(13, 42)": 0.6084909318946794,
        "(14, 43)": 0.6059627041800241,
        "(14, 44)": 0.6038005697462477,
        "(14, 45)": 0.5753006240194954,
        "(15, 46)": 0.6109709500327452,
        "(15, 47)": 0.5553746723153783,
        "(15, 48)": 0.5917701684191992,
        "(16, 49)": 0.5996217026596858,
        "(16, 50)": 0.6184429395655867,
        "(16, 51)": 0.6182010241973115,
        "(17, 52)": 0.605761660222779,
        "(17, 53)": 0.5959440674993616,
        "(17, 54)": 0.5672049000446722,
        "(18, 55)": 0.5644510414865052,
        "(18, 56)": 0.5940506290063338,
        "(18, 57)": 0.6039092678421654,
        "(19, 58)": 0.6035732090949004,
        "(19, 59)": 0.5728501573429462,
        "(19, 60)": 0.5841910249508707,
        "(20, 61)": 0.5863134644881922,
        "(20, 62)": 0.5859536584954051,
        "(20, 63)": 0.6234957525641283,
        "(21, 64)": 0.5922559199799234,
        "(21, 65)": 0.618993650948085,
        "(21, 66)": 0.5966976797134071,
        "(22, 67)": 0.6058721557956516,
        "(22, 68)": 0.5932082679162303,
        "(22, 69)": 0.6187060001092078,
        "(23, 70)": 0.6102569011808652,
        "(23, 71)": 0.6041398269628873,
        "(23, 72)": 0.582532121491284,
        "(24, 73)": 0.5957302135326098,
        "(24, 74)": 0.5368352755650609,
        "(24, 75)": 0.5805740633472486,
        "(25, 76)": 0.614774337783182,
        "(25, 77)": 0.5963073593517801,
        "(25, 78)": 0.5984063429418468,
        "(26, 79)": 0.6012858784123061,
        "(26, 80)": 0.6180406322284089,
        "(26, 81)": 0.5785969408504799,
        "(27, 82)": 0.5673840430454443,
        "(27, 83)": 0.6001271949990697,
        "(27, 84)": 0.5872204429510445,
        "(28, 85)": 0.542820685572218,
        "(28, 86)": 0.5844136719874572,
        "(28, 87)": 0.6025112328996519,
        "(29, 88)": 0.5935013842549385,
        "(29, 89)": 0.6067910909850199,
        "(29, 90)": 0.5753952712273794,
        "(30, 91)": 0.5934374712513014,
        "(30, 92)": 0.6236364829320272,
        "(30, 93)": 0.5792965880411103,
        "(31, 94)": 0.5891929091078405,
        "(31, 95)": 0.6102916216978898,
        "(31, 96)": 0.6339197119547193,
        "(32, 97)": 0.5999166554183549,
        "(32, 98)": 0.6811692672523358,
        "(32, 99)": 0.5992617015731587,
        "(33, 100)": 0.5949004065241418,
        "(33, 101)": 0.6064323707614482,
        "(33, 102)": 0.5926327183896583,
        "(34, 103)": 0.6236505909062608,
        "(34, 104)": 0.5098407066644738,
        "(34, 105)": 0.5969354283137833,
        "(35, 106)": 0.6450174165838453,
        "(35, 107)": 0.6089055187216174,
        "(35, 108)": 0.6029047191796176,
        "(36, 109)": 0.5812142093534929,
        "(36, 110)": 0.5957718840765003,
        "(36, 111)": 0.6306848726355421,
        "(37, 112)": 0.577644119947436,
        "(37, 113)": 0.6032476948681699,
        "(37, 114)": 0.6279570967795717,
        "(38, 115)": 0.5942005726153831,
        "(38, 116)": 0.5710593232988109,
        "(38, 117)": 0.6031032874507882,
        "(39, 118)": 0.5941950714440041,
        "(39, 119)": 0.5890711535627952,
        "(39, 120)": 0.6062702314562959
    },
    "matching_probabilities": {
        "(0, 1)": 0.2465,
        "(0, 2)": 0.0758,
        "(0, 3)": 0.0514,
        "(1, 4)": 0.0158,
        "(1, 5)": 0.233,
        "(1, 6)": 0.0477,
        "(2, 7)": 0.0848,
        "(2, 8)": 0.2346,
        "(2, 9)": 0.1009,
        "(3, 10)": 0.086,
        "(3, 11)": 0.1068,
        "(3, 12)": 0.1854,
        "(4, 13)": 0.1541,
        "(4, 14)": 0.0775,
        "(4, 15)": 0.0494,
        "(5, 16)": 0.073,
        "(5, 17)": 0.0836,
        "(5, 18)": 0.0612,
        "(6, 19)": 0.0672,
        "(6, 20)": 0.2112,
        "(6, 21)": 0.0659,
        "(7, 22)": 0.0483,
        "(7, 23)": 0.1396,
        "(7, 24)": 0.0429,
        "(8, 25)": 0.0115,
        "(8, 26)": 0.1069,
        "(8, 27)": 0.0546,
        "(9, 28)": 0.0745,
        "(9, 29)": 0.2379,
        "(9, 30)": 0.0896,
        "(10, 31)": 0.0825,
        "(10, 32)": 0.0801,
        "(10, 33)": 0.2077,
        "(11, 34)": 0.0149,
        "(11, 35)": 0.0741,
        "(11, 36)": 0.3307,
        "(12, 37)": 0.3266,
        "(12, 38)": 0.0542,
        "(12, 39)": 0.0176,
        "(13, 40)": 0.0115,
        "(13, 41)": 0.1478,
        "(13, 42)": 0.2543,
        "(14, 43)": 0.1331,
        "(14, 44)": 0.3201,
        "(14, 45)": 0.0274,
        "(15, 46)": 0.1121,
        "(15, 47)": 0.0257,
        "(15, 48)": 0.3633,
        "(16, 49)": 0.4299,
        "(16, 50)": 0.0316,
        "(16, 51)": 0.0437,
        "(17, 52)": 0.0136,
        "(17, 53)": 0.4584,
        "(17, 54)": 0.03,
        "(18, 55)": 0.0361,
        "(18, 56)": 0.4147,
        "(18, 57)": 0.0648,
        "(19, 58)": 0.2853,
        "(19, 59)": 0.0299,
        "(19, 60)": 0.1654,
        "(20, 61)": 0.2463,
        "(20, 62)": 0.0216,
        "(20, 63)": 0.1002,
        "(21, 64)": 0.2616,
        "(21, 65)": 0.1667,
        "(21, 66)": 0.0561,
        "(22, 67)": 0.055,
        "(22, 68)": 0.3018,
        "(22, 69)": 0.1502,
        "(23, 70)": 0.1219,
        "(23, 71)": 0.1071,
        "(23, 72)": 0.1623,
        "(24, 73)": 0.3707,
        "(24, 74)": 0.0218,
        "(24, 75)": 0.1491,
        "(25, 76)": 0.3932,
        "(25, 77)": 0.0445,
        "(25, 78)": 0.1548,
        "(26, 79)": 0.3524,
        "(26, 80)": 0.0226,
        "(26, 81)": 0.0998,
        "(27, 82)": 0.03,
        "(27, 83)": 0.4338,
        "(27, 84)": 0.072,
        "(28, 85)": 0.0269,
        "(28, 86)": 0.1331,
        "(28, 87)": 0.318,
        "(29, 88)": 0.104,
        "(29, 89)": 0.1904,
        "(29, 90)": 0.0285,
        "(30, 91)": 0.0944,
        "(30, 92)": 0.2239,
        "(30, 93)": 0.1096,
        "(31, 94)": 0.1545,
        "(31, 95)": 0.1033,
        "(31, 96)": 0.1993,
        "(32, 97)": 0.066,
        "(32, 98)": 0.0317,
        "(32, 99)": 0.4194,
        "(33, 100)": 0.291,
        "(33, 101)": 0.0729,
        "(33, 102)": 0.0136,
        "(34, 103)": 0.2239,
        "(34, 104)": 0.0195,
        "(34, 105)": 0.3014,
        "(35, 106)": 0.0438,
        "(35, 107)": 0.2693,
        "(35, 108)": 0.2073,
        "(36, 109)": 0.0194,
        "(36, 110)": 0.128,
        "(36, 111)": 0.1164,