{
    "min_scaled_matching_probability": 0.5731641620366863,
    "scaled_matching_probabilities": {
        "(0, 10)": 0.6329853077425692,
        "(0, 11)": 0.8852935766727097,
        "(0, 12)": 0.8775048326685752,
        "(0, 13)": 0.7596612226491676,
        "(0, 14)": 0.8900915011904741,
        "(0, 15)": 0.7744672723319921,
        "(0, 16)": 0.7120799513426631,
        "(0, 17)": 0.7930132756682893,
        "(0, 18)": 0.801220310868201,
        "(0, 19)": 0.7974870125860251,
        "(10, 1)": 1.0182717337722251,
        "(10, 2)": 0.788248192693676,
        "(10, 3)": 0.7374759428115725,
        "(10, 4)": 0.7498808667692612,
        "(10, 5)": 0.5731641620366863,
        "(10, 6)": 0.7797426415897765,
        "(10, 7)": 0.665658526164501,
        "(10, 8)": 0.8691557611681119,
        "(10, 9)": 0.7814511887459114,
        "(11, 1)": 0.7862336554900932,
        "(11, 2)": 0.6781220695985576,
        "(11, 3)": 0.810060020722865,
        "(11, 4)": 1.0542482337127492,
        "(11, 5)": 0.7653786104157094,
        "(11, 6)": 1.1926722291458371,
        "(11, 7)": 0.7266060317645966,
        "(11, 8)": 0.7291876772021497,
        "(11, 9)": 0.7571401236150151,
        "(12, 1)": 1.0184131557409781,
        "(12, 2)": 0.6905864391937895,
        "(12, 3)": 0.7931521095726967,
        "(12, 4)": 1.018736545806117,
        "(12, 5)": 0.7945159472651379,
        "(12, 6)": 0.9697767177465458,
        "(12, 7)": 0.8062035329097021,
        "(12, 8)": 0.7790917772017221,
        "(12, 9)": 0.8991490165167872,
        "(13, 1)": 0.9241395035322064,
        "(13, 2)": 1.1342385833876403,
        "(13, 3)": 0.8897710151992718,
        "(13, 4)": 0.7375921962130361,
        "(13, 5)": 1.0460854251223288,
        "(13, 6)": 0.8096339692961091,
        "(13, 7)": 0.8197986093494303,
        "(13, 8)": 0.7025418524892851,
        "(13, 9)": 0.7005370600484093,
        "(14, 1)": 0.8799266632649817,
        "(14, 2)": 0.6329296245457581,
        "(14, 3)": 0.9054445364400869,
        "(14, 4)": 0.8556215854042181,
        "(14, 5)": 0.7184693976635993,
        "(14, 6)": 0.7133850728067466,
        "(14, 7)": 0.7947194719885878,
        "(14, 8)": 0.6817608656205211,
        "(14, 9)": 0.8229808053099552,
        "(15, 1)": 0.6315141004644488,
        "(15, 2)": 0.8048372655631952,
        "(15, 3)": 0.6601171010184751,
        "(15, 4)": 0.9248224781156441,
        "(15, 5)": 0.8153861606507086,
        "(15, 6)": 1.0391394948037758,
        "(15, 7)": 0.6040675568799764,
        "(15, 8)": 0.7179485191919965,
        "(15, 9)": 0.7516321839333485,
        "(16, 1)": 1.0741376168876113,
        "(16, 2)": 0.5783240237393668,
        "(16, 3)": 0.9691855477587211,
        "(16, 4)": 0.8098131642087688,
        "(16, 5)": 1.1745452157257075,
        "(16, 6)": 0.676122153951558,
        "(16, 7)": 0.8561872279392784,
        "(16, 8)": 0.7599499617447598,
        "(16, 9)": 0.7808325036298078,
        "(17, 1)": 0.872116227112403,
        "(17, 2)": 0.8627578533315313,
        "(17, 3)": 0.8482069092255186,
        "(17, 4)": 0.610803859895749,
        "(17, 5)": 0.7031435850793428,
        "(17, 6)": 0.9054061289493864,
        "(17, 7)": 0.7630106279226473,
        "(17, 8)": 0.7275641821828441,
        "(17, 9)": 0.6843382341101958,
        "(18, 1)": 0.98784327396582,
        "(18, 2)": 0.7129129510481171,
        "(18, 3)": 0.6978861027046539,
        "(18, 4)": 0.7255372413978856,
        "(18, 5)": 0.9288729812820846,
        "(18, 6)": 0.8011589172510973,
        "(18, 7)": 0.8825680751681512,
        "(18, 8)": 0.8006860227217977,
        "(18, 9)": 0.6658866563309759,
        "(19, 1)": 0.824265477803161,
        "(19, 2)": 1.113005479081927,
        "(19, 3)": 0.6159496597569829,
        "(19, 4)": 0.8674187832183847,
        "(19, 5)": 0.7774947022120067,
        "(19, 6)": 0.7004294612787458,
        "(19, 7)": 0.777374732912685,
        "(19, 8)": 0.9936751899436955,
        "(19, 9)": 0.7411338293576771
    },
    "matching_probabilities": {
        "(0, 10)": 0.0008236984924468843,
        "(0, 11)": 0.1791744425486934,
        "(0, 12)": 0.0006860298285645872,
        "(0, 13)": 0.004992751989872423,
        "(0, 14)": 0.034029961449592507,
        "(0, 15)": 0.0036001412962665584,
        "(0, 16)": 0.08608165375077317,
        "(0, 17)": 0.11894057661072323,
        "(0, 18)": 0.37630638574227226,
        "(0, 19)": 0.0038949808612312054,
        "(10, 1)": 0.00853636984615384,
        "(10, 2)": 0.0053940337115987915,
        "(10, 3)": 0.0011730998577283635,
        "(10, 4)": 0.11498063245896453,
        "(10, 5)": 0.007982154596772656,
        "(10, 6)": 0.15001527230803732,
        "(10, 7)": 0.03369091933735939,
        "(10, 8)": 0.29241687143976447,
        "(10, 9)": 0.14664462114994395,
        "(11, 1)": 0.4865226336652242,
        "(11, 2)": 0.030275411106708366,
        "(11, 3)": 0.0001334112483278247,
        "(11, 4)": 0.00033858252070822624,
        "(11, 5)": 0.005460286440104418,
        "(11, 6)": 0.020710967170959434,
        "(11, 7)": 0.001085556634486287,
        "(11, 8)": 0.013353182444241423,
        "(11, 9)": 0.06762968874796475,
        "(12, 1)": 0.0017848522550192704,
        "(12, 2)": 0.10477073925158241,
        "(12, 3)": 0.37658221124087665,
        "(12, 4)": 0.010052265782524833,
        "(12, 5)": 0.0001494927730557534,
        "(12, 6)": 0.04057337304698494,
        "(12, 7)": 0.03398249154961927,
        "(12, 8)": 0.11678418655333253,
        "(12, 9)": 0.0955745417956939,
        "(13, 1)": 0.08990282619951533,
        "(13, 2)": 0.0010403105785513295,
        "(13, 3)": 0.0011576298987460178,
        "(13, 4)": 0.08468705481690425,
        "(13, 5)": 0.002877757627194938,
        "(13, 6)": 0.3133740355642005,
        "(13, 7)": 0.21992950120267993,
        "(13, 8)": 0.003103066540088185,
        "(13, 9)": 0.017150425946748468,
        "(14, 1)": 0.14411741918168508,
        "(14, 2)": 0.023371329255405308,
        "(14, 3)": 0.08297405458463344,
        "(14, 4)": 0.21339328474036556,
        "(14, 5)": 0.06884154995467816,
        "(14, 6)": 0.00642128420035077,
        "(14, 7)": 0.01053388216548543,
        "(14, 8)": 0.007095660588992638,
        "(14, 9)": 0.22698958233120692,
        "(15, 1)": 0.010897309904745769,
        "(15, 2)": 0.04073869553104795,
        "(15, 3)": 0.1917745959841102,
        "(15, 4)": 0.011102377376517888,
        "(15, 5)": 0.4177210653231202,
        "(15, 6)": 0.0988106279512196,
        "(15, 7)": 0.007803328462026427,
        "(15, 8)": 0.0003946993811704768,
        "(15, 9)": 0.001595141979713067,
        "(16, 1)": 0.018097581975632143,
        "(16, 2)": 0.0008263033688016094,
        "(16, 3)": 0.006514565801139236,
        "(16, 4)": 0.028487908795220482,
        "(16, 5)": 0.0002356809991004045,
        "(16, 6)": 0.0847676599633582,
        "(16, 7)": 0.4432157488270225,
        "(16, 8)": 0.03130009458057205,
        "(16, 9)": 0.08923900347416239,
        "(17, 1)": 0.007376391594121054,
        "(17, 2)": 0.5419582023520944,
        "(17, 3)": 0.08576201175069711,
        "(17, 4)": 0.017165326234095606,
        "(17, 5)": 0.00021531048510811307,
        "(17, 6)": 0.0145559768699247,
        "(17, 7)": 0.003383153621366728,
        "(17, 8)": 0.039751738051273425,
        "(17, 9)": 0.003204421112716565,
        "(18, 1)": 0.0006956839261166072,
        "(18, 2)": 0.04511313062589381,
        "(18, 3)": 0.00405544375998842,
        "(18, 4)": 0.007932648167359231,
        "(18, 5)": 0.002496622584223713,
        "(18, 6)": 0.0023688417887769743,
        "(18, 7)": 0.0010699333169839915,
        "(18, 8)": 0.3024919600265838,
        "(18, 9)": 0.040078887054744154,
        "(19, 1)": 0.05425137948767464,
        "(19, 2)": 0.016664179899060914,
        "(19, 3)": 0.014719525969015334,
        "(19, 4)": 0.2510096756359209,
        "(19, 5)": 0.28344899396337386,
        "(19, 6)": 0.07334085482866783,