{
    "min_scaled_matching_probability": 0.5236062583409828,
    "scaled_matching_probabilities": {
        "(0, 1)": 0.6110287945514938,
        "(0, 2)": 0.6189279698010159,
        "(0, 3)": 0.6080266916389871,
        "(1, 4)": 0.5327815898736062,
        "(1, 5)": 0.6184422204832833,
        "(1, 6)": 0.5974556451694736,
        "(2, 7)": 0.605638087911657,
        "(2, 8)": 0.5784025946133879,
        "(2, 9)": 0.6426784529027351,
        "(3, 10)": 0.6322480254190973,
        "(3, 11)": 0.5898646567860405,
        "(3, 12)": 0.6322701867108749,
        "(4, 13)": 0.6325990223681811,
        "(4, 14)": 0.6098990058717618,
        "(4, 15)": 0.5764179890679025,
        "(5, 16)": 0.6400025129069556,
        "(5, 17)": 0.6588174180923797,
        "(5, 18)": 0.5642779471827994,
        "(6, 19)": 0.5956972347190318,
        "(6, 20)": 0.6007016301525031,
        "(6, 21)": 0.6023765875711656,
        "(7, 22)": 0.5725616497073373,
        "(7, 23)": 0.5610697391546894,
        "(7, 24)": 0.6152812677961272,
        "(8, 25)": 0.5903972207011898,
        "(8, 26)": 0.5900869359259029,
        "(8, 27)": 0.627312496410654,
        "(9, 28)": 0.6267834358960611,
        "(9, 29)": 0.5966177363005029,
        "(9, 30)": 0.6263154897033455,
        "(10, 31)": 0.5803783501439307,
        "(10, 32)": 0.6113856568579704,
        "(10, 33)": 0.6011325048591508,
        "(11, 34)": 0.5760660940041816,
        "(11, 35)": 0.6349564564048105,
        "(11, 36)": 0.6055902690310057,
        "(12, 37)": 0.5867949442787137,
        "(12, 38)": 0.5692981479136251,
        "(12, 39)": 0.5639080941146734,
        "(13, 40)": 0.598773437442885,
        "(13, 41)": 0.5839912947698546,
        "(13, 42)": 0.6117729186019016,
        "(14, 43)": 0.6078491877619048,
        "(14, 44)": 0.6202883061328591,
        "(14, 45)": 0.599883704282765,
        "(15, 46)": 0.6076782251311698,
        "(15, 47)": 0.556534310475882,
        "(15, 48)": 0.6039596788737303,
        "(16, 49)": 0.6093778679495483,
        "(16, 50)": 0.6355786065955342,
        "(16, 51)": 0.6544052561933061,
        "(17, 52)": 0.5266317435279405,
        "(17, 53)": 0.6048154442390749,
        "(17, 54)": 0.5849324250758783,
        "(18, 55)": 0.5851456093845084,
        "(18, 56)": 0.6213084968055532,
        "(18, 57)": 0.5930044747397785,
        "(19, 58)": 0.6062994461091457,
        "(19, 59)": 0.5928068712936418,
        "(19, 60)": 0.6146919329897048,
        "(20, 61)": 0.5987993434744133,
        "(20, 62)": 0.5933578145357475,
        "(20, 63)": 0.635515592012879,
        "(21, 64)": 0.6133285807304931,
        "(21, 65)": 0.6111683879696591,
        "(21, 66)": 0.6277706413525753,
        "(22, 67)": 0.5847911244597198,
        "(22, 68)": 0.6081347222413666,
        "(22, 69)": 0.6305326692144748,
        "(23, 70)": 0.6581441012329927,
        "(23, 71)": 0.5903312857068999,
        "(23, 72)": 0.6175936219839699,
        "(24, 73)": 0.6007906282732685,
        "(24, 74)": 0.666393762367909,
        "(24, 75)": 0.5901202589922415,
        "(25, 76)": 0.6269492524314538,
        "(25, 77)": 0.5983126853654657,
        "(25, 78)": 0.6315817150965451,
        "(26, 79)": 0.6164408139664777,
        "(26, 80)": 0.6379958059968063,
        "(26, 81)": 0.5946894283981283,
        "(27, 82)": 0.5787706468598408,
        "(27, 83)": 0.6125630406381173,
        "(27, 84)": 0.5571913848657625,
        "(28, 85)": 0.5658729944178814,
        "(28, 86)": 0.5851143644182315,
        "(28, 87)": 0.6199209363778756,
        "(29, 88)": 0.6428312759558485,
        "(29, 89)": 0.6154226237850072,
        "(29, 90)": 0.6103082318555542,
        "(30, 91)": 0.6016779553455022,
        "(30, 92)": 0.6324543244713471,
        "(30, 93)": 0.5707899786254901,
        "(31, 94)": 0.5780326240743123,
        "(31, 95)": 0.6210779680333126,
        "(31, 96)": 0.6698765025082166,
        "(32, 97)": 0.6296439753705542,
        "(32, 98)": 0.681927706362828,
        "(32, 99)": 0.6091780693287084,
        "(33, 100)": 0.5970426918575059,
        "(33, 101)": 0.604041388562077,
        "(33, 102)": 0.6629931618598395,
        "(34, 103)": 0.6173440913637914,
        "(34, 104)": 0.5236062583409828,
        "(34, 105)": 0.6186193333765294,
        "(35, 106)": 0.6358101146432402,
        "(35, 107)": 0.6092429120224113,
        "(35, 108)": 0.6381693394182506,
        "(36, 109)": 0.601900807948165,
        "(36, 110)": 0.6035651109031125,
        "(36, 111)": 0.6012175076465724,
        "(37, 112)": 0.6438039745824371,
        "(37, 113)": 0.6445211045483369,
        "(37, 114)": 0.6228240173438035,
        "(38, 115)": 0.5958841389025505,
        "(38, 116)": 0.5787906332701219,
        "(38, 117)": 0.6119304958344369,
        "(39, 118)": 0.6132314777922935,
        "(39, 119)": 0.5555042491913372,
        "(39, 120)": 0.6641664393742478
    },
    "matching_probabilities": {
        "(0, 1)": 0.25357903819511773,
        "(0, 2)": 0.07682954710625978,
        "(0, 3)": 0.051131039882611966,
        "(1, 4)": 0.01632243245546677,
        "(1, 5)": 0.23750683378693122,
        "(1, 6)": 0.04849708417355955,
        "(2, 7)": 0.08550914646954749,
        "(2, 8)": 0.23883362276763104,
        "(2, 9)": 0.10631002819973533,
        "(3, 10)": 0.0927485999578942,
        "(3, 11)": 0.10609348024101001,
        "(3, 12)": 0.19108552715373872,
        "(4, 13)": 0.1586449348860137,
        "(4, 14)": 0.08156370296511244,
        "(4, 15)": 0.04862216537853388,
        "(5, 16)": 0.07811103745179855,
        "(5, 17)": 0.09065965908335617,
        "(5, 18)": 0.058817135298998485,
        "(6, 19)": 0.06539198861217033,
        "(6, 20)": 0.21601871984778795,
        "(6, 21)": 0.06428429372050187,
        "(7, 22)": 0.04830808623429738,
        "(7, 23)": 0.13191626406502918,
        "(7, 24)": 0.04063115912711949,
        "(8, 25)": 0.01193389500091369,
        "(8, 26)": 0.10704663534505353,
        "(8, 27)": 0.05421731067241084,
        "(9, 28)": 0.07925332991887596,
        "(9, 29)": 0.23801253574703818,
        "(9, 30)": 0.0880663802400888,
        "(10, 31)": 0.07945322075230385,
        "(10, 32)": 0.08043159153019813,
        "(10, 33)": 0.21428877768837856,
        "(11, 34)": 0.014512111108948253,
        "(11, 35)": 0.07757258071858453,
        "(11, 36)": 0.32725720445342327,
        "(12, 37)": 0.325187377525909,
        "(12, 38)": 0.05168138876622304,
        "(12, 39)": 0.016056355853270685,
        "(13, 40)": 0.013765205319441589,
        "(13, 41)": 0.15267898548028275,
        "(13, 42)": 0.25567160502465974,
        "(14, 43)": 0.13351436702789835,
        "(14, 44)": 0.3288408404062492,
        "(14, 45)": 0.028570825080124995,
        "(15, 46)": 0.11149585595444952,
        "(15, 47)": 0.025753662333214977,
        "(15, 48)": 0.3707833936965105,
        "(16, 49)": 0.43689470255914387,
        "(16, 50)": 0.03247556513867989,
        "(16, 51)": 0.046259240241116134,
        "(17, 52)": 0.01182344836638551,
        "(17, 53)": 0.4652238603574805,
        "(17, 54)": 0.03093762545227359,
        "(18, 55)": 0.03742354065491751,
        "(18, 56)": 0.4337284080588286,
        "(18, 57)": 0.06362990602949423,
        "(19, 58)": 0.28658865133250455,
        "(19, 59)": 0.030941643681994434,
        "(19, 60)": 0.17403561741649048,
        "(20, 61)": 0.25154509870669733,
        "(20, 62)": 0.021872939281379452,
        "(20, 63)": 0.10213166979536231,
        "(21, 64)": 0.27090781418366555,
        "(21, 65)": 0.1645925933464655,
        "(21, 66)": 0.05902140091577796,
        "(22, 67)": 0.05308630135518671,
        "(22, 68)": 0.3093939668392523,
        "(22, 69)": 0.1530710982264558,
        "(23, 70)": 0.13146556111870053,
        "(23, 71)": 0.10465206542837789,
        "(23, 72)": 0.17206852832663594,
        "(24, 73)": 0.3738489014687341,
        "(24, 74)": 0.02706115764156745,
        "(24, 75)": 0.1515516041286142,
        "(25, 76)": 0.4009868839759359,