{
    "min_scaled_matching_probability": 0.40092495886795243,
    "scaled_matching_probabilities": {
        "(0, 1)": 0.4939718352692606,
        "(0, 2)": 0.49382413378447537,
        "(0, 3)": 0.533930045570509,
        "(1, 4)": 0.47982366552963907,
        "(1, 5)": 0.5259862486722993,
        "(1, 6)": 0.49647237376503434,
        "(2, 7)": 0.5049985580604481,
        "(2, 8)": 0.49525409876447557,
        "(2, 9)": 0.5223159025644446,
        "(3, 10)": 0.5017159794538216,
        "(3, 11)": 0.5009431819532164,
        "(3, 12)": 0.5059206366283993,
        "(4, 13)": 0.489268063303412,
        "(4, 14)": 0.48080830874400726,
        "(4, 15)": 0.4872423752881642,
        "(5, 16)": 0.4875130424616712,
        "(5, 17)": 0.4992381074512083,
        "(5, 18)": 0.5228603529418445,
        "(6, 19)": 0.5083177068442232,
        "(6, 20)": 0.48107581643668923,
        "(6, 21)": 0.5088186680144322,
        "(7, 22)": 0.5215009442712455,
        "(7, 23)": 0.49379958701489646,
        "(7, 24)": 0.49972194427798133,
        "(8, 25)": 0.5145119087123081,
        "(8, 26)": 0.5021822469204192,
        "(8, 27)": 0.5299213845040093,
        "(9, 28)": 0.49903309861585676,
        "(9, 29)": 0.49657037260736114,
        "(9, 30)": 0.4949852368691938,
        "(10, 31)": 0.5135172322631775,
        "(10, 32)": 0.48268333961668514,
        "(10, 33)": 0.4886736649305325,
        "(11, 34)": 0.40092495886795243,
        "(11, 35)": 0.515675208726419,
        "(11, 36)": 0.49223366016125136,
        "(12, 37)": 0.48865387125309045,
        "(12, 38)": 0.4703633454176688,
        "(12, 39)": 0.5865132323781143,
        "(13, 40)": 0.4306406546883993,
        "(13, 41)": 0.4819451931091349,
        "(13, 42)": 0.5077537386867911,
        "(14, 43)": 0.47939799211237066,
        "(14, 44)": 0.5077885453786001,
        "(14, 45)": 0.4493223851831096,
        "(15, 46)": 0.5074165517221104,
        "(15, 47)": 0.4970279168581206,
        "(15, 48)": 0.495503675290725,
        "(16, 49)": 0.5010098059906005,
        "(16, 50)": 0.5147167503346496,
        "(16, 51)": 0.5220049838187825,
        "(17, 52)": 0.4855001541491391,
        "(17, 53)": 0.4980501140030659,
        "(17, 54)": 0.47834279903767357,
        "(18, 55)": 0.46125500620088367,
        "(18, 56)": 0.4934903344409982,
        "(18, 57)": 0.5284206093618947,
        "(19, 58)": 0.5081608300897128,
        "(19, 59)": 0.4502334012561618,
        "(19, 60)": 0.49200610505233555,
        "(20, 61)": 0.4908560145248284,
        "(20, 62)": 0.545262432211002,
        "(20, 63)": 0.5058902663020322,
        "(21, 64)": 0.5012441157628251,
        "(21, 65)": 0.5146521896904894,
        "(21, 66)": 0.5084162048181973,
        "(22, 67)": 0.4769866244718493,
        "(22, 68)": 0.49748513124452576,
        "(22, 69)": 0.50542760461651,
        "(23, 70)": 0.49761719423607875,
        "(23, 71)": 0.48511694788803267,
        "(23, 72)": 0.49280135724432095,
        "(24, 73)": 0.49609365232672414,
        "(24, 74)": 0.5269850870225827,
        "(24, 75)": 0.4890684262670316,
        "(25, 76)": 0.5122077137786634,
        "(25, 77)": 0.4824059536329008,
        "(25, 78)": 0.4936465761865236,
        "(26, 79)": 0.5057353415476945,
        "(26, 80)": 0.5442039195285548,
        "(26, 81)": 0.4707622404514926,
        "(27, 82)": 0.47660259615817324,
        "(27, 83)": 0.49692413195865803,
        "(27, 84)": 0.4681451864637494,
        "(28, 85)": 0.4560500927112314,
        "(28, 86)": 0.488255449474119,
        "(28, 87)": 0.5017137562007163,
        "(29, 88)": 0.4942040372738238,
        "(29, 89)": 0.5108645582190057,
        "(29, 90)": 0.4663730093106128,
        "(30, 91)": 0.4985126215066547,
        "(30, 92)": 0.5317204314056454,
        "(30, 93)": 0.48679941385571396,
        "(31, 94)": 0.506438953589134,
        "(31, 95)": 0.5080840219362877,
        "(31, 96)": 0.5016012974172566,
        "(32, 97)": 0.49902158155254067,
        "(32, 98)": 0.580175716587163,
        "(32, 99)": 0.5086723074869922,
        "(33, 100)": 0.4920705424411028,
        "(33, 101)": 0.5190861445200873,
        "(33, 102)": 0.4924080674855249,
        "(34, 103)": 0.5211479480060803,
        "(34, 104)": 0.4470910812288462,
        "(34, 105)": 0.501077184350986,
        "(35, 106)": 0.49333523871138857,
        "(35, 107)": 0.4990176308275565,
        "(35, 108)": 0.519434553041388,
        "(36, 109)": 0.4733600261744942,
        "(36, 110)": 0.4891845704409389,
        "(36, 111)": 0.5380327135112486,
        "(37, 112)": 0.5076266508628983,
        "(37, 113)": 0.4655810259917571,
        "(37, 114)": 0.5071149327774525,
        "(38, 115)": 0.4913671140813191,
        "(38, 116)": 0.47874761551918155,
        "(38, 117)": 0.4962277746513695,
        "(39, 118)": 0.4904196775497114,
        "(39, 119)": 0.5020654868138109,
        "(39, 120)": 0.5181340304075832
    },
    "matching_probabilities": {
        "(0, 1)": 0.205,
        "(0, 2)": 0.0613,
        "(0, 3)": 0.0449,
        "(1, 4)": 0.0147,
        "(1, 5)": 0.202,
        "(1, 6)": 0.0403,
        "(2, 7)": 0.0713,
        "(2, 8)": 0.2045,
        "(2, 9)": 0.0864,
        "(3, 10)": 0.0736,
        "(3, 11)": 0.0901,
        "(3, 12)": 0.1529,
        "(4, 13)": 0.1227,
        "(4, 14)": 0.0643,
        "(4, 15)": 0.0411,
        "(5, 16)": 0.0595,
        "(5, 17)": 0.0687,
        "(5, 18)": 0.0545,
        "(6, 19)": 0.0558,
        "(6, 20)": 0.173,
        "(6, 21)": 0.0543,
        "(7, 22)": 0.044,
        "(7, 23)": 0.1161,
        "(7, 24)": 0.033,
        "(8, 25)": 0.0104,
        "(8, 26)": 0.0911,
        "(8, 27)": 0.0458,
        "(9, 28)": 0.0631,
        "(9, 29)": 0.1981,
        "(9, 30)": 0.0696,
        "(10, 31)": 0.0703,
        "(10, 32)": 0.0635,
        "(10, 33)": 0.1742,
        "(11, 34)": 0.0101,
        "(11, 35)": 0.063,
        "(11, 36)": 0.266,
        "(12, 37)": 0.2708,
        "(12, 38)": 0.0427,
        "(12, 39)": 0.0167,
        "(13, 40)": 0.0099,
        "(13, 41)": 0.126,
        "(13, 42)": 0.2122,
        "(14, 43)": 0.1053,
        "(14, 44)": 0.2692,
        "(14, 45)": 0.0214,
        "(15, 46)": 0.0931,
        "(15, 47)": 0.023,
        "(15, 48)": 0.3042,
        "(16, 49)": 0.3592,
        "(16, 50)": 0.0263,
        "(16, 51)": 0.0369,
        "(17, 52)": 0.0109,
        "(17, 53)": 0.3831,
        "(17, 54)": 0.0253,
        "(18, 55)": 0.0295,
        "(18, 56)": 0.3445,
        "(18, 57)": 0.0567,
        "(19, 58)": 0.2402,
        "(19, 59)": 0.0235,
        "(19, 60)": 0.1393,
        "(20, 61)": 0.2062,
        "(20, 62)": 0.0201,
        "(20, 63)": 0.0813,
        "(21, 64)": 0.2214,
        "(21, 65)": 0.1386,
        "(21, 66)": 0.0478,
        "(22, 67)": 0.0433,
        "(22, 68)": 0.2531,
        "(22, 69)": 0.1227,
        "(23, 70)": 0.0994,
        "(23, 71)": 0.086,
        "(23, 72)": 0.1373,
        "(24, 73)": 0.3087,
        "(24, 74)": 0.0214,
        "(24, 75)": 0.1256,
        "(25, 76)": 0.3276,
        "(25, 77)": 0.036,
        "(25, 78)": 0.1277,
        "(26, 79)": 0.2964,
        "(26, 80)": 0.0199,
        "(26, 81)": 0.0812,
        "(27, 82)": 0.0252,
        "(27, 83)": 0.3592,
        "(27, 84)": 0.0574,
        "(28, 85)": 0.0226,
        "(28, 86)": 0.1112,
        "(28, 87)": 0.2648,
        "(29, 88)": 0.0866,
        "(29, 89)": 0.1603,
        "(29, 90)": 0.0231,
        "(30, 91)": 0.0793,
        "(30, 92)": 0.1909,
        "(30, 93)": 0.0921,
        "(31, 94)": 0.1328,
        "(31, 95)": 0.086,
        "(31, 96)": 0.1577,
        "(32, 97)": 0.0549,
        "(32, 98)": 0.027,
        "(32, 99)": 0.356,
        "(33, 100)": 0.2407,
        "(33, 101)": 0.0624,
        "(33, 102)": 0.0113,
        "(34, 103)": 0.1871,
        "(34, 104)": 0.0171,
        "(34, 105)": 0.253,
        "(35, 106)": 0.0335,
        "(35, 107)": 0.2207,
        "(35, 108)": 0.1786,
        "(36, 109)": 0.0158,
        "(36, 110)": 0.1051,