{
    "min_scaled_matching_probability": 0.48999101974257964,
    "scaled_matching_probabilities": {
        "(0, 10)": 0.5764866885420183,
        "(0, 11)": 0.6853987689162002,
        "(0, 12)": 0.7409683549842014,
        "(0, 13)": 0.7807506752271561,
        "(0, 14)": 0.6140878337804027,
        "(0, 15)": 0.7892887593919454,
        "(0, 16)": 0.7890962083018248,
        "(0, 17)": 0.7308454655553867,
        "(0, 18)": 0.6828828654385296,
        "(0, 19)": 0.7387007612374413,
        "(10, 1)": 0.6516385568040144,
        "(10, 2)": 0.7617931914585601,
        "(10, 3)": 0.7068726383706924,
        "(10, 4)": 0.7201023427308186,
        "(10, 5)": 0.5802115211390434,
        "(10, 6)": 0.6717411311900423,
        "(10, 7)": 0.7402799676921588,
        "(10, 8)": 0.683770345250974,
        "(10, 9)": 0.7422527676569206,
        "(11, 1)": 0.7255265334245189,
        "(11, 2)": 0.6893133984689381,
        "(11, 3)": 0.645967292369375,
        "(11, 4)": 0.6680201906550838,
        "(11, 5)": 0.6052264617800617,
        "(11, 6)": 0.603908364724673,
        "(11, 7)": 0.7486624702848889,
        "(11, 8)": 0.8191501905341567,
        "(11, 9)": 0.6512890491052147,
        "(12, 1)": 0.6420833755169166,
        "(12, 2)": 0.7368498496205584,
        "(12, 3)": 0.6902424946118001,
        "(12, 4)": 0.8373610512802376,
        "(12, 5)": 0.6678931081429603,
        "(12, 6)": 0.662077254227108,
        "(12, 7)": 0.7880485332639944,
        "(12, 8)": 0.7015628778435383,
        "(12, 9)": 0.6502594537597711,
        "(13, 1)": 0.7055992921952449,
        "(13, 2)": 0.6896536521282902,
        "(13, 3)": 0.7202120523149593,
        "(13, 4)": 0.6778334796599359,
        "(13, 5)": 0.6954709332501773,
        "(13, 6)": 0.6802463891613533,
        "(13, 7)": 0.686560992641207,
        "(13, 8)": 0.723855275022165,
        "(13, 9)": 0.7226949750899845,
        "(14, 1)": 0.6575991194091805,
        "(14, 2)": 0.7322476021174101,
        "(14, 3)": 0.7276384779283787,
        "(14, 4)": 0.6959724038674362,
        "(14, 5)": 0.745764728428659,
        "(14, 6)": 0.6498890274714423,
        "(14, 7)": 0.692168224446577,
        "(14, 8)": 0.7364167072517132,
        "(14, 9)": 0.6916850990798259,
        "(15, 1)": 0.7146288194736033,
        "(15, 2)": 0.808499540291812,
        "(15, 3)": 0.6893468634583821,
        "(15, 4)": 0.7210196775173112,
        "(15, 5)": 0.6909993719819431,
        "(15, 6)": 0.7110523241429109,
        "(15, 7)": 0.7976640292835976,
        "(15, 8)": 0.48999101974257964,
        "(15, 9)": 0.6436604067425956,
        "(16, 1)": 0.6889055963613278,
        "(16, 2)": 0.6134448830375778,
        "(16, 3)": 0.7039368319946991,
        "(16, 4)": 0.7038232250760259,
        "(16, 5)": 0.4960344191608939,
        "(16, 6)": 0.739430948155277,
        "(16, 7)": 0.7035892533803664,
        "(16, 8)": 0.6388113038628161,
        "(16, 9)": 0.7185227206385648,
        "(17, 1)": 0.6114319312329317,
        "(17, 2)": 0.6719828052516388,
        "(17, 3)": 0.7509845376612301,
        "(17, 4)": 0.7643937331616631,
        "(17, 5)": 0.6465241968927934,
        "(17, 6)": 0.7918551148137546,
        "(17, 7)": 0.752970454297304,
        "(17, 8)": 0.7301390458052004,
        "(17, 9)": 0.7070299073389072,
        "(18, 1)": 0.722246026561917,
        "(18, 2)": 0.7285955648507669,
        "(18, 3)": 0.7892314637197958,
        "(18, 4)": 0.7220345793649003,
        "(18, 5)": 0.6692508335399521,
        "(18, 6)": 0.7274364895595898,
        "(18, 7)": 0.6799184977280431,
        "(18, 8)": 0.7188788150055244,
        "(18, 9)": 0.7612402070513132,
        "(19, 1)": 0.7913883347828311,
        "(19, 2)": 0.8897080197962212,
        "(19, 3)": 0.6668056224767005,
        "(19, 4)": 0.7331043302628635,
        "(19, 5)": 0.695889503071975,
        "(19, 6)": 0.6833352434620092,
        "(19, 7)": 0.7306733527528124,
        "(19, 8)": 0.6919871583677736,
        "(19, 9)": 0.737642997380928
    },
    "matching_probabilities": {
        "(0, 10)": 0.0007501773113205904,
        "(0, 11)": 0.13871776050344245,
        "(0, 12)": 0.0005792861470582758,
        "(0, 13)": 0.005131359046787714,
        "(0, 14)": 0.023477794454009694,
        "(0, 15)": 0.003669039556455073,
        "(0, 16)": 0.09539196610016389,
        "(0, 17)": 0.10961629994559013,
        "(0, 18)": 0.32072724504455435,
        "(0, 19)": 0.003607864807561853,
        "(10, 1)": 0.005462812668172606,
        "(10, 2)": 0.005213000415455152,
        "(10, 3)": 0.001124419311012839,
        "(10, 4)": 0.110414635806208,
        "(10, 5)": 0.008080299445281845,
        "(10, 6)": 0.12923678062613791,
        "(10, 7)": 0.03746772811923099,
        "(10, 8)": 0.230046205841008,
        "(10, 9)": 0.1392887712989815,
        "(11, 1)": 0.44895697019694036,
        "(11, 2)": 0.030775058732956138,
        "(11, 3)": 0.00010638631786449637,
        "(11, 4)": 0.000214541464527239,
        "(11, 5)": 0.00431774522762678,
        "(11, 6)": 0.010486977067486586,
        "(11, 7)": 0.0011185091728937843,
        "(11, 8)": 0.01500061271661527,
        "(11, 9)": 0.05817480054503097,
        "(12, 1)": 0.0011253035707967935,
        "(12, 2)": 0.11178948655911793,
        "(12, 3)": 0.32772155778967427,
        "(12, 4)": 0.00826256393574529,
        "(12, 5)": 0.00012566795315412089,
        "(12, 6)": 0.027699888984858666,
        "(12, 7)": 0.0332172355108409,
        "(12, 8)": 0.10516277080891198,
        "(12, 9)": 0.06911896493215818,
        "(13, 1)": 0.06864263489469953,
        "(13, 2)": 0.0006325423948308943,
        "(13, 3)": 0.0009370264831680375,
        "(13, 4)": 0.07782582481677211,
        "(13, 5)": 0.0019132249953860477,
        "(13, 6)": 0.2632937404229704,
        "(13, 7)": 0.18418549987127078,
        "(13, 8)": 0.003197206082212545,
        "(13, 9)": 0.017692892152645724,
        "(14, 1)": 0.10770384840226202,
        "(14, 2)": 0.027038708794598024,
        "(14, 3)": 0.06668008072905733,
        "(14, 4)": 0.17357654351340113,
        "(14, 5)": 0.0714569054346789,
        "(14, 6)": 0.005849746936342448,
        "(14, 7)": 0.009174581436603099,
        "(14, 8)": 0.007664510050698965,
        "(14, 9)": 0.19077639567269983,
        "(15, 1)": 0.012331524675282961,
        "(15, 2)": 0.0409240700179211,
        "(15, 3)": 0.20026631036929443,
        "(15, 4)": 0.008655750422505878,
        "(15, 5)": 0.35399790642945766,
        "(15, 6)": 0.06761318091177211,
        "(15, 7)": 0.01030420248853081,
        "(15, 8)": 0.0002693774652382388,
        "(15, 9)": 0.001366000229129821,
        "(16, 1)": 0.01160700948147259,
        "(16, 2)": 0.0008764836884184161,
        "(16, 3)": 0.0047316458881169875,
        "(16, 4)": 0.024759355281059353,
        "(16, 5)": 9.953289658908239e-05,
        "(16, 6)": 0.09270489187979022,
        "(16, 7)": 0.36422154831039,
        "(16, 8)": 0.026310751018578583,
        "(16, 9)": 0.08211780537472203,
        "(17, 1)": 0.005171514091484169,
        "(17, 2)": 0.42211912848940475,
        "(17, 3)": 0.07593187940699762,
        "(17, 4)": 0.02148163864461769,
        "(17, 5)": 0.00019797299075325107,
        "(17, 6)": 0.012730446997233563,
        "(17, 7)": 0.003338635958680679,
        "(17, 8)": 0.0398924202161466,
        "(17, 9)": 0.0033106751157118723,
        "(18, 1)": 0.0005086383281869662,
        "(18, 2)": 0.04610552640716589,
        "(18, 3)": 0.004586255267621378,
        "(18, 4)": 0.007894351876043702,
        "(18, 5)": 0.001798810794582658,
        "(18, 6)": 0.0021508616056630696,
        "(18, 7)": 0.0008242621436474881,
        "(18, 8)": 0.2715859345632225,
        "(18, 9)": 0.045818098305269166,
        "(19, 1)": 0.05208747670331902,
        "(19, 2)": 0.01332091780154672,
        "(19, 3)": 0.0159348455200116,
        "(19, 4)": 0.2121423742564285,
        "(19, 5)": 0.25369842263135794,
        "(19, 6)": 0.07155094647013295,
        "(19, 7)": 0.05674390317561861,