{
    "min_scaled_matching_probability": 0.0,
    "scaled_matching_probabilities": {
        "(0, 1)": 0.9192012576891083,
        "(0, 2)": 1.0182346538801543,
        "(0, 3)": 0.9324574828489932,
        "(0, 4)": 1.1382136908182523,
        "(0, 5)": 0.6098436789402896,
        "(0, 6)": 0.9199226878598156,
        "(0, 7)": 0.580283423230823,
        "(0, 8)": 0.46903765011518544,
        "(0, 9)": 1.099906537371714,
        "(1, 2)": 1.172858006791297,
        "(1, 3)": 0.9552331489762671,
        "(1, 4)": 0.9062121514696968,
        "(1, 5)": 0.8631061735310109,
        "(1, 6)": 0.2850707262882422,
        "(1, 7)": 0.5661394321063666,
        "(1, 8)": 0.6642707878767061,
        "(1, 9)": 0.9975854326672247,
        "(2, 3)": 0.8681048634784785,
        "(2, 4)": 0.9628809621375922,
        "(2, 5)": 1.0330310476927973,
        "(2, 6)": 0.9312099157123607,
        "(2, 7)": 0.537976604951431,
        "(2, 8)": 1.047344828818762,
        "(2, 9)": 0.9865071979106552,
        "(3, 4)": 3.4307998048059702,
        "(3, 5)": 0.8967208768392332,
        "(3, 6)": 1.1065580457464275,
        "(3, 7)": 0.7920075362515305,
        "(3, 8)": 0.9112179403288128,
        "(3, 9)": 0.3719657281674971,
        "(4, 5)": 0.9207803462888374,
        "(4, 6)": 0.843769268274103,
        "(4, 7)": 1.498447832885482,
        "(4, 8)": 0.8974855597749245,
        "(4, 9)": 0.9656801319200126,
        "(5, 6)": 1.1704241085749336,
        "(5, 7)": 0.9250163423299022,
        "(5, 8)": 0.5336132702412132,
        "(5, 9)": 0.7092976018906593,
        "(6, 7)": 0.7739765843680362,
        "(6, 8)": 1.1782970496794711,
        "(6, 9)": 0.896467405707955,
        "(7, 8)": 0.0,
        "(7, 9)": 0.9061626727244806,
        "(8, 9)": 2.453975402697055
    },
    "matching_probabilities": {
        "(0, 1)": 0.0493,
        "(0, 2)": 0.0651,
        "(0, 3)": 0.1181,
        "(0, 4)": 0.0333,
        "(0, 5)": 0.0477,
        "(0, 6)": 0.0274,
        "(0, 7)": 0.0026,
        "(0, 8)": 0.2347,
        "(0, 9)": 0.1072,
        "(1, 2)": 0.1557,
        "(1, 3)": 0.0018,
        "(1, 4)": 0.2141,
        "(1, 5)": 0.0435,
        "(1, 6)": 0.0061,
        "(1, 7)": 0.1432,
        "(1, 8)": 0.0014,
        "(1, 9)": 0.2449,
        "(2, 3)": 0.2325,
        "(2, 4)": 0.0032,
        "(2, 5)": 0.1005,
        "(2, 6)": 0.0715,
        "(2, 7)": 0.1272,
        "(2, 8)": 0.004,
        "(2, 9)": 0.0099,
        "(3, 4)": 0.0584,
        "(3, 5)": 0.0262,
        "(3, 6)": 0.0119,
        "(3, 7)": 0.0098,
        "(3, 8)": 0.1478,
        "(3, 9)": 0.0959,
        "(4, 5)": 0.1172,
        "(4, 6)": 0.3826,
        "(4, 7)": 0.0006,
        "(4, 8)": 0.0086,
        "(4, 9)": 0.1163,
        "(5, 6)": 0.0796,
        "(5, 7)": 0.4074,
        "(5, 8)": 0.0011,
        "(5, 9)": 0.0607,
        "(6, 7)": 0.0013,
        "(6, 8)": 0.3126,
        "(6, 9)": 0.0453,
        "(7, 8)": 0.0,
        "(7, 9)": 0.0459,
        "(8, 9)": 0.127
    },
    "matching_counts": {
        "(0, 1)": 493.0,
        "(0, 2)": 651.0,
        "(0, 3)": 1181.0,
        "(0, 4)": 333.0,
        "(0, 5)": 477.0,
        "(0, 6)": 274.0,
        "(0, 7)": 26.0,
        "(0, 8)": 2347.0,
        "(0, 9)": 1072.0,
        "(1, 2)": 1557.0,
        "(1, 3)": 18.0,
        "(1, 4)": 2141.0,
        "(1, 5)": 435.0,
        "(1, 6)": 61.0,
        "(1, 7)": 1432.0,
        "(1, 8)": 14.0,
        "(1, 9)": 2449.0,
        "(2, 3)": 2325.0,
        "(2, 4)": 32.0,
        "(2, 5)": 1005.0,
        "(2, 6)": 715.0,
        "(2, 7)": 1272.0,
        "(2, 8)": 40.0,
        "(2, 9)": 99.0,
        "(3, 4)": 584.0,
        "(3, 5)": 262.0,
        "(3, 6)": 119.0,
        "(3, 7)": 98.0,
        "(3, 8)": 1478.0,
        "(3, 9)": 959.0,
        "(4, 5)": 1172.0,
        "(4, 6)": 3826.0,
        "(4, 7)": 6.0,
        "(4, 8)": 86.0,
        "(4, 9)": 1163.0,
        "(5, 6)": 796.0,
        "(5, 7)": 4074.0,
        "(5, 8)": 11.0,
        "(5, 9)": 607.0,
        "(6, 7)": 13.0,
        "(6, 8)": 3126.0,
        "(6, 9)": 453.0,
        "(7, 8)": 0,
        "(7, 9)": 459.0,
        "(8, 9)": 1270.0
    },
    "average_num_matching_probability_capped": 1.0784,
    "average_num_matching_probability_exceeds_one": 1.4691,
    "average_num_proposal_matching_probability_exceeds_one": 0.7581,
    "simulation_parameters": {
        "graph_file": "nonuniform_complete_10_order_0.json",
        "c_guarantee": 0.9,
        "experiment_name": "nonuniform_complete_10_order_0_si_c90_r100_sim10000",
        "average_edge_weight": 0.1111111111111111,
        "r": 1.0,
        "num_sim_instances": 10000,
        "rounding_scheme_class": "SimpleRecursiveRoundingScheme",
        "parallel": true
    }
}