{
    "min_scaled_matching_probability": 0.6353445019398303,
    "scaled_matching_probabilities": {
        "(0, 1)": 0.7622935788719091,
        "(0, 2)": 0.6610543280265117,
        "(0, 3)": 0.7229401874491016,
        "(0, 4)": 0.8179250777433078,
        "(0, 5)": 0.6630416180915785,
        "(0, 6)": 0.8126613179116488,
        "(0, 7)": 0.8212436883676002,
        "(0, 8)": 0.848856520726353,
        "(0, 9)": 0.8819737512963631,
        "(1, 2)": 0.9258832939870165,
        "(1, 3)": 0.704666808269309,
        "(1, 4)": 0.740695490733719,
        "(1, 5)": 0.7599188348546596,
        "(1, 6)": 0.7405798000304205,
        "(1, 7)": 0.7650289910237635,
        "(1, 8)": 0.7788138121451273,
        "(1, 9)": 0.9481676357201386,
        "(2, 3)": 0.7926166494563522,
        "(2, 4)": 0.961990030258614,
        "(2, 5)": 0.7358268284321908,
        "(2, 6)": 0.8800485284839481,
        "(2, 7)": 0.7607360622035717,
        "(2, 8)": 0.8263538884778573,
        "(2, 9)": 0.8943312959085119,
        "(3, 4)": 0.8465950243034919,
        "(3, 5)": 0.7472533646782742,
        "(3, 6)": 0.6497433977970586,
        "(3, 7)": 0.6574839376722945,
        "(3, 8)": 0.8205286597774036,
        "(3, 9)": 0.7560980769562896,
        "(4, 5)": 0.9664007596745292,
        "(4, 6)": 0.8228698997106011,
        "(4, 7)": 0.7295594752749961,
        "(4, 8)": 0.6464434150846398,
        "(4, 9)": 0.9425966035464931,
        "(5, 6)": 0.6480121632275835,
        "(5, 7)": 0.8516462017369514,
        "(5, 8)": 0.7215959046316927,
        "(5, 9)": 0.6884916819312769,
        "(6, 7)": 0.6916554556402339,
        "(6, 8)": 0.7391439876675375,
        "(6, 9)": 0.6353445019398303,
        "(7, 8)": 0.7738788510215809,
        "(7, 9)": 0.8655897137234316,
        "(8, 9)": 0.8061318534999617
    },
    "matching_probabilities": {
        "(0, 1)": 0.04088448870584092,
        "(0, 2)": 0.04226396792776124,
        "(0, 3)": 0.09156367738813635,
        "(0, 4)": 0.02392951807605808,
        "(0, 5)": 0.05186097072929558,
        "(0, 6)": 0.024205208116545952,
        "(0, 7)": 0.0036796391285270525,
        "(0, 8)": 0.4247561477539155,
        "(0, 9)": 0.08595965468565783,
        "(1, 2)": 0.12291345417692226,
        "(1, 3)": 0.001327843632985427,
        "(1, 4)": 0.1749953411117906,
        "(1, 5)": 0.038299424022124655,
        "(1, 6)": 0.01584707359821215,
        "(1, 7)": 0.1935073681531164,
        "(1, 8)": 0.0016414079271623095,
        "(1, 9)": 0.23276828869384816,
        "(2, 3)": 0.2122823851719736,
        "(2, 4)": 0.0031970391126994544,
        "(2, 5)": 0.07158603453652111,
        "(2, 6)": 0.06757173514251814,
        "(2, 7)": 0.17986958210019266,
        "(2, 8)": 0.0031559954877892617,
        "(2, 9)": 0.008974977423627614,
        "(3, 4)": 0.01441096893793256,
        "(3, 5)": 0.021832923332374687,
        "(3, 6)": 0.00698738440654455,
        "(3, 7)": 0.008135456159525949,
        "(3, 8)": 0.13309015390032652,
        "(3, 9)": 0.19493679145476764,
        "(4, 5)": 0.12300671869284868,
        "(4, 6)": 0.3731233590354013,
        "(4, 7)": 0.00029212607576873273,
        "(4, 8)": 0.006194432109996418,
        "(4, 9)": 0.11351997557876371,
        "(5, 6)": 0.044071006240395845,
        "(5, 7)": 0.3750859814149017,
        "(5, 8)": 0.0014875107861093012,
        "(5, 9)": 0.05891947890678305,
        "(6, 7)": 0.0011617303552748635,
        "(6, 8)": 0.19609351530475772,
        "(6, 9)": 0.03210502217327734,
        "(7, 8)": 0.0003109797680151177,
        "(7, 9)": 0.043844851543543575,
        "(8, 9)": 0.04171954832227545
    },
    "matching_counts": {
        "(0, 1)": 408.84488705840914,
        "(0, 2)": 422.6396792776124,
        "(0, 3)": 915.6367738813635,
        "(0, 4)": 239.29518076058082,
        "(0, 5)": 518.6097072929558,
        "(0, 6)": 242.05208116545953,
        "(0, 7)": 36.79639128527052,
        "(0, 8)": 4247.561477539155,
        "(0, 9)": 859.5965468565784,
        "(1, 2)": 1229.1345417692226,
        "(1, 3)": 13.278436329854271,
        "(1, 4)": 1749.9534111179062,
        "(1, 5)": 382.99424022124657,
        "(1, 6)": 158.47073598212148,
        "(1, 7)": 1935.0736815311639,
        "(1, 8)": 16.414079271623095,
        "(1, 9)": 2327.6828869384817,
        "(2, 3)": 2122.823851719736,
        "(2, 4)": 31.970391126994542,
        "(2, 5)": 715.8603453652112,
        "(2, 6)": 675.7173514251815,
        "(2, 7)": 1798.6958210019266,
        "(2, 8)": 31.55995487789262,
        "(2, 9)": 89.74977423627614,
        "(3, 4)": 144.1096893793256,
        "(3, 5)": 218.32923332374688,
        "(3, 6)": 69.8738440654455,
        "(3, 7)": 81.35456159525948,
        "(3, 8)": 1330.9015390032653,
        "(3, 9)": 1949.3679145476763,
        "(4, 5)": 1230.0671869284868,
        "(4, 6)": 3731.233590354013,
        "(4, 7)": 2.9212607576873273,
        "(4, 8)": 61.94432109996418,
        "(4, 9)": 1135.199755787637,
        "(5, 6)": 440.71006240395843,
        "(5, 7)": 3750.859814149017,
        "(5, 8)": 14.875107861093012,
        "(5, 9)": 589.1947890678305,
        "(6, 7)": 11.617303552748636,
        "(6, 8)": 1960.9351530475772,
        "(6, 9)": 321.0502217327734,
        "(7, 8)": 3.109797680151177,
        "(7, 9)": 438.44851543543575,
        "(8, 9)": 417.19548322275455
    },
    "average_num_matching_probability_capped": 0.0,
    "average_num_matching_probability_exceeds_one": 1.9936,
    "average_num_proposal_matching_probability_exceeds_one": 0.293,
    "simulation_parameters": {
        "graph_file": "nonuniform_complete_10_order_0.json",
        "c_guarantee": 0.8,
        "experiment_name": "nonuniform_complete_10_order_0_mc_c80_r20_sim10000",
        "average_edge_weight": 0.1111111111111111,
        "r": 0.2,
        "num_sim_instances": 10000,
        "rounding_scheme_class": "SimulatedRecursiveRoundingScheme",
        "parallel": true
    }
}