{
    "min_scaled_matching_probability": 0.0,
    "scaled_matching_probabilities": {
        "(0, 10)": 0.6050555692885669,
        "(0, 11)": 0.9243582106077378,
        "(0, 12)": 103.81359246372874,
        "(0, 13)": 0.7071560730041497,
        "(0, 14)": 1.0459040340617036,
        "(0, 15)": 11.450967944139892,
        "(0, 16)": 0.05302196661200388,
        "(0, 17)": 1.3137572415841825,
        "(0, 18)": 0.9109927033865242,
        "(0, 19)": 0.929525437293757,
        "(10, 1)": 0.7583288715509112,
        "(10, 2)": 10.522529471621626,
        "(10, 3)": 0.9083318851691439,
        "(10, 4)": 1.9658427490482597,
        "(10, 5)": 0.8323553225700369,
        "(10, 6)": 0.6998592824039184,
        "(10, 7)": 0.8418626641442828,
        "(10, 8)": 0.9257664928927719,
        "(10, 9)": 0.6601023259287714,
        "(11, 1)": 0.7712131020840618,
        "(11, 2)": 0.9468868703471716,
        "(11, 3)": 20.432710505521513,
        "(11, 4)": 0.871331345280808,
        "(11, 5)": 7.3951053089815195,
        "(11, 6)": 1.8023941054516328,
        "(11, 7)": 68.63944117928904,
        "(11, 8)": 0.8015565416669578,
        "(11, 9)": 0.9289193363786865,
        "(12, 1)": 0.8756815109592658,
        "(12, 2)": 0.6757167706287147,
        "(12, 3)": 0.9272182478449684,
        "(12, 4)": 1.1374769991120273,
        "(12, 5)": 296.7317369610734,
        "(12, 6)": 1.0641977542408247,
        "(12, 7)": 0.9695669756321964,
        "(12, 8)": 0.6813832587986958,
        "(12, 9)": 0.8736213213228293,
        "(13, 1)": 1.4544232890983013,
        "(13, 2)": 0.8991927641473197,
        "(13, 3)": 1.3061865071700518,
        "(13, 4)": 0.5968709485200139,
        "(13, 5)": 0.28341541015509164,
        "(13, 6)": 0.9061031021010083,
        "(13, 7)": 0.9332374761187838,
        "(13, 8)": 1.1381550007353016,
        "(13, 9)": 4.200575186762659,
        "(14, 1)": 1.1641277325056165,
        "(14, 2)": 1.193352040317131,
        "(14, 3)": 0.5815165189847485,
        "(14, 4)": 0.8887829684410709,
        "(14, 5)": 0.005168297857123792,
        "(14, 6)": 1.63868066504708,
        "(14, 7)": 0.8149585259221244,
        "(14, 8)": 2.0849699967310404,
        "(14, 9)": 0.31181542920933236,
        "(15, 1)": 0.9032660151168729,
        "(15, 2)": 0.6066399193020083,
        "(15, 3)": 0.059506120710893486,
        "(15, 4)": 0.8249121304484989,
        "(15, 5)": 0.9332368562034798,
        "(15, 6)": 0.9374405359409576,
        "(15, 7)": 0.7165870120728004,
        "(15, 8)": 3.0992924439775864,
        "(15, 9)": 88.44981362026331,
        "(16, 1)": 0.13805840151748455,
        "(16, 2)": 0.784574380116177,
        "(16, 3)": 30.62959666221085,
        "(16, 4)": 0.36246699286455125,
        "(16, 5)": 0.8740259473247995,
        "(16, 6)": 1.1507329646534508,
        "(16, 7)": 0.9129212195004084,
        "(16, 8)": 0.4247557131386256,
        "(16, 9)": 1.1088969978132115,
        "(17, 1)": 7.335820363683815,
        "(17, 2)": 0.6000115809663759,
        "(17, 3)": 0.8706015985564693,
        "(17, 4)": 1.0889408078396488,
        "(17, 5)": 21.392658415739326,
        "(17, 6)": 5.853208648172582,
        "(17, 7)": 9.076938281439835,
        "(17, 8)": 0.9430535889724057,
        "(17, 9)": 4.937467959816759,
        "(18, 1)": 0.8049083987297088,
        "(18, 2)": 1.0710371142672248,
        "(18, 3)": 10.449486703731326,
        "(18, 4)": 0.8912554864870136,
        "(18, 5)": 7.5565271475567455,
        "(18, 6)": 37.00205838706283,
        "(18, 7)": 0.8587193220968385,
        "(18, 8)": 0.43665574778026556,
        "(18, 9)": 1.3670502927687525,
        "(19, 1)": 0.4953179478946226,
        "(19, 2)": 2.364362797028528,
        "(19, 3)": 4.296280162136849,
        "(19, 4)": 0.8898050345925019,
        "(19, 5)": 1.0657840700974972,
        "(19, 6)": 0.0,
        "(19, 7)": 0.44244237091639793,
        "(19, 8)": 15.537505285487159,
        "(19, 9)": 2.8550435989495866
    },
    "matching_probabilities": {
        "(0, 10)": 0.0007873537571464028,
        "(0, 11)": 0.187080728320001,
        "(0, 12)": 0.0811610584798506,
        "(0, 13)": 0.0046476702843003875,
        "(0, 14)": 0.03998698326125976,
        "(0, 15)": 0.053230270730214364,
        "(0, 16)": 0.00640969958847108,
        "(0, 17)": 0.19704467583957286,
        "(0, 18)": 0.4278628075185636,
        "(0, 19)": 0.004539865516488531,
        "(10, 1)": 0.006357218312045458,
        "(10, 2)": 0.0720063543783806,
        "(10, 3)": 0.0014448796813624522,
        "(10, 4)": 0.301426336658339,
        "(10, 5)": 0.011591773010705696,
        "(10, 6)": 0.1346464528515122,
        "(10, 7)": 0.04260912464270046,
        "(10, 8)": 0.3114628627343433,
        "(10, 9)": 0.12387268315679296,
        "(11, 1)": 0.4772278913819569,
        "(11, 2)": 0.04227467377411257,
        "(11, 3)": 0.003365125232115704,
        "(11, 4)": 0.0002798369054110734,
        "(11, 5)": 0.05275741011346558,
        "(11, 6)": 0.03129889690973514,
        "(11, 7)": 0.10254800745137306,
        "(11, 8)": 0.014678430635748179,
        "(11, 9)": 0.08297344656799625,
        "(12, 1)": 0.0015347033870326881,
        "(12, 2)": 0.10251482155674953,
        "(12, 3)": 0.4402357301482355,
        "(12, 4)": 0.011223923558700903,
        "(12, 5)": 0.05583179338898548,
        "(12, 6)": 0.04452374622780056,
        "(12, 7)": 0.040868465854144755,
        "(12, 8)": 0.10213788919153369,
        "(12, 9)": 0.0928610897132858,
        "(13, 1)": 0.14149028764657187,
        "(13, 2)": 0.0008247292574948221,
        "(13, 3)": 0.0016994041480436835,
        "(13, 4)": 0.06853006715018535,
        "(13, 5)": 0.000779669459731762,
        "(13, 6)": 0.3507130339275383,
        "(13, 7)": 0.25036204048861466,
        "(13, 8)": 0.005027132102808954,
        "(13, 9)": 0.10283774804054449,
        "(14, 1)": 0.19066484902732603,
        "(14, 2)": 0.044065283674907266,
        "(14, 3)": 0.05328960686848134,
        "(14, 4)": 0.2216637825556169,
        "(14, 5)": 0.0004952105632736118,
        "(14, 6)": 0.014750006223830249,
        "(14, 7)": 0.01080214765638036,
        "(14, 8)": 0.02170004202510395,
        "(14, 9)": 0.08600304355093102,
        "(15, 1)": 0.015586619025472518,
        "(15, 2)": 0.03070647946716318,
        "(15, 3)": 0.01728748163061739,
        "(15, 4)": 0.009902966235603723,
        "(15, 5)": 0.4780957938518555,
        "(15, 6)": 0.08914018616985135,
        "(15, 7)": 0.00925685175960741,
        "(15, 8)": 0.001703867028071899,
        "(15, 9)": 0.18771150812774384,
        "(16, 1)": 0.0023260736795784687,
        "(16, 2)": 0.0011209917394986158,
        "(16, 3)": 0.20588268508519117,
        "(16, 4)": 0.012750998736964418,
        "(16, 5)": 0.00017537963268439348,
        "(16, 6)": 0.14427117952913518,
        "(16, 7)": 0.47258479070613774,
        "(16, 8)": 0.017494433402369974,
        "(16, 9)": 0.12673250995613883,
        "(17, 1)": 0.06204664239057338,
        "(17, 2)": 0.3769089977625716,
        "(17, 3)": 0.08802633380309337,
        "(17, 4)": 0.03060233479758544,
        "(17, 5)": 0.006550672947866321,
        "(17, 6)": 0.09410050028765167,
        "(17, 7)": 0.04024672199046834,
        "(17, 8)": 0.05152537763015282,
        "(17, 9)": 0.02311974661823543,
        "(18, 1)": 0.0005668529105274754,
        "(18, 2)": 0.06777522721403965,
        "(18, 3)": 0.06072238074880148,
        "(18, 4)": 0.009744525571021463,
        "(18, 5)": 0.020310415648919073,
        "(18, 6)": 0.10940653631964539,
        "(18, 7)": 0.0010410215806574083,
        "(18, 8)": 0.16496460442000208,
        "(18, 9)": 0.08228105152898682,
        "(19, 1)": 0.032600761140580636,
        "(19, 2)": 0.035399796080815185,
        "(19, 3)": 0.10266944126844585,
        "(19, 4)": 0.2574877065534352,
        "(19, 5)": 0.38854981466992733,
        "(19, 6)": 0.0,
        "(19, 7)": 0.03435995983907815,
        "(19, 8)": 0.06199778609385333,