{
    "min_scaled_matching_probability": 0.391145106348981,
    "scaled_matching_probabilities": {
        "(0, 1)": 0.9679424128370098,
        "(0, 2)": 0.9955966751649367,
        "(0, 3)": 0.9598732083279777,
        "(0, 4)": 1.038037033471278,
        "(0, 5)": 0.391145106348981,
        "(0, 6)": 0.9023734532344106,
        "(0, 7)": 0.9623741560642918,
        "(0, 8)": 0.5820701553158549,
        "(0, 9)": 1.0697492392987906,
        "(1, 2)": 0.9730817820642912,
        "(1, 3)": 1.0544366311462128,
        "(1, 4)": 0.9664440101897386,
        "(1, 5)": 1.0434841216047201,
        "(1, 6)": 0.8426395054251563,
        "(1, 7)": 0.4912588836588738,
        "(1, 8)": 1.043134597600794,
        "(1, 9)": 1.0549598743026554,
        "(2, 3)": 0.9640589848183893,
        "(2, 4)": 1.0259822087301291,
        "(2, 5)": 0.9770671666980322,
        "(2, 6)": 1.0279731648754475,
        "(2, 7)": 0.4933043298696952,
        "(2, 8)": 1.023838127239726,
        "(2, 9)": 1.1053190709154266,
        "(3, 4)": 1.0993892362709154,
        "(3, 5)": 1.0143499874009285,
        "(3, 6)": 0.9032707711890224,
        "(3, 7)": 0.9842350433450372,
        "(3, 8)": 1.0670472426163624,
        "(3, 9)": 0.43110381055360253,
        "(4, 5)": 1.0973917373266273,
        "(4, 6)": 0.775814346687185,
        "(4, 7)": 0.8831374462355895,
        "(4, 8)": 1.0349072853232846,
        "(4, 9)": 0.9628643548214729,
        "(5, 6)": 0.9402387531700778,
        "(5, 7)": 0.990475395331121,
        "(5, 8)": 1.0380625764895584,
        "(5, 9)": 0.6444959176393855,
        "(6, 7)": 0.8622999902506483,
        "(6, 8)": 1.0010518726534783,
        "(6, 9)": 0.969777548896682,
        "(7, 8)": 0.9946851453788169,
        "(7, 9)": 1.0304788351799585,
        "(8, 9)": 0.9461086069592527
    },
    "matching_probabilities": {
        "(0, 1)": 0.051914159770443065,
        "(0, 2)": 0.06365265934159207,
        "(0, 3)": 0.12157232687669087,
        "(0, 4)": 0.030369194724537096,
        "(0, 5)": 0.030594105042241783,
        "(0, 6)": 0.026877294086685936,
        "(0, 7)": 0.004311983947147588,
        "(0, 8)": 0.291259913610522,
        "(0, 9)": 0.10426078449070549,
        "(1, 2)": 0.12917917820410993,
        "(1, 3)": 0.0019869347479170643,
        "(1, 4)": 0.2283302670859652,
        "(1, 5)": 0.05259093340058751,
        "(1, 6)": 0.01803096743751994,
        "(1, 7)": 0.12425962254247934,
        "(1, 8)": 0.002198483605321767,
        "(1, 9)": 0.25898500996145174,
        "(2, 3)": 0.25819889209252467,
        "(2, 4)": 0.0034097081540046736,
        "(2, 5)": 0.09505546853839918,
        "(2, 6)": 0.07892965919759146,
        "(2, 7)": 0.11663761989257916,
        "(2, 8)": 0.00391022364007641,
        "(2, 9)": 0.011092325352758111,
        "(3, 4)": 0.018714100224758685,
        "(3, 5)": 0.029636836117365145,
        "(3, 6)": 0.009713834912201732,
        "(3, 7)": 0.01217855005576372,
        "(3, 8)": 0.1730755897999428,
        "(3, 9)": 0.11114694796148986,
        "(4, 5)": 0.13967968813958154,
        "(4, 6)": 0.3517864186374838,
        "(4, 7)": 0.00035362089764645794,
        "(4, 8)": 0.009916819894029582,
        "(4, 9)": 0.11596088680326366,
        "(5, 6)": 0.0639452008925759,
        "(5, 7)": 0.4362297805912553,
        "(5, 8)": 0.002139880879690917,
        "(5, 9)": 0.0551544261483931,
        "(6, 7)": 0.0014483512937812561,
        "(6, 8)": 0.2655771865647992,
        "(6, 9)": 0.049004484363072545,
        "(7, 8)": 0.00039970979352860236,
        "(7, 9)": 0.05219700607679013,
        "(8, 9)": 0.0489637316461148
    },
    "matching_counts": {
        "(0, 1)": 519.1415977044306,
        "(0, 2)": 636.5265934159207,
        "(0, 3)": 1215.7232687669086,
        "(0, 4)": 303.69194724537095,
        "(0, 5)": 305.94105042241785,
        "(0, 6)": 268.77294086685936,
        "(0, 7)": 43.11983947147588,
        "(0, 8)": 2912.59913610522,
        "(0, 9)": 1042.6078449070549,
        "(1, 2)": 1291.7917820410994,
        "(1, 3)": 19.869347479170642,
        "(1, 4)": 2283.302670859652,
        "(1, 5)": 525.909334005875,
        "(1, 6)": 180.3096743751994,
        "(1, 7)": 1242.5962254247934,
        "(1, 8)": 21.98483605321767,
        "(1, 9)": 2589.8500996145176,
        "(2, 3)": 2581.988920925247,
        "(2, 4)": 34.09708154004674,
        "(2, 5)": 950.5546853839918,
        "(2, 6)": 789.2965919759146,
        "(2, 7)": 1166.3761989257916,
        "(2, 8)": 39.102236400764106,
        "(2, 9)": 110.92325352758111,
        "(3, 4)": 187.14100224758684,
        "(3, 5)": 296.36836117365146,
        "(3, 6)": 97.13834912201732,
        "(3, 7)": 121.7855005576372,
        "(3, 8)": 1730.755897999428,
        "(3, 9)": 1111.4694796148985,
        "(4, 5)": 1396.7968813958153,
        "(4, 6)": 3517.8641863748376,
        "(4, 7)": 3.536208976464579,
        "(4, 8)": 99.16819894029581,
        "(4, 9)": 1159.6088680326366,
        "(5, 6)": 639.452008925759,
        "(5, 7)": 4362.297805912553,
        "(5, 8)": 21.398808796909172,
        "(5, 9)": 551.544261483931,
        "(6, 7)": 14.483512937812561,
        "(6, 8)": 2655.771865647992,
        "(6, 9)": 490.04484363072544,
        "(7, 8)": 3.9970979352860234,
        "(7, 9)": 521.9700607679013,
        "(8, 9)": 489.637316461148
    },
    "average_num_matching_probability_capped": 0.0,
    "average_num_matching_probability_exceeds_one": 9.0492,
    "average_num_proposal_matching_probability_exceeds_one": 0.2775,
    "simulation_parameters": {
        "graph_file": "nonuniform_complete_10_order_0.json",
        "c_guarantee": 1.0,
        "experiment_name": "nonuniform_complete_10_order_0_mc_c100_r70_sim10000",
        "average_edge_weight": 0.1111111111111111,
        "r": 0.7,
        "num_sim_instances": 10000,
        "rounding_scheme_class": "SimulatedRecursiveRoundingScheme",
        "parallel": true
    }
}