{
    "min_scaled_matching_probability": 0.07184885684646772,
    "scaled_matching_probabilities": {
        "(0, 1)": 0.15897422914776096,
        "(0, 2)": 0.5165884269558384,
        "(0, 3)": 0.11072560467321972,
        "(1, 4)": 0.7755197842222374,
        "(1, 5)": 0.19291894574867216,
        "(1, 6)": 0.1878020315758229,
        "(2, 7)": 0.41699633831433697,
        "(2, 8)": 0.13339330015797377,
        "(2, 9)": 0.11841426982212948,
        "(3, 10)": 0.07184885684646772,
        "(3, 11)": 0.5071586787041249,
        "(3, 12)": 0.10164269021134094,
        "(4, 13)": 0.0965621116416624,
        "(4, 14)": 0.16127656542198796,
        "(4, 15)": 0.17969512627300605,
        "(5, 16)": 0.3558140246699233,
        "(5, 17)": 0.27128140723408206,
        "(5, 18)": 0.156117234201677,
        "(6, 19)": 0.16732662417583855,
        "(6, 20)": 0.13086327324041955,
        "(6, 21)": 0.26990978262834986,
        "(7, 22)": 0.5411221074738083,
        "(7, 23)": 0.16673263087784193,
        "(7, 24)": 0.20798441000832932,
        "(8, 25)": 0.27645091501302255,
        "(8, 26)": 0.22033845264051957,
        "(8, 27)": 0.2947014869251878,
        "(9, 28)": 0.2724158993518186,
        "(9, 29)": 0.261533451329589,
        "(9, 30)": 0.16683361125094506,
        "(10, 31)": 0.3184615412694242,
        "(10, 32)": 0.2374397268976387,
        "(10, 33)": 0.14763980533669063,
        "(11, 34)": 0.16212017003290832,
        "(11, 35)": 0.21731313480701483,
        "(11, 36)": 0.23160709134087995,
        "(12, 37)": 0.16300862253233833,
        "(12, 38)": 0.6243931078778625,
        "(12, 39)": 0.27242803980427094,
        "(13, 40)": 0.4214926516867148,
        "(13, 41)": 0.31854894325390853,
        "(13, 42)": 0.11813570577273227,
        "(14, 43)": 0.3636682765711066,
        "(14, 44)": 0.21604187158220015,
        "(14, 45)": 0.18216020024048576,
        "(15, 46)": 0.2637682642714639,
        "(15, 47)": 0.8896675216747549,
        "(15, 48)": 0.18284295172095577,
        "(16, 49)": 0.12997009331792106,
        "(16, 50)": 1.1085967073175567,
        "(16, 51)": 0.22358059293133659,
        "(17, 52)": 0.6989515199515729,
        "(17, 53)": 0.10742572128905718,
        "(17, 54)": 0.179334162861529,
        "(18, 55)": 0.15133926774746823,
        "(18, 56)": 0.2847764468886943,
        "(18, 57)": 0.1473041255587867,
        "(19, 58)": 0.19766780716637725,
        "(19, 59)": 0.09614209268926836,
        "(19, 60)": 0.28311957921526265,
        "(20, 61)": 0.19463132689038257,
        "(20, 62)": 1.0867685364610218,
        "(20, 63)": 0.20462887953282663,
        "(21, 64)": 0.10497800903644011,
        "(21, 65)": 0.175949064347997,
        "(21, 66)": 0.5605161047792163,
        "(22, 67)": 0.6920458669807896,
        "(22, 68)": 0.2339775813612664,
        "(22, 69)": 0.11676533638187014,
        "(23, 70)": 0.20750722071966482,
        "(23, 71)": 0.32559709373792184,
        "(23, 72)": 0.2558871352583125,
        "(24, 73)": 0.12100896653529968,
        "(24, 74)": 0.32995485091737153,
        "(24, 75)": 0.17530365335369222,
        "(25, 76)": 0.12151628328405334,
        "(25, 77)": 0.4535218028380391,
        "(25, 78)": 0.15932861877389456,
        "(26, 79)": 0.1945699702484596,
        "(26, 80)": 0.5473936610492282,
        "(26, 81)": 0.31173598821730536,
        "(27, 82)": 0.20529913394336238,
        "(27, 83)": 0.21368839548033272,
        "(27, 84)": 0.26123723280931943,
        "(28, 85)": 0.24975745793335358,
        "(28, 86)": 0.40122540469509405,
        "(28, 87)": 0.10506605685250754,
        "(29, 88)": 0.16490319066266207,
        "(29, 89)": 0.16790401942029184,
        "(29, 90)": 0.3493830626372499,
        "(30, 91)": 0.3731208103839381,
        "(30, 92)": 0.17842023993940961,
        "(30, 93)": 0.3183601005851295,
        "(31, 94)": 0.31180620367387685,
        "(31, 95)": 0.20334224090428438,
        "(31, 96)": 0.08231308532307707,
        "(32, 97)": 0.36127391194961606,
        "(32, 98)": 0.4177833256073622,
        "(32, 99)": 0.14549899405879013,
        "(33, 100)": 0.23831505226090113,
        "(33, 101)": 0.1758366328893758,
        "(33, 102)": 0.9825798759797214,
        "(34, 103)": 0.2959884076588502,
        "(34, 104)": 0.1082731807295352,
        "(34, 105)": 0.1237966137020574,
        "(35, 106)": 0.44745937222325616,
        "(35, 107)": 0.24546323209875362,
        "(35, 108)": 0.13128786664366268,
        "(36, 109)": 0.3397108204588142,
        "(36, 110)": 0.3503738264976897,
        "(36, 111)": 0.1421989648954624,
        "(37, 112)": 0.3549509117328612,
        "(37, 113)": 0.27731683823221037,
        "(37, 114)": 0.12365239158080785,
        "(38, 115)": 0.18580297959151715,
        "(38, 116)": 0.1242431105347528,
        "(38, 117)": 0.08022945163955268,
        "(39, 118)": 0.21064758069409517,
        "(39, 119)": 0.3157716898421774,
        "(39, 120)": 0.27093347100459514
    },
    "matching_probabilities": {
        "(0, 1)": 0.0659748484597843,
        "(0, 2)": 0.0641258059417031,
        "(0, 3)": 0.00931129403762133,
        "(1, 4)": 0.023759021588656292,
        "(1, 5)": 0.07408868034021683,
        "(1, 6)": 0.01524439681328084,
        "(2, 7)": 0.058875096665629165,
        "(2, 8)": 0.05508067464834547,
        "(2, 9)": 0.01958774921919913,
        "(3, 10)": 0.010539978953145429,
        "(3, 11)": 0.09121792370358911,
        "(3, 12)": 0.030718587478235405,
        "(4, 13)": 0.024216113797487976,
        "(4, 14)": 0.021568019869962526,
        "(4, 15)": 0.015157691663112519,
        "(5, 16)": 0.04342639606308567,
        "(5, 17)": 0.037330949698792526,
        "(5, 18)": 0.01627277573470511,
        "(6, 19)": 0.018368090474316517,
        "(6, 20)": 0.04705983027432428,
        "(6, 21)": 0.028804173506274906,
        "(7, 22)": 0.04565547385943701,
        "(7, 23)": 0.03920144721452245,
        "(7, 24)": 0.013734609033812817,
        "(8, 25)": 0.005587994111411433,
        "(8, 26)": 0.0399712119626807,
        "(8, 27)": 0.025470434852910687,
        "(9, 28)": 0.03444549729622595,
        "(9, 29)": 0.10433521524119933,
        "(9, 30)": 0.023458516493360174,
        "(10, 31)": 0.04359706927958896,
        "(10, 32)": 0.031236675104580034,
        "(10, 33)": 0.05262991631298072,
        "(11, 34)": 0.004084090254584694,
        "(11, 35)": 0.02654912871738473,
        "(11, 36)": 0.12515902767903359,
        "(12, 37)": 0.09033538375242747,
        "(12, 38)": 0.056682957900790566,
        "(12, 39)": 0.007756940531903148,
        "(13, 40)": 0.009689696516734568,
        "(13, 41)": 0.08328160011527191,
        "(13, 42)": 0.049371171209508874,
        "(14, 43)": 0.0798799122086464,
        "(14, 44)": 0.11453285498310352,
        "(14, 45)": 0.008675793625456195,
        "(15, 46)": 0.04839579103269374,
        "(15, 47)": 0.04116942389849795,
        "(15, 48)": 0.11225108649472793,
        "(16, 49)": 0.0931823229038218,
        "(16, 50)": 0.05664492827073441,
        "(16, 51)": 0.015804684121618284,
        "(17, 52)": 0.015692212458354487,
        "(17, 53)": 0.08263183295965366,
        "(17, 54)": 0.00948515234163553,
        "(18, 55)": 0.009679045947538075,
        "(18, 56)": 0.19879920457669004,
        "(18, 57)": 0.015805863305121674,
        "(19, 58)": 0.09343460666376338,
        "(19, 59)": 0.005018150967685198,
        "(19, 60)": 0.08015867482069342,
        "(20, 61)": 0.08176120576549824,
        "(20, 62)": 0.04006153054464144,
        "(20, 63)": 0.03288525005161179,
        "(21, 64)": 0.04636888587768555,
        "(21, 65)": 0.04738450706543849,
        "(21, 66)": 0.052698300240109845,
        "(22, 67)": 0.06282269670234053,
        "(22, 68)": 0.1190381824968124,
        "(22, 69)": 0.02834650629129382,
        "(23, 70)": 0.041449969933613724,
        "(23, 71)": 0.05772082419170423,
        "(23, 72)": 0.0712930335002059,
        "(24, 73)": 0.07529922585029354,