{
    "min_scaled_matching_probability": 0.46550165235263447,
    "scaled_matching_probabilities": {
        "(0, 10)": 0.6239304839266566,
        "(0, 11)": 0.5954959755732162,
        "(0, 12)": 0.5236175510404723,
        "(0, 13)": 0.6364748070715841,
        "(0, 14)": 0.634313799590531,
        "(0, 15)": 0.6726846778152084,
        "(0, 16)": 0.6066329166244275,
        "(0, 17)": 0.6069400234192922,
        "(0, 18)": 0.6170177112781801,
        "(0, 19)": 0.6181629437657912,
        "(10, 1)": 0.591688426127981,
        "(10, 2)": 0.6771842729766905,
        "(10, 3)": 0.5964041761135487,
        "(10, 4)": 0.6161550036525728,
        "(10, 5)": 0.5278979229874882,
        "(10, 6)": 0.5857429998263699,
        "(10, 7)": 0.5539815488176281,
        "(10, 8)": 0.6351819895812667,
        "(10, 9)": 0.5756078743798874,
        "(11, 1)": 0.6014534287330097,
        "(11, 2)": 0.5521537169188675,
        "(11, 3)": 0.6691805682023803,
        "(11, 4)": 0.5264960916593212,
        "(11, 5)": 0.6241804764951869,
        "(11, 6)": 0.6645757292878781,
        "(11, 7)": 0.5848803367231128,
        "(11, 8)": 0.6487369515756003,
        "(11, 9)": 0.5727257713740286,
        "(12, 1)": 0.6431962859710716,
        "(12, 2)": 0.5774070387082999,
        "(12, 3)": 0.5887528971824562,
        "(12, 4)": 0.646909651812321,
        "(12, 5)": 0.5795933237604456,
        "(12, 6)": 0.5616801580371836,
        "(12, 7)": 0.5701469525152116,
        "(12, 8)": 0.5445029246113269,
        "(12, 9)": 0.6192204050989663,
        "(13, 1)": 0.5901531293390435,
        "(13, 2)": 0.6216499636748618,
        "(13, 3)": 0.655782238196042,
        "(13, 4)": 0.6086670429502005,
        "(13, 5)": 0.5315952432130895,
        "(13, 6)": 0.6035856494783641,
        "(13, 7)": 0.6022944891870016,
        "(13, 8)": 0.6471270931938524,
        "(13, 9)": 0.5659170095489683,
        "(14, 1)": 0.5859300690039767,
        "(14, 2)": 0.6439269999920222,
        "(14, 3)": 0.6011859810026237,
        "(14, 4)": 0.5977133775163399,
        "(14, 5)": 0.6669962498128899,
        "(14, 6)": 0.6388590757220569,
        "(14, 7)": 0.4667307835168321,
        "(14, 8)": 0.6718098909570346,
        "(14, 9)": 0.5985516635603995,
        "(15, 1)": 0.6333777973322062,
        "(15, 2)": 0.6466117373259707,
        "(15, 3)": 0.597218877159353,
        "(15, 4)": 0.5511304693383192,
        "(15, 5)": 0.5760800240093139,
        "(15, 6)": 0.5774687900974694,
        "(15, 7)": 0.668411139874606,
        "(15, 8)": 0.5606453056295586,
        "(15, 9)": 0.5028452191633739,
        "(16, 1)": 0.46550165235263447,
        "(16, 2)": 0.6562719129372102,
        "(16, 3)": 0.6459056979696253,
        "(16, 4)": 0.6694282965149608,
        "(16, 5)": 0.5518258900663651,
        "(16, 6)": 0.589807276979375,
        "(16, 7)": 0.5981278857850539,
        "(16, 8)": 0.5817913427009445,
        "(16, 9)": 0.6241465978265097,
        "(17, 1)": 0.5992215664257945,
        "(17, 2)": 0.594224556549317,
        "(17, 3)": 0.5666489879648988,
        "(17, 4)": 0.6326075475383652,
        "(17, 5)": 0.6026515701772215,
        "(17, 6)": 0.6642168326614564,
        "(17, 7)": 0.6698973516875776,
        "(17, 8)": 0.6091984379872089,
        "(17, 9)": 0.6143400053894001,
        "(18, 1)": 0.6439596696716482,
        "(18, 2)": 0.5521884123585938,
        "(18, 3)": 0.6368841632649158,
        "(18, 4)": 0.623310024708985,
        "(18, 5)": 0.6653808963476632,
        "(18, 6)": 0.4937596311094369,
        "(18, 7)": 0.6687619541818506,
        "(18, 8)": 0.5801799113997714,
        "(18, 9)": 0.5665630315616815,
        "(19, 1)": 0.5725849888467707,
        "(19, 2)": 0.5415309484081483,
        "(19, 3)": 0.6021756492872914,
        "(19, 4)": 0.5573784053769248,
        "(19, 5)": 0.616803710801629,
        "(19, 6)": 0.5650838630778364,
        "(19, 7)": 0.5851550229928811,
        "(19, 8)": 0.5014428265423058,
        "(19, 9)": 0.5680733864106744
    },
    "matching_probabilities": {
        "(0, 10)": 0.0008119155258672356,
        "(0, 11)": 0.12052234679521137,
        "(0, 12)": 0.00040936214297679764,
        "(0, 13)": 0.004183128959022692,
        "(0, 14)": 0.024251073196564672,
        "(0, 15)": 0.0031270009392083864,
        "(0, 16)": 0.07333441221624372,
        "(0, 17)": 0.09103226713673941,
        "(0, 18)": 0.289792584786652,
        "(0, 19)": 0.0030191499009902386,
        "(10, 1)": 0.004960239071358666,
        "(10, 2)": 0.004634016076736249,
        "(10, 3)": 0.0009486975961277785,
        "(10, 4)": 0.09447619635630435,
        "(10, 5)": 0.007351755590628863,
        "(10, 6)": 0.11269153555886746,
        "(10, 7)": 0.02803862181882088,
        "(10, 8)": 0.21369924527522485,
        "(10, 9)": 0.10801672565733204,
        "(11, 1)": 0.3721803361263644,
        "(11, 2)": 0.024651433013693123,
        "(11, 3)": 0.00011020938285651484,
        "(11, 4)": 0.00016908956368772386,
        "(11, 5)": 0.004452965036654793,
        "(11, 6)": 0.011540476734127628,
        "(11, 7)": 0.0008738170372304975,
        "(11, 8)": 0.011879935911627424,
        "(11, 9)": 0.05115732801351097,
        "(12, 1)": 0.0011272540372872697,
        "(12, 2)": 0.08759998583980257,
        "(12, 3)": 0.2795351171856406,
        "(12, 4)": 0.006383306640042402,
        "(12, 5)": 0.00010905383776348014,
        "(12, 6)": 0.02349949031369523,
        "(12, 7)": 0.024032410185505147,
        "(12, 8)": 0.08161982065198956,
        "(12, 9)": 0.06581968661561977,
        "(13, 1)": 0.05741171545559744,
        "(13, 2)": 0.0005701701942068282,
        "(13, 3)": 0.0008532005572605691,
        "(13, 4)": 0.06988444223815884,
        "(13, 5)": 0.0014624066342938692,
        "(13, 6)": 0.2336217080295163,
        "(13, 7)": 0.1615791062260262,
        "(13, 8)": 0.002858304345796962,
        "(13, 9)": 0.01385468138345776,
        "(14, 1)": 0.09596564451459365,
        "(14, 2)": 0.023777414343750494,
        "(14, 3)": 0.05509209719167468,
        "(14, 4)": 0.14907059748990895,
        "(14, 5)": 0.06390954966265142,
        "(14, 6)": 0.0057504647147222235,
        "(14, 7)": 0.0061864434556620496,
        "(14, 8)": 0.006992092399173619,
        "(14, 9)": 0.16508889543791241,
        "(15, 1)": 0.010929469570415183,
        "(15, 2)": 0.032729745279987045,
        "(15, 3)": 0.173501654031704,
        "(15, 4)": 0.0066162518743692455,
        "(15, 5)": 0.2951249027190981,
        "(15, 6)": 0.0549108700584389,
        "(15, 7)": 0.00863451713755153,
        "(15, 8)": 0.00030822036576823466,
        "(15, 9)": 0.0010671569625824362,
        "(16, 1)": 0.007842993468243353,
        "(16, 2)": 0.0009376745046895759,
        "(16, 3)": 0.0043415785351778894,
        "(16, 4)": 0.0235493976869233,
        "(16, 5)": 0.00011072785905475326,
        "(16, 6)": 0.07394607972346366,
        "(16, 7)": 0.3096281866182517,
        "(16, 8)": 0.02396226721413232,
        "(16, 9)": 0.07133184153183385,
        "(17, 1)": 0.0050682383702850145,
        "(17, 2)": 0.37327376530664436,
        "(17, 3)": 0.057293753016866164,
        "(17, 4)": 0.01777807188955971,
        "(17, 5)": 0.00018453869832486887,
        "(17, 6)": 0.010678439811373619,
        "(17, 7)": 0.002970293687096019,
        "(17, 8)": 0.03328461917333166,
        "(17, 9)": 0.0028766536568219964,
        "(18, 1)": 0.0004535055337871608,
        "(18, 2)": 0.034942482024227985,
        "(18, 3)": 0.0037009590758983963,
        "(18, 4)": 0.006814948762213568,
        "(18, 5)": 0.0017884091866249587,
        "(18, 6)": 0.0014599331326128797,
        "(18, 7)": 0.0008107371159716572,
        "(18, 8)": 0.21918673935481553,
        "(18, 9)": 0.03410072200045343,
        "(19, 1)": 0.037686311455943616,
        "(19, 2)": 0.008107928770149566,
        "(19, 3)": 0.014390364483828208,
        "(19, 4)": 0.16129161075003504,
        "(19, 5)": 0.22486634417211035,
        "(19, 6)": 0.05916903251378412,