{
    "min_scaled_matching_probability": 0.6301659453625933,
    "scaled_matching_probabilities": {
        "(0, 1)": 0.8882871824074751,
        "(0, 2)": 0.8254852677102037,
        "(0, 3)": 0.7517271332342068,
        "(1, 4)": 0.7418920796212346,
        "(1, 5)": 0.7652636163999696,
        "(1, 6)": 0.8840555447984979,
        "(2, 7)": 0.8313087612101425,
        "(2, 8)": 0.7468173867516005,
        "(2, 9)": 0.7541635146212337,
        "(3, 10)": 0.7920332682178047,
        "(3, 11)": 0.7191087286529537,
        "(3, 12)": 0.9144142633771085,
        "(4, 13)": 0.7874991463515927,
        "(4, 14)": 1.2925306542214186,
        "(4, 15)": 0.8368750428139202,
        "(5, 16)": 0.8280269078718806,
        "(5, 17)": 0.7458508961595663,
        "(5, 18)": 0.8085527482653735,
        "(6, 19)": 0.9436497577260019,
        "(6, 20)": 0.8057181770420291,
        "(6, 21)": 0.7469103034636416,
        "(7, 22)": 0.8629215544537927,
        "(7, 23)": 0.7802387568243683,
        "(7, 24)": 0.7198832737504068,
        "(8, 25)": 0.7549936537868635,
        "(8, 26)": 0.7595904830259725,
        "(8, 27)": 0.8876640993099373,
        "(9, 28)": 0.7051559861807047,
        "(9, 29)": 0.9035705919131037,
        "(9, 30)": 1.1100628600285039,
        "(10, 31)": 0.8756359667665963,
        "(10, 32)": 0.6663700267568605,
        "(10, 33)": 0.9337990588969617,
        "(11, 34)": 0.696307943403198,
        "(11, 35)": 0.6821536400463245,
        "(11, 36)": 0.9485994661425805,
        "(12, 37)": 0.7618246555326373,
        "(12, 38)": 1.0259467184560846,
        "(12, 39)": 0.7947410021035698,
        "(13, 40)": 0.9435122700681436,
        "(13, 41)": 0.8513399316531058,
        "(13, 42)": 0.8005539716645899,
        "(14, 43)": 0.821976806498782,
        "(14, 44)": 0.7948198174601356,
        "(14, 45)": 0.6473945193850371,
        "(15, 46)": 0.8264724952334744,
        "(15, 47)": 0.8062650954408517,
        "(15, 48)": 0.9208823284634117,
        "(16, 49)": 0.8802342889446101,
        "(16, 50)": 0.6537066903753339,
        "(16, 51)": 0.7979257969644477,
        "(17, 52)": 0.653322784365021,
        "(17, 53)": 0.8337717452336529,
        "(17, 54)": 0.816563608955719,
        "(18, 55)": 0.9379081003788104,
        "(18, 56)": 0.8094880423462487,
        "(18, 57)": 0.7841397946389822,
        "(19, 58)": 0.779490006026464,
        "(19, 59)": 1.029017628785551,
        "(19, 60)": 0.8893527354928878,
        "(20, 61)": 0.969900592717209,
        "(20, 62)": 0.7338978444793797,
        "(20, 63)": 0.6695557284142922,
        "(21, 64)": 0.8585667246288411,
        "(21, 65)": 0.8377815041480403,
        "(21, 66)": 0.7441062656959202,
        "(22, 67)": 0.9455079333069201,
        "(22, 68)": 0.8172711091871552,
        "(22, 69)": 0.6974221695502039,
        "(23, 70)": 0.7730725065742244,
        "(23, 71)": 0.8971756135602235,
        "(23, 72)": 1.0370099462982882,
        "(24, 73)": 0.9042571251588649,
        "(24, 74)": 0.8604130559179133,
        "(24, 75)": 0.8177749206633557,
        "(25, 76)": 0.7931262040837009,
        "(25, 77)": 0.8701585979914316,
        "(25, 78)": 0.8797704248758271,
        "(26, 79)": 0.8035103719272125,
        "(26, 80)": 0.6301659453625933,
        "(26, 81)": 0.730530239075774,
        "(27, 82)": 0.6655303211884981,
        "(27, 83)": 0.8545042676044834,
        "(27, 84)": 0.7753017082615588,
        "(28, 85)": 0.7342511900712849,
        "(28, 86)": 0.798926814641295,
        "(28, 87)": 0.9256543159116544,
        "(29, 88)": 0.6713869021361882,
        "(29, 89)": 0.7385360388749286,
        "(29, 90)": 0.9550641922151186,
        "(30, 91)": 0.8081502677955403,
        "(30, 92)": 0.7269764797604813,
        "(30, 93)": 0.8013186897979628,
        "(31, 94)": 0.8922250580908113,
        "(31, 95)": 0.8836345169856458,
        "(31, 96)": 0.7682158513030853,
        "(32, 97)": 0.8167651186230481,
        "(32, 98)": 0.7455977934009522,
        "(32, 99)": 0.8930044814612855,
        "(33, 100)": 0.8447069951903102,
        "(33, 101)": 0.8252921022354506,
        "(33, 102)": 0.7298578511654559,
        "(34, 103)": 0.699485036635803,
        "(34, 104)": 1.1269792685202722,
        "(34, 105)": 0.9322058658931649,
        "(35, 106)": 0.9438662213714804,
        "(35, 107)": 0.9204623814645009,
        "(35, 108)": 0.7454470884998635,
        "(36, 109)": 0.7312762492278579,
        "(36, 110)": 0.7358684254864422,
        "(36, 111)": 0.8154621881852119,
        "(37, 112)": 0.8774513140518048,
        "(37, 113)": 0.7931273751864032,
        "(37, 114)": 0.9699150741813813,
        "(38, 115)": 1.006277533475727,
        "(38, 116)": 0.7649879509145433,
        "(38, 117)": 0.7654979116929163,
        "(39, 118)": 0.8203276017504578,
        "(39, 119)": 0.938456338234294,
        "(39, 120)": 0.7976632854841179
    },
    "matching_probabilities": {
        "(0, 1)": 0.36864221680629133,
        "(0, 2)": 0.10247017804261534,
        "(0, 3)": 0.06321530051029622,
        "(1, 4)": 0.02272879466750372,
        "(1, 5)": 0.2938921899631307,
        "(1, 6)": 0.07176117008323384,
        "(2, 7)": 0.11737125528027406,
        "(2, 8)": 0.30837534908183006,
        "(2, 9)": 0.12475156766883051,
        "(3, 10)": 0.11618854277731018,
        "(3, 11)": 0.12933941170534205,
        "(3, 12)": 0.2763554809744869,
        "(4, 13)": 0.19749121699247152,
        "(4, 14)": 0.17285416985313917,
        "(4, 15)": 0.07059230888797376,
        "(5, 16)": 0.10105904196860613,
        "(5, 17)": 0.10263630881016031,
        "(5, 18)": 0.08427895619265693,
        "(6, 19)": 0.10358808235898721,
        "(6, 20)": 0.2897448590551111,
        "(6, 21)": 0.07970861139262557,
        "(7, 22)": 0.07280628887264008,
        "(7, 23)": 0.18344632528940624,
        "(7, 24)": 0.04753873290092809,
        "(8, 25)": 0.015260937339691057,
        "(8, 26)": 0.13779597631740256,
        "(8, 27)": 0.07671895669288194,
        "(9, 28)": 0.08916310932364403,
        "(9, 29)": 0.360467204916229,
        "(9, 30)": 0.15608622096824457,
        "(10, 31)": 0.1198736957519347,
        "(10, 32)": 0.08766512789246877,
        "(10, 33)": 0.3328761251805431,
        "(11, 34)": 0.017541213318895854,
        "(11, 35)": 0.08333865696017649,
        "(11, 36)": 0.5126172353009467,
        "(12, 37)": 0.42218455404682,
        "(12, 38)": 0.09313634938788581,
        "(12, 39)": 0.022628943393681676,
        "(13, 40)": 0.021690407935203816,
        "(13, 41)": 0.2225747510754831,
        "(13, 42)": 0.3345668182110921,
        "(14, 43)": 0.18054760167629882,
        "(14, 44)": 0.421367312846214,
        "(14, 45)": 0.030833635651590915,
        "(15, 46)": 0.15163988846066578,
        "(15, 47)": 0.03730997106231581,
        "(15, 48)": 0.5653487921239108,
        "(16, 49)": 0.6310857648060403,
        "(16, 50)": 0.03340183886709218,
        "(16, 51)": 0.05640456091547512,
        "(17, 52)": 0.014667798328630782,
        "(17, 53)": 0.6413369791880946,
        "(17, 54)": 0.043188816363790634,
        "(18, 55)": 0.05998479927418921,
        "(18, 56)": 0.565094412445122,
        "(18, 57)": 0.08413889535784716,
        "(19, 58)": 0.3684532304752841,
        "(19, 59)": 0.05370972968463099,
        "(19, 60)": 0.25179938781650124,
        "(20, 61)": 0.40743822281956055,
        "(20, 62)": 0.02705366407551649,
        "(20, 63)": 0.1076021507944623,
        "(21, 64)": 0.37922973428533807,
        "(21, 65)": 0.22562133961724826,
        "(21, 66)": 0.06995898077832458,
        "(22, 67)": 0.08583153365678046,
        "(22, 68)": 0.4157939699982644,
        "(22, 69)": 0.16930951024872992,
        "(23, 70)": 0.15442273306380563,
        "(23, 71)": 0.15904845852548413,
        "(23, 72)": 0.28892263288991943,
        "(24, 73)": 0.5626844311095901,
        "(24, 74)": 0.034939962913702535,
        "(24, 75)": 0.21001668584353955,
        "(25, 76)": 0.5072710493581088,