{
    "min_scaled_matching_probability": 0.00040003451058521355,
    "scaled_matching_probabilities": {
        "(0, 10)": 0.5262043435804743,
        "(0, 11)": 0.9775540544013137,
        "(0, 12)": 37.385870079817344,
        "(0, 13)": 0.1268669300096587,
        "(0, 14)": 0.3200774330331258,
        "(0, 15)": 1.6939664173119857,
        "(0, 16)": 0.021112793175838758,
        "(0, 17)": 1.794541072391111,
        "(0, 18)": 1.0708091600065457,
        "(0, 19)": 1.115222809374859,
        "(10, 1)": 0.9504153824738997,
        "(10, 2)": 18.742427031106892,
        "(10, 3)": 0.9633439784380721,
        "(10, 4)": 1.7229977274759196,
        "(10, 5)": 0.9822756544084571,
        "(10, 6)": 0.6045401296526093,
        "(10, 7)": 1.0250203645211415,
        "(10, 8)": 0.960846356415641,
        "(10, 9)": 0.582496722218887,
        "(11, 1)": 0.792082449842564,
        "(11, 2)": 0.9344417566176433,
        "(11, 3)": 6.512315023998992,
        "(11, 4)": 1.0437475749612641,
        "(11, 5)": 6.6381700403122865,
        "(11, 6)": 4.642073689972258,
        "(11, 7)": 36.28069133277098,
        "(11, 8)": 0.46117335009727506,
        "(11, 9)": 1.0966602439599726,
        "(12, 1)": 0.991763587789015,
        "(12, 2)": 0.9275337774316714,
        "(12, 3)": 1.0620182752500897,
        "(12, 4)": 1.2105605901874048,
        "(12, 5)": 241.8247520079243,
        "(12, 6)": 0.5792434724726165,
        "(12, 7)": 1.0150039623042741,
        "(12, 8)": 0.3791828490902351,
        "(12, 9)": 1.1086201407592582,
        "(13, 1)": 1.1966457194272646,
        "(13, 2)": 1.0400588221295808,
        "(13, 3)": 1.9844744544605148,
        "(13, 4)": 0.4608028024954738,
        "(13, 5)": 0.3625390135871675,
        "(13, 6)": 1.038418520192398,
        "(13, 7)": 1.042972545993418,
        "(13, 8)": 1.3613882192347393,
        "(13, 9)": 3.6258845314123267,
        "(14, 1)": 1.1437902507363624,
        "(14, 2)": 1.310429201638373,
        "(14, 3)": 1.010320044055294,
        "(14, 4)": 1.050078275299261,
        "(14, 5)": 0.0072023583262324446,
        "(14, 6)": 1.1961177834360501,
        "(14, 7)": 0.9649396689783664,
        "(14, 8)": 3.236245623298862,
        "(14, 9)": 0.25772483284317127,
        "(15, 1)": 1.0437296203715583,
        "(15, 2)": 0.34267229971825713,
        "(15, 3)": 0.01602571179228983,
        "(15, 4)": 0.8257442751006894,
        "(15, 5)": 1.0167066835260807,
        "(15, 6)": 1.1137402251031006,
        "(15, 7)": 0.2165712433227916,
        "(15, 8)": 410.0991734047339,
        "(15, 9)": 42.12308485059456,
        "(16, 1)": 0.246755958728379,
        "(16, 2)": 0.9401786153908318,
        "(16, 3)": 23.34265580700642,
        "(16, 4)": 0.3068954740549661,
        "(16, 5)": 0.9646344950535631,
        "(16, 6)": 1.05507735751744,
        "(16, 7)": 1.0437990787480198,
        "(16, 8)": 0.16766820801638496,
        "(16, 9)": 1.2855885924862978,
        "(17, 1)": 9.637048051598894,
        "(17, 2)": 0.4964415983780754,
        "(17, 3)": 0.8848194060399527,
        "(17, 4)": 1.1298029559802867,
        "(17, 5)": 38.98304034042608,
        "(17, 6)": 4.887549374555354,
        "(17, 7)": 4.51498388243938,
        "(17, 8)": 1.0174560648494935,
        "(17, 9)": 5.512918429834363,
        "(18, 1)": 0.9359367644280323,
        "(18, 2)": 1.8818207669909532,
        "(18, 3)": 5.583114050512419,
        "(18, 4)": 1.1605937904134376,
        "(18, 5)": 8.419879419716393,
        "(18, 6)": 25.451198826690053,
        "(18, 7)": 1.1714614203540175,
        "(18, 8)": 0.2477730168050512,
        "(18, 9)": 1.6905765904906314,
        "(19, 1)": 0.4454562673031386,
        "(19, 2)": 1.3192525457105684,
        "(19, 3)": 4.129449074066569,
        "(19, 4)": 0.9632070411610237,
        "(19, 5)": 1.0077950124729773,
        "(19, 6)": 0.00040003451058521355,
        "(19, 7)": 0.18320169002753312,
        "(19, 8)": 9.961509839031445,
        "(19, 9)": 5.44905422336445
    },
    "matching_probabilities": {
        "(0, 10)": 0.0006847453159252688,
        "(0, 11)": 0.1978470276683414,
        "(0, 12)": 0.029228126258401984,
        "(0, 13)": 0.0008338126237980393,
        "(0, 14)": 0.01223719436983022,
        "(0, 15)": 0.007874468904399783,
        "(0, 16)": 0.002552275412960852,
        "(0, 17)": 0.26915532999362557,
        "(0, 18)": 0.5029232526383951,
        "(0, 19)": 0.0054468241237408364,
        "(10, 1)": 0.007967516865282805,
        "(10, 2)": 0.12825564863966496,
        "(10, 3)": 0.0015323871850527902,
        "(10, 4)": 0.26419045639085337,
        "(10, 5)": 0.0136796342993135,
        "(10, 6)": 0.11630792948051266,
        "(10, 7)": 0.05187927002034419,
        "(10, 8)": 0.3232650556210418,
        "(10, 9)": 0.10930946472543805,
        "(11, 1)": 0.49014187689178973,
        "(11, 2)": 0.041719049718617285,
        "(11, 3)": 0.0010725329662368186,
        "(11, 4)": 0.0003352101275701758,
        "(11, 5)": 0.04735735930553073,
        "(11, 6)": 0.08061044220593985,
        "(11, 7)": 0.05420371350949424,
        "(11, 8)": 0.008445194666343412,
        "(11, 9)": 0.09795649265972835,
        "(12, 1)": 0.0017381467100386157,
        "(12, 2)": 0.1407186617446149,
        "(12, 3)": 0.5042376936844601,
        "(12, 4)": 0.011945067494152565,
        "(12, 5)": 0.04550072644309115,
        "(12, 6)": 0.02423430163210487,
        "(12, 7)": 0.042783691913811484,
        "(12, 8)": 0.05683869587871742,
        "(12, 9)": 0.11784015778497553,
        "(13, 1)": 0.11641297847875637,
        "(13, 2)": 0.0009539299851231183,
        "(13, 3)": 0.0025818855891441774,
        "(13, 4)": 0.05290732791788665,
        "(13, 5)": 0.000997336724564533,
        "(13, 6)": 0.40192656758239714,
        "(13, 7)": 0.27980095256620596,
        "(13, 8)": 0.006013133902569866,
        "(13, 9)": 0.08876827179300217,
        "(14, 1)": 0.18733390622538387,
        "(14, 2)": 0.04838843237803631,
        "(14, 3)": 0.09258474385740607,
        "(14, 4)": 0.2618910698644262,
        "(14, 5)": 0.0006901080437374117,
        "(14, 6)": 0.01076643248830235,
        "(14, 7)": 0.012790124223817421,
        "(14, 8)": 0.03368233890139918,
        "(14, 9)": 0.07108410279559153,
        "(15, 1)": 0.018010437330831724,
        "(15, 2)": 0.017345149240048395,
        "(15, 3)": 0.004655726081906425,
        "(15, 4)": 0.009912956027351967,
        "(15, 5)": 0.5208572569158209,
        "(15, 6)": 0.10590432907927441,
        "(15, 7)": 0.0027976614996606678,
        "(15, 8)": 0.2254561234328359,
        "(15, 9)": 0.08939518875918334,
        "(16, 1)": 0.004157461875324856,
        "(16, 2)": 0.0013433174574860652,
        "(16, 3)": 0.15690212011492496,
        "(16, 4)": 0.010796083171957356,
        "(16, 5)": 0.0001935608936267893,
        "(16, 6)": 0.13227852120267114,
        "(16, 7)": 0.5403353089320667,
        "(16, 8)": 0.006905758317322615,
        "(16, 9)": 0.14692606204008526,
        "(17, 1)": 0.08151051205104196,
        "(17, 2)": 0.31184948962312636,
        "(17, 3)": 0.08946389315235759,
        "(17, 4)": 0.031750677415426316,
        "(17, 5)": 0.011937046009940005,
        "(17, 6)": 0.07857584941378243,
        "(17, 7)": 0.020019228452786034,
        "(17, 8)": 0.055590486666387516,
        "(17, 9)": 0.025814299609045167,
        "(18, 1)": 0.0006591290137150812,
        "(18, 2)": 0.1190816157161559,
        "(18, 3)": 0.03244369668589945,
        "(18, 4)": 0.012689330994000289,
        "(18, 5)": 0.022630931827395416,
        "(18, 6)": 0.07525331373954987,
        "(18, 7)": 0.0014201574229379993,
        "(18, 8)": 0.09360641171214892,
        "(18, 9)": 0.1017536957430642,
        "(19, 1)": 0.029318972653124654,
        "(19, 2)": 0.01975215950612293,
        "(19, 3)": 0.09868263082965377,
        "(19, 4)": 0.27872844311142114,
        "(19, 5)": 0.367408911718704,
        "(19, 6)": 4.188697733205644e-05,
        "(19, 7)": 0.014227395759495923,