{
    "min_scaled_matching_probability": 0.045670075159641894,
    "scaled_matching_probabilities": {
        "(0, 10)": 0.7803801088589816,
        "(0, 11)": 0.1785073985437536,
        "(0, 12)": 0.4786811268185828,
        "(0, 13)": 4.102495478460954,
        "(0, 14)": 0.8520864523571603,
        "(0, 15)": 0.8088972992809494,
        "(0, 16)": 0.6311102030216735,
        "(0, 17)": 0.8027343637531847,
        "(0, 18)": 0.8493225510913133,
        "(0, 19)": 25.01184663473744,
        "(10, 1)": 0.8384019139593337,
        "(10, 2)": 8.044903059756898,
        "(10, 3)": 73.55358056887985,
        "(10, 4)": 0.5117264446095144,
        "(10, 5)": 0.8054109471848084,
        "(10, 6)": 0.8095467008629318,
        "(10, 7)": 0.7456721264666591,
        "(10, 8)": 0.849634289088197,
        "(10, 9)": 0.9785669654906163,
        "(11, 1)": 0.8053148416421998,
        "(11, 2)": 0.6987594745588966,
        "(11, 3)": 0.7397340973770175,
        "(11, 4)": 217.2243892163259,
        "(11, 5)": 6.003745133272806,
        "(11, 6)": 5.09647358114092,
        "(11, 7)": 1.0022951115482348,
        "(11, 8)": 1.4171021040483376,
        "(11, 9)": 1.5830096766591426,
        "(12, 1)": 22.413300268278913,
        "(12, 2)": 0.3019284597732944,
        "(12, 3)": 0.7884893586265843,
        "(12, 4)": 0.7303834855768784,
        "(12, 5)": 176.92028783882498,
        "(12, 6)": 5.4193610809235935,
        "(12, 7)": 0.3955749062853388,
        "(12, 8)": 0.8029707739008268,
        "(12, 9)": 0.4871940462678236,
        "(13, 1)": 1.0643145327054226,
        "(13, 2)": 0.8694100007972615,
        "(13, 3)": 2.8587013498869456,
        "(13, 4)": 0.6430500313672551,
        "(13, 5)": 0.8309143471159467,
        "(13, 6)": 0.7862203318536604,
        "(13, 7)": 0.7955342293212831,
        "(13, 8)": 35.99312446178391,
        "(13, 9)": 2.1321525688280953,
        "(14, 1)": 0.07878093963136999,
        "(14, 2)": 1.5565906734986374,
        "(14, 3)": 0.8105886784979461,
        "(14, 4)": 0.7926426239784544,
        "(14, 5)": 0.8869500009410224,
        "(14, 6)": 0.5505943522062825,
        "(14, 7)": 12.317890133712272,
        "(14, 8)": 3.1329667763279665,
        "(14, 9)": 0.6971990459872597,
        "(15, 1)": 7.087683447442883,
        "(15, 2)": 0.8212409644668364,
        "(15, 3)": 0.8247478367909973,
        "(15, 4)": 1.3917129886429165,
        "(15, 5)": 0.8174390774722381,
        "(15, 6)": 0.22240317971096868,
        "(15, 7)": 0.597578457893422,
        "(15, 8)": 171.80620267382275,
        "(15, 9)": 6.156881641973803,
        "(16, 1)": 7.272305020534219,
        "(16, 2)": 0.739481297821751,
        "(16, 3)": 5.096653908201539,
        "(16, 4)": 0.769976779806221,
        "(16, 5)": 0.6899366460091981,
        "(16, 6)": 0.29102696974276004,
        "(16, 7)": 0.873884676737976,
        "(16, 8)": 0.8838666676673709,
        "(16, 9)": 0.8418334010924375,
        "(17, 1)": 0.7878989782005802,
        "(17, 2)": 0.8176076340216825,
        "(17, 3)": 0.045670075159641894,
        "(17, 4)": 5.657866615749485,
        "(17, 5)": 91.16248096066772,
        "(17, 6)": 0.46232195352324656,
        "(17, 7)": 0.9032316975251168,
        "(17, 8)": 0.7938247367533434,
        "(17, 9)": 21.081709230348963,
        "(18, 1)": 0.8245787367638694,
        "(18, 2)": 1.9290617821814509,
        "(18, 3)": 11.82906595298344,
        "(18, 4)": 3.970814097606947,
        "(18, 5)": 0.7945277077882565,
        "(18, 6)": 0.38781298909452866,
        "(18, 7)": 0.7367481052300574,
        "(18, 8)": 0.38764797785005023,
        "(18, 9)": 0.7464825768689147,
        "(19, 1)": 0.7983886223348868,
        "(19, 2)": 0.877141890923078,
        "(19, 3)": 0.9404064697314307,
        "(19, 4)": 0.834550418418473,
        "(19, 5)": 0.7626458826605234,
        "(19, 6)": 0.4718635495127488,
        "(19, 7)": 0.8162691037888676,
        "(19, 8)": 7.124105048473137,
        "(19, 9)": 0.7568995773121723
    },
    "matching_probabilities": {
        "(0, 10)": 0.0010155021156732758,
        "(0, 11)": 0.03612808730082865,
        "(0, 12)": 0.00037423102317259285,
        "(0, 13)": 0.02696299594192665,
        "(0, 14)": 0.03257695314094359,
        "(0, 15)": 0.003760190618269899,
        "(0, 16)": 0.07629341322228707,
        "(0, 17)": 0.120398599896811,
        "(0, 18)": 0.3988983993481824,
        "(0, 19)": 0.12215956173435952,
        "(10, 1)": 0.007028486188816309,
        "(10, 2)": 0.055051795504384576,
        "(10, 3)": 0.11700136898270451,
        "(10, 4)": 0.07846397055131683,
        "(10, 5)": 0.01121653292403642,
        "(10, 6)": 0.15574929765084974,
        "(10, 7)": 0.03774064100051366,
        "(10, 8)": 0.28584910988706475,
        "(10, 9)": 0.1836347349532041,
        "(11, 1)": 0.4983301019354454,
        "(11, 2)": 0.03119678787257556,
        "(11, 3)": 0.00012182905814023333,
        "(11, 4)": 0.06976381738971751,
        "(11, 5)": 0.042831309491712884,
        "(11, 6)": 0.08850117781501969,
        "(11, 7)": 0.0014974388602472565,
        "(11, 8)": 0.02595055227768193,
        "(11, 9)": 0.14139846559222954,
        "(12, 1)": 0.03928113978177665,
        "(12, 2)": 0.04580638445271139,
        "(12, 3)": 0.37436837477677337,
        "(12, 4)": 0.00720697510108073,
        "(12, 5)": 0.03328857593090195,
        "(12, 6)": 0.22673441709712325,
        "(12, 7)": 0.01667397916450037,
        "(12, 8)": 0.12036359694735677,
        "(12, 9)": 0.05178601864907671,
        "(13, 1)": 0.10353943759541857,
        "(13, 2)": 0.0007974128496196657,
        "(13, 3)": 0.003719291927568105,
        "(13, 4)": 0.07383214401672143,
        "(13, 5)": 0.002285826800119116,
        "(13, 6)": 0.30431163659030847,
        "(13, 7)": 0.21342003297996906,
        "(13, 8)": 0.15897851465339516,
        "(13, 9)": 0.052198986783552684,
        "(14, 1)": 0.012903013596898034,
        "(14, 2)": 0.057478101411888756,
        "(14, 3)": 0.0742815562395576,
        "(14, 4)": 0.19768623891843085,
        "(14, 5)": 0.0849848483395979,
        "(14, 6)": 0.00495598092726329,
        "(14, 7)": 0.16327170500961868,
        "(14, 8)": 0.03260742879569667,
        "(14, 9)": 0.1922972191201476,
        "(15, 1)": 0.12230397227349007,
        "(15, 2)": 0.04156900660610831,
        "(15, 3)": 0.2396024628741374,
        "(15, 4)": 0.01670733915464272,
        "(15, 5)": 0.418772771426428,
        "(15, 6)": 0.021148072954092195,
        "(15, 7)": 0.0077195024557495375,
        "(15, 8)": 0.09445217876196059,
        "(15, 9)": 0.013066364880549105,
        "(16, 1)": 0.12252725739395634,
        "(16, 2)": 0.0010565632110612001,
        "(16, 3)": 0.03425813284916846,
        "(16, 4)": 0.027086529642907073,
        "(16, 5)": 0.0001384407819046476,
        "(16, 6)": 0.03648700914049375,
        "(16, 7)": 0.4523770487923602,
        "(16, 8)": 0.03640385773701174,
        "(16, 9)": 0.0962106129746494,
        "(17, 1)": 0.00666407896004699,
        "(17, 2)": 0.5135962099361695,
        "(17, 3)": 0.004617691131604604,
        "(17, 4)": 0.15900214884842817,
        "(17, 5)": 0.02791497841381236,
        "(17, 6)": 0.00743262879140392,
        "(17, 7)": 0.004004887319505469,
        "(17, 8)": 0.043371999016451966,
        "(17, 9)": 0.09871532932500728,
        "(18, 1)": 0.000580705652508203,
        "(18, 2)": 0.1220710270966835,
        "(18, 3)": 0.0687391703597514,
        "(18, 4)": 0.043414823357126354,
        "(18, 5)": 0.002135529678468772,
        "(18, 6)": 0.0011466733940248984,
        "(18, 7)": 0.0008931564217981496,
        "(18, 8)": 0.14644991081722197,
        "(18, 9)": 0.04492985495686658,
        "(19, 1)": 0.05254822056162254,
        "(19, 2)": 0.013132774763518219,
        "(19, 3)": 0.022473163566813545,
        "(19, 4)": 0.24149837873213706,
        "(19, 5)": 0.27803560278342476,
        "(19, 6)": 0.04940808175112173,
        "(19, 7)": 0.0633912470136488,