{
    "min_scaled_matching_probability": 0.48859810029976697,
    "scaled_matching_probabilities": {
        "(0, 10)": 0.647015195934815,
        "(0, 11)": 0.6019890078782197,
        "(0, 12)": 0.6329908678601919,
        "(0, 13)": 0.6981794455062518,
        "(0, 14)": 0.6031661661497056,
        "(0, 15)": 0.5081053459549484,
        "(0, 16)": 0.5911828005138707,
        "(0, 17)": 0.5910368292666907,
        "(0, 18)": 0.6285659153316187,
        "(0, 19)": 0.6227477361356413,
        "(10, 1)": 0.5908513887345785,
        "(10, 2)": 0.5129086770343163,
        "(10, 3)": 0.6702789203465953,
        "(10, 4)": 0.5791672863428992,
        "(10, 5)": 0.5696949823461717,
        "(10, 6)": 0.604325860495045,
        "(10, 7)": 0.521995224109486,
        "(10, 8)": 0.6436062615033444,
        "(10, 9)": 0.5911229628382173,
        "(11, 1)": 0.6068278948626157,
        "(11, 2)": 0.6606206826663787,
        "(11, 3)": 0.6979986853465919,
        "(11, 4)": 0.5389425221673795,
        "(11, 5)": 0.5916149067330999,
        "(11, 6)": 0.6282935769739493,
        "(11, 7)": 0.4985851336942914,
        "(11, 8)": 0.6547408327615962,
        "(11, 9)": 0.5812825544512448,
        "(12, 1)": 0.5783400775666778,
        "(12, 2)": 0.6055476215245114,
        "(12, 3)": 0.606089526799953,
        "(12, 4)": 0.6774113812125124,
        "(12, 5)": 0.5878405744998288,
        "(12, 6)": 0.6125543665679415,
        "(12, 7)": 0.6245803677720442,
        "(12, 8)": 0.5887735658570898,
        "(12, 9)": 0.6480621058045193,
        "(13, 1)": 0.5995669401230804,
        "(13, 2)": 0.5122957931499837,
        "(13, 3)": 0.5979891295248777,
        "(13, 4)": 0.6214703219560015,
        "(13, 5)": 0.5572141976818852,
        "(13, 6)": 0.6078577210234379,
        "(13, 7)": 0.6092812948493804,
        "(13, 8)": 0.6213824574157023,
        "(13, 9)": 0.6131850821594416,
        "(14, 1)": 0.5871126513340537,
        "(14, 2)": 0.5324761389089038,
        "(14, 3)": 0.6258502578972889,
        "(14, 4)": 0.6222230712350464,
        "(14, 5)": 0.6577642179217579,
        "(14, 6)": 0.522419531378565,
        "(14, 7)": 0.6833153687886612,
        "(14, 8)": 0.5741870899170426,
        "(14, 9)": 0.6207911301097315,
        "(15, 1)": 0.5086099411777358,
        "(15, 2)": 0.5617307130576538,
        "(15, 3)": 0.6132754256538043,
        "(15, 4)": 0.6300399028005627,
        "(15, 5)": 0.5980484566402419,
        "(15, 6)": 0.6943385818047993,
        "(15, 7)": 0.6562142017272217,
        "(15, 8)": 0.5479682155281091,
        "(15, 9)": 0.6822027931634237,
        "(16, 1)": 0.6794887069924328,
        "(16, 2)": 0.5525092399045005,
        "(16, 3)": 0.6207328689831733,
        "(16, 4)": 0.6442942154665879,
        "(16, 5)": 0.5566102882744544,
        "(16, 6)": 0.5971417512976214,
        "(16, 7)": 0.6239257836158494,
        "(16, 8)": 0.5303768178711807,
        "(16, 9)": 0.5581474188098073,
        "(17, 1)": 0.7420252913649503,
        "(17, 2)": 0.6270053350891679,
        "(17, 3)": 0.6406604656249533,
        "(17, 4)": 0.5098073547325405,
        "(17, 5)": 0.5328332891233304,
        "(17, 6)": 0.5404227439213596,
        "(17, 7)": 0.6404320794172397,
        "(17, 8)": 0.6093607236686635,
        "(17, 9)": 0.5436169592050502,
        "(18, 1)": 0.48859810029976697,
        "(18, 2)": 0.567716823986871,
        "(18, 3)": 0.5918775884254159,
        "(18, 4)": 0.543131365385862,
        "(18, 5)": 0.6450247783025218,
        "(18, 6)": 0.6359080567706276,
        "(18, 7)": 0.56481801558837,
        "(18, 8)": 0.5849669040878749,
        "(18, 9)": 0.6193692790298917,
        "(19, 1)": 0.630717399142409,
        "(19, 2)": 0.5878434320657965,
        "(19, 3)": 0.5564248897924626,
        "(19, 4)": 0.6345317127651198,
        "(19, 5)": 0.6128989981142341,
        "(19, 6)": 0.6522790495063358,
        "(19, 7)": 0.616106390576265,
        "(19, 8)": 0.6060343974328407,
        "(19, 9)": 0.5743695693753944
    },
    "matching_probabilities": {
        "(0, 10)": 0.000841955468733372,
        "(0, 11)": 0.12183647069078073,
        "(0, 12)": 0.0004948697721019718,
        "(0, 13)": 0.004588672834560648,
        "(0, 14)": 0.02306023746358703,
        "(0, 15)": 0.002361947501433047,
        "(0, 16)": 0.0714666843818475,
        "(0, 17)": 0.08864701692656017,
        "(0, 18)": 0.2952163900374884,
        "(0, 19)": 0.003041542339050612,
        "(10, 1)": 0.004953222024210874,
        "(10, 2)": 0.0035098674764355545,
        "(10, 3)": 0.0010662098387903825,
        "(10, 4)": 0.08880480064807343,
        "(10, 5)": 0.007933841163296158,
        "(10, 6)": 0.1162667060763986,
        "(10, 7)": 0.02641970064034523,
        "(10, 8)": 0.21653348897430716,
        "(10, 9)": 0.11092823734462111,
        "(11, 1)": 0.3755060642959256,
        "(11, 2)": 0.029494044877729914,
        "(11, 3)": 0.00011495552620924561,
        "(11, 4)": 0.00017308686117467075,
        "(11, 5)": 0.004220639052408096,
        "(11, 6)": 0.010910430651807346,
        "(11, 7)": 0.0007448911460638966,
        "(11, 8)": 0.01198988143505942,
        "(11, 9)": 0.05192164172262069,
        "(12, 1)": 0.0010135882336102168,
        "(12, 2)": 0.09186926988202442,
        "(12, 3)": 0.2877664088105703,
        "(12, 4)": 0.006684278949340246,
        "(12, 5)": 0.00011060560571396671,
        "(12, 6)": 0.025627957829377546,
        "(12, 7)": 0.0263268470100451,
        "(12, 8)": 0.08825589483140191,
        "(12, 9)": 0.0688853990602825,
        "(13, 1)": 0.0583275167946351,
        "(13, 2)": 0.0004698718071902608,
        "(13, 3)": 0.0007780092671461861,
        "(13, 4)": 0.07135445777868013,
        "(13, 5)": 0.0015328838055198382,
        "(13, 6)": 0.235275240799964,
        "(13, 7)": 0.16345347471946198,
        "(13, 8)": 0.0027445925183992442,
        "(13, 9)": 0.015011890081160965,
        "(14, 1)": 0.09615933192116474,
        "(14, 2)": 0.01966202035813735,
        "(14, 3)": 0.05735230748063906,
        "(14, 4)": 0.15518335123506394,
        "(14, 5)": 0.06302496447825347,
        "(14, 6)": 0.004702375211745681,
        "(14, 7)": 0.009057238221021393,
        "(14, 8)": 0.005976049535968109,
        "(14, 9)": 0.17122285043507723,
        "(15, 1)": 0.008776494690414784,
        "(15, 2)": 0.028433296355482144,
        "(15, 3)": 0.17816633866973536,
        "(15, 4)": 0.007563549685134076,
        "(15, 5)": 0.3063792966798039,
        "(15, 6)": 0.06602388959515677,
        "(15, 7)": 0.00847695741842566,
        "(15, 8)": 0.0003012510086565078,
        "(15, 9)": 0.001447796325534918,
        "(16, 1)": 0.011448349245922095,
        "(16, 2)": 0.0007894194733173567,
        "(16, 3)": 0.0041723745564224285,
        "(16, 4)": 0.02266522163224368,
        "(16, 5)": 0.00011168788318552287,
        "(16, 6)": 0.07486562691088454,
        "(16, 7)": 0.32298278270672537,
        "(16, 8)": 0.021844654777792367,
        "(16, 9)": 0.06378899343293393,
        "(17, 1)": 0.006276077604899554,
        "(17, 2)": 0.39386565182562205,
        "(17, 3)": 0.06477703704548096,
        "(17, 4)": 0.014327037098323132,
        "(17, 5)": 0.00016315955431770053,
        "(17, 6)": 0.00868823471476665,
        "(17, 7)": 0.002839646040866829,
        "(17, 8)": 0.0332934859345833,
        "(17, 9)": 0.002545492235389174,
        "(18, 1)": 0.00034409288767543793,
        "(18, 2)": 0.03592511989210399,
        "(18, 3)": 0.003439424088478615,
        "(18, 4)": 0.00593831685602022,
        "(18, 5)": 0.001733696061081704,
        "(18, 6)": 0.0018802331800372404,
        "(18, 7)": 0.0006847263456653392,
        "(18, 8)": 0.22099522203062774,
        "(18, 9)": 0.03727906415214135,
        "(19, 1)": 0.04151246156948145,
        "(19, 2)": 0.008801330171803007,
        "(19, 3)": 0.013297045440918106,
        "(19, 4)": 0.18361788156226577,
        "(19, 5)": 0.22344281436565733,
        "(19, 6)": 0.06829910179718657,