{
    "min_scaled_matching_probability": 0.0,
    "scaled_matching_probabilities": {
        "(0, 2)": 1.2680777073661869,
        "(0, 3)": 0.8201897108882972,
        "(0, 4)": 1.3875634877214167,
        "(0, 5)": 0.0,
        "(0, 6)": 1.054420625528001,
        "(0, 7)": 1.0135934407229459,
        "(0, 8)": 0.7977154781542691,
        "(0, 9)": 1.046282939309187,
        "(0, 10)": 0.9932496827408596,
        "(0, 11)": 1.0044567273166494,
        "(0, 12)": 1.2359374520186228,
        "(0, 13)": 0.9819875662856656,
        "(0, 14)": 0.9236464313849182,
        "(0, 15)": 1.0527323126469956,
        "(0, 16)": 0.8386503278902003,
        "(0, 19)": 0.809261588075482,
        "(0, 20)": 0.9877953447689442
    },
    "matching_probabilities": {
        "(0, 2)": 3.822363582188314e-06,
        "(0, 3)": 0.00015885617206711405,
        "(0, 4)": 9.288121862084563e-06,
        "(0, 5)": 0.0,
        "(0, 6)": 0.04327658366421401,
        "(0, 7)": 0.15362432877774895,
        "(0, 8)": 0.00015159900577698207,
        "(0, 9)": 0.02103944595249679,
        "(0, 10)": 0.3502721580739104,
        "(0, 11)": 0.01684005785593259,
        "(0, 12)": 2.256971100765761e-05,
        "(0, 13)": 0.007608725621126156,
        "(0, 14)": 2.460036206177387e-05,
        "(0, 15)": 0.04861044434032472,
        "(0, 16)": 0.004154713741497124,
        "(0, 19)": 0.0012859530914585632,
        "(0, 20)": 0.3526020376173142
    },
    "matching_counts": {
        "(0, 2)": 0.038223635821883144,
        "(0, 3)": 1.5885617206711404,
        "(0, 4)": 0.09288121862084563,
        "(0, 5)": 0,
        "(0, 6)": 432.76583664214013,
        "(0, 7)": 1536.2432877774895,
        "(0, 8)": 1.5159900577698207,
        "(0, 9)": 210.39445952496789,
        "(0, 10)": 3502.721580739104,
        "(0, 11)": 168.4005785593259,
        "(0, 12)": 0.2256971100765761,
        "(0, 13)": 76.08725621126156,
        "(0, 14)": 0.2460036206177387,
        "(0, 15)": 486.1044434032472,
        "(0, 16)": 41.54713741497124,
        "(0, 19)": 12.859530914585632,
        "(0, 20)": 3526.020376173142
    },
    "average_num_matching_probability_capped": 0.0,
    "average_num_matching_probability_exceeds_one": 0.0,
    "average_num_proposal_matching_probability_exceeds_one": 0.0927,
    "simulation_parameters": {
        "graph_file": "nonuniform_star_20_order_0.json",
        "c_guarantee": 1.0,
        "experiment_name": "nonuniform_star_20_order_0_tr_c100_r90_sim10000",
        "average_edge_weight": 0.05,
        "r": 0.9,
        "num_sim_instances": 10000,
        "rounding_scheme_class": "SimpleRecursiveRoundingSchemeForTree",
        "parallel": true
    }
}