{
    "min_scaled_matching_probability": 0.3577144142701862,
    "scaled_matching_probabilities": {
        "(0, 10)": 0.9354408648838661,
        "(0, 11)": 0.8278403460552016,
        "(0, 12)": 0.4635905548132105,
        "(0, 13)": 0.5415761540927578,
        "(0, 14)": 0.7747960879267188,
        "(0, 15)": 0.5158768409258533,
        "(0, 16)": 0.6723643278438497,
        "(0, 17)": 0.8225767288975221,
        "(0, 18)": 0.7749232791536552,
        "(0, 19)": 0.94516836140252,
        "(10, 1)": 0.8901729044469241,
        "(10, 2)": 0.56859407531858,
        "(10, 3)": 0.6026344174640905,
        "(10, 4)": 0.6003025721227283,
        "(10, 5)": 0.4920650678908576,
        "(10, 6)": 0.6047040401699592,
        "(10, 7)": 0.6193656094021007,
        "(10, 8)": 0.8992329242382616,
        "(10, 9)": 0.740040042743929,
        "(11, 1)": 0.7012757617793727,
        "(11, 2)": 0.8705518180781529,
        "(11, 3)": 0.6206583149381987,
        "(11, 4)": 0.7266866626267741,
        "(11, 5)": 0.6677124456602501,
        "(11, 6)": 0.8223925014914638,
        "(11, 7)": 0.7774240159390471,
        "(11, 8)": 0.5911721462958277,
        "(11, 9)": 0.6528230950703005,
        "(12, 1)": 0.648892993753674,
        "(12, 2)": 0.6790198805020752,
        "(12, 3)": 0.6443428154223108,
        "(12, 4)": 0.8568919762413418,
        "(12, 5)": 0.513134362641979,
        "(12, 6)": 0.7369487109847099,
        "(12, 7)": 0.6609403317538467,
        "(12, 8)": 0.8336313299436154,
        "(12, 9)": 0.9517293237559774,
        "(13, 1)": 0.7565991601803832,
        "(13, 2)": 0.8227623545150131,
        "(13, 3)": 0.7569925762664232,
        "(13, 4)": 0.5840533714125261,
        "(13, 5)": 0.6296480024043734,
        "(13, 6)": 0.814646330649031,
        "(13, 7)": 0.7520542658543643,
        "(13, 8)": 0.46137532728740804,
        "(13, 9)": 0.7581719829870026,
        "(14, 1)": 0.6929019823837341,
        "(14, 2)": 0.4726224838395848,
        "(14, 3)": 0.7983379986414981,
        "(14, 4)": 0.7739589800082693,
        "(14, 5)": 0.7337759300552343,
        "(14, 6)": 0.49951768832232046,
        "(14, 7)": 0.6529260376438473,
        "(14, 8)": 0.6806308394759756,
        "(14, 9)": 0.6372586751375814,
        "(15, 1)": 0.8967912600574894,
        "(15, 2)": 0.8270346747053409,
        "(15, 3)": 0.6941445458255341,
        "(15, 4)": 0.727208464669313,
        "(15, 5)": 0.6669167884579758,
        "(15, 6)": 0.8521853680139845,
        "(15, 7)": 0.7149126368053533,
        "(15, 8)": 0.780401623783111,
        "(15, 9)": 0.8127379001159054,
        "(16, 1)": 0.6598846480358291,
        "(16, 2)": 0.4684143279394241,
        "(16, 3)": 0.46573268325124534,
        "(16, 4)": 0.991948677873084,
        "(16, 5)": 0.5132471691795277,
        "(16, 6)": 0.5908018327613156,
        "(16, 7)": 0.7227492842999219,
        "(16, 8)": 0.5558481114285829,
        "(16, 9)": 0.6895524480276058,
        "(17, 1)": 0.6933910322227758,
        "(17, 2)": 0.707216326428631,
        "(17, 3)": 0.9393711678372093,
        "(17, 4)": 0.623560531211979,
        "(17, 5)": 0.5552038530171455,
        "(17, 6)": 0.7330406396891375,
        "(17, 7)": 1.0374930586447428,
        "(17, 8)": 0.5682318761994447,
        "(17, 9)": 0.3577144142701862,
        "(18, 1)": 0.6502940630551051,
        "(18, 2)": 0.6588503296640267,
        "(18, 3)": 1.0377854844753467,
        "(18, 4)": 0.5514096636429513,
        "(18, 5)": 0.42931774697971187,
        "(18, 6)": 0.7381717082579351,
        "(18, 7)": 0.6831491559269215,
        "(18, 8)": 0.5824308753471814,
        "(18, 9)": 0.6978640130700693,
        "(19, 1)": 0.6767424628246019,
        "(19, 2)": 0.8348485512254515,
        "(19, 3)": 0.5707094883250972,
        "(19, 4)": 0.7864163818536236,
        "(19, 5)": 0.7680162521500834,
        "(19, 6)": 0.6580156062509536,
        "(19, 7)": 0.6969362054355168,
        "(19, 8)": 0.47873945660855777,
        "(19, 9)": 0.635690907538456
    },
    "matching_probabilities": {
        "(0, 10)": 0.0012172813819739017,
        "(0, 11)": 0.16754649127946236,
        "(0, 12)": 0.0003624332733023113,
        "(0, 13)": 0.0035594227273896685,
        "(0, 14)": 0.029621989388930372,
        "(0, 15)": 0.002398073598658869,
        "(0, 16)": 0.08128052637164303,
        "(0, 17)": 0.12337466905479466,
        "(0, 18)": 0.3639555493667844,
        "(0, 19)": 0.004616266622783353,
        "(10, 1)": 0.007462492463807971,
        "(10, 2)": 0.0038909262830059506,
        "(10, 3)": 0.0009586080146481035,
        "(10, 4)": 0.09204551345174265,
        "(10, 5)": 0.006852730341023758,
        "(10, 6)": 0.1163394643480226,
        "(10, 7)": 0.031347899811237236,
        "(10, 8)": 0.3025359666810324,
        "(10, 9)": 0.1388735384459924,
        "(11, 1)": 0.43395055422018347,
        "(11, 2)": 0.038866622048757654,
        "(11, 3)": 0.00010221810540292973,
        "(11, 4)": 0.00023338279745627815,
        "(11, 5)": 0.004763526395057446,
        "(11, 6)": 0.014280993288685198,
        "(11, 7)": 0.0011614792080132657,
        "(11, 8)": 0.010825785695845679,
        "(11, 9)": 0.05831182544690577,
        "(12, 1)": 0.0011372379830706153,
        "(12, 2)": 0.10301594530262728,
        "(12, 3)": 0.30592876107917083,
        "(12, 4)": 0.00845528309311312,
        "(12, 5)": 9.654919965495315e-05,
        "(12, 6)": 0.03083234977712871,
        "(12, 7)": 0.02785946516206014,
        "(12, 8)": 0.12495954854318889,
        "(12, 9)": 0.10116353614429482,
        "(13, 1)": 0.07360404196597113,
        "(13, 2)": 0.0007546281651602423,
        "(13, 3)": 0.000984879507699549,
        "(13, 4)": 0.06705840996523298,
        "(13, 5)": 0.0017321475836023148,
        "(13, 6)": 0.3153141022664867,
        "(13, 7)": 0.2017555503027189,
        "(13, 8)": 0.002037854877193422,
        "(13, 9)": 0.018561434063487637,
        "(14, 1)": 0.11348587287545975,
        "(14, 2)": 0.017451886046967367,
        "(14, 3)": 0.07315891588092857,
        "(14, 4)": 0.19302651056920533,
        "(14, 5)": 0.07030817528026373,
        "(14, 6)": 0.00449623234643819,
        "(14, 7)": 0.008654432395002847,
        "(14, 8)": 0.0070838994534057715,
        "(14, 9)": 0.17576482898885915,
        "(15, 1)": 0.015474891650917411,
        "(15, 2)": 0.0418622686200589,
        "(15, 3)": 0.20166011397808006,
        "(15, 4)": 0.008730046032842326,
        "(15, 5)": 0.3416604362455922,
        "(15, 6)": 0.08103336632412733,
        "(15, 7)": 0.009235222224910881,
        "(15, 8)": 0.0004290336002340248,
        "(15, 9)": 0.0017248228198457347,
        "(16, 1)": 0.011118050726957386,
        "(16, 2)": 0.0006692655350345965,
        "(16, 3)": 0.0031305111986014685,
        "(16, 4)": 0.03489513966150215,
        "(16, 5)": 0.00010298675946923608,
        "(16, 6)": 0.07407077045552356,
        "(16, 7)": 0.37413997172812635,
        "(16, 8)": 0.02289374213560445,
        "(16, 9)": 0.07880687986104429,
        "(17, 1)": 0.005864727226165683,
        "(17, 2)": 0.44425175321821087,
        "(17, 3)": 0.09497960964251136,
        "(17, 4)": 0.017523824991522566,
        "(17, 5)": 0.00017000967293689533,
        "(17, 6)": 0.011784902106208701,
        "(17, 7)": 0.004600195947536189,
        "(17, 8)": 0.031046339619543444,
        "(17, 9)": 0.001675001577108793,
        "(18, 1)": 0.00045796650019216446,
        "(18, 2)": 0.041692048014204654,
        "(18, 3)": 0.006030612518162182,
        "(18, 4)": 0.0060288274787022875,
        "(18, 5)": 0.0011539192166383915,
        "(18, 6)": 0.0021826031666901313,
        "(18, 7)": 0.0008281786560843434,
        "(18, 8)": 0.2200371332384088,
        "(18, 9)": 0.04200356426049727,
        "(19, 1)": 0.04454173219042491,
        "(19, 2)": 0.012499548930852337,
        "(19, 3)": 0.013638408595726943,
        "(19, 4)": 0.2275695716334919,
        "(19, 5)": 0.2799934628494761,
        "(19, 6)": 0.06889976752968635,