{
    "min_scaled_matching_probability": 0.7141604156911863,
    "scaled_matching_probabilities": {
        "(0, 2)": 0.8741868702936223,
        "(0, 3)": 0.8012548901441744,
        "(0, 4)": 0.8021169922673181,
        "(0, 5)": 0.7141604156911863,
        "(0, 6)": 0.8204183154295476,
        "(0, 7)": 0.8214961583383305,
        "(0, 8)": 0.7547364223726619,
        "(0, 9)": 0.8889356568502453,
        "(0, 10)": 0.8059542216015395,
        "(0, 11)": 0.748227917687284,
        "(0, 12)": 0.9556509731741897,
        "(0, 13)": 0.8239856380802207,
        "(0, 14)": 0.7472214986000254,
        "(0, 15)": 0.7989200897122228,
        "(0, 16)": 0.727627762981388,
        "(0, 19)": 0.8552223937909197,
        "(0, 20)": 0.7956250242084423
    },
    "matching_probabilities": {
        "(0, 2)": 2.6350593797424097e-06,
        "(0, 3)": 0.000155188833764454,
        "(0, 4)": 5.369239272836338e-06,
        "(0, 5)": 8.913626323506207e-07,
        "(0, 6)": 0.033672427310079654,
        "(0, 7)": 0.12450928631524284,
        "(0, 8)": 0.00014343120371702872,
        "(0, 9)": 0.01787538820034332,
        "(0, 10)": 0.2842219125911397,
        "(0, 11)": 0.012544294921433373,
        "(0, 12)": 1.7451341290370754e-05,
        "(0, 13)": 0.006384480670783904,
        "(0, 14)": 1.9901467467740852e-05,
        "(0, 15)": 0.03689053721137727,
        "(0, 16)": 0.0036047026573742427,
        "(0, 19)": 0.001358986880614735,
        "(0, 20)": 0.28400519014476905
    },
    "matching_counts": {
        "(0, 2)": 0.026350593797424098,
        "(0, 3)": 1.55188833764454,
        "(0, 4)": 0.05369239272836338,
        "(0, 5)": 0.008913626323506207,
        "(0, 6)": 336.72427310079655,
        "(0, 7)": 1245.0928631524284,
        "(0, 8)": 1.434312037170287,
        "(0, 9)": 178.7538820034332,
        "(0, 10)": 2842.219125911397,
        "(0, 11)": 125.44294921433374,
        "(0, 12)": 0.17451341290370753,
        "(0, 13)": 63.844806707839034,
        "(0, 14)": 0.19901467467740852,
        "(0, 15)": 368.9053721137727,
        "(0, 16)": 36.04702657374243,
        "(0, 19)": 13.589868806147349,
        "(0, 20)": 2840.0519014476904
    },
    "average_num_matching_probability_capped": 0.0,
    "average_num_matching_probability_exceeds_one": 0.0,
    "average_num_proposal_matching_probability_exceeds_one": 0.0,
    "simulation_parameters": {
        "graph_file": "nonuniform_star_20_order_0.json",
        "c_guarantee": 0.8,
        "experiment_name": "nonuniform_star_20_order_0_tr_c80_r50_sim10000",
        "average_edge_weight": 0.05,
        "r": 0.5,
        "num_sim_instances": 10000,
        "rounding_scheme_class": "SimpleRecursiveRoundingSchemeForTree",
        "parallel": true
    }
}