{
    "min_scaled_matching_probability": 0.3809924870528434,
    "scaled_matching_probabilities": {
        "(0, 1)": 1.0068330205925324,
        "(0, 2)": 0.9634908552844471,
        "(0, 3)": 0.9545648575482072,
        "(0, 4)": 1.0254177394759028,
        "(0, 5)": 0.3809924870528434,
        "(0, 6)": 0.980355565164475,
        "(0, 7)": 0.9150623212486056,
        "(0, 8)": 0.5963393046202443,
        "(0, 9)": 1.0516830231399317,
        "(1, 2)": 0.9996034521593137,
        "(1, 3)": 1.3267127069114821,
        "(1, 4)": 0.980706938325683,
        "(1, 5)": 1.0337432561141535,
        "(1, 6)": 0.7243600422078285,
        "(1, 7)": 0.5009068858091946,
        "(1, 8)": 1.0913020086545886,
        "(1, 9)": 1.0114351283432905,
        "(2, 3)": 0.9887060982757035,
        "(2, 4)": 0.7823407817367936,
        "(2, 5)": 1.0145289990774038,
        "(2, 6)": 1.019772537066823,
        "(2, 7)": 0.49229934604046044,
        "(2, 8)": 0.7069577594526643,
        "(2, 9)": 0.9665777595690257,
        "(3, 4)": 1.104435553601922,
        "(3, 5)": 0.8898756793061092,
        "(3, 6)": 0.8089962183188165,
        "(3, 7)": 0.9455600177696845,
        "(3, 8)": 1.028356917772977,
        "(3, 9)": 0.45303020907157104,
        "(4, 5)": 1.068482313099675,
        "(4, 6)": 0.771433586101101,
        "(4, 7)": 0.9989652219236548,
        "(4, 8)": 0.9392290741830605,
        "(4, 9)": 0.9864385182467541,
        "(5, 6)": 1.010152465566557,
        "(5, 7)": 0.980417419288296,
        "(5, 8)": 1.115736837777082,
        "(5, 9)": 0.6859270054527463,
        "(6, 7)": 0.833513244704039,
        "(6, 8)": 1.0026456020944956,
        "(6, 9)": 1.0191627239284697,
        "(7, 8)": 0.9954073295005612,
        "(7, 9)": 1.050280047689376,
        "(8, 9)": 0.9719288405957627
    },
    "matching_probabilities": {
        "(0, 1)": 0.054,
        "(0, 2)": 0.0616,
        "(0, 3)": 0.1209,
        "(0, 4)": 0.03,
        "(0, 5)": 0.0298,
        "(0, 6)": 0.0292,
        "(0, 7)": 0.0041,
        "(0, 8)": 0.2984,
        "(0, 9)": 0.1025,
        "(1, 2)": 0.1327,
        "(1, 3)": 0.0025,
        "(1, 4)": 0.2317,
        "(1, 5)": 0.0521,
        "(1, 6)": 0.0155,
        "(1, 7)": 0.1267,
        "(1, 8)": 0.0023,
        "(1, 9)": 0.2483,
        "(2, 3)": 0.2648,
        "(2, 4)": 0.0026,
        "(2, 5)": 0.0987,
        "(2, 6)": 0.0783,
        "(2, 7)": 0.1164,
        "(2, 8)": 0.0027,
        "(2, 9)": 0.0097,
        "(3, 4)": 0.0188,
        "(3, 5)": 0.026,
        "(3, 6)": 0.0087,
        "(3, 7)": 0.0117,
        "(3, 8)": 0.1668,
        "(3, 9)": 0.1168,
        "(4, 5)": 0.136,
        "(4, 6)": 0.3498,
        "(4, 7)": 0.0004,
        "(4, 8)": 0.009,
        "(4, 9)": 0.1188,
        "(5, 6)": 0.0687,
        "(5, 7)": 0.4318,
        "(5, 8)": 0.0023,
        "(5, 9)": 0.0587,
        "(6, 7)": 0.0014,
        "(6, 8)": 0.266,
        "(6, 9)": 0.0515,
        "(7, 8)": 0.0004,
        "(7, 9)": 0.0532,
        "(8, 9)": 0.0503
    },
    "matching_counts": {
        "(0, 1)": 540.0,
        "(0, 2)": 616.0,
        "(0, 3)": 1209.0,
        "(0, 4)": 300.0,
        "(0, 5)": 298.0,
        "(0, 6)": 292.0,
        "(0, 7)": 41.0,
        "(0, 8)": 2984.0,
        "(0, 9)": 1025.0,
        "(1, 2)": 1327.0,
        "(1, 3)": 25.0,
        "(1, 4)": 2317.0,
        "(1, 5)": 521.0,
        "(1, 6)": 155.0,
        "(1, 7)": 1267.0,
        "(1, 8)": 23.0,
        "(1, 9)": 2483.0,
        "(2, 3)": 2648.0,
        "(2, 4)": 26.0,
        "(2, 5)": 987.0,
        "(2, 6)": 783.0,
        "(2, 7)": 1164.0,
        "(2, 8)": 27.0,
        "(2, 9)": 97.0,
        "(3, 4)": 188.0,
        "(3, 5)": 260.0,
        "(3, 6)": 87.0,
        "(3, 7)": 117.0,
        "(3, 8)": 1668.0,
        "(3, 9)": 1168.0,
        "(4, 5)": 1360.0,
        "(4, 6)": 3498.0,
        "(4, 7)": 4.0,
        "(4, 8)": 90.0,
        "(4, 9)": 1188.0,
        "(5, 6)": 687.0,
        "(5, 7)": 4318.0,
        "(5, 8)": 23.0,
        "(5, 9)": 587.0,
        "(6, 7)": 14.0,
        "(6, 8)": 2660.0,
        "(6, 9)": 515.0,
        "(7, 8)": 4.0,
        "(7, 9)": 532.0,
        "(8, 9)": 503.0
    },
    "average_num_matching_probability_capped": 0.0,
    "average_num_matching_probability_exceeds_one": 9.1113,
    "average_num_proposal_matching_probability_exceeds_one": 0.1625,
    "simulation_parameters": {
        "graph_file": "nonuniform_complete_10_order_0.json",
        "c_guarantee": 1.0,
        "experiment_name": "nonuniform_complete_10_order_0_mc_c100_r100_sim10000",
        "average_edge_weight": 0.1111111111111111,
        "r": 1.0,
        "num_sim_instances": 10000,
        "rounding_scheme_class": "SimulatedRecursiveRoundingScheme",
        "parallel": true
    }
}