{
    "min_scaled_matching_probability": 0.4477087949429366,
    "scaled_matching_probabilities": {
        "(0, 2)": 0.6510896519169711,
        "(0, 3)": 0.5553122563139476,
        "(0, 4)": 0.4477087949429366,
        "(0, 5)": 0.4842885021771885,
        "(0, 6)": 0.49037662039274243,
        "(0, 7)": 0.5184382879921107,
        "(0, 8)": 0.4844321517239336,
        "(0, 9)": 0.5089207222008838,
        "(0, 10)": 0.5110243572093474,
        "(0, 11)": 0.49029782923574416,
        "(0, 12)": 0.6190955653638572,
        "(0, 13)": 0.5313423254196777,
        "(0, 14)": 0.5196046807394543,
        "(0, 15)": 0.5456015118683085,
        "(0, 16)": 0.4974198837231987,
        "(0, 19)": 0.6826530953299753,
        "(0, 20)": 0.4984251327268472
    },
    "matching_probabilities": {
        "(0, 2)": 1.9625779711845578e-06,
        "(0, 3)": 0.00010755411604035583,
        "(0, 4)": 2.9968890670261766e-06,
        "(0, 5)": 6.044533757867386e-07,
        "(0, 6)": 0.02012652666840067,
        "(0, 7)": 0.07857660754855189,
        "(0, 8)": 9.206218831014097e-05,
        "(0, 9)": 0.010233761467926395,
        "(0, 10)": 0.18021410682368347,
        "(0, 11)": 0.008220009470219048,
        "(0, 12)": 1.1305432951775394e-05,
        "(0, 13)": 0.004116995065733215,
        "(0, 14)": 1.383913025682017e-05,
        "(0, 15)": 0.025193424392934746,
        "(0, 16)": 0.0024642418389052945,
        "(0, 19)": 0.0010847664973460457,
        "(0, 20)": 0.17791713468772763
    },
    "matching_counts": {
        "(0, 2)": 0.01962577971184558,
        "(0, 3)": 1.0755411604035583,
        "(0, 4)": 0.029968890670261764,
        "(0, 5)": 0.0060445337578673855,
        "(0, 6)": 201.26526668400672,
        "(0, 7)": 785.7660754855189,
        "(0, 8)": 0.9206218831014097,
        "(0, 9)": 102.33761467926395,
        "(0, 10)": 1802.1410682368346,
        "(0, 11)": 82.20009470219048,
        "(0, 12)": 0.11305432951775395,
        "(0, 13)": 41.16995065733215,
        "(0, 14)": 0.1383913025682017,
        "(0, 15)": 251.93424392934747,
        "(0, 16)": 24.642418389052946,
        "(0, 19)": 10.847664973460457,
        "(0, 20)": 1779.1713468772762
    },
    "average_num_matching_probability_capped": 0.0,
    "average_num_matching_probability_exceeds_one": 0.0,
    "average_num_proposal_matching_probability_exceeds_one": 0.0,
    "simulation_parameters": {
        "graph_file": "nonuniform_star_20_order_0.json",
        "c_guarantee": 0.5,
        "experiment_name": "nonuniform_star_20_order_0_tr_c50_r80_sim10000",
        "average_edge_weight": 0.05,
        "r": 0.8,
        "num_sim_instances": 10000,
        "rounding_scheme_class": "SimpleRecursiveRoundingSchemeForTree",
        "parallel": true
    }
}