{
    "min_scaled_matching_probability": 0.49748879368891186,
    "scaled_matching_probabilities": {
        "(0, 1)": 0.7085121256021525,
        "(0, 2)": 0.7304386841198649,
        "(0, 3)": 0.6940136557360416,
        "(0, 4)": 0.6665215306593368,
        "(0, 5)": 0.7172375343511581,
        "(0, 6)": 0.6748337965686968,
        "(0, 7)": 0.7141949824379361,
        "(0, 8)": 0.6860699841693361,
        "(0, 9)": 0.7120663590820611,
        "(1, 2)": 0.72239616474814,
        "(1, 3)": 1.0083016572527264,
        "(1, 4)": 0.6962722976028264,
        "(1, 5)": 0.7103264600554068,
        "(1, 6)": 0.7570730763720529,
        "(1, 7)": 0.6930463858117744,
        "(1, 8)": 0.6168228744569414,
        "(1, 9)": 0.7018536955841682,
        "(2, 3)": 0.7015780810649724,
        "(2, 4)": 0.7823407817367936,
        "(2, 5)": 0.6640179669746737,
        "(2, 6)": 0.6941746644401234,
        "(2, 7)": 0.6936176353147381,
        "(2, 8)": 0.49748879368891186,
        "(2, 9)": 0.7473539378111023,
        "(3, 4)": 0.710833521201237,
        "(3, 5)": 0.7153231422114493,
        "(3, 6)": 0.6416176903907855,
        "(3, 7)": 0.678863602501312,
        "(3, 8)": 0.706532990268484,
        "(3, 9)": 0.7039810183774842,
        "(4, 5)": 0.7094408299477989,
        "(4, 6)": 0.6904970148892359,
        "(4, 7)": 0.4994826109618274,
        "(4, 8)": 0.8139985309586525,
        "(4, 9)": 0.7124278187337668,
        "(5, 6)": 0.6778461231822166,
        "(5, 7)": 0.7000062305849505,
        "(5, 8)": 0.7276544594198361,
        "(5, 9)": 0.6683990581243116,
        "(6, 7)": 0.8930499050400418,
        "(6, 8)": 0.6973287082236153,
        "(6, 9)": 0.6768032069583237,
        "(7, 8)": 0.7465554971254208,
        "(7, 9)": 0.6593863457297963,
        "(8, 9)": 0.7709733745481298
    },
    "matching_probabilities": {
        "(0, 1)": 0.038,
        "(0, 2)": 0.0467,
        "(0, 3)": 0.0879,
        "(0, 4)": 0.0195,
        "(0, 5)": 0.0561,
        "(0, 6)": 0.0201,
        "(0, 7)": 0.0032,
        "(0, 8)": 0.3433,
        "(0, 9)": 0.0694,
        "(1, 2)": 0.0959,
        "(1, 3)": 0.0019,
        "(1, 4)": 0.1645,
        "(1, 5)": 0.0358,
        "(1, 6)": 0.0162,
        "(1, 7)": 0.1753,
        "(1, 8)": 0.0013,
        "(1, 9)": 0.1723,
        "(2, 3)": 0.1879,
        "(2, 4)": 0.0026,
        "(2, 5)": 0.0646,
        "(2, 6)": 0.0533,
        "(2, 7)": 0.164,
        "(2, 8)": 0.0019,
        "(2, 9)": 0.0075,
        "(3, 4)": 0.0121,
        "(3, 5)": 0.0209,
        "(3, 6)": 0.0069,
        "(3, 7)": 0.0084,
        "(3, 8)": 0.1146,
        "(3, 9)": 0.1815,
        "(4, 5)": 0.0903,
        "(4, 6)": 0.3131,
        "(4, 7)": 0.0002,
        "(4, 8)": 0.0078,
        "(4, 9)": 0.0858,
        "(5, 6)": 0.0461,
        "(5, 7)": 0.3083,
        "(5, 8)": 0.0015,
        "(5, 9)": 0.0572,
        "(6, 7)": 0.0015,
        "(6, 8)": 0.185,
        "(6, 9)": 0.0342,
        "(7, 8)": 0.0003,
        "(7, 9)": 0.0334,
        "(8, 9)": 0.0399
    },
    "matching_counts": {
        "(0, 1)": 380.0,
        "(0, 2)": 467.0,
        "(0, 3)": 879.0,
        "(0, 4)": 195.0,
        "(0, 5)": 561.0,
        "(0, 6)": 201.0,
        "(0, 7)": 32.0,
        "(0, 8)": 3433.0,
        "(0, 9)": 694.0,
        "(1, 2)": 959.0,
        "(1, 3)": 19.0,
        "(1, 4)": 1645.0,
        "(1, 5)": 358.0,
        "(1, 6)": 162.0,
        "(1, 7)": 1753.0,
        "(1, 8)": 13.0,
        "(1, 9)": 1723.0,
        "(2, 3)": 1879.0,
        "(2, 4)": 26.0,
        "(2, 5)": 646.0,
        "(2, 6)": 533.0,
        "(2, 7)": 1640.0,
        "(2, 8)": 19.0,
        "(2, 9)": 75.0,
        "(3, 4)": 121.0,
        "(3, 5)": 209.0,
        "(3, 6)": 69.0,
        "(3, 7)": 84.0,
        "(3, 8)": 1146.0,
        "(3, 9)": 1815.0,
        "(4, 5)": 903.0,
        "(4, 6)": 3131.0,
        "(4, 7)": 2.0,
        "(4, 8)": 78.0,
        "(4, 9)": 858.0,
        "(5, 6)": 461.0,
        "(5, 7)": 3083.0,
        "(5, 8)": 15.0,
        "(5, 9)": 572.0,
        "(6, 7)": 15.0,
        "(6, 8)": 1850.0,
        "(6, 9)": 342.0,
        "(7, 8)": 3.0,
        "(7, 9)": 334.0,
        "(8, 9)": 399.0
    },
    "average_num_matching_probability_capped": 0.0,
    "average_num_matching_probability_exceeds_one": 0.0,
    "average_num_proposal_matching_probability_exceeds_one": 0.0,
    "simulation_parameters": {
        "graph_file": "nonuniform_complete_10_order_1.json",
        "c_guarantee": 0.7,
        "experiment_name": "nonuniform_complete_10_order_1_mc_c70_r100_sim10000",
        "average_edge_weight": 0.1111111111111111,
        "r": 1.0,
        "num_sim_instances": 10000,
        "rounding_scheme_class": "SimulatedRecursiveRoundingScheme",
        "parallel": true
    }
}