{
    "min_scaled_matching_probability": 0.44589644839455994,
    "scaled_matching_probabilities": {
        "(0, 2)": 0.5467471355112455,
        "(0, 3)": 0.5220606748740046,
        "(0, 4)": 0.44589644839455994,
        "(0, 5)": 0.4583997205682918,
        "(0, 6)": 0.481177336005935,
        "(0, 7)": 0.5284346424154805,
        "(0, 8)": 0.48313341656734154,
        "(0, 9)": 0.4762929864349098,
        "(0, 10)": 0.5187469912293806,
        "(0, 11)": 0.48006614493288463,
        "(0, 12)": 0.5998539458968741,
        "(0, 13)": 0.47360246979083387,
        "(0, 14)": 0.45513352152145287,
        "(0, 15)": 0.5396445879176849,
        "(0, 16)": 0.44654643942135996,
        "(0, 19)": 0.5646336924811692,
        "(0, 20)": 0.4846629640972225
    },
    "matching_probabilities": {
        "(0, 2)": 1.6480585750416214e-06,
        "(0, 3)": 0.00010111387560255955,
        "(0, 4)": 2.9847575171932435e-06,
        "(0, 5)": 5.721408980629172e-07,
        "(0, 6)": 0.0197489604573668,
        "(0, 7)": 0.08009169552842214,
        "(0, 8)": 9.181537479843311e-05,
        "(0, 9)": 0.009577658364827149,
        "(0, 10)": 0.1829375143728785,
        "(0, 11)": 0.008048471811166191,
        "(0, 12)": 1.0954057734542652e-05,
        "(0, 13)": 0.003669609850312364,
        "(0, 14)": 1.212200798425638e-05,
        "(0, 15)": 0.024918360431600412,
        "(0, 16)": 0.002212212368351256,
        "(0, 19)": 0.0008972283537076748,
        "(0, 20)": 0.17300461032067485
    },
    "matching_counts": {
        "(0, 2)": 0.016480585750416214,
        "(0, 3)": 1.0111387560255956,
        "(0, 4)": 0.029847575171932435,
        "(0, 5)": 0.005721408980629172,
        "(0, 6)": 197.489604573668,
        "(0, 7)": 800.9169552842214,
        "(0, 8)": 0.918153747984331,
        "(0, 9)": 95.77658364827148,
        "(0, 10)": 1829.375143728785,
        "(0, 11)": 80.4847181116619,
        "(0, 12)": 0.10954057734542652,
        "(0, 13)": 36.696098503123636,
        "(0, 14)": 0.1212200798425638,
        "(0, 15)": 249.18360431600414,
        "(0, 16)": 22.12212368351256,
        "(0, 19)": 8.972283537076748,
        "(0, 20)": 1730.0461032067485
    },
    "average_num_matching_probability_capped": 0.0,
    "average_num_matching_probability_exceeds_one": 0.0,
    "average_num_proposal_matching_probability_exceeds_one": 0.0,
    "simulation_parameters": {
        "graph_file": "nonuniform_star_20_order_0.json",
        "c_guarantee": 0.5,
        "experiment_name": "nonuniform_star_20_order_0_tr_c50_r40_sim10000",
        "average_edge_weight": 0.05,
        "r": 0.4,
        "num_sim_instances": 10000,
        "rounding_scheme_class": "SimpleRecursiveRoundingSchemeForTree",
        "parallel": true
    }
}