{
    "min_scaled_matching_probability": 0.6194831257536213,
    "scaled_matching_probabilities": {
        "(0, 1)": 0.7146150726143605,
        "(0, 2)": 0.6873816948129423,
        "(0, 3)": 0.7387219157261554,
        "(0, 4)": 0.7063570491667374,
        "(0, 5)": 0.664983156147743,
        "(0, 6)": 0.7809935713076932,
        "(0, 7)": 0.7382005935898291,
        "(0, 8)": 0.7403244915354535,
        "(0, 9)": 0.7358861541652818,
        "(1, 2)": 0.748204075105909,
        "(1, 3)": 0.8358303584085905,
        "(1, 4)": 0.73822438983392,
        "(1, 5)": 0.6997890634366196,
        "(1, 6)": 0.7583836308881151,
        "(1, 7)": 0.715121068553947,
        "(1, 8)": 0.8370280760075759,
        "(1, 9)": 0.7856976099189981,
        "(2, 3)": 0.7075424957929657,
        "(2, 4)": 0.8011524217038309,
        "(2, 5)": 0.6824242902080813,
        "(2, 6)": 0.8225598616403309,
        "(2, 7)": 0.737487642589886,
        "(2, 8)": 0.7445161693666668,
        "(2, 9)": 0.7412447452923748,
        "(3, 4)": 0.7630333153211236,
        "(3, 5)": 0.7560910169617147,
        "(3, 6)": 0.6194831257536213,
        "(3, 7)": 0.7256517102043295,
        "(3, 8)": 0.7963641831966533,
        "(3, 9)": 0.7130811475501958,
        "(4, 5)": 0.8057404949564845,
        "(4, 6)": 0.7249398982817937,
        "(4, 7)": 0.6200178031188242,
        "(4, 8)": 0.7496016815388528,
        "(4, 9)": 0.755073985125865,
        "(5, 6)": 0.6891591519913993,
        "(5, 7)": 0.7375684801921382,
        "(5, 8)": 0.7797123956846513,
        "(5, 9)": 0.7428886811367569,
        "(6, 7)": 0.6454562301367678,
        "(6, 8)": 0.694828321670579,
        "(6, 9)": 0.6635425535899101,
        "(7, 8)": 0.7640979045323681,
        "(7, 9)": 0.7329871742796017,
        "(8, 9)": 0.7888363497393497
    },
    "matching_probabilities": {
        "(0, 1)": 0.03832732253702335,
        "(0, 2)": 0.04394718659574262,
        "(0, 3)": 0.09356250537096877,
        "(0, 4)": 0.020665442637878315,
        "(0, 5)": 0.05201283155605692,
        "(0, 6)": 0.023261980747116613,
        "(0, 7)": 0.00330755880057269,
        "(0, 8)": 0.3704482105449332,
        "(0, 9)": 0.07172154455507006,
        "(1, 2)": 0.09932606830446414,
        "(1, 3)": 0.0015750025496370649,
        "(1, 4)": 0.17441152340223007,
        "(1, 5)": 0.03526892193918391,
        "(1, 6)": 0.016228043505736523,
        "(1, 7)": 0.18088359723667016,
        "(1, 8)": 0.0017640988099993174,
        "(1, 9)": 0.1928830738382979,
        "(2, 3)": 0.18949741810304097,
        "(2, 4)": 0.0026625178503486887,
        "(2, 5)": 0.0663906872103108,
        "(2, 6)": 0.06315765018706081,
        "(2, 7)": 0.17437269069702874,
        "(2, 8)": 0.0028434423845157563,
        "(2, 9)": 0.007438691774308899,
        "(3, 4)": 0.012988558980425202,
        "(3, 5)": 0.022091138007427527,
        "(3, 6)": 0.006661963396141069,
        "(3, 7)": 0.008978938248062266,
        "(3, 8)": 0.12917066386334797,
        "(3, 9)": 0.18384619031157104,
        "(4, 5)": 0.10255734322469734,
        "(4, 6)": 0.32871783260126003,
        "(4, 7)": 0.00024826401941196254,
        "(4, 8)": 0.007182928339093093,
        "(4, 9)": 0.09093601656227493,
        "(5, 6)": 0.04686939383477617,
        "(5, 7)": 0.32484334068458065,
        "(5, 8)": 0.0016073131668285,
        "(5, 9)": 0.06357464458473164,
        "(6, 7)": 0.0010841324093324226,
        "(6, 8)": 0.18433665213140288,
        "(6, 9)": 0.03352991696768412,
        "(7, 8)": 0.00030704933825060303,
        "(7, 9)": 0.03712811431338139,
        "(8, 9)": 0.04082445826750814
    },
    "matching_counts": {
        "(0, 1)": 383.27322537023355,
        "(0, 2)": 439.4718659574262,
        "(0, 3)": 935.6250537096878,
        "(0, 4)": 206.65442637878314,
        "(0, 5)": 520.1283155605691,
        "(0, 6)": 232.61980747116613,
        "(0, 7)": 33.0755880057269,
        "(0, 8)": 3704.4821054493323,
        "(0, 9)": 717.2154455507006,
        "(1, 2)": 993.2606830446414,
        "(1, 3)": 15.750025496370649,
        "(1, 4)": 1744.1152340223007,
        "(1, 5)": 352.6892193918391,
        "(1, 6)": 162.28043505736522,
        "(1, 7)": 1808.8359723667018,
        "(1, 8)": 17.640988099993173,
        "(1, 9)": 1928.8307383829788,
        "(2, 3)": 1894.9741810304097,
        "(2, 4)": 26.625178503486886,
        "(2, 5)": 663.906872103108,
        "(2, 6)": 631.5765018706081,
        "(2, 7)": 1743.7269069702875,
        "(2, 8)": 28.434423845157564,
        "(2, 9)": 74.38691774308899,
        "(3, 4)": 129.88558980425202,
        "(3, 5)": 220.91138007427526,
        "(3, 6)": 66.61963396141068,
        "(3, 7)": 89.78938248062265,
        "(3, 8)": 1291.7066386334798,
        "(3, 9)": 1838.4619031157104,
        "(4, 5)": 1025.5734322469734,
        "(4, 6)": 3287.1783260126003,
        "(4, 7)": 2.482640194119625,
        "(4, 8)": 71.82928339093093,
        "(4, 9)": 909.3601656227493,
        "(5, 6)": 468.6939383477617,
        "(5, 7)": 3248.4334068458065,
        "(5, 8)": 16.073131668285,
        "(5, 9)": 635.7464458473164,
        "(6, 7)": 10.841324093324227,
        "(6, 8)": 1843.366521314029,
        "(6, 9)": 335.2991696768412,
        "(7, 8)": 3.0704933825060303,
        "(7, 9)": 371.2811431338139,
        "(8, 9)": 408.2445826750814
    },
    "average_num_matching_probability_capped": 0.0,
    "average_num_matching_probability_exceeds_one": 0.0,
    "average_num_proposal_matching_probability_exceeds_one": 0.1306,
    "simulation_parameters": {
        "graph_file": "nonuniform_complete_10_order_0.json",
        "c_guarantee": 0.75,
        "experiment_name": "nonuniform_complete_10_order_0_mc_c75_r50_sim10000",
        "average_edge_weight": 0.1111111111111111,
        "r": 0.5,
        "num_sim_instances": 10000,
        "rounding_scheme_class": "SimulatedRecursiveRoundingScheme",
        "parallel": true
    }
}