{
    "min_scaled_matching_probability": 0.5421391199279701,
    "scaled_matching_probabilities": {
        "(0, 2)": 0.6593479194922874,
        "(0, 3)": 0.5793237394665642,
        "(0, 4)": 0.57977166071151,
        "(0, 5)": 0.5915103496325768,
        "(0, 6)": 0.5844597080185964,
        "(0, 7)": 0.6356530241478087,
        "(0, 8)": 0.5718096956703255,
        "(0, 9)": 0.592734407523588,
        "(0, 10)": 0.6182096587733005,
        "(0, 11)": 0.5827180899488391,
        "(0, 12)": 0.6949365480954006,
        "(0, 13)": 0.6096324368140597,
        "(0, 14)": 0.5789083674226282,
        "(0, 15)": 0.6210137438249494,
        "(0, 16)": 0.5421391199279701,
        "(0, 19)": 0.6305751047809963,
        "(0, 20)": 0.570201802185945
    },
    "matching_probabilities": {
        "(0, 2)": 1.987470847266591e-06,
        "(0, 3)": 0.00011220471363825493,
        "(0, 4)": 3.880896178462144e-06,
        "(0, 5)": 7.382798188287162e-07,
        "(0, 6)": 0.023987978649187745,
        "(0, 7)": 0.09634214789373853,
        "(0, 8)": 0.00010866754341764944,
        "(0, 9)": 0.011919150224805958,
        "(0, 10)": 0.21801329019619306,
        "(0, 11)": 0.009769466500216378,
        "(0, 12)": 1.269038091980727e-05,
        "(0, 13)": 0.004723609647117808,
        "(0, 14)": 1.5418622272846916e-05,
        "(0, 15)": 0.02867562215590698,
        "(0, 16)": 0.0026857830688916074,
        "(0, 19)": 0.001002012226131133,
        "(0, 20)": 0.2035384337135722
    },
    "matching_counts": {
        "(0, 2)": 0.01987470847266591,
        "(0, 3)": 1.1220471363825493,
        "(0, 4)": 0.03880896178462143,
        "(0, 5)": 0.007382798188287162,
        "(0, 6)": 239.87978649187744,
        "(0, 7)": 963.4214789373854,
        "(0, 8)": 1.0866754341764944,
        "(0, 9)": 119.19150224805959,
        "(0, 10)": 2180.1329019619307,
        "(0, 11)": 97.69466500216377,
        "(0, 12)": 0.1269038091980727,
        "(0, 13)": 47.23609647117808,
        "(0, 14)": 0.15418622272846916,
        "(0, 15)": 286.7562215590698,
        "(0, 16)": 26.857830688916074,
        "(0, 19)": 10.020122261311329,
        "(0, 20)": 2035.3843371357218
    },
    "average_num_matching_probability_capped": 0.0,
    "average_num_matching_probability_exceeds_one": 0.0,
    "average_num_proposal_matching_probability_exceeds_one": 0.0,
    "simulation_parameters": {
        "graph_file": "nonuniform_star_20_order_0.json",
        "c_guarantee": 0.6,
        "experiment_name": "nonuniform_star_20_order_0_tr_c60_r20_sim10000",
        "average_edge_weight": 0.05,
        "r": 0.2,
        "num_sim_instances": 10000,
        "rounding_scheme_class": "SimpleRecursiveRoundingSchemeForTree",
        "parallel": true
    }
}