{
    "min_scaled_matching_probability": 0.01814352700468777,
    "scaled_matching_probabilities": {
        "(0, 1)": 0.13124639392099383,
        "(0, 2)": 0.20562677323651024,
        "(0, 3)": 0.059947112212661906,
        "(1, 4)": 0.051406954987283475,
        "(1, 5)": 0.05708969509670856,
        "(1, 6)": 0.26122226581618724,
        "(2, 7)": 0.05070231539934387,
        "(2, 8)": 0.05039823292638651,
        "(2, 9)": 0.16139001310832385,
        "(3, 10)": 0.09988305634158845,
        "(3, 11)": 0.33233056123757815,
        "(3, 12)": 0.0837346732212977,
        "(4, 13)": 0.08372337619872396,
        "(4, 14)": 0.18828649082751422,
        "(4, 15)": 0.06860538134963652,
        "(5, 16)": 0.06234972391927588,
        "(5, 17)": 0.5459186171117807,
        "(5, 18)": 0.07727131027485798,
        "(6, 19)": 0.09017533142918534,
        "(6, 20)": 0.11137451838810737,
        "(6, 21)": 0.3425748134209545,
        "(7, 22)": 0.27269702208156715,
        "(7, 23)": 0.11381194824479918,
        "(7, 24)": 0.28230725972561965,
        "(8, 25)": 0.15010789793591872,
        "(8, 26)": 0.21888892658145973,
        "(8, 27)": 0.08835660143661499,
        "(9, 28)": 0.09768888344464398,
        "(9, 29)": 0.01814352700468777,
        "(9, 30)": 0.08854001155721586,
        "(10, 31)": 0.10519730253610977,
        "(10, 32)": 0.21626030524223147,
        "(10, 33)": 0.12762263659815962,
        "(11, 34)": 0.09013443741615067,
        "(11, 35)": 0.09800730071884994,
        "(11, 36)": 0.10727051431025725,
        "(12, 37)": 0.057774676227319584,
        "(12, 38)": 0.06878900849114172,
        "(12, 39)": 0.28583737607129334,
        "(13, 40)": 0.052329586598307214,
        "(13, 41)": 0.2109155653615517,
        "(13, 42)": 0.08582547080759388,
        "(14, 43)": 0.10728534077673507,
        "(14, 44)": 0.13929309194400494,
        "(14, 45)": 0.020283535920199502,
        "(15, 46)": 0.1429221463196662,
        "(15, 47)": 0.5586939417195315,
        "(15, 48)": 0.07043220531750821,
        "(16, 49)": 0.0320299965483168,
        "(16, 50)": 0.14123304305914086,
        "(16, 51)": 0.09109004286800726,
        "(17, 52)": 0.40545767482181866,
        "(17, 53)": 0.04208661991239789,
        "(17, 54)": 0.1049288281313947,
        "(18, 55)": 0.4947507531756044,
        "(18, 56)": 0.1027463368975218,
        "(18, 57)": 0.13297696336148157,
        "(19, 58)": 0.13038406769260472,
        "(19, 59)": 0.07259144869231655,
        "(19, 60)": 0.02223742945881721,
        "(20, 61)": 0.04820273242767329,
        "(20, 62)": 0.10089416788708204,
        "(20, 63)": 0.2563581361343309,
        "(21, 64)": 0.024051713707794558,
        "(21, 65)": 0.13361361551982257,
        "(21, 66)": 0.1752400869963537,
        "(22, 67)": 0.05354880694022858,
        "(22, 68)": 0.1030284161492689,
        "(22, 69)": 0.023341471468210372,
        "(23, 70)": 0.12953180991890542,
        "(23, 71)": 0.21510977900482883,
        "(23, 72)": 0.05943957325964349,
        "(24, 73)": 0.0866060256966203,
        "(24, 74)": 0.2793363543883164,
        "(24, 75)": 0.04908387105849957,
        "(25, 76)": 0.060251987978539784,
        "(25, 77)": 0.13668852101586002,
        "(25, 78)": 0.18815342045431513,
        "(26, 79)": 0.06018782211697941,
        "(26, 80)": 0.06856265907005064,
        "(26, 81)": 0.04242282561590108,
        "(27, 82)": 0.40147734116559824,
        "(27, 83)": 0.09396852472886534,
        "(27, 84)": 0.1337983534194619,
        "(28, 85)": 0.07129290401359654,
        "(28, 86)": 0.10836165221551386,
        "(28, 87)": 0.03631130183969345,
        "(29, 88)": 0.03642743222924529,
        "(29, 89)": 0.14786484091550914,
        "(29, 90)": 0.3647763802118778,
        "(30, 91)": 0.1383244335079749,
        "(30, 92)": 0.08858443428378661,
        "(30, 93)": 0.2485949226406136,
        "(31, 94)": 0.10499959220713502,
        "(31, 95)": 0.023264881622125044,
        "(31, 96)": 0.13198173978026398,
        "(32, 97)": 0.048423567175793915,
        "(32, 98)": 0.08197011942746858,
        "(32, 99)": 0.08647549892844768,
        "(33, 100)": 0.08265873870049588,
        "(33, 101)": 0.2548105087717876,
        "(33, 102)": 0.054415753285947846,
        "(34, 103)": 0.06203350551848552,
        "(34, 104)": 0.07593753127811605,
        "(34, 105)": 0.16705087721402972,
        "(35, 106)": 0.10800812699477087,
        "(35, 107)": 0.025673595847126612,
        "(35, 108)": 0.14326811351423263,
        "(36, 109)": 0.043458080635628636,
        "(36, 110)": 0.028918247948360225,
        "(36, 111)": 0.030850348742464465,
        "(37, 112)": 0.25792278329295387,
        "(37, 113)": 0.4345549433409138,
        "(37, 114)": 0.033153198286571775,
        "(38, 115)": 0.0395071654107621,
        "(38, 116)": 0.22154736672300324,
        "(38, 117)": 0.17113338632085368,
        "(39, 118)": 0.1330911233416156,
        "(39, 119)": 0.04267459371122583,
        "(39, 120)": 0.14413835187878887
    },
    "matching_probabilities": {
        "(0, 1)": 0.05446770206875809,
        "(0, 2)": 0.025525121874459402,
        "(0, 3)": 0.005041157283951859,
        "(1, 4)": 0.0015749165633148373,
        "(1, 5)": 0.021924752669189813,
        "(1, 6)": 0.021204115009578733,
        "(2, 7)": 0.007158584970732718,
        "(2, 8)": 0.020810405525482384,
        "(2, 9)": 0.026696673534343948,
        "(3, 10)": 0.014652499118612465,
        "(3, 11)": 0.05977321310324211,
        "(3, 12)": 0.02530640303755843,
        "(4, 13)": 0.020996380164737784,
        "(4, 14)": 0.02518014173223262,
        "(4, 15)": 0.005787019595334762,
        "(5, 16)": 0.007609660152812391,
        "(5, 17)": 0.07512369035099098,
        "(5, 18)": 0.008054323465692499,
        "(6, 19)": 0.009898894777809817,
        "(6, 20)": 0.04005146594950125,
        "(6, 21)": 0.03655882446559568,
        "(7, 22)": 0.023007952532772692,
        "(7, 23)": 0.026758967683831965,
        "(7, 24)": 0.018642646530973913,
        "(8, 25)": 0.0030341807684114534,
        "(8, 26)": 0.03970825598446732,
        "(8, 27)": 0.007636476775860985,
        "(9, 28)": 0.012352223855400137,
        "(9, 29)": 0.007238113463669352,
        "(9, 30)": 0.012449633535253725,
        "(10, 31)": 0.014401406425438888,
        "(10, 32)": 0.028450390257486732,
        "(10, 33)": 0.04549429382195126,
        "(11, 34)": 0.002270643914196808,
        "(11, 35)": 0.011973544279037235,
        "(11, 36)": 0.05796831691108032,
        "(12, 37)": 0.03201730968023963,
        "(12, 38)": 0.006244726956696688,
        "(12, 39)": 0.008138749335689704,
        "(13, 40)": 0.0012030051080479122,
        "(13, 41)": 0.055141874253609606,
        "(13, 42)": 0.0358681059689954,
        "(14, 43)": 0.023565276804793454,
        "(14, 44)": 0.07384510874180583,
        "(14, 45)": 0.0009660495070045895,
        "(15, 46)": 0.026223133197373624,
        "(15, 47)": 0.025853599413043264,
        "(15, 48)": 0.04323979402375797,
        "(16, 49)": 0.022963971208921297,
        "(16, 50)": 0.007216452602407871,
        "(16, 51)": 0.006439062242739696,
        "(17, 52)": 0.009102960354983154,
        "(17, 53)": 0.032373015556302794,
        "(17, 54)": 0.005549784290816105,
        "(18, 55)": 0.03164225216522402,
        "(18, 56)": 0.07172605133450334,
        "(18, 57)": 0.014268546095696078,
        "(19, 58)": 0.06163059253157037,
        "(19, 59)": 0.003788921567147041,
        "(19, 60)": 0.006296007085692021,
        "(20, 61)": 0.02024912221195464,
        "(20, 62)": 0.0037192600383398095,
        "(20, 63)": 0.04119849274838158,
        "(21, 64)": 0.010623664692405848,
        "(21, 65)": 0.0359832280557955,
        "(21, 66)": 0.016475627800693376,
        "(22, 67)": 0.004861065743885948,
        "(22, 68)": 0.0524166261253801,
        "(22, 69)": 0.005666486204928307,
        "(23, 70)": 0.02587423034227158,
        "(23, 71)": 0.03813398207371027,
        "(23, 72)": 0.016560533546791687,