{
    "min_scaled_matching_probability": 0.3592718286127737,
    "scaled_matching_probabilities": {
        "(0, 1)": 0.5534497539083526,
        "(0, 2)": 0.38641625198780144,
        "(0, 3)": 0.5415965423583394,
        "(1, 4)": 0.3592718286127737,
        "(1, 5)": 0.42524260497162447,
        "(1, 6)": 0.6230564896507584,
        "(2, 7)": 0.47778975886552094,
        "(2, 8)": 0.606527169734958,
        "(2, 9)": 0.4615052531651328,
        "(3, 10)": 0.4431118477678408,
        "(3, 11)": 0.4373287037905666,
        "(3, 12)": 0.4851493509871066,
        "(4, 13)": 0.5366036403734339,
        "(4, 14)": 0.40244251392491204,
        "(4, 15)": 0.4727374497829816,
        "(5, 16)": 0.4491293610282493,
        "(5, 17)": 0.3755643265542736,
        "(5, 18)": 0.435306573813111,
        "(6, 19)": 0.6390945428439593,
        "(6, 20)": 0.6927595309331342,
        "(6, 21)": 0.4888763065857688,
        "(7, 22)": 0.4448685032576259,
        "(7, 23)": 0.4136799527319446,
        "(7, 24)": 0.48015079749124834,
        "(8, 25)": 0.4480946501668747,
        "(8, 26)": 0.47330426969069117,
        "(8, 27)": 0.3879128188056249,
        "(9, 28)": 0.5996357197231812,
        "(9, 29)": 0.6040539665317864,
        "(9, 30)": 0.3803531975863232,
        "(10, 31)": 0.8233618716928736,
        "(10, 32)": 0.5260130788346473,
        "(10, 33)": 0.4269576148174863,
        "(11, 34)": 0.4121896857633252,
        "(11, 35)": 0.4935252955873502,
        "(11, 36)": 0.4483361413247808,
        "(12, 37)": 0.496234121232224,
        "(12, 38)": 0.5862393932647856,
        "(12, 39)": 0.5157390814120514,
        "(13, 40)": 0.4795734090071343,
        "(13, 41)": 0.41023059477343354,
        "(13, 42)": 0.6144491485298598,
        "(14, 43)": 0.5571631554955415,
        "(14, 44)": 0.6144000265264075,
        "(14, 45)": 0.520772478536762,
        "(15, 46)": 0.5708241581684028,
        "(15, 47)": 0.5116755132557176,
        "(15, 48)": 0.6037827482469827,
        "(16, 49)": 0.6104073139752696,
        "(16, 50)": 0.43464929875026725,
        "(16, 51)": 0.536360160302042,
        "(17, 52)": 0.5033286533683979,
        "(17, 53)": 0.5568524157545289,
        "(17, 54)": 0.4176200385312237,
        "(18, 55)": 0.4839623376556673,
        "(18, 56)": 0.52326615805797,
        "(18, 57)": 0.46937640981727546,
        "(19, 58)": 0.4423360504753099,
        "(19, 59)": 0.37893022582573666,
        "(19, 60)": 0.4745502429361281,
        "(20, 61)": 0.4845836400869568,
        "(20, 62)": 0.4414438907235771,
        "(20, 63)": 0.46984517011096993,
        "(21, 64)": 0.4828512312398162,
        "(21, 65)": 0.7032419511951565,
        "(21, 66)": 0.435620445537397,
        "(22, 67)": 0.46779550948761106,
        "(22, 68)": 0.5161745494728378,
        "(22, 69)": 0.5089769169127304,
        "(23, 70)": 0.5011382081698643,
        "(23, 71)": 0.45700057687878126,
        "(23, 72)": 0.4934447303999325,
        "(24, 73)": 0.517187542829689,
        "(24, 74)": 0.4532449972268527,
        "(24, 75)": 0.5769891048390481,
        "(25, 76)": 0.46616181836142884,
        "(25, 77)": 0.5179653811500026,
        "(25, 78)": 0.4469203177446046,
        "(26, 79)": 0.45875556654383964,
        "(26, 80)": 0.45757313657411636,
        "(26, 81)": 0.5409972592280786,
        "(27, 82)": 0.46988857899356357,
        "(27, 83)": 0.467709457538326,
        "(27, 84)": 0.4202791743979532,
        "(28, 85)": 0.4722655043425016,
        "(28, 86)": 0.590209066421261,
        "(28, 87)": 0.45906096400818625,
        "(29, 88)": 0.4716084625757654,
        "(29, 89)": 0.5052825056129219,
        "(29, 90)": 0.4010253644379809,
        "(30, 91)": 0.501989866173883,
        "(30, 92)": 0.6288925770524136,
        "(30, 93)": 0.5091070348371165,
        "(31, 94)": 0.595356789187189,
        "(31, 95)": 0.5310290285146422,
        "(31, 96)": 0.5149369915651335,
        "(32, 97)": 0.4527256266753885,
        "(32, 98)": 0.6614852445989208,
        "(32, 99)": 0.5146682897672394,
        "(33, 100)": 0.6676809956190385,
        "(33, 101)": 0.4782068202303673,
        "(33, 102)": 0.4319251496469914,
        "(34, 103)": 0.5727182409226755,
        "(34, 104)": 0.6637532039792956,
        "(34, 105)": 0.6106159504887588,
        "(35, 106)": 0.43083834009664473,
        "(35, 107)": 0.5473785836613061,
        "(35, 108)": 0.5526346635366064,
        "(36, 109)": 0.47527051484606336,
        "(36, 110)": 0.7188468574712782,
        "(36, 111)": 0.5366020511893287,
        "(37, 112)": 0.5227700517725055,
        "(37, 113)": 0.4896217793034546,
        "(37, 114)": 0.7346257018747375,
        "(38, 115)": 0.4645476611789034,
        "(38, 116)": 0.4817080689454239,
        "(38, 117)": 0.468700381698623,
        "(39, 118)": 0.47428829084332275,
        "(39, 119)": 0.5932278519123111,
        "(39, 120)": 0.5316769775162767
    },
    "matching_probabilities": {
        "(0, 1)": 0.22968353952683873,
        "(0, 2)": 0.047967109394435395,
        "(0, 3)": 0.04554470188300749,
        "(1, 4)": 0.011006743226760547,
        "(1, 5)": 0.1633103649023058,
        "(1, 6)": 0.05057517368490879,
        "(2, 7)": 0.06745842985760349,
        "(2, 8)": 0.2504468040148119,
        "(2, 9)": 0.07634087661833677,
        "(3, 10)": 0.06500297644738424,
        "(3, 11)": 0.07865825433114682,
        "(3, 12)": 0.1466224747428392,
        "(4, 13)": 0.13457094711900275,
        "(4, 14)": 0.05381989698341371,
        "(4, 15)": 0.039876476619238155,
        "(5, 16)": 0.0548153478032987,
        "(5, 17)": 0.05168128964754601,
        "(5, 18)": 0.04537389025450413,
        "(6, 19)": 0.07015587891299169,
        "(6, 20)": 0.24912372386360526,
        "(6, 21)": 0.05217179540836794,
        "(7, 22)": 0.0375343791000971,
        "(7, 23)": 0.09726262187159321,
        "(7, 24)": 0.031707585585629354,
        "(8, 25)": 0.009057485906203314,
        "(8, 26)": 0.08586129683643491,
        "(8, 27)": 0.033526495855468165,
        "(9, 28)": 0.07582065001195186,
        "(9, 29)": 0.24097911871307848,
        "(9, 30)": 0.053481559812669346,
        "(10, 31)": 0.11271742396045695,
        "(10, 32)": 0.06920029709856074,
        "(10, 33)": 0.15219976405272226,
        "(11, 34)": 0.010383778146325724,
        "(11, 35)": 0.060293946840671846,
        "(11, 36)": 0.2422780545997688,
        "(12, 37)": 0.2750007887691248,
        "(12, 38)": 0.053219329984521425,
        "(12, 39)": 0.01468482241169406,
        "(13, 40)": 0.011024915315080971,
        "(13, 41)": 0.107250898401943,
        "(13, 42)": 0.2567900527040042,
        "(14, 43)": 0.12238115561386931,
        "(14, 44)": 0.3257192164852627,
        "(14, 45)": 0.024802973117275348,
        "(15, 46)": 0.10473392904727864,
        "(15, 47)": 0.02367781850016465,
        "(15, 48)": 0.3706747723091413,
        "(16, 49)": 0.4376327659822898,
        "(16, 50)": 0.022208868372167487,
        "(16, 51)": 0.0379147527871423,
        "(17, 52)": 0.011300268959400218,
        "(17, 53)": 0.4283307130700643,
        "(17, 54)": 0.022088316153386505,
        "(18, 55)": 0.030952268851092708,
        "(18, 56)": 0.36528616442947415,
        "(18, 57)": 0.05036450502711728,
        "(19, 58)": 0.20908561430327435,
        "(19, 59)": 0.01977832004924566,
        "(19, 60)": 0.13435778166608514,
        "(20, 61)": 0.2035650855427713,
        "(20, 62)": 0.016272938826106906,
        "(20, 63)": 0.075507308352156,
        "(21, 64)": 0.2132758455105316,
        "(21, 65)": 0.1893887491166928,
        "(21, 66)": 0.040955927642262066,
        "(22, 67)": 0.04246564687897028,
        "(22, 68)": 0.2626084083050931,
        "(22, 69)": 0.12356164786958297,
        "(23, 70)": 0.10010332936456422,
        "(23, 71)": 0.08101561856924917,
        "(23, 72)": 0.1374792509963029,
        "(24, 73)": 0.32182591678551997,
        "(24, 74)": 0.01840553590511566,
        "(24, 75)": 0.14817932967158232,
        "(25, 76)": 0.2981497692969059,