{
    "min_scaled_matching_probability": 0.7134454038409451,
    "scaled_matching_probabilities": {
        "(0, 2)": 0.9169025656422171,
        "(0, 3)": 0.7161305320146741,
        "(0, 4)": 0.7624947430278701,
        "(0, 5)": 0.7671121191552904,
        "(0, 6)": 0.8100816478500498,
        "(0, 7)": 0.8318658753985891,
        "(0, 8)": 0.7755451176538085,
        "(0, 9)": 0.8827450494610269,
        "(0, 10)": 0.8131172539553435,
        "(0, 11)": 0.7709654687518885,
        "(0, 12)": 0.9725045749404293,
        "(0, 13)": 0.7894513332291756,
        "(0, 14)": 0.7134454038409451,
        "(0, 15)": 0.8158463678861163,
        "(0, 16)": 0.7260154570485415,
        "(0, 19)": 0.8497337371533938,
        "(0, 20)": 0.7879870873123174
    },
    "matching_probabilities": {
        "(0, 2)": 2.763817197453316e-06,
        "(0, 3)": 0.0001387017582713012,
        "(0, 4)": 5.10401445059039e-06,
        "(0, 5)": 9.574530635061092e-07,
        "(0, 6)": 0.03324817948290034,
        "(0, 7)": 0.1260809626491595,
        "(0, 8)": 0.00014738571833098227,
        "(0, 9)": 0.017750902800949746,
        "(0, 10)": 0.28674797511551586,
        "(0, 11)": 0.012925497680115734,
        "(0, 12)": 1.7759108419428062e-05,
        "(0, 13)": 0.006116898820311177,
        "(0, 14)": 1.9001876312648856e-05,
        "(0, 15)": 0.037672116624468586,
        "(0, 16)": 0.003596715216849959,
        "(0, 19)": 0.0013502651581519575,
        "(0, 20)": 0.28127876292780735
    },
    "matching_counts": {
        "(0, 2)": 0.027638171974533162,
        "(0, 3)": 1.387017582713012,
        "(0, 4)": 0.0510401445059039,
        "(0, 5)": 0.009574530635061092,
        "(0, 6)": 332.4817948290034,
        "(0, 7)": 1260.8096264915948,
        "(0, 8)": 1.4738571833098226,
        "(0, 9)": 177.50902800949746,
        "(0, 10)": 2867.4797511551587,
        "(0, 11)": 129.25497680115734,
        "(0, 12)": 0.1775910841942806,
        "(0, 13)": 61.168988203111766,
        "(0, 14)": 0.19001876312648855,
        "(0, 15)": 376.7211662446859,
        "(0, 16)": 35.96715216849959,
        "(0, 19)": 13.502651581519574,
        "(0, 20)": 2812.7876292780734
    },
    "average_num_matching_probability_capped": 0.0,
    "average_num_matching_probability_exceeds_one": 0.0,
    "average_num_proposal_matching_probability_exceeds_one": 0.0,
    "simulation_parameters": {
        "graph_file": "nonuniform_star_20_order_0.json",
        "c_guarantee": 0.8,
        "experiment_name": "nonuniform_star_20_order_0_tr_c80_r70_sim10000",
        "average_edge_weight": 0.05,
        "r": 0.7,
        "num_sim_instances": 10000,
        "rounding_scheme_class": "SimpleRecursiveRoundingSchemeForTree",
        "parallel": true
    }
}