{
    "min_scaled_matching_probability": 0.0005458758757465497,
    "scaled_matching_probabilities": {
        "(0, 10)": 1.093083961927005,
        "(0, 11)": 0.5308905877162126,
        "(0, 12)": 111.30985607206624,
        "(0, 13)": 3.8081969871618964,
        "(0, 14)": 0.4596746010978131,
        "(0, 15)": 17.542222643466065,
        "(0, 16)": 0.024810765545524048,
        "(0, 17)": 0.916792760785115,
        "(0, 18)": 0.9350748186032071,
        "(0, 19)": 1.1203869525218064,
        "(10, 1)": 0.5164960330510259,
        "(10, 2)": 14.300445408162174,
        "(10, 3)": 0.6902451029193006,
        "(10, 4)": 1.0781632484710097,
        "(10, 5)": 0.5166384753616471,
        "(10, 6)": 0.3649701633164003,
        "(10, 7)": 0.5378625579464505,
        "(10, 8)": 1.2622393368913793,
        "(10, 9)": 0.5654052898951212,
        "(11, 1)": 0.8907451679676665,
        "(11, 2)": 0.8768745913832464,
        "(11, 3)": 10.756723453243275,
        "(11, 4)": 0.994364639401401,
        "(11, 5)": 4.353123777795284,
        "(11, 6)": 1.4051782383649862,
        "(11, 7)": 41.45459798879021,
        "(11, 8)": 0.45321291452341755,
        "(11, 9)": 0.7159659822842717,
        "(12, 1)": 0.391763879278729,
        "(12, 2)": 0.9443540529157992,
        "(12, 3)": 0.4173913095876869,
        "(12, 4)": 1.0604489175410112,
        "(12, 5)": 280.4808613337086,
        "(12, 6)": 4.455041589190199,
        "(12, 7)": 0.5478027677257709,
        "(12, 8)": 0.5244714739096848,
        "(12, 9)": 1.0021195076987532,
        "(13, 1)": 0.9673213257073751,
        "(13, 2)": 1.1227377439134039,
        "(13, 3)": 1.4985044563303205,
        "(13, 4)": 0.401068008206384,
        "(13, 5)": 0.026307146598098005,
        "(13, 6)": 0.8623786650654731,
        "(13, 7)": 0.6642929094351633,
        "(13, 8)": 0.9788182423657371,
        "(13, 9)": 8.462868801477148,
        "(14, 1)": 0.866358660485164,
        "(14, 2)": 1.1107927003974445,
        "(14, 3)": 0.6426044159311782,
        "(14, 4)": 1.663375131295079,
        "(14, 5)": 0.0014098147709192973,
        "(14, 6)": 0.6437160138469238,
        "(14, 7)": 0.6256159960563576,
        "(14, 8)": 1.5984518769890843,
        "(14, 9)": 0.060905493499619025,
        "(15, 1)": 0.7188917089203873,
        "(15, 2)": 0.9744336015545272,
        "(15, 3)": 0.06445055940687457,
        "(15, 4)": 0.5811337185741267,
        "(15, 5)": 1.0425351502052933,
        "(15, 6)": 0.7446012526524292,
        "(15, 7)": 0.7080621692599298,
        "(15, 8)": 2.9003548618070374,
        "(15, 9)": 38.19481996366782,
        "(16, 1)": 0.06067358628120446,
        "(16, 2)": 1.1996003486883733,
        "(16, 3)": 28.044517178530974,
        "(16, 4)": 0.06438173942802601,
        "(16, 5)": 1.3391424352215067,
        "(16, 6)": 0.8676318197475169,
        "(16, 7)": 1.0348356862146881,
        "(16, 8)": 0.18856982099607325,
        "(16, 9)": 0.4795160904107297,
        "(17, 1)": 5.694078463339953,
        "(17, 2)": 0.5156285089636082,
        "(17, 3)": 1.8518396505395889,
        "(17, 4)": 1.6020007589879974,
        "(17, 5)": 6.632697102529891,
        "(17, 6)": 1.994738708300449,
        "(17, 7)": 6.0730515776530565,
        "(17, 8)": 0.911477805867141,
        "(17, 9)": 3.0401530995262256,
        "(18, 1)": 0.5849484717619947,
        "(18, 2)": 1.040936870700835,
        "(18, 3)": 8.362668898190623,
        "(18, 4)": 0.9478904590392128,
        "(18, 5)": 3.894972169809509,
        "(18, 6)": 28.052636547286966,
        "(18, 7)": 0.6496422206890323,
        "(18, 8)": 0.412729024208861,
        "(18, 9)": 1.214096224647464,
        "(19, 1)": 0.3951766686992167,
        "(19, 2)": 0.6290091647656051,
        "(19, 3)": 8.039589795678047,
        "(19, 4)": 0.49600267477908794,
        "(19, 5)": 0.751137505979927,
        "(19, 6)": 0.0005458758757465497,
        "(19, 7)": 0.46532317874689016,
        "(19, 8)": 9.70465757266667,
        "(19, 9)": 5.8664421283279085
    },
    "matching_probabilities": {
        "(0, 10)": 0.0014224210270664234,
        "(0, 11)": 0.10744687142756365,
        "(0, 12)": 0.08702160789980469,
        "(0, 13)": 0.02502876613758608,
        "(0, 14)": 0.01757427066070587,
        "(0, 15)": 0.0815457055749826,
        "(0, 16)": 0.002999314508089078,
        "(0, 17)": 0.1375057176797259,
        "(0, 18)": 0.43917337168586373,
        "(0, 19)": 0.005472046150437915,
        "(10, 1)": 0.00432988662649168,
        "(10, 2)": 0.09785887914173935,
        "(10, 3)": 0.001097969960817039,
        "(10, 4)": 0.16531678256748136,
        "(10, 5)": 0.00719495120965646,
        "(10, 6)": 0.07021688376896959,
        "(10, 7)": 0.027222792681365696,
        "(10, 8)": 0.42466505359859064,
        "(10, 9)": 0.10610214140937678,
        "(11, 1)": 0.5511945234321786,
        "(11, 2)": 0.03914890833573774,
        "(11, 3)": 0.0017715574983367007,
        "(11, 4)": 0.0003193502965862084,
        "(11, 5)": 0.031055614061492515,
        "(11, 6)": 0.024401172135085608,
        "(11, 7)": 0.06193358148624959,
        "(11, 8)": 0.008299419920174902,
        "(11, 9)": 0.06395190933063885,
        "(12, 1)": 0.0006865982037093604,
        "(12, 2)": 0.14327051129866153,
        "(12, 3)": 0.198174020367842,
        "(12, 4)": 0.01046385781662315,
        "(12, 5)": 0.052774097101728694,
        "(12, 6)": 0.1863893626545979,
        "(12, 7)": 0.02309057473106371,
        "(12, 8)": 0.07861714915149348,
        "(12, 9)": 0.1065197325620903,
        "(13, 1)": 0.09410367232626816,
        "(13, 2)": 0.0010297621409099873,
        "(13, 3)": 0.0019496179718369692,
        "(13, 4)": 0.046048844565690854,
        "(13, 5)": 7.237037239435672e-05,
        "(13, 6)": 0.33378920932750206,
        "(13, 7)": 0.17821158337959556,
        "(13, 8)": 0.004323355435624201,
        "(13, 9)": 0.20718647585432817,
        "(14, 1)": 0.1418952049612161,
        "(14, 2)": 0.04101672749813374,
        "(14, 3)": 0.05888764218892409,
        "(14, 4)": 0.4148482098599752,
        "(14, 5)": 0.000135084158482873,
        "(14, 6)": 0.00579418273074488,
        "(14, 7)": 0.008292442069917099,
        "(14, 8)": 0.016636437435624138,
        "(14, 9)": 0.01679858441649529,
        "(15, 1)": 0.012405084438013692,
        "(15, 2)": 0.04932320545716006,
        "(15, 3)": 0.018723920304645064,
        "(15, 4)": 0.00697643710279965,
        "(15, 5)": 0.5340891403320089,
        "(15, 6)": 0.07080331150510699,
        "(15, 7)": 0.009146728069304354,
        "(15, 8)": 0.0015944991019946418,
        "(15, 9)": 0.08105847784856418,
        "(16, 1)": 0.0010222574688905784,
        "(16, 2)": 0.0017139765402232495,
        "(16, 3)": 0.1885065795122673,
        "(16, 4)": 0.002264844783914165,
        "(16, 5)": 0.0002687086225758874,
        "(16, 6)": 0.10877785713706493,
        "(16, 7)": 0.5356952995929262,
        "(16, 8)": 0.007766634027676931,
        "(16, 9)": 0.054802454891615664,
        "(17, 1)": 0.04816072813174837,
        "(17, 2)": 0.3239021223861572,
        "(17, 3)": 0.18723909478053682,
        "(17, 4)": 0.045020779109010874,
        "(17, 5)": 0.0020310065554530244,
        "(17, 6)": 0.03206889104368757,
        "(17, 7)": 0.026927628116559844,
        "(17, 8)": 0.04980017964830816,
        "(17, 9)": 0.014235549458491667,
        "(18, 1)": 0.0004119471783996519,
        "(18, 2)": 0.06587048383985158,
        "(18, 3)": 0.04859579989998594,
        "(18, 4)": 0.010363743008239501,
        "(18, 5)": 0.010468896910584316,
        "(18, 6)": 0.08294516394649112,
        "(18, 7)": 0.0007875583488585102,
        "(18, 8)": 0.15592530398919738,
        "(18, 9)": 0.07307493700106668,
        "(19, 1)": 0.026009677701673683,
        "(19, 2)": 0.00941767320719589,
        "(19, 3)": 0.19212438695786146,
        "(19, 4)": 0.1435309828649434,
        "(19, 5)": 0.2738400271955964,
        "(19, 6)": 5.715779471141795e-05,
        "(19, 7)": 0.036136877444218486,