{
    "min_scaled_matching_probability": 0.46894958143193277,
    "scaled_matching_probabilities": {
        "(0, 10)": 0.5791825694240085,
        "(0, 11)": 0.6208566840639145,
        "(0, 12)": 0.6123044754113127,
        "(0, 13)": 0.4997007511867625,
        "(0, 14)": 0.5838898519365052,
        "(0, 15)": 0.5563626583924968,
        "(0, 16)": 0.6024271453738873,
        "(0, 17)": 0.5936063104193309,
        "(0, 18)": 0.5935204984882044,
        "(0, 19)": 0.6937223727624405,
        "(10, 1)": 0.5959547921497782,
        "(10, 2)": 0.6508166526455161,
        "(10, 3)": 0.5268331687639274,
        "(10, 4)": 0.6030733595952663,
        "(10, 5)": 0.579744473256207,
        "(10, 6)": 0.5854989796538954,
        "(10, 7)": 0.5739818939352418,
        "(10, 8)": 0.6060167683742219,
        "(10, 9)": 0.5797765217189549,
        "(11, 1)": 0.5907615612890432,
        "(11, 2)": 0.626545569402145,
        "(11, 3)": 0.543956223073547,
        "(11, 4)": 0.6449509280311092,
        "(11, 5)": 0.6194626357614758,
        "(11, 6)": 0.6849261451359622,
        "(11, 7)": 0.7007160336893142,
        "(11, 8)": 0.5951805315267964,
        "(11, 9)": 0.5986164392607285,
        "(12, 1)": 0.5407063036857206,
        "(12, 2)": 0.62878260374385,
        "(12, 3)": 0.5676349469950895,
        "(12, 4)": 0.6291821692245045,
        "(12, 5)": 0.5112453273686361,
        "(12, 6)": 0.6229489742765825,
        "(12, 7)": 0.5815181383037764,
        "(12, 8)": 0.6214073487165176,
        "(12, 9)": 0.603558917098796,
        "(13, 1)": 0.606094621997099,
        "(13, 2)": 0.6639984098998598,
        "(13, 3)": 0.723352822671755,
        "(13, 4)": 0.5521058363717088,
        "(13, 5)": 0.525365006917737,
        "(13, 6)": 0.6040466893703511,
        "(13, 7)": 0.6048284925832821,
        "(13, 8)": 0.48844383625152327,
        "(13, 9)": 0.6275268924444181,
        "(14, 1)": 0.5993039850461104,
        "(14, 2)": 0.5684673195071873,
        "(14, 3)": 0.619388111683385,
        "(14, 4)": 0.5953837051570479,
        "(14, 5)": 0.5412792584777403,
        "(14, 6)": 0.5811805548786715,
        "(14, 7)": 0.598850639564839,
        "(14, 8)": 0.6222583221761645,
        "(14, 9)": 0.5718703253113118,
        "(15, 1)": 0.6194694400168552,
        "(15, 2)": 0.5482450859534106,
        "(15, 3)": 0.6597297320792009,
        "(15, 4)": 0.5776788032393542,
        "(15, 5)": 0.5997054531888878,
        "(15, 6)": 0.545447982480505,
        "(15, 7)": 0.5892484907978344,
        "(15, 8)": 0.5154766501599477,
        "(15, 9)": 0.5049177258401731,
        "(16, 1)": 0.6174036399156787,
        "(16, 2)": 0.5235350771361247,
        "(16, 3)": 0.5352864195452576,
        "(16, 4)": 0.588152714740721,
        "(16, 5)": 0.6596857261756062,
        "(16, 6)": 0.5924283698631035,
        "(16, 7)": 0.5962237560017943,
        "(16, 8)": 0.5897654299617038,
        "(16, 9)": 0.620406355614004,
        "(17, 1)": 0.6531028534320614,
        "(17, 2)": 0.6047229454918799,
        "(17, 3)": 0.5714019087825903,
        "(17, 4)": 0.5968410251043598,
        "(17, 5)": 0.6038658281837717,
        "(17, 6)": 0.46894958143193277,
        "(17, 7)": 0.7402559454293931,
        "(17, 8)": 0.5826072169568147,
        "(17, 9)": 0.6192427486539747,
        "(18, 1)": 0.7042514599510428,
        "(18, 2)": 0.6153304639334078,
        "(18, 3)": 0.5984866134347246,
        "(18, 4)": 0.6383444262264087,
        "(18, 5)": 0.7070107081800378,
        "(18, 6)": 0.5048901110566414,
        "(18, 7)": 0.5632087986286571,
        "(18, 8)": 0.5840890662831841,
        "(18, 9)": 0.6401346061732128,
        "(19, 1)": 0.559015915273552,
        "(19, 2)": 0.5707635850756936,
        "(19, 3)": 0.5779877230515167,
        "(19, 4)": 0.609507914800412,
        "(19, 5)": 0.6321699800211007,
        "(19, 6)": 0.5576964144833874,
        "(19, 7)": 0.5995575094404109,
        "(19, 8)": 0.5691247319447614,
        "(19, 9)": 0.5805050205805453
    },
    "matching_probabilities": {
        "(0, 10)": 0.0007536854385885533,
        "(0, 11)": 0.12565509702202193,
        "(0, 12)": 0.0004786972318070463,
        "(0, 13)": 0.003284203333596584,
        "(0, 14)": 0.022323265782936114,
        "(0, 15)": 0.0025862734988765924,
        "(0, 16)": 0.07282598652070024,
        "(0, 17)": 0.08903240211399964,
        "(0, 18)": 0.2787567297289694,
        "(0, 19)": 0.0033881872961863905,
        "(10, 1)": 0.004996004846891105,
        "(10, 2)": 0.004453580733808335,
        "(10, 3)": 0.0008380312894917772,
        "(10, 4)": 0.09247036346475121,
        "(10, 5)": 0.008073795116065504,
        "(10, 6)": 0.11264458833465542,
        "(10, 7)": 0.029050897614279335,
        "(10, 8)": 0.20388696176835278,
        "(10, 9)": 0.1087990006331067,
        "(11, 1)": 0.36556419158547027,
        "(11, 2)": 0.027972728718246936,
        "(11, 3)": 8.958580463108418e-05,
        "(11, 4)": 0.0002071325366862144,
        "(11, 5)": 0.004419307495884397,
        "(11, 6)": 0.011893865355280392,
        "(11, 7)": 0.001046876719995066,
        "(11, 8)": 0.01089918888266488,
        "(11, 9)": 0.053469948565561864,
        "(12, 1)": 0.0009476319703808403,
        "(12, 2)": 0.09539431197010742,
        "(12, 3)": 0.2695084851153841,
        "(12, 4)": 0.006208382743023665,
        "(12, 5)": 9.61937667371065e-05,
        "(12, 6)": 0.026062845869605774,
        "(12, 7)": 0.024511719949349028,
        "(12, 8)": 0.09314762889524326,
        "(12, 9)": 0.06415495750847618,
        "(13, 1)": 0.058962547595463925,
        "(13, 2)": 0.0006090117018387555,
        "(13, 3)": 0.0009411127588592136,
        "(13, 4)": 0.06339033610930347,
        "(13, 5)": 0.0014452673934750992,
        "(13, 6)": 0.23380015648522234,
        "(13, 7)": 0.162258909895652,
        "(13, 8)": 0.002157414137839611,
        "(13, 9)": 0.015363003775585363,
        "(14, 1)": 0.09815607054077308,
        "(14, 2)": 0.02099101761064694,
        "(14, 3)": 0.05676012270166357,
        "(14, 4)": 0.1484895737691442,
        "(14, 5)": 0.05186373035942932,
        "(14, 6)": 0.005231291846226326,
        "(14, 7)": 0.00793767146049265,
        "(14, 8)": 0.006476367411936107,
        "(14, 9)": 0.15772981028535277,
        "(15, 1)": 0.010689469101985658,
        "(15, 2)": 0.027750690218624693,
        "(15, 3)": 0.19166205909980366,
        "(15, 4)": 0.006934961279321918,
        "(15, 5)": 0.30722817344144127,
        "(15, 6)": 0.05186604679461432,
        "(15, 7)": 0.007611896164723949,
        "(15, 8)": 0.00028338844553219575,
        "(15, 9)": 0.0010715553138958378,
        "(16, 1)": 0.01040231047656975,
        "(16, 2)": 0.0007480214899707324,
        "(16, 3)": 0.0035980299238344946,
        "(16, 4)": 0.020690255031314244,
        "(16, 5)": 0.00013237071587855417,
        "(16, 6)": 0.07427469476588128,
        "(16, 7)": 0.3086424906393681,
        "(16, 8)": 0.024290696318704508,
        "(16, 9)": 0.07090438047425185,
        "(17, 1)": 0.005523968306499384,
        "(17, 2)": 0.37986853344110266,
        "(17, 3)": 0.057774319782573344,
        "(17, 4)": 0.016772930851414354,
        "(17, 5)": 0.00018491051780240449,
        "(17, 6)": 0.0075391794270322065,
        "(17, 7)": 0.003282260417965756,
        "(17, 8)": 0.03183176143411149,
        "(17, 9)": 0.0028996108046827453,
        "(18, 1)": 0.000495965740258759,
        "(18, 2)": 0.038938110966714755,
        "(18, 3)": 0.0034778293943440496,
        "(18, 4)": 0.006979327116403564,
        "(18, 5)": 0.0019003016956031338,
        "(18, 6)": 0.0014928433898169675,
        "(18, 7)": 0.0006827754991664734,
        "(18, 8)": 0.22066358282300963,
        "(18, 9)": 0.038528903285151864,
        "(19, 1)": 0.036793224241277254,
        "(19, 2)": 0.00854560668414661,
        "(19, 3)": 0.013812338661872915,
        "(19, 4)": 0.17637660948951342,
        "(19, 5)": 0.2304683804803165,
        "(19, 6)": 0.05839550452149981,