{
    "min_scaled_matching_probability": 0.6895766732655783,
    "scaled_matching_probabilities": {
        "(0, 2)": 0.8992801486641139,
        "(0, 3)": 0.7380808627305929,
        "(0, 4)": 0.7533544709091349,
        "(0, 5)": 0.732854282622428,
        "(0, 6)": 0.8095671369942613,
        "(0, 7)": 0.820553254436587,
        "(0, 8)": 0.7431345553830996,
        "(0, 9)": 0.8531648241255548,
        "(0, 10)": 0.82011175210045,
        "(0, 11)": 0.7872416651224623,
        "(0, 12)": 0.9486141727349438,
        "(0, 13)": 0.7220383930656779,
        "(0, 14)": 0.7580388534700131,
        "(0, 15)": 0.8134056640562963,
        "(0, 16)": 0.6895766732655783,
        "(0, 19)": 0.990511289776262,
        "(0, 20)": 0.7825119541462805
    },
    "matching_probabilities": {
        "(0, 2)": 2.71069798835757e-06,
        "(0, 3)": 0.0001429531472692948,
        "(0, 4)": 5.042830971749477e-06,
        "(0, 5)": 9.146949454703795e-07,
        "(0, 6)": 0.03322706241485596,
        "(0, 7)": 0.12436637597941436,
        "(0, 8)": 0.00014122636809713583,
        "(0, 9)": 0.017156081334569674,
        "(0, 10)": 0.28921460360027884,
        "(0, 11)": 0.013198373634948754,
        "(0, 12)": 1.7322840813204256e-05,
        "(0, 13)": 0.005594563729086369,
        "(0, 14)": 2.0189576464116645e-05,
        "(0, 15)": 0.03755941589680462,
        "(0, 16)": 0.00341619574327224,
        "(0, 19)": 0.0015739670262140092,
        "(0, 20)": 0.2793243670898493
    },
    "matching_counts": {
        "(0, 2)": 0.0271069798835757,
        "(0, 3)": 1.429531472692948,
        "(0, 4)": 0.05042830971749477,
        "(0, 5)": 0.009146949454703795,
        "(0, 6)": 332.2706241485596,
        "(0, 7)": 1243.6637597941435,
        "(0, 8)": 1.4122636809713582,
        "(0, 9)": 171.56081334569674,
        "(0, 10)": 2892.1460360027886,
        "(0, 11)": 131.98373634948754,
        "(0, 12)": 0.17322840813204257,
        "(0, 13)": 55.94563729086369,
        "(0, 14)": 0.20189576464116646,
        "(0, 15)": 375.5941589680462,
        "(0, 16)": 34.1619574327224,
        "(0, 19)": 15.739670262140091,
        "(0, 20)": 2793.2436708984933
    },
    "average_num_matching_probability_capped": 0.0,
    "average_num_matching_probability_exceeds_one": 0.0,
    "average_num_proposal_matching_probability_exceeds_one": 0.0,
    "simulation_parameters": {
        "graph_file": "nonuniform_star_20_order_0.json",
        "c_guarantee": 0.8,
        "experiment_name": "nonuniform_star_20_order_0_tr_c80_r80_sim10000",
        "average_edge_weight": 0.05,
        "r": 0.8,
        "num_sim_instances": 10000,
        "rounding_scheme_class": "SimpleRecursiveRoundingSchemeForTree",
        "parallel": true
    }
}