{
    "min_scaled_matching_probability": 0.5251345521790374,
    "scaled_matching_probabilities": {
        "(0, 2)": 0.6922010505410484,
        "(0, 3)": 0.6732337810861696,
        "(0, 4)": 0.5305304516259668,
        "(0, 5)": 0.5251345521790374,
        "(0, 6)": 0.5859431981099726,
        "(0, 7)": 0.6303204968756793,
        "(0, 8)": 0.5287700373869095,
        "(0, 9)": 0.6777807617636417,
        "(0, 10)": 0.6094433535937265,
        "(0, 11)": 0.5872819803804741,
        "(0, 12)": 0.6977066261395449,
        "(0, 13)": 0.6322501759210569,
        "(0, 14)": 0.556153055965489,
        "(0, 15)": 0.6208661047230285,
        "(0, 16)": 0.6748813247421739,
        "(0, 19)": 0.8421179404486596,
        "(0, 20)": 0.5905491537920133
    },
    "matching_probabilities": {
        "(0, 2)": 2.086499961138854e-06,
        "(0, 3)": 0.00013039341990012316,
        "(0, 4)": 3.551283620427801e-06,
        "(0, 5)": 6.554344184920188e-07,
        "(0, 6)": 0.02404886553009671,
        "(0, 7)": 0.09553392845391499,
        "(0, 8)": 0.00010048822437040752,
        "(0, 9)": 0.013629326417368094,
        "(0, 10)": 0.21492182922022715,
        "(0, 11)": 0.009845981671877566,
        "(0, 12)": 1.2740965891419615e-05,
        "(0, 13)": 0.004898858476068148,
        "(0, 14)": 1.481255821884012e-05,
        "(0, 15)": 0.028668804846074113,
        "(0, 16)": 0.003343394285482467,
        "(0, 19)": 0.0013381633143715512,
        "(0, 20)": 0.210801595738388
    },
    "matching_counts": {
        "(0, 2)": 0.020864999611388543,
        "(0, 3)": 1.3039341990012316,
        "(0, 4)": 0.03551283620427801,
        "(0, 5)": 0.006554344184920188,
        "(0, 6)": 240.48865530096708,
        "(0, 7)": 955.33928453915,
        "(0, 8)": 1.0048822437040752,
        "(0, 9)": 136.29326417368094,
        "(0, 10)": 2149.2182922022716,
        "(0, 11)": 98.45981671877566,
        "(0, 12)": 0.12740965891419614,
        "(0, 13)": 48.98858476068148,
        "(0, 14)": 0.1481255821884012,
        "(0, 15)": 286.68804846074113,
        "(0, 16)": 33.43394285482467,
        "(0, 19)": 13.381633143715513,
        "(0, 20)": 2108.01595738388
    },
    "average_num_matching_probability_capped": 0.0,
    "average_num_matching_probability_exceeds_one": 0.0,
    "average_num_proposal_matching_probability_exceeds_one": 0.0,
    "simulation_parameters": {
        "graph_file": "nonuniform_star_20_order_0.json",
        "c_guarantee": 0.6,
        "experiment_name": "nonuniform_star_20_order_0_tr_c60_r90_sim10000",
        "average_edge_weight": 0.05,
        "r": 0.9,
        "num_sim_instances": 10000,
        "rounding_scheme_class": "SimpleRecursiveRoundingSchemeForTree",
        "parallel": true
    }
}