{
    "min_scaled_matching_probability": 0.12237912866761534,
    "scaled_matching_probabilities": {
        "(0, 10)": 0.909394945622462,
        "(0, 11)": 1.0424029274245599,
        "(0, 12)": 0.8841628652080891,
        "(0, 13)": 0.8449113708900301,
        "(0, 14)": 0.5722815847776216,
        "(0, 15)": 1.4906763108375374,
        "(0, 16)": 1.016037310418607,
        "(0, 17)": 1.0425204727447277,
        "(0, 18)": 0.5645303490538934,
        "(0, 19)": 1.0184954007101639,
        "(10, 1)": 0.9929228038037233,
        "(10, 2)": 1.0449824361254547,
        "(10, 3)": 0.9815403156413534,
        "(10, 4)": 0.7135943766556451,
        "(10, 5)": 1.1433651891086087,
        "(10, 6)": 1.0305094476411292,
        "(10, 7)": 1.0473033039140767,
        "(10, 8)": 0.653779991813146,
        "(10, 9)": 0.963486923983016,
        "(11, 1)": 0.7130024413257997,
        "(11, 2)": 1.0731694541921173,
        "(11, 3)": 0.9568392266458869,
        "(11, 4)": 0.9467675661964768,
        "(11, 5)": 0.8298111283882514,
        "(11, 6)": 0.9786092832662016,
        "(11, 7)": 0.9290694246138184,
        "(11, 8)": 0.8763151834726934,
        "(11, 9)": 0.9950503531476009,
        "(12, 1)": 0.8446140741919552,
        "(12, 2)": 0.321840182362395,
        "(12, 3)": 1.000966165529478,
        "(12, 4)": 1.0642767454464646,
        "(12, 5)": 1.1837024955107813,
        "(12, 6)": 1.0313979923230463,
        "(12, 7)": 0.9519490412467381,
        "(12, 8)": 0.9337221426464939,
        "(12, 9)": 0.9610356785657931,
        "(13, 1)": 1.0215038520460458,
        "(13, 2)": 1.1146170210858073,
        "(13, 3)": 0.9240053682859193,
        "(13, 4)": 0.7773897947568457,
        "(13, 5)": 0.9879687343686075,
        "(13, 6)": 0.9816632041696396,
        "(13, 7)": 1.0490427768841062,
        "(13, 8)": 0.811996588266785,
        "(13, 9)": 1.0348429037697995,
        "(14, 1)": 0.9549110091572754,
        "(14, 2)": 1.1096284626193296,
        "(14, 3)": 1.018606067110922,
        "(14, 4)": 0.9760414742574586,
        "(14, 5)": 1.0558008148406879,
        "(14, 6)": 0.873029086806886,
        "(14, 7)": 0.37009931411879426,
        "(14, 8)": 0.9451151880610995,
        "(14, 9)": 1.0210712468018812,
        "(15, 1)": 0.9567509869836607,
        "(15, 2)": 0.9392004724787485,
        "(15, 3)": 1.008501903006169,
        "(15, 4)": 0.8720019964753638,
        "(15, 5)": 0.9444259137264354,
        "(15, 6)": 0.9996246654315353,
        "(15, 7)": 0.12237912866761534,
        "(15, 8)": 0.971254874950764,
        "(15, 9)": 1.1099894597285829,
        "(16, 1)": 0.8511567942130049,
        "(16, 2)": 0.8320802358263498,
        "(16, 3)": 0.9453338171836133,
        "(16, 4)": 1.062980766888738,
        "(16, 5)": 1.0139043211108643,
        "(16, 6)": 0.38287646879560605,
        "(16, 7)": 0.9726007249876314,
        "(16, 8)": 1.0685935184545585,
        "(16, 9)": 0.5322890885940003,
        "(17, 1)": 0.9746420610819074,
        "(17, 2)": 1.006361865281163,
        "(17, 3)": 0.17037164020221918,
        "(17, 4)": 0.7993634159219077,
        "(17, 5)": 1.1510807509358332,
        "(17, 6)": 1.1834732936412435,
        "(17, 7)": 0.9389997300198366,
        "(17, 8)": 0.9812544423381139,
        "(17, 9)": 1.0044745887608784,
        "(18, 1)": 1.179334576684247,
        "(18, 2)": 0.9452860531470335,
        "(18, 3)": 1.0917653552426978,
        "(18, 4)": 1.131834865283432,
        "(18, 5)": 1.1485304460560184,
        "(18, 6)": 0.8408049025544213,
        "(18, 7)": 0.7833356310144289,
        "(18, 8)": 0.9796974390451256,
        "(18, 9)": 1.0169232441965759,
        "(19, 1)": 1.117476578138978,
        "(19, 2)": 0.9289058853829347,
        "(19, 3)": 0.8826424506761041,
        "(19, 4)": 1.0081915236798817,
        "(19, 5)": 0.5698142184616877,
        "(19, 6)": 1.0553934167438157,
        "(19, 7)": 1.0289626381435242,
        "(19, 8)": 0.7442787620950498,
        "(19, 9)": 0.9717410727664574
    },
    "matching_probabilities": {
        "(0, 10)": 0.0011833880448496583,
        "(0, 11)": 0.21097178196456143,
        "(0, 12)": 0.000691235052230159,
        "(0, 13)": 0.005553044965973237,
        "(0, 14)": 0.021879458732329472,
        "(0, 15)": 0.006929466922279416,
        "(0, 16)": 0.1228263368297436,
        "(0, 17)": 0.15636306473210795,
        "(0, 18)": 0.2651410260232898,
        "(0, 19)": 0.004974400874760544,
        "(10, 1)": 0.008323864839642692,
        "(10, 2)": 0.007150882857374113,
        "(10, 3)": 0.0015613320215486983,
        "(10, 4)": 0.10941675722508241,
        "(10, 5)": 0.0159230431777222,
        "(10, 6)": 0.19826048641985164,
        "(10, 7)": 0.053007074569040254,
        "(10, 8)": 0.2199563166433844,
        "(10, 9)": 0.18080486277992558,
        "(11, 1)": 0.44120704213218903,
        "(11, 2)": 0.047912681019307284,
        "(11, 3)": 0.00015758476212904033,
        "(11, 4)": 0.0003040640134237476,
        "(11, 5)": 0.005919954373594442,
        "(11, 6)": 0.016993725722479387,
        "(11, 7)": 0.0013880389560468676,
        "(11, 8)": 0.016047441405576283,
        "(11, 9)": 0.0888804378119872,
        "(12, 1)": 0.001480255166033954,
        "(12, 2)": 0.04882724582072196,
        "(12, 3)": 0.4752506454221856,
        "(12, 4)": 0.010501628468548602,
        "(12, 5)": 0.00022272047419064647,
        "(12, 6)": 0.043151474702005775,
        "(12, 7)": 0.0401258477906704,
        "(12, 8)": 0.13996294671143975,
        "(12, 9)": 0.10215274992354348,
        "(13, 1)": 0.09937469713351624,
        "(13, 2)": 0.0010223139073665647,
        "(13, 3)": 0.0012021702467910208,
        "(13, 4)": 0.08925643804352303,
        "(13, 5)": 0.0027178799096898945,
        "(13, 6)": 0.379959057452806,
        "(13, 7)": 0.281429429166128,
        "(13, 8)": 0.003586518632005418,
        "(13, 9)": 0.025334843222135393,
        "(14, 1)": 0.15639861358137094,
        "(14, 2)": 0.04097373727712231,
        "(14, 3)": 0.09334406693202568,
        "(14, 4)": 0.2434261825410012,
        "(14, 5)": 0.10116361917905464,
        "(14, 6)": 0.007858263503473045,
        "(14, 7)": 0.004905608459170031,
        "(14, 8)": 0.009836611237401673,
        "(14, 9)": 0.2816256884079725,
        "(15, 1)": 0.01650954744979486,
        "(15, 2)": 0.04753979932098935,
        "(15, 3)": 0.29298596370222113,
        "(15, 4)": 0.010468274146701607,
        "(15, 5)": 0.4838279306650689,
        "(15, 6)": 0.0950532064277564,
        "(15, 7)": 0.0015808902944935699,
        "(15, 8)": 0.0005339570844624271,
        "(15, 9)": 0.002355661215817626,
        "(16, 1)": 0.014340694912091369,
        "(16, 2)": 0.0011888676135757572,
        "(16, 3)": 0.0063542418377228235,
        "(16, 4)": 0.037393932917584936,
        "(16, 5)": 0.00020344724084886135,
        "(16, 6)": 0.048002483168392965,
        "(16, 7)": 0.503478613752073,
        "(16, 8)": 0.04401221117114502,
        "(16, 9)": 0.06083372247631086,
        "(17, 1)": 0.00824355892384376,
        "(17, 2)": 0.6321658682298855,
        "(17, 3)": 0.017226238610045824,
        "(17, 4)": 0.02246438622087708,
        "(17, 5)": 0.00035247389031450675,
        "(17, 6)": 0.01902638974667084,
        "(17, 7)": 0.004163481111302485,
        "(17, 8)": 0.05361254788058045,
        "(17, 9)": 0.004703463023073392,
        "(18, 1)": 0.0008305407650537405,
        "(18, 2)": 0.05981770022800366,
        "(18, 3)": 0.00634429168331541,
        "(18, 4)": 0.012374895811750768,
        "(18, 5)": 0.003087017394277281,
        "(18, 6)": 0.002486065806036857,
        "(18, 7)": 0.0009496342702440646,
        "(18, 8)": 0.37012085906331993,
        "(18, 9)": 0.06120734130951022,
        "(19, 1)": 0.0735499029642526,
        "(19, 2)": 0.013907797467525546,
        "(19, 3)": 0.021092760209021226,
        "(19, 4)": 0.29174584668183184,
        "(19, 5)": 0.2077355209102765,
        "(19, 6)": 0.1105085660206633,
        "(19, 7)": 0.07990897175895469,