{
    "min_scaled_matching_probability": 0.6430073725151652,
    "scaled_matching_probabilities": {
        "(0, 2)": 0.6551943685098867,
        "(0, 3)": 0.6999392178674807,
        "(0, 4)": 0.7220465970527775,
        "(0, 5)": 0.7107303964201898,
        "(0, 6)": 0.7195862326563047,
        "(0, 7)": 0.6731793772061504,
        "(0, 8)": 0.7107662007786583,
        "(0, 9)": 0.7249787220001069,
        "(0, 10)": 0.7396726670500182,
        "(0, 11)": 0.7022952185761391,
        "(0, 12)": 0.7431523885277943,
        "(0, 13)": 0.7303648291394432,
        "(0, 14)": 0.7330690883277157,
        "(0, 15)": 0.7102326094128917,
        "(0, 16)": 0.6430073725151652,
        "(0, 19)": 0.7356868269070331,
        "(0, 20)": 0.7194089120852615
    },
    "matching_probabilities": {
        "(0, 2)": 1.9749508085342123e-06,
        "(0, 3)": 0.0001355657884438163,
        "(0, 4)": 4.833261211378986e-06,
        "(0, 5)": 8.870815339597925e-07,
        "(0, 6)": 0.029533976334703397,
        "(0, 7)": 0.1020297940134221,
        "(0, 8)": 0.00013507503906936793,
        "(0, 9)": 0.014578418576052101,
        "(0, 10)": 0.26084754504119084,
        "(0, 11)": 0.011774217635399148,
        "(0, 12)": 1.3570860415572289e-05,
        "(0, 13)": 0.005659079380467537,
        "(0, 14)": 1.9524532739347474e-05,
        "(0, 15)": 0.03279534817520687,
        "(0, 16)": 0.00318548920524894,
        "(0, 19)": 0.0011690394840761906,
        "(0, 20)": 0.2567991939065611
    },
    "matching_counts": {
        "(0, 2)": 0.01974950808534212,
        "(0, 3)": 1.3556578844381628,
        "(0, 4)": 0.04833261211378986,
        "(0, 5)": 0.008870815339597925,
        "(0, 6)": 295.33976334703397,
        "(0, 7)": 1020.297940134221,
        "(0, 8)": 1.3507503906936793,
        "(0, 9)": 145.784185760521,
        "(0, 10)": 2608.4754504119087,
        "(0, 11)": 117.74217635399148,
        "(0, 12)": 0.1357086041557229,
        "(0, 13)": 56.59079380467537,
        "(0, 14)": 0.19524532739347472,
        "(0, 15)": 327.95348175206874,
        "(0, 16)": 31.854892052489397,
        "(0, 19)": 11.690394840761906,
        "(0, 20)": 2567.991939065611
    },
    "average_num_matching_probability_capped": 0.0,
    "average_num_matching_probability_exceeds_one": 0.0,
    "average_num_proposal_matching_probability_exceeds_one": 0.0,
    "simulation_parameters": {
        "graph_file": "nonuniform_star_20_order_0.json",
        "c_guarantee": 0.7,
        "experiment_name": "nonuniform_star_20_order_0_mc_c70_r40_sim10000",
        "average_edge_weight": 0.05,
        "r": 0.4,
        "num_sim_instances": 10000,
        "rounding_scheme_class": "SimulatedRecursiveRoundingScheme",
        "parallel": true
    }
}