{
    "min_scaled_matching_probability": 0.4954485410396467,
    "scaled_matching_probabilities": {
        "(0, 1)": 0.6908120145179122,
        "(0, 2)": 0.7998599950090355,
        "(0, 3)": 0.7411560541793959,
        "(0, 4)": 0.7890398387033775,
        "(0, 5)": 0.6629877850591744,
        "(0, 6)": 0.8342388289415925,
        "(0, 7)": 0.7093915947026056,
        "(0, 8)": 0.7795500213651158,
        "(0, 9)": 0.758057172831852,
        "(1, 2)": 0.8065930093126729,
        "(1, 3)": 0.8036343029168985,
        "(1, 4)": 0.7152267266502369,
        "(1, 5)": 0.787440641331707,
        "(1, 6)": 1.2664321125866835,
        "(1, 7)": 1.0581899043101397,
        "(1, 8)": 0.7278026723881789,
        "(1, 9)": 0.7140169734210977,
        "(2, 3)": 0.7500174200224217,
        "(2, 4)": 0.8591174927787744,
        "(2, 5)": 0.7906155424911699,
        "(2, 6)": 0.7198043095393163,
        "(2, 7)": 0.6241722615485445,
        "(2, 8)": 0.6926415396730625,
        "(2, 9)": 0.8014012903972741,
        "(3, 4)": 6.628550320502212,
        "(3, 5)": 0.7310615951425097,
        "(3, 6)": 0.7612527500056584,
        "(3, 7)": 0.6416615427607112,
        "(3, 8)": 0.733311999995129,
        "(3, 9)": 0.4954485410396467,
        "(4, 5)": 0.8136004325940309,
        "(4, 6)": 0.8142086362698397,
        "(4, 7)": 0.8183822339026858,
        "(4, 8)": 0.7947929310793707,
        "(4, 9)": 0.7568321925473883,
        "(5, 6)": 0.8077981820336441,
        "(5, 7)": 0.6983398754553839,
        "(5, 8)": 0.7440984670673256,
        "(5, 9)": 2.053846977398775,
        "(6, 7)": 0.7255158045733144,
        "(6, 8)": 0.7938714828572644,
        "(6, 9)": 0.8104968123719812,
        "(7, 8)": 0.7260432157699436,
        "(7, 9)": 0.8237657078058224,
        "(8, 9)": 1.2055290146956887
    },
    "matching_probabilities": {
        "(0, 1)": 0.03705068071964259,
        "(0, 2)": 0.051138394746891934,
        "(0, 3)": 0.09387080012608122,
        "(0, 4)": 0.023084440857440026,
        "(0, 5)": 0.051856760083626295,
        "(0, 6)": 0.02484789669246958,
        "(0, 7)": 0.0031784780891338828,
        "(0, 8)": 0.390076127085878,
        "(0, 9)": 0.0738823947003339,
        "(1, 2)": 0.10707735362915975,
        "(1, 3)": 0.0015143336962297534,
        "(1, 4)": 0.1689781382068968,
        "(1, 5)": 0.03968650549421488,
        "(1, 6)": 0.027099365786747216,
        "(1, 7)": 0.2676598479166558,
        "(1, 8)": 0.0015338981631276712,
        "(1, 9)": 0.17528599663218788,
        "(2, 3)": 0.20087325563006267,
        "(2, 4)": 0.0028551566444816995,
        "(2, 5)": 0.07691623809160812,
        "(2, 6)": 0.05526789101326358,
        "(2, 7)": 0.14758023106997878,
        "(2, 8)": 0.0026453237581905162,
        "(2, 9)": 0.008042387112568803,
        "(3, 4)": 0.11283297211777185,
        "(3, 5)": 0.02135983926263346,
        "(3, 6)": 0.008186563515478902,
        "(3, 7)": 0.00793967586320782,
        "(3, 8)": 0.11894356860464127,
        "(3, 9)": 0.12773627108007826,
        "(4, 5)": 0.10355778235747558,
        "(4, 6)": 0.3691959827762333,
        "(4, 7)": 0.00032769198203988335,
        "(4, 8)": 0.007615965664112473,
        "(4, 9)": 0.09114776320214481,
        "(5, 6)": 0.054937979163953085,
        "(5, 7)": 0.3075660961231501,
        "(5, 8)": 0.0015338979733469933,
        "(5, 9)": 0.17576333431241983,
        "(6, 7)": 0.0012186034629399311,
        "(6, 8)": 0.21061261725868557,
        "(6, 9)": 0.040955761878989805,
        "(7, 8)": 0.0002917572311364156,
        "(7, 9)": 0.041726333611386425,
        "(8, 9)": 0.06238945374027983
    },
    "matching_counts": {
        "(0, 1)": 370.50680719642594,
        "(0, 2)": 511.38394746891936,
        "(0, 3)": 938.7080012608121,
        "(0, 4)": 230.84440857440026,
        "(0, 5)": 518.567600836263,
        "(0, 6)": 248.4789669246958,
        "(0, 7)": 31.78478089133883,
        "(0, 8)": 3900.7612708587803,
        "(0, 9)": 738.8239470033391,
        "(1, 2)": 1070.7735362915976,
        "(1, 3)": 15.143336962297534,
        "(1, 4)": 1689.781382068968,
        "(1, 5)": 396.8650549421488,
        "(1, 6)": 270.99365786747217,
        "(1, 7)": 2676.5984791665583,
        "(1, 8)": 15.338981631276713,
        "(1, 9)": 1752.8599663218788,
        "(2, 3)": 2008.7325563006268,
        "(2, 4)": 28.551566444816995,
        "(2, 5)": 769.1623809160812,
        "(2, 6)": 552.6789101326358,
        "(2, 7)": 1475.8023106997878,
        "(2, 8)": 26.45323758190516,
        "(2, 9)": 80.42387112568802,
        "(3, 4)": 1128.3297211777185,
        "(3, 5)": 213.59839262633457,
        "(3, 6)": 81.86563515478902,
        "(3, 7)": 79.3967586320782,
        "(3, 8)": 1189.4356860464127,
        "(3, 9)": 1277.3627108007827,
        "(4, 5)": 1035.5778235747557,
        "(4, 6)": 3691.9598277623327,
        "(4, 7)": 3.2769198203988337,
        "(4, 8)": 76.15965664112473,
        "(4, 9)": 911.4776320214481,
        "(5, 6)": 549.3797916395308,
        "(5, 7)": 3075.660961231501,
        "(5, 8)": 15.338979733469932,
        "(5, 9)": 1757.6333431241983,
        "(6, 7)": 12.18603462939931,
        "(6, 8)": 2106.126172586856,
        "(6, 9)": 409.5576187898981,
        "(7, 8)": 2.9175723113641556,
        "(7, 9)": 417.2633361138643,
        "(8, 9)": 623.8945374027983
    },
    "average_num_matching_probability_capped": 1.5722,
    "average_num_matching_probability_exceeds_one": 1.3392,
    "average_num_proposal_matching_probability_exceeds_one": 1.0689,
    "simulation_parameters": {
        "graph_file": "nonuniform_complete_10_order_0.json",
        "c_guarantee": 0.75,
        "experiment_name": "nonuniform_complete_10_order_0_si_c75_r40_sim10000",
        "average_edge_weight": 0.1111111111111111,
        "r": 0.4,
        "num_sim_instances": 10000,
        "rounding_scheme_class": "SimpleRecursiveRoundingScheme",
        "parallel": true
    }
}