{
    "min_scaled_matching_probability": 0.42832896014375227,
    "scaled_matching_probabilities": {
        "(0, 2)": 0.9035445014536522,
        "(0, 3)": 0.42832896014375227,
        "(0, 4)": 1.0536210016883973,
        "(0, 5)": 0.4723854871061507,
        "(0, 6)": 0.9936302095271368,
        "(0, 7)": 1.0035161536547565,
        "(0, 8)": 0.9827683857024985,
        "(0, 9)": 0.9555097123391529,
        "(0, 10)": 1.0091906350229927,
        "(0, 11)": 0.9568085674589594,
        "(0, 12)": 1.1123853699661077,
        "(0, 13)": 1.0684170552678756,
        "(0, 14)": 1.053547665378005,
        "(0, 15)": 0.9802802284648929,
        "(0, 16)": 0.8536278505639188,
        "(0, 19)": 1.147401322317178,
        "(0, 20)": 1.0261686656287217
    },
    "matching_probabilities": {
        "(0, 2)": 2.723552016710603e-06,
        "(0, 3)": 8.295970809025522e-05,
        "(0, 4)": 7.052765762958893e-06,
        "(0, 5)": 5.895969057087089e-07,
        "(0, 6)": 0.040781562739593526,
        "(0, 7)": 0.15209697431830504,
        "(0, 8)": 0.00018676672856626718,
        "(0, 9)": 0.019214109486597113,
        "(0, 10)": 0.3558937775464764,
        "(0, 11)": 0.016041220288409114,
        "(0, 12)": 2.0313500726332102e-05,
        "(0, 13)": 0.008278406470270916,
        "(0, 14)": 2.8060146325444575e-05,
        "(0, 15)": 0.04526493289058203,
        "(0, 16)": 0.004228913103491805,
        "(0, 19)": 0.001823272350151128,
        "(0, 20)": 0.36629972428586743
    },
    "matching_counts": {
        "(0, 2)": 0.027235520167106033,
        "(0, 3)": 0.8295970809025521,
        "(0, 4)": 0.07052765762958893,
        "(0, 5)": 0.005895969057087089,
        "(0, 6)": 407.8156273959353,
        "(0, 7)": 1520.9697431830505,
        "(0, 8)": 1.8676672856626717,
        "(0, 9)": 192.14109486597113,
        "(0, 10)": 3558.937775464764,
        "(0, 11)": 160.41220288409113,
        "(0, 12)": 0.203135007263321,
        "(0, 13)": 82.78406470270916,
        "(0, 14)": 0.28060146325444574,
        "(0, 15)": 452.6493289058203,
        "(0, 16)": 42.28913103491806,
        "(0, 19)": 18.23272350151128,
        "(0, 20)": 3662.9972428586743
    },
    "average_num_matching_probability_capped": 1.3679,
    "average_num_matching_probability_exceeds_one": 1.87,
    "average_num_proposal_matching_probability_exceeds_one": 0.0725,
    "simulation_parameters": {
        "graph_file": "nonuniform_star_20_order_0.json",
        "c_guarantee": 1.0,
        "experiment_name": "nonuniform_star_20_order_0_mc_c100_r70_sim10000",
        "average_edge_weight": 0.05,
        "r": 0.7,
        "num_sim_instances": 10000,
        "rounding_scheme_class": "SimulatedRecursiveRoundingScheme",
        "parallel": true
    }
}