{
    "min_scaled_matching_probability": 0.32133282159988263,
    "scaled_matching_probabilities": {
        "(0, 1)": 0.6092508558966169,
        "(0, 2)": 0.8899574500032256,
        "(0, 3)": 0.8514117005608792,
        "(0, 4)": 1.0372613122761953,
        "(0, 5)": 0.32133282159988263,
        "(0, 6)": 0.7697190953148304,
        "(0, 7)": 0.879815518451045,
        "(0, 8)": 0.7047198422278873,
        "(0, 9)": 0.7918802697508215,
        "(1, 2)": 1.406827411064822,
        "(1, 3)": 0.585811649302968,
        "(1, 4)": 0.8995017013864971,
        "(1, 5)": 0.740841205775221,
        "(1, 6)": 0.7415923626740581,
        "(1, 7)": 0.5438862225171524,
        "(1, 8)": 0.8536204186543378,
        "(1, 9)": 0.7377088357478456,
        "(2, 3)": 0.8763579553106926,
        "(2, 4)": 0.9294984663786988,
        "(2, 5)": 0.7685638395519756,
        "(2, 6)": 0.5603010997243201,
        "(2, 7)": 0.6638703008172523,
        "(2, 8)": 0.6714181798615082,
        "(2, 9)": 0.7197333508883348,
        "(3, 4)": 1.0655505411414634,
        "(3, 5)": 1.4027500776173671,
        "(3, 6)": 0.8967021031260624,
        "(3, 7)": 0.8224152329834091,
        "(3, 8)": 0.7430779187280704,
        "(3, 9)": 0.5613067464837341,
        "(4, 5)": 0.9373434868588958,
        "(4, 6)": 0.8208464585360524,
        "(4, 7)": 0.8014957262121213,
        "(4, 8)": 0.9242273898290194,
        "(4, 9)": 0.8394757512567049,
        "(5, 6)": 0.698371978809985,
        "(5, 7)": 0.8945384461096656,
        "(5, 8)": 0.9709048799663869,
        "(5, 9)": 0.731330140636357,
        "(6, 7)": 0.6974205470135283,
        "(6, 8)": 0.8551660378876564,
        "(6, 9)": 0.6471731154733956,
        "(7, 8)": 0.8497519753171292,
        "(7, 9)": 0.7224938468420691,
        "(8, 9)": 0.9811693198401904
    },
    "matching_probabilities": {
        "(0, 1)": 0.03267626860217155,
        "(0, 2)": 0.056898701860552715,
        "(0, 3)": 0.10783518142727337,
        "(0, 4)": 0.03034649993883505,
        "(0, 5)": 0.025133613940130944,
        "(0, 6)": 0.022926169220472848,
        "(0, 7)": 0.003942074263015429,
        "(0, 8)": 0.3526321329007747,
        "(0, 9)": 0.07717888932648428,
        "(1, 2)": 0.1867600567455308,
        "(1, 3)": 0.0011038781159085807,
        "(1, 4)": 0.21251460152516938,
        "(1, 5)": 0.03733792369875132,
        "(1, 6)": 0.015868740614698243,
        "(1, 7)": 0.13757124596440973,
        "(1, 8)": 0.0017990684039200697,
        "(1, 9)": 0.18110217727579203,
        "(2, 3)": 0.23471038256058263,
        "(2, 4)": 0.003089057951471686,
        "(2, 5)": 0.07477090456040521,
        "(2, 6)": 0.04302094291988123,
        "(2, 7)": 0.15696649535824742,
        "(2, 8)": 0.0025642678949157976,
        "(2, 9)": 0.007222816203354084,
        "(3, 4)": 0.01813808882566985,
        "(3, 5)": 0.04098494078014427,
        "(3, 6)": 0.009643195011972642,
        "(3, 7)": 0.01017625327327412,
        "(3, 8)": 0.12052760544681305,
        "(3, 9)": 0.14471579748215574,
        "(4, 5)": 0.11930821189074545,
        "(4, 6)": 0.3722058468404314,
        "(4, 7)": 0.0003209303822083909,
        "(4, 8)": 0.008856248956833235,
        "(4, 9)": 0.10110079584741997,
        "(5, 6)": 0.0474959539076478,
        "(5, 7)": 0.3939767831854196,
        "(5, 8)": 0.002001440795279045,
        "(5, 9)": 0.0625854922084877,
        "(6, 7)": 0.0011714136182270653,
        "(6, 8)": 0.2268739478864019,
        "(6, 9)": 0.032702741833421985,
        "(7, 8)": 0.0003414690449360008,
        "(7, 9)": 0.03659659415273007,
        "(8, 9)": 0.050778220304389575
    },
    "matching_counts": {
        "(0, 1)": 326.76268602171547,
        "(0, 2)": 568.9870186055272,
        "(0, 3)": 1078.3518142727337,
        "(0, 4)": 303.4649993883505,
        "(0, 5)": 251.33613940130945,
        "(0, 6)": 229.2616922047285,
        "(0, 7)": 39.420742630154294,
        "(0, 8)": 3526.3213290077474,
        "(0, 9)": 771.7888932648428,
        "(1, 2)": 1867.600567455308,
        "(1, 3)": 11.038781159085806,
        "(1, 4)": 2125.146015251694,
        "(1, 5)": 373.3792369875132,
        "(1, 6)": 158.68740614698243,
        "(1, 7)": 1375.7124596440972,
        "(1, 8)": 17.990684039200698,
        "(1, 9)": 1811.0217727579204,
        "(2, 3)": 2347.1038256058264,
        "(2, 4)": 30.89057951471686,
        "(2, 5)": 747.7090456040521,
        "(2, 6)": 430.20942919881236,
        "(2, 7)": 1569.6649535824743,
        "(2, 8)": 25.642678949157975,
        "(2, 9)": 72.22816203354084,
        "(3, 4)": 181.38088825669848,
        "(3, 5)": 409.84940780144274,
        "(3, 6)": 96.43195011972642,
        "(3, 7)": 101.76253273274119,
        "(3, 8)": 1205.2760544681305,
        "(3, 9)": 1447.1579748215574,
        "(4, 5)": 1193.0821189074545,
        "(4, 6)": 3722.0584684043138,
        "(4, 7)": 3.209303822083909,
        "(4, 8)": 88.56248956833235,
        "(4, 9)": 1011.0079584741998,
        "(5, 6)": 474.959539076478,
        "(5, 7)": 3939.767831854196,
        "(5, 8)": 20.01440795279045,
        "(5, 9)": 625.854922084877,
        "(6, 7)": 11.714136182270654,
        "(6, 8)": 2268.739478864019,
        "(6, 9)": 327.0274183342198,
        "(7, 8)": 3.4146904493600077,
        "(7, 9)": 365.9659415273007,
        "(8, 9)": 507.7822030438957
    },
    "average_num_matching_probability_capped": 0.0,
    "average_num_matching_probability_exceeds_one": 7.5975,
    "average_num_proposal_matching_probability_exceeds_one": 0.3688,
    "simulation_parameters": {
        "graph_file": "nonuniform_complete_10_order_0.json",
        "c_guarantee": 0.9,
        "experiment_name": "nonuniform_complete_10_order_0_mc_c90_r0_sim10000",
        "average_edge_weight": 0.1111111111111111,
        "r": 0,
        "num_sim_instances": 10000,
        "rounding_scheme_class": "SimulatedRecursiveRoundingScheme",
        "parallel": true
    }
}