{
    "min_scaled_matching_probability": 0.014052109822974208,
    "scaled_matching_probabilities": {
        "(0, 1)": 0.43035191356946445,
        "(0, 2)": 0.17904975424643507,
        "(0, 3)": 0.03606728322074445,
        "(1, 4)": 0.12981973631651433,
        "(1, 5)": 0.11528781251009701,
        "(1, 6)": 0.07082117721988604,
        "(2, 7)": 0.061391409321462566,
        "(2, 8)": 0.48650308684891896,
        "(2, 9)": 0.050212249020915464,
        "(3, 10)": 0.22994537904987833,
        "(3, 11)": 0.11397023115227874,
        "(3, 12)": 0.03430110727843424,
        "(4, 13)": 0.6479557523522819,
        "(4, 14)": 0.23536753398220783,
        "(4, 15)": 0.27603127939346234,
        "(5, 16)": 0.05253844827744734,
        "(5, 17)": 0.30326902623585755,
        "(5, 18)": 1.6056182219304609,
        "(6, 19)": 0.04185048189773518,
        "(6, 20)": 0.17266503416685447,
        "(6, 21)": 0.09223190000292565,
        "(7, 22)": 0.585293078784735,
        "(7, 23)": 0.06933732986408428,
        "(7, 24)": 0.4049082119182595,
        "(8, 25)": 0.014052109822974208,
        "(8, 26)": 0.03907924101270388,
        "(8, 27)": 0.1656995600794998,
        "(9, 28)": 0.20160393055339088,
        "(9, 29)": 0.06392625712773983,
        "(9, 30)": 0.02608879880191221,
        "(10, 31)": 0.08963335309352513,
        "(10, 32)": 0.1064915018263073,
        "(10, 33)": 0.5157394306194449,
        "(11, 34)": 1.2096965145809342,
        "(11, 35)": 0.04934853762764123,
        "(11, 36)": 0.09055230375299475,
        "(12, 37)": 0.4317897368240175,
        "(12, 38)": 0.09611044788086581,
        "(12, 39)": 0.07760171852577666,
        "(13, 40)": 0.14437239310834593,
        "(13, 41)": 0.16311406832005096,
        "(13, 42)": 0.03778150380759179,
        "(14, 43)": 0.05765005889036951,
        "(14, 44)": 0.055891849735919895,
        "(14, 45)": 0.07928644646933788,
        "(15, 46)": 0.09658850933998422,
        "(15, 47)": 0.04810189266674872,
        "(15, 48)": 0.277284441062788,
        "(16, 49)": 0.09590486786321589,
        "(16, 50)": 3.0804568847275475,
        "(16, 51)": 0.0800755703583262,
        "(17, 52)": 0.03601998565701612,
        "(17, 53)": 0.23651406968697725,
        "(17, 54)": 0.06523844138371651,
        "(18, 55)": 0.13454153424214674,
        "(18, 56)": 0.09468151017144517,
        "(18, 57)": 0.19957033607337818,
        "(19, 58)": 0.0704010873001847,
        "(19, 59)": 0.08469320434103467,
        "(19, 60)": 0.03857345091970635,
        "(20, 61)": 0.4711838063160809,
        "(20, 62)": 0.07450422784211413,
        "(20, 63)": 0.03553944489113938,
        "(21, 64)": 0.12243202014019514,
        "(21, 65)": 0.024096461823030248,
        "(21, 66)": 0.06179609974606365,
        "(22, 67)": 1.9292008708086037,
        "(22, 68)": 0.05032499835700878,
        "(22, 69)": 0.060047699874562425,
        "(23, 70)": 0.9441334954014174,
        "(23, 71)": 0.14386020713216646,
        "(23, 72)": 0.0410785460078622,
        "(24, 73)": 0.33615587240165345,
        "(24, 74)": 0.1691811546688446,
        "(24, 75)": 0.11159798651533881,
        "(25, 76)": 0.3188243457051404,
        "(25, 77)": 0.09164450153246209,
        "(25, 78)": 0.059367344373941054,
        "(26, 79)": 0.06527568192352635,
        "(26, 80)": 0.06982986555154946,
        "(26, 81)": 0.3205825017002064,
        "(27, 82)": 0.14207085894474292,
        "(27, 83)": 0.3263975680931701,
        "(27, 84)": 0.06359356301617836,
        "(28, 85)": 0.5218364516831085,
        "(28, 86)": 0.0543967402895395,
        "(28, 87)": 0.09052615382041657,
        "(29, 88)": 0.9582068739641545,
        "(29, 89)": 0.1367302280476595,
        "(29, 90)": 0.18841418623360628,
        "(30, 91)": 0.05932296249153616,
        "(30, 92)": 0.4582769051744639,
        "(30, 93)": 0.33800973276198637,
        "(31, 94)": 0.10334891816421274,
        "(31, 95)": 0.30147867899968545,
        "(31, 96)": 0.03607692780681755,
        "(32, 97)": 0.1877900224838571,
        "(32, 98)": 0.041334061329684764,
        "(32, 99)": 0.2852135813600884,
        "(33, 100)": 0.14232461211478947,
        "(33, 101)": 0.08123880566151016,
        "(33, 102)": 0.1016481203508365,
        "(34, 103)": 0.5133628561829433,
        "(34, 104)": 0.1787619628150049,
        "(34, 105)": 0.07643786180080586,
        "(35, 106)": 2.6415919225757882,
        "(35, 107)": 0.02186417607622609,
        "(35, 108)": 0.12881656456641039,
        "(36, 109)": 0.19972110909665208,
        "(36, 110)": 0.9162825358349951,
        "(36, 111)": 0.039164552789966486,
        "(37, 112)": 0.03087434517763578,
        "(37, 113)": 0.16777062953409463,
        "(37, 114)": 0.05290888969076205,
        "(38, 115)": 0.04925504556069589,
        "(38, 116)": 1.1648177619041502,
        "(38, 117)": 0.11417632032109266,
        "(39, 118)": 0.05591002235540356,
        "(39, 119)": 0.1385263871235544,
        "(39, 120)": 0.1389974160952075
    },
    "matching_probabilities": {
        "(0, 1)": 0.1785975150458749,
        "(0, 2)": 0.02222602984425368,
        "(0, 3)": 0.003033020954797664,
        "(1, 4)": 0.0039771904992353495,
        "(1, 5)": 0.04427518435286815,
        "(1, 6)": 0.005748745736479117,
        "(2, 7)": 0.008667762342593324,
        "(2, 8)": 0.20088653785764551,
        "(2, 9)": 0.008305966358877656,
        "(3, 10)": 0.03373219229830957,
        "(3, 11)": 0.020498767518467433,
        "(3, 12)": 0.010366525741713921,
        "(4, 13)": 0.16249613816367514,
        "(4, 14)": 0.031476436991261944,
        "(4, 15)": 0.023283864783644328,
        "(5, 16)": 0.006412213418380266,
        "(5, 17)": 0.0417327559564143,
        "(5, 18)": 0.1673605439824638,
        "(6, 19)": 0.004594089205334875,
        "(6, 20)": 0.06209218981764577,
        "(6, 21)": 0.009842783854024808,
        "(7, 22)": 0.049382260472252616,
        "(7, 23)": 0.016302289853833633,
        "(7, 24)": 0.026738811745816934,
        "(8, 25)": 0.00028403996036687997,
        "(8, 26)": 0.007089296521510636,
        "(8, 27)": 0.01432106737633207,
        "(9, 28)": 0.025491711979031342,
        "(9, 29)": 0.025502511296658727,
        "(9, 30)": 0.003668352632288573,
        "(10, 31)": 0.012270717176722594,
        "(10, 32)": 0.014009620409398446,
        "(10, 33)": 0.1838482718864721,
        "(11, 34)": 0.030474368150503448,
        "(11, 35)": 0.0060289069901570385,
        "(11, 36)": 0.04893390019367214,
        "(12, 37)": 0.23928729026968582,
        "(12, 38)": 0.008724991359326298,
        "(12, 39)": 0.002209581349300225,
        "(13, 40)": 0.003318977612104042,
        "(13, 41)": 0.04264462619854869,
        "(13, 42)": 0.015789613147322242,
        "(14, 43)": 0.0126628632181108,
        "(14, 44)": 0.029630613147627195,
        "(14, 45)": 0.003776197248112561,
        "(15, 46)": 0.01772190952193705,
        "(15, 47)": 0.00222591829112696,
        "(15, 48)": 0.17023067875694323,
        "(16, 49)": 0.06875919018861171,
        "(16, 50)": 0.15739922202971035,
        "(16, 51)": 0.005660460412860755,
        "(17, 52)": 0.0008086873717878754,
        "(17, 53)": 0.1819265522676363,
        "(17, 54)": 0.0034505224502774092,
        "(18, 55)": 0.008604731020338843,
        "(18, 56)": 0.06609608735500502,
        "(18, 57)": 0.0214140740442069,
        "(19, 58)": 0.033277537677429685,
        "(19, 59)": 0.00442057452081822,
        "(19, 60)": 0.010921168778065324,
        "(20, 61)": 0.19793605046569404,
        "(20, 62)": 0.002746448115917489,
        "(20, 63)": 0.005711430051363344,
        "(21, 64)": 0.05407833908990011,
        "(21, 65)": 0.006489372192665733,
        "(21, 66)": 0.00580991231174093,
        "(22, 67)": 0.17512943428656363,
        "(22, 68)": 0.02560329200652684,
        "(22, 69)": 0.014577464126042583,
        "(23, 70)": 0.18859249746578938,
        "(23, 71)": 0.025503083054978788,
        "(23, 72)": 0.01144494487275375,