{
    "min_scaled_matching_probability": 0.0,
    "scaled_matching_probabilities": {
        "(0, 2)": 0.0,
        "(0, 3)": 0.0,
        "(0, 4)": 0.0,
        "(0, 5)": 0.0,
        "(0, 6)": 0.6943937178756002,
        "(0, 7)": 0.7389615060594009,
        "(0, 8)": 0.0,
        "(0, 9)": 0.775781543395935,
        "(0, 10)": 0.7134498543982731,
        "(0, 11)": 0.6620802475026508,
        "(0, 12)": 0.0,
        "(0, 13)": 0.6969278591436111,
        "(0, 14)": 0.0,
        "(0, 15)": 0.7060020507531695,
        "(0, 16)": 0.7670495356039602,
        "(0, 19)": 1.0068940690924835,
        "(0, 20)": 0.6919570057128579
    },
    "matching_probabilities": {
        "(0, 2)": 0.0,
        "(0, 3)": 0.0,
        "(0, 4)": 0.0,
        "(0, 5)": 0.0,
        "(0, 6)": 0.0285,
        "(0, 7)": 0.112,
        "(0, 8)": 0.0,
        "(0, 9)": 0.0156,
        "(0, 10)": 0.2516,
        "(0, 11)": 0.0111,
        "(0, 12)": 0.0,
        "(0, 13)": 0.0054,
        "(0, 14)": 0.0,
        "(0, 15)": 0.0326,
        "(0, 16)": 0.0038,
        "(0, 19)": 0.0016,
        "(0, 20)": 0.247
    },
    "matching_counts": {
        "(0, 2)": 0,
        "(0, 3)": 0,
        "(0, 4)": 0,
        "(0, 5)": 0,
        "(0, 6)": 285.0,
        "(0, 7)": 1120.0,
        "(0, 8)": 0,
        "(0, 9)": 156.0,
        "(0, 10)": 2516.0,
        "(0, 11)": 111.0,
        "(0, 12)": 0,
        "(0, 13)": 54.0,
        "(0, 14)": 0,
        "(0, 15)": 326.0,
        "(0, 16)": 38.0,
        "(0, 19)": 16.0,
        "(0, 20)": 2470.0
    },
    "average_num_matching_probability_capped": 0.0,
    "average_num_matching_probability_exceeds_one": 0.0,
    "average_num_proposal_matching_probability_exceeds_one": 0.0,
    "simulation_parameters": {
        "graph_file": "nonuniform_star_20_order_0.json",
        "c_guarantee": 0.7,
        "experiment_name": "nonuniform_star_20_order_0_tr_c70_r100_sim10000",
        "average_edge_weight": 0.05,
        "r": 1.0,
        "num_sim_instances": 10000,
        "rounding_scheme_class": "SimpleRecursiveRoundingSchemeForTree",
        "parallel": true
    }
}