{
    "min_scaled_matching_probability": 0.40230580205589817,
    "scaled_matching_probabilities": {
        "(0, 2)": 0.40230580205589817,
        "(0, 3)": 0.46929987098574105,
        "(0, 4)": 0.5238008537323868,
        "(0, 5)": 0.4910131194891882,
        "(0, 6)": 0.5002297464085761,
        "(0, 7)": 0.490335424063527,
        "(0, 8)": 0.4968021403963328,
        "(0, 9)": 0.5120712215179694,
        "(0, 10)": 0.5244330923840747,
        "(0, 11)": 0.4761598659138199,
        "(0, 12)": 0.5996714782303635,
        "(0, 13)": 0.4843956803462486,
        "(0, 14)": 0.5126433707002068,
        "(0, 15)": 0.4690714318824173,
        "(0, 16)": 0.4469299127421562,
        "(0, 19)": 0.589017666334295,
        "(0, 20)": 0.5108109978537393
    },
    "matching_probabilities": {
        "(0, 2)": 1.2126694111478944e-06,
        "(0, 3)": 9.089504545923101e-05,
        "(0, 4)": 3.506236798519103e-06,
        "(0, 5)": 6.128465497250804e-07,
        "(0, 6)": 0.02053092850013148,
        "(0, 7)": 0.07431722362368968,
        "(0, 8)": 9.44129988880518e-05,
        "(0, 9)": 0.010297114082802218,
        "(0, 10)": 0.18494273315833556,
        "(0, 11)": 0.007982981717971039,
        "(0, 12)": 1.0950725654513309e-05,
        "(0, 13)": 0.0037532387887090272,
        "(0, 14)": 1.3653723004033e-05,
        "(0, 15)": 0.02165960943463754,
        "(0, 16)": 0.002214112113480335,
        "(0, 19)": 0.0009359755857776433,
        "(0, 20)": 0.1823383756912646
    },
    "matching_counts": {
        "(0, 2)": 0.012126694111478944,
        "(0, 3)": 0.9089504545923102,
        "(0, 4)": 0.03506236798519103,
        "(0, 5)": 0.0061284654972508035,
        "(0, 6)": 205.30928500131478,
        "(0, 7)": 743.1722362368969,
        "(0, 8)": 0.944129988880518,
        "(0, 9)": 102.97114082802219,
        "(0, 10)": 1849.4273315833557,
        "(0, 11)": 79.82981717971039,
        "(0, 12)": 0.10950725654513309,
        "(0, 13)": 37.53238788709027,
        "(0, 14)": 0.13653723004033,
        "(0, 15)": 216.5960943463754,
        "(0, 16)": 22.14112113480335,
        "(0, 19)": 9.359755857776433,
        "(0, 20)": 1823.383756912646
    },
    "average_num_matching_probability_capped": 0.0,
    "average_num_matching_probability_exceeds_one": 0.0,
    "average_num_proposal_matching_probability_exceeds_one": 0.0,
    "simulation_parameters": {
        "graph_file": "nonuniform_star_20_order_0.json",
        "c_guarantee": 0.5,
        "experiment_name": "nonuniform_star_20_order_0_mc_c50_r60_sim10000",
        "average_edge_weight": 0.05,
        "r": 0.6,
        "num_sim_instances": 10000,
        "rounding_scheme_class": "SimulatedRecursiveRoundingScheme",
        "parallel": true
    }
}