{
    "min_scaled_matching_probability": 0.49339596163916805,
    "scaled_matching_probabilities": {
        "(0, 1)": 0.663065577272275,
        "(0, 2)": 0.8150162466049172,
        "(0, 3)": 0.7941044533192674,
        "(0, 4)": 0.781600228155321,
        "(0, 5)": 0.6543371025297932,
        "(0, 6)": 0.779355866152032,
        "(0, 7)": 0.7402299968419703,
        "(0, 8)": 0.7565156971908527,
        "(0, 9)": 0.7595059104390905,
        "(1, 2)": 0.8551495694808481,
        "(1, 3)": 0.7816602600949019,
        "(1, 4)": 0.7509401583755021,
        "(1, 5)": 0.7801137149018045,
        "(1, 6)": 1.295225125831842,
        "(1, 7)": 1.0566038461523526,
        "(1, 8)": 0.6936961782225562,
        "(1, 9)": 0.6970031956743119,
        "(2, 3)": 0.7194320329772406,
        "(2, 4)": 0.897588307475251,
        "(2, 5)": 0.7610567586890238,
        "(2, 6)": 0.7209704948916853,
        "(2, 7)": 0.6120374502074465,
        "(2, 8)": 0.7384587902004496,
        "(2, 9)": 0.7326013364195924,
        "(3, 4)": 6.745374108814654,
        "(3, 5)": 0.7546162833224204,
        "(3, 6)": 0.760221917966049,
        "(3, 7)": 0.6644260087696399,
        "(3, 8)": 0.7446330744947848,
        "(3, 9)": 0.49339596163916805,
        "(4, 5)": 0.7960156329396555,
        "(4, 6)": 0.8018084013877539,
        "(4, 7)": 0.8107938271509519,
        "(4, 8)": 0.7622404765252387,
        "(4, 9)": 0.7298566727348313,
        "(5, 6)": 0.8125943629242821,
        "(5, 7)": 0.6976140677902651,
        "(5, 8)": 0.7643348104337333,
        "(5, 9)": 2.117806907902786,
        "(6, 7)": 0.6928081931082842,
        "(6, 8)": 0.7822567481458583,
        "(6, 9)": 0.7778152955933593,
        "(7, 8)": 0.7597198495710583,
        "(7, 9)": 0.7621154874351059,
        "(8, 9)": 1.2175932726850207
    },
    "matching_probabilities": {
        "(0, 1)": 0.035562541593670505,
        "(0, 2)": 0.05210739729962575,
        "(0, 3)": 0.10057695676425096,
        "(0, 4)": 0.022866784864326656,
        "(0, 5)": 0.05118013167719841,
        "(0, 6)": 0.0232132015161472,
        "(0, 7)": 0.0033166516821618104,
        "(0, 8)": 0.3785500675416774,
        "(0, 9)": 0.07402359276236842,
        "(1, 2)": 0.11352336531549186,
        "(1, 3)": 0.001472926761051694,
        "(1, 4)": 0.17741572726369612,
        "(1, 5)": 0.03931723308083745,
        "(1, 6)": 0.027715484400827127,
        "(1, 7)": 0.267258668427444,
        "(1, 8)": 0.001462016194654395,
        "(1, 9)": 0.1711092373955905,
        "(2, 3)": 0.192681730864828,
        "(2, 4)": 0.002983009008241628,
        "(2, 5)": 0.07404056675651084,
        "(2, 6)": 0.05535743285693112,
        "(2, 7)": 0.1447110579714069,
        "(2, 8)": 0.00282030815403295,
        "(2, 9)": 0.007351951659262829,
        "(3, 4)": 0.1148215781646445,
        "(3, 5)": 0.022048049882295768,
        "(3, 6)": 0.00817547787806611,
        "(3, 7)": 0.008221354706749342,
        "(3, 8)": 0.12077985248031357,
        "(3, 9)": 0.12720707618495808,
        "(4, 5)": 0.10131953028378686,
        "(4, 6)": 0.36357320171004154,
        "(4, 7)": 0.0003246534751588845,
        "(4, 8)": 0.007304037403967828,
        "(4, 9)": 0.08789901358982469,
        "(5, 6)": 0.055264165198654326,
        "(5, 7)": 0.307246432535343,
        "(5, 8)": 0.001575613535804775,
        "(5, 9)": 0.18123687288247123,
        "(6, 7)": 0.0011636665362120284,
        "(6, 8)": 0.2075312498973965,
        "(6, 9)": 0.03930431007979982,
        "(7, 8)": 0.00030529003637224273,
        "(7, 9)": 0.03860355532864395,
        "(8, 9)": 0.06301381238827655
    },
    "matching_counts": {
        "(0, 1)": 355.62541593670505,
        "(0, 2)": 521.0739729962575,
        "(0, 3)": 1005.7695676425096,
        "(0, 4)": 228.66784864326658,
        "(0, 5)": 511.8013167719841,
        "(0, 6)": 232.132015161472,
        "(0, 7)": 33.1665168216181,
        "(0, 8)": 3785.500675416774,
        "(0, 9)": 740.2359276236842,
        "(1, 2)": 1135.2336531549186,
        "(1, 3)": 14.72926761051694,
        "(1, 4)": 1774.1572726369611,
        "(1, 5)": 393.1723308083745,
        "(1, 6)": 277.15484400827125,
        "(1, 7)": 2672.58668427444,
        "(1, 8)": 14.62016194654395,
        "(1, 9)": 1711.092373955905,
        "(2, 3)": 1926.8173086482802,
        "(2, 4)": 29.83009008241628,
        "(2, 5)": 740.4056675651084,
        "(2, 6)": 553.5743285693112,
        "(2, 7)": 1447.110579714069,
        "(2, 8)": 28.203081540329503,
        "(2, 9)": 73.51951659262829,
        "(3, 4)": 1148.215781646445,
        "(3, 5)": 220.48049882295768,
        "(3, 6)": 81.7547787806611,
        "(3, 7)": 82.21354706749341,
        "(3, 8)": 1207.7985248031357,
        "(3, 9)": 1272.0707618495808,
        "(4, 5)": 1013.1953028378686,
        "(4, 6)": 3635.7320171004153,
        "(4, 7)": 3.246534751588845,
        "(4, 8)": 73.04037403967828,
        "(4, 9)": 878.9901358982469,
        "(5, 6)": 552.6416519865433,
        "(5, 7)": 3072.46432535343,
        "(5, 8)": 15.75613535804775,
        "(5, 9)": 1812.3687288247122,
        "(6, 7)": 11.636665362120283,
        "(6, 8)": 2075.312498973965,
        "(6, 9)": 393.04310079799825,
        "(7, 8)": 3.0529003637224275,
        "(7, 9)": 386.0355532864395,
        "(8, 9)": 630.1381238827655
    },
    "average_num_matching_probability_capped": 1.557,
    "average_num_matching_probability_exceeds_one": 1.3461,
    "average_num_proposal_matching_probability_exceeds_one": 1.0599,
    "simulation_parameters": {
        "graph_file": "nonuniform_complete_10_order_0.json",
        "c_guarantee": 0.75,
        "experiment_name": "nonuniform_complete_10_order_0_si_c75_r50_sim10000",
        "average_edge_weight": 0.1111111111111111,
        "r": 0.5,
        "num_sim_instances": 10000,
        "rounding_scheme_class": "SimpleRecursiveRoundingScheme",
        "parallel": true
    }
}