{
    "min_scaled_matching_probability": 0.6192504315188176,
    "scaled_matching_probabilities": {
        "(0, 1)": 0.7602347025729352,
        "(0, 2)": 0.6936094277135942,
        "(0, 3)": 0.7420319564276117,
        "(1, 4)": 0.6919905924645134,
        "(1, 5)": 0.7566911082384661,
        "(1, 6)": 0.7859785966801287,
        "(2, 7)": 0.7415616974604337,
        "(2, 8)": 0.7577750978161585,
        "(2, 9)": 0.785891983025206,
        "(3, 10)": 0.7450754966617215,
        "(3, 11)": 0.7211135482722771,
        "(3, 12)": 0.7583846299230157,
        "(4, 13)": 0.7556340504971195,
        "(4, 14)": 0.7537399303483038,
        "(4, 15)": 0.7409403517155783,
        "(5, 16)": 0.7128341965405949,
        "(5, 17)": 0.771021298407179,
        "(5, 18)": 0.7339232477073597,
        "(6, 19)": 0.7551888512076362,
        "(6, 20)": 0.7602666370739355,
        "(6, 21)": 0.7543260179587807,
        "(7, 22)": 0.7573615986121043,
        "(7, 23)": 0.7549476890193292,
        "(7, 24)": 0.7904692573124432,
        "(8, 25)": 0.7618734032855332,
        "(8, 26)": 0.7138595057760077,
        "(8, 27)": 0.7856258080310531,
        "(9, 28)": 0.7394547499299937,
        "(9, 29)": 0.7502448890529186,
        "(9, 30)": 0.7574127546920854,
        "(10, 31)": 0.7633364263371556,
        "(10, 32)": 0.8026985931263299,
        "(10, 33)": 0.7509640648788952,
        "(11, 34)": 0.6192504315188176,
        "(11, 35)": 0.7530495111560404,
        "(11, 36)": 0.7575957160526928,
        "(12, 37)": 0.7418227713151607,
        "(12, 38)": 0.7843060935301642,
        "(12, 39)": 0.7761642176979836,
        "(13, 40)": 0.6698854628486212,
        "(13, 41)": 0.7255952629587531,
        "(13, 42)": 0.7551700279432199,
        "(14, 43)": 0.7675831098779268,
        "(14, 44)": 0.7409336575955204,
        "(14, 45)": 0.6886810389722429,
        "(15, 46)": 0.7613973391576672,
        "(15, 47)": 0.7822787213158247,
        "(15, 48)": 0.738857551321081,
        "(16, 49)": 0.7367298984527705,
        "(16, 50)": 0.7534826953568065,
        "(16, 51)": 0.7893733901649881,
        "(17, 52)": 0.743839685714736,
        "(17, 53)": 0.7514303468905562,
        "(17, 54)": 0.7600545660598608,
        "(18, 55)": 0.7114272129539053,
        "(18, 56)": 0.7513372435828841,
        "(18, 57)": 0.7753896772294468,
        "(19, 58)": 0.7328347691218839,
        "(19, 59)": 0.7376164233345629,
        "(19, 60)": 0.7473689291390825,
        "(20, 61)": 0.7293806151814133,
        "(20, 62)": 0.8219627709449433,
        "(20, 63)": 0.7585242738280162,
        "(21, 64)": 0.7500549934608128,
        "(21, 65)": 0.7485850031861665,
        "(21, 66)": 0.7360335015359675,
        "(22, 67)": 0.7667036735159518,
        "(22, 68)": 0.7433776240090069,
        "(22, 69)": 0.7505208603188926,
        "(23, 70)": 0.7794667720579221,
        "(23, 71)": 0.7632130587122189,
        "(23, 72)": 0.754815188845453,
        "(24, 73)": 0.7533809660212774,
        "(24, 74)": 0.75846451777082,
        "(24, 75)": 0.7343814107799536,
        "(25, 76)": 0.7525200630087627,
        "(25, 77)": 0.7075287319949213,
        "(25, 78)": 0.7518736027273205,
        "(26, 79)": 0.7565555008173,
        "(26, 80)": 0.7684487506910748,
        "(26, 81)": 0.7403489914489608,
        "(27, 82)": 0.7186864545242294,
        "(27, 83)": 0.7642006973662658,
        "(27, 84)": 0.757677488196556,
        "(28, 85)": 0.720397712822609,
        "(28, 86)": 0.7477509266676481,
        "(28, 87)": 0.7610967366534283,
        "(29, 88)": 0.7464421255821727,
        "(29, 89)": 0.7400046813378235,
        "(29, 90)": 0.6844175331441461,
        "(30, 91)": 0.6783040587713499,
        "(30, 92)": 0.7771084356321377,
        "(30, 93)": 0.7151352952733778,
        "(31, 94)": 0.74097205333109,
        "(31, 95)": 0.7526733069149192,
        "(31, 96)": 0.7649658340447063,
        "(32, 97)": 0.7517137485317872,
        "(32, 98)": 0.803650807420737,
        "(32, 99)": 0.7384321587339258,
        "(33, 100)": 0.756402578742036,
        "(33, 101)": 0.7411951198195477,
        "(33, 102)": 0.7582212720573569,
        "(34, 103)": 0.7651488044749881,
        "(34, 104)": 0.6484127961681512,
        "(34, 105)": 0.7551807525416242,
        "(35, 106)": 0.727485396786346,
        "(35, 107)": 0.7563271296412218,
        "(35, 108)": 0.7637374783240115,
        "(36, 109)": 0.7280157364582409,
        "(36, 110)": 0.7400603872512778,
        "(36, 111)": 0.7596393397208161,
        "(37, 112)": 0.7491869192045533,
        "(37, 113)": 0.7619467714895901,
        "(37, 114)": 0.7588254665285917,
        "(38, 115)": 0.7486834153000401,
        "(38, 116)": 0.7544094739231784,
        "(38, 117)": 0.7461649974972544,
        "(39, 118)": 0.7630643905724835,
        "(39, 119)": 0.7117348804548057,
        "(39, 120)": 0.7520192738831712
    },
    "matching_probabilities": {
        "(0, 1)": 0.3155,
        "(0, 2)": 0.0861,
        "(0, 3)": 0.0624,
        "(1, 4)": 0.0212,
        "(1, 5)": 0.2906,
        "(1, 6)": 0.0638,
        "(2, 7)": 0.1047,
        "(2, 8)": 0.3129,
        "(2, 9)": 0.13,
        "(3, 10)": 0.1093,
        "(3, 11)": 0.1297,
        "(3, 12)": 0.2292,
        "(4, 13)": 0.1895,
        "(4, 14)": 0.1008,
        "(4, 15)": 0.0625,
        "(5, 16)": 0.087,
        "(5, 17)": 0.1061,
        "(5, 18)": 0.0765,
        "(6, 19)": 0.0829,
        "(6, 20)": 0.2734,
        "(6, 21)": 0.0805,
        "(7, 22)": 0.0639,
        "(7, 23)": 0.1775,
        "(7, 24)": 0.0522,
        "(8, 25)": 0.0154,
        "(8, 26)": 0.1295,
        "(8, 27)": 0.0679,
        "(9, 28)": 0.0935,
        "(9, 29)": 0.2993,
        "(9, 30)": 0.1065,
        "(10, 31)": 0.1045,
        "(10, 32)": 0.1056,
        "(10, 33)": 0.2677,
        "(11, 34)": 0.0156,
        "(11, 35)": 0.092,
        "(11, 36)": 0.4094,
        "(12, 37)": 0.4111,
        "(12, 38)": 0.0712,
        "(12, 39)": 0.0221,
        "(13, 40)": 0.0154,
        "(13, 41)": 0.1897,
        "(13, 42)": 0.3156,
        "(14, 43)": 0.1686,
        "(14, 44)": 0.3928,
        "(14, 45)": 0.0328,
        "(15, 46)": 0.1397,
        "(15, 47)": 0.0362,
        "(15, 48)": 0.4536,
        "(16, 49)": 0.5282,
        "(16, 50)": 0.0385,
        "(16, 51)": 0.0558,
        "(17, 52)": 0.0167,
        "(17, 53)": 0.578,
        "(17, 54)": 0.0402,
        "(18, 55)": 0.0455,
        "(18, 56)": 0.5245,
        "(18, 57)": 0.0832,
        "(19, 58)": 0.3464,
        "(19, 59)": 0.0385,
        "(19, 60)": 0.2116,
        "(20, 61)": 0.3064,
        "(20, 62)": 0.0303,
        "(20, 63)": 0.1219,
        "(21, 64)": 0.3313,
        "(21, 65)": 0.2016,
        "(21, 66)": 0.0692,
        "(22, 67)": 0.0696,
        "(22, 68)": 0.3782,
        "(22, 69)": 0.1822,
        "(23, 70)": 0.1557,
        "(23, 71)": 0.1353,
        "(23, 72)": 0.2103,
        "(24, 73)": 0.4688,
        "(24, 74)": 0.0308,
        "(24, 75)": 0.1886,
        "(25, 76)": 0.4813,
        "(25, 77)": 0.0528,
        "(25, 78)": 0.1945,
        "(26, 79)": 0.4434,
        "(26, 80)": 0.0281,
        "(26, 81)": 0.1277,
        "(27, 82)": 0.038,
        "(27, 83)": 0.5524,
        "(27, 84)": 0.0929,
        "(28, 85)": 0.0357,
        "(28, 86)": 0.1703,
        "(28, 87)": 0.4017,
        "(29, 88)": 0.1308,
        "(29, 89)": 0.2322,
        "(29, 90)": 0.0339,
        "(30, 91)": 0.1079,
        "(30, 92)": 0.279,
        "(30, 93)": 0.1353,
        "(31, 94)": 0.1943,
        "(31, 95)": 0.1274,
        "(31, 96)": 0.2405,
        "(32, 97)": 0.0827,
        "(32, 98)": 0.0374,
        "(32, 99)": 0.5168,
        "(33, 100)": 0.37,
        "(33, 101)": 0.0891,
        "(33, 102)": 0.0174,
        "(34, 103)": 0.2747,
        "(34, 104)": 0.0248,
        "(34, 105)": 0.3813,
        "(35, 106)": 0.0494,
        "(35, 107)": 0.3345,
        "(35, 108)": 0.2626,
        "(36, 109)": 0.0243,
        "(36, 110)": 0.159,
        "(36, 111)": 0.1402,