{
    "min_scaled_matching_probability": 0.39537253950505163,
    "scaled_matching_probabilities": {
        "(0, 10)": 0.39537253950505163,
        "(0, 11)": 0.8248811508263797,
        "(0, 12)": 0.5414645038688792,
        "(0, 13)": 1.9184998771915047,
        "(0, 14)": 0.6299796764927837,
        "(0, 15)": 0.5310692410959158,
        "(0, 16)": 0.5340961460311686,
        "(0, 17)": 0.4686945867708976,
        "(0, 18)": 0.5061867965290762,
        "(0, 19)": 0.9221223651276648,
        "(10, 1)": 0.5482745693391802,
        "(10, 2)": 1.1397394627795174,
        "(10, 3)": 0.8580858203094435,
        "(10, 4)": 0.6772490034574666,
        "(10, 5)": 0.4713530826036422,
        "(10, 6)": 0.4863389459104976,
        "(10, 7)": 0.4786295560579065,
        "(10, 8)": 0.5128107214938078,
        "(10, 9)": 0.5478259415640688,
        "(11, 1)": 0.520237373107085,
        "(11, 2)": 0.4127763168256558,
        "(11, 3)": 0.4522334555939608,
        "(11, 4)": 0.9373475555068715,
        "(11, 5)": 1.237654719433018,
        "(11, 6)": 0.6153939469851566,
        "(11, 7)": 0.5412682488996365,
        "(11, 8)": 1.0379420477897763,
        "(11, 9)": 0.64815997046975,
        "(12, 1)": 0.736013810142901,
        "(12, 2)": 0.8731620965210815,
        "(12, 3)": 0.5032621592985447,
        "(12, 4)": 0.44927130160402645,
        "(12, 5)": 8.141512486613175,
        "(12, 6)": 0.6847710034510167,
        "(12, 7)": 0.9824204970150042,
        "(12, 8)": 0.49129960122278166,
        "(12, 9)": 0.7163972313932575,
        "(13, 1)": 0.6720973187472319,
        "(13, 2)": 0.6283884306709355,
        "(13, 3)": 0.6507994878499017,
        "(13, 4)": 0.7495455376593995,
        "(13, 5)": 0.5534353764937796,
        "(13, 6)": 0.4913876872162618,
        "(13, 7)": 0.47532971824622205,
        "(13, 8)": 0.6613987583436189,
        "(13, 9)": 0.8066273450154642,
        "(14, 1)": 0.7848132514201059,
        "(14, 2)": 0.6468950152749378,
        "(14, 3)": 0.7674797715264602,
        "(14, 4)": 0.48949387940528194,
        "(14, 5)": 0.5418914200911942,
        "(14, 6)": 0.5659119449616149,
        "(14, 7)": 0.6020959420459221,
        "(14, 8)": 1.395859447278635,
        "(14, 9)": 0.506359272575431,
        "(15, 1)": 0.8145981058324648,
        "(15, 2)": 0.5318957611303338,
        "(15, 3)": 0.5080649736512262,
        "(15, 4)": 1.0890645631139524,
        "(15, 5)": 0.4827091741785666,
        "(15, 6)": 0.8018015814081036,
        "(15, 7)": 1.602689580430937,
        "(15, 8)": 0.7811562307091067,
        "(15, 9)": 1.1692635297782055,
        "(16, 1)": 0.7452401913595538,
        "(16, 2)": 0.5541845978504082,
        "(16, 3)": 1.031039942256846,
        "(16, 4)": 0.4656709130206175,
        "(16, 5)": 0.5328808859086379,
        "(16, 6)": 1.0160632137201515,
        "(16, 7)": 0.5161548141767304,
        "(16, 8)": 0.5051486075167,
        "(16, 9)": 0.5477717992794819,
        "(17, 1)": 0.592064325175771,
        "(17, 2)": 0.5131097798510252,
        "(17, 3)": 1.346103394135521,
        "(17, 4)": 0.7100115867642043,
        "(17, 5)": 0.7169789257793363,
        "(17, 6)": 0.4884622980923651,
        "(17, 7)": 0.556010898880038,
        "(17, 8)": 0.5481725687520406,
        "(17, 9)": 0.6927996505479206,
        "(18, 1)": 0.4101812705313294,
        "(18, 2)": 1.0032975406025528,
        "(18, 3)": 1.443763566088839,
        "(18, 4)": 1.847609159453401,
        "(18, 5)": 0.47878398471409783,
        "(18, 6)": 0.44663289451443516,
        "(18, 7)": 0.5413697838466934,
        "(18, 8)": 0.580253808670429,
        "(18, 9)": 0.46762652798077553,
        "(19, 1)": 0.5134986882823247,
        "(19, 2)": 0.4380751062483562,
        "(19, 3)": 0.46949356473342163,
        "(19, 4)": 0.514267506159642,
        "(19, 5)": 0.5910733696480982,
        "(19, 6)": 0.8058540563947628,
        "(19, 7)": 0.4999860466470019,
        "(19, 8)": 1.8576100995440326,
        "(19, 9)": 0.4760064970371353
    },
    "matching_probabilities": {
        "(0, 10)": 0.000514494982366406,
        "(0, 11)": 0.16694758017303632,
        "(0, 12)": 0.00042331482053874165,
        "(0, 13)": 0.012609033861192019,
        "(0, 14)": 0.024085371084212333,
        "(0, 15)": 0.0024686960628941337,
        "(0, 16)": 0.06456561433247429,
        "(0, 17)": 0.07029744156284923,
        "(0, 18)": 0.23773901051748225,
        "(0, 19)": 0.004503708408038903,
        "(10, 1)": 0.004596292272379702,
        "(10, 2)": 0.007799311361137912,
        "(10, 3)": 0.0013649534788701969,
        "(10, 4)": 0.10384385333797798,
        "(10, 5)": 0.006564285459925188,
        "(10, 6)": 0.09356711498555002,
        "(10, 7)": 0.024224837708513105,
        "(10, 8)": 0.17252892234005857,
        "(10, 9)": 0.10280325734189309,
        "(11, 1)": 0.3219237120259934,
        "(11, 2)": 0.018428795120040455,
        "(11, 3)": 7.447970311206991e-05,
        "(11, 4)": 0.00030103868137917525,
        "(11, 5)": 0.008829550747937441,
        "(11, 6)": 0.01068642626343759,
        "(11, 7)": 0.0008086601444840974,
        "(11, 8)": 0.019007218530990244,
        "(11, 9)": 0.05789530325307134,
        "(12, 1)": 0.0012899243311552434,
        "(12, 2)": 0.1324697867594588,
        "(12, 3)": 0.23894480578839558,
        "(12, 4)": 0.004433132933903853,
        "(12, 5)": 0.0015318726863586647,
        "(12, 6)": 0.028649346665422428,
        "(12, 7)": 0.04141025792518377,
        "(12, 8)": 0.07364475657650721,
        "(12, 9)": 0.0761490430133123,
        "(13, 1)": 0.06538347100794277,
        "(13, 2)": 0.000576350638605305,
        "(13, 3)": 0.0008467177873342109,
        "(13, 4)": 0.08605948430776748,
        "(13, 5)": 0.0015224883528782865,
        "(13, 6)": 0.1901947650533925,
        "(13, 7)": 0.12751793751353313,
        "(13, 8)": 0.002921341055198213,
        "(13, 9)": 0.019747709773347426,
        "(14, 1)": 0.12853941704024943,
        "(14, 2)": 0.02388701019725771,
        "(14, 3)": 0.07033109803236663,
        "(14, 4)": 0.12208049512595028,
        "(14, 5)": 0.051922385821206764,
        "(14, 6)": 0.005093856837618745,
        "(14, 7)": 0.007980687436735872,
        "(14, 8)": 0.014527887074910347,
        "(14, 9)": 0.13966094840831944,
        "(15, 1)": 0.014056579260141143,
        "(15, 2)": 0.026923131413131938,
        "(15, 3)": 0.14760101640347378,
        "(15, 4)": 0.013074082922075929,
        "(15, 5)": 0.2472911611820833,
        "(15, 6)": 0.07624242765036686,
        "(15, 7)": 0.02070350091861469,
        "(15, 8)": 0.00042944845294108614,
        "(15, 9)": 0.0024814548679066247,
        "(16, 1)": 0.012556161559395866,
        "(16, 2)": 0.0007918132073796234,
        "(16, 3)": 0.006930331929698939,
        "(16, 4)": 0.016381544638978538,
        "(16, 5)": 0.0001069264068432301,
        "(16, 6)": 0.12738718957592038,
        "(16, 7)": 0.26719382748400056,
        "(16, 8)": 0.020805579299216278,
        "(16, 9)": 0.06260319501520788,
        "(17, 1)": 0.005007702156701908,
        "(17, 2)": 0.3223199334825195,
        "(17, 3)": 0.13610421449044077,
        "(17, 4)": 0.019953345610611562,
        "(17, 5)": 0.0002195470222549541,
        "(17, 6)": 0.00785288025508848,
        "(17, 7)": 0.002465326454477735,
        "(17, 8)": 0.029950364371357334,
        "(17, 9)": 0.003244041785835592,
        "(18, 1)": 0.000288868208371895,
        "(18, 2)": 0.06348866707961666,
        "(18, 3)": 0.008389767216028797,
        "(18, 4)": 0.020200800974041998,
        "(18, 5)": 0.0012868744524702996,
        "(18, 6)": 0.0013205902624143365,
        "(18, 7)": 0.0006563001595493261,
        "(18, 8)": 0.2192146570773778,
        "(18, 9)": 0.028145857287502185,
        "(19, 1)": 0.03379737833819626,
        "(19, 2)": 0.006558963560399036,
        "(19, 3)": 0.011219622592381562,
        "(19, 4)": 0.1488163761364232,
        "(19, 5)": 0.2154859081465617,
        "(19, 6)": 0.08437969650111692,