{
    "min_scaled_matching_probability": 0.6080166234061621,
    "scaled_matching_probabilities": {
        "(0, 2)": 0.6080166234061621,
        "(0, 3)": 0.6605096974589167,
        "(0, 4)": 0.7239545154356635,
        "(0, 5)": 0.67979772264059,
        "(0, 6)": 0.6868881893502214,
        "(0, 7)": 0.6793558767300527,
        "(0, 8)": 0.6378250676830226,
        "(0, 9)": 0.6901617059853128,
        "(0, 10)": 0.7334073019246854,
        "(0, 11)": 0.6336621416368411,
        "(0, 12)": 0.7140000000000044,
        "(0, 13)": 0.6819565825868937,
        "(0, 14)": 0.6795342183501842,
        "(0, 15)": 0.6662368834695257,
        "(0, 16)": 0.6293001747722731,
        "(0, 19)": 0.67697504456858,
        "(0, 20)": 0.70272608839594
    },
    "matching_probabilities": {
        "(0, 2)": 1.8327430449825696e-06,
        "(0, 3)": 0.00012792899101098473,
        "(0, 4)": 4.846032503359475e-06,
        "(0, 5)": 8.484736401028615e-07,
        "(0, 6)": 0.028191950607462702,
        "(0, 7)": 0.10296592930735099,
        "(0, 8)": 0.00012121320040587589,
        "(0, 9)": 0.013878291775595875,
        "(0, 10)": 0.258638047266658,
        "(0, 11)": 0.010623560812604934,
        "(0, 12)": 1.3038502582107058e-05,
        "(0, 13)": 0.005283998189560658,
        "(0, 14)": 1.809868715641962e-05,
        "(0, 15)": 0.030763823388241098,
        "(0, 16)": 0.0031175830935765334,
        "(0, 19)": 0.0010757438190950746,
        "(0, 20)": 0.25084411661528155
    },
    "matching_counts": {
        "(0, 2)": 0.018327430449825696,
        "(0, 3)": 1.2792899101098472,
        "(0, 4)": 0.04846032503359476,
        "(0, 5)": 0.008484736401028614,
        "(0, 6)": 281.919506074627,
        "(0, 7)": 1029.6592930735098,
        "(0, 8)": 1.2121320040587589,
        "(0, 9)": 138.78291775595875,
        "(0, 10)": 2586.38047266658,
        "(0, 11)": 106.23560812604933,
        "(0, 12)": 0.1303850258210706,
        "(0, 13)": 52.83998189560658,
        "(0, 14)": 0.1809868715641962,
        "(0, 15)": 307.638233882411,
        "(0, 16)": 31.175830935765333,
        "(0, 19)": 10.757438190950747,
        "(0, 20)": 2508.4411661528156
    },
    "average_num_matching_probability_capped": 0.0,
    "average_num_matching_probability_exceeds_one": 0.0,
    "average_num_proposal_matching_probability_exceeds_one": 0.0,
    "simulation_parameters": {
        "graph_file": "nonuniform_star_20_order_0.json",
        "c_guarantee": 0.6666666666666666,
        "experiment_name": "nonuniform_star_20_order_0_mc_c66_r0_sim10000",
        "average_edge_weight": 0.05,
        "r": 0,
        "num_sim_instances": 10000,
        "rounding_scheme_class": "SimulatedRecursiveRoundingScheme",
        "parallel": true
    }
}