{
    "min_scaled_matching_probability": 0.0,
    "scaled_matching_probabilities": {
        "(0, 2)": 0.0,
        "(0, 3)": 0.5163096278952138,
        "(0, 4)": 0.0,
        "(0, 5)": 0.0,
        "(0, 6)": 0.9161124137586867,
        "(0, 7)": 1.0371852567190878,
        "(0, 8)": 0.5262009958876589,
        "(0, 9)": 0.9548080534103814,
        "(0, 10)": 0.9998506306074368,
        "(0, 11)": 0.9543499063101272,
        "(0, 12)": 0.0,
        "(0, 13)": 0.8259885737998354,
        "(0, 14)": 0.0,
        "(0, 15)": 1.037346571505424,
        "(0, 16)": 0.9285336483626887,
        "(0, 19)": 0.881032310455923,
        "(0, 20)": 0.9998358515745708
    },
    "matching_probabilities": {
        "(0, 2)": 0.0,
        "(0, 3)": 0.0001,
        "(0, 4)": 0.0,
        "(0, 5)": 0.0,
        "(0, 6)": 0.0376,
        "(0, 7)": 0.1572,
        "(0, 8)": 0.0001,
        "(0, 9)": 0.0192,
        "(0, 10)": 0.3526,
        "(0, 11)": 0.016,
        "(0, 12)": 0.0,
        "(0, 13)": 0.0064,
        "(0, 14)": 0.0,
        "(0, 15)": 0.0479,
        "(0, 16)": 0.0046,
        "(0, 19)": 0.0014,
        "(0, 20)": 0.3569
    },
    "matching_counts": {
        "(0, 2)": 0,
        "(0, 3)": 1.0,
        "(0, 4)": 0,
        "(0, 5)": 0,
        "(0, 6)": 376.0,
        "(0, 7)": 1572.0,
        "(0, 8)": 1.0,
        "(0, 9)": 192.0,
        "(0, 10)": 3526.0,
        "(0, 11)": 160.0,
        "(0, 12)": 0,
        "(0, 13)": 64.0,
        "(0, 14)": 0,
        "(0, 15)": 479.0,
        "(0, 16)": 46.0,
        "(0, 19)": 14.0,
        "(0, 20)": 3569.0
    },
    "average_num_matching_probability_capped": 0.0,
    "average_num_matching_probability_exceeds_one": 0.0,
    "average_num_proposal_matching_probability_exceeds_one": 0.0813,
    "simulation_parameters": {
        "graph_file": "nonuniform_star_20_order_1.json",
        "c_guarantee": 1.0,
        "experiment_name": "nonuniform_star_20_order_1_tr_c100_r100_sim10000",
        "average_edge_weight": 0.05,
        "r": 1.0,
        "num_sim_instances": 10000,
        "rounding_scheme_class": "SimpleRecursiveRoundingSchemeForTree",
        "parallel": true
    }
}