{
    "min_scaled_matching_probability": 0.025279727814415474,
    "scaled_matching_probabilities": {
        "(0, 10)": 1.2146156583831678,
        "(0, 11)": 1.1721410269832,
        "(0, 12)": 0.8878249262358132,
        "(0, 13)": 0.45220851808060386,
        "(0, 14)": 0.5328189813013311,
        "(0, 15)": 0.47291651017583103,
        "(0, 16)": 0.025279727814415474,
        "(0, 17)": 1.1426616033397095,
        "(0, 18)": 0.9960873910925533,
        "(0, 19)": 0.9259129917442358,
        "(10, 1)": 0.9697798102603191,
        "(10, 2)": 0.358967858247355,
        "(10, 3)": 2.4660521352059703,
        "(10, 4)": 0.6224190558910389,
        "(10, 5)": 0.6094103197632152,
        "(10, 6)": 1.0562399954402002,
        "(10, 7)": 1.1037214846757262,
        "(10, 8)": 1.5045124102850245,
        "(10, 9)": 1.1751970995123362,
        "(11, 1)": 1.2205433405644888,
        "(11, 2)": 0.890207640650289,
        "(11, 3)": 0.3515531291147994,
        "(11, 4)": 0.9164910813164733,
        "(11, 5)": 0.6961371705870254,
        "(11, 6)": 0.5951213753087603,
        "(11, 7)": 1.181730964188483,
        "(11, 8)": 0.421109307206185,
        "(11, 9)": 0.7193619866291759,
        "(12, 1)": 0.8317623324394899,
        "(12, 2)": 1.2312582027208372,
        "(12, 3)": 0.8666422378879028,
        "(12, 4)": 0.626842390909999,
        "(12, 5)": 1.346035552872113,
        "(12, 6)": 0.48236253600832535,
        "(12, 7)": 1.5304676517645246,
        "(12, 8)": 0.7312414579524572,
        "(12, 9)": 2.579778929934758,
        "(13, 1)": 0.6263541704004502,
        "(13, 2)": 0.7292569900194973,
        "(13, 3)": 1.0598527149631336,
        "(13, 4)": 0.7587326515934809,
        "(13, 5)": 0.37280325384622354,
        "(13, 6)": 1.4678573094107612,
        "(13, 7)": 0.9447449284135464,
        "(13, 8)": 0.828879241307813,
        "(13, 9)": 0.7777667001496454,
        "(14, 1)": 0.7521094858480492,
        "(14, 2)": 1.1893594086035244,
        "(14, 3)": 2.311050990817781,
        "(14, 4)": 1.167618915380003,
        "(14, 5)": 1.0268072121816025,
        "(14, 6)": 0.34169371253913006,
        "(14, 7)": 1.150026767450255,
        "(14, 8)": 0.42641771406556234,
        "(14, 9)": 0.5519441749405536,
        "(15, 1)": 0.43463942638570036,
        "(15, 2)": 1.3962244531406145,
        "(15, 3)": 0.3129454597651525,
        "(15, 4)": 0.7836285813356548,
        "(15, 5)": 1.0253439826996436,
        "(15, 6)": 0.9299622528095162,
        "(15, 7)": 3.446613133822538,
        "(15, 8)": 0.6696716952028366,
        "(15, 9)": 0.46007225099441795,
        "(16, 1)": 0.6751820522870529,
        "(16, 2)": 0.5714328447553412,
        "(16, 3)": 0.7954305664574202,
        "(16, 4)": 1.7400443194860047,
        "(16, 5)": 0.5646584438800525,
        "(16, 6)": 0.6605080205474232,
        "(16, 7)": 1.1486685027088093,
        "(16, 8)": 0.6670021228818265,
        "(16, 9)": 1.8466744518535008,
        "(17, 1)": 1.307194836091437,
        "(17, 2)": 0.8422417892069838,
        "(17, 3)": 1.6365970493192257,
        "(17, 4)": 0.7445902551425139,
        "(17, 5)": 0.6929295946374833,
        "(17, 6)": 1.2017834061349846,
        "(17, 7)": 1.595900368990681,
        "(17, 8)": 0.7032805393010964,
        "(17, 9)": 2.0433455241321314,
        "(18, 1)": 1.0347666981369454,
        "(18, 2)": 0.7626563299938508,
        "(18, 3)": 0.4541943865108596,
        "(18, 4)": 0.4909928490319462,
        "(18, 5)": 0.9990060506627593,
        "(18, 6)": 0.9151461877048078,
        "(18, 7)": 1.092432918889568,
        "(18, 8)": 0.542006619930875,
        "(18, 9)": 1.0984739481167516,
        "(19, 1)": 1.0311670021830723,
        "(19, 2)": 0.4453513363740235,
        "(19, 3)": 0.6942093794819716,
        "(19, 4)": 1.6809985954358757,
        "(19, 5)": 0.9396412367626897,
        "(19, 6)": 0.32378153823533773,
        "(19, 7)": 0.26232712585762724,
        "(19, 8)": 1.0573669473191618,
        "(19, 9)": 0.25275131041657095
    },
    "matching_probabilities": {
        "(0, 10)": 0.0015805692082816593,
        "(0, 11)": 0.23722945769865308,
        "(0, 12)": 0.0006940980371454701,
        "(0, 13)": 0.0029720682208981097,
        "(0, 14)": 0.020370725222120002,
        "(0, 15)": 0.002198370827012083,
        "(0, 16)": 0.0030560062427415855,
        "(0, 17)": 0.1713827928764815,
        "(0, 18)": 0.4678289366121016,
        "(0, 19)": 0.004522222086494608,
        "(10, 1)": 0.00812985262690868,
        "(10, 2)": 0.002456440429187404,
        "(10, 3)": 0.003922738683423064,
        "(10, 4)": 0.09543667517374353,
        "(10, 5)": 0.008486935693839296,
        "(10, 6)": 0.20321080583144968,
        "(10, 7)": 0.055862563235509415,
        "(10, 8)": 0.5061748787887884,
        "(10, 9)": 0.22053371460227522,
        "(11, 1)": 0.7552741559808083,
        "(11, 2)": 0.03974417512613239,
        "(11, 3)": 5.789835396012462e-05,
        "(11, 4)": 0.00029434041300304325,
        "(11, 5)": 0.004966311184139897,
        "(11, 6)": 0.01033438942028793,
        "(11, 7)": 0.0017655178078239426,
        "(11, 8)": 0.007711525556312185,
        "(11, 9)": 0.06425524910840157,
        "(12, 1)": 0.0014577314386856723,
        "(12, 2)": 0.1867975169903929,
        "(12, 3)": 0.4114747302057771,
        "(12, 4)": 0.006185295249415605,
        "(12, 5)": 0.0002532643782961557,
        "(12, 6)": 0.020181011524830657,
        "(12, 7)": 0.06451113387626252,
        "(12, 8)": 0.10961152631821394,
        "(12, 9)": 0.2742161584270572,
        "(13, 1)": 0.06093345204444107,
        "(13, 2)": 0.0006688661206832751,
        "(13, 3)": 0.0013789134172163227,
        "(13, 4)": 0.0871143078611338,
        "(13, 5)": 0.001025573420137847,
        "(13, 6)": 0.5681436131964308,
        "(13, 7)": 0.253449174590134,
        "(13, 8)": 0.003661087848876851,
        "(13, 9)": 0.0190411485066067,
        "(14, 1)": 0.12318308169034728,
        "(14, 2)": 0.04391785320751329,
        "(14, 3)": 0.2117824597119034,
        "(14, 4)": 0.29120587877666865,
        "(14, 5)": 0.09838554045738294,
        "(14, 6)": 0.003075635475598311,
        "(14, 7)": 0.015243424733462501,
        "(14, 8)": 0.004438088955706507,
        "(14, 9)": 0.1522339001487564,
        "(15, 1)": 0.007500070897328362,
        "(15, 2)": 0.07067312278302204,
        "(15, 3)": 0.090915670899797,
        "(15, 4)": 0.009407362427804091,
        "(15, 5)": 0.5252821318847752,
        "(15, 6)": 0.08842908447858683,
        "(15, 7)": 0.04452325581540105,
        "(15, 8)": 0.0003681587141950196,
        "(15, 9)": 0.000976382567097952,
        "(16, 1)": 0.011375788677009899,
        "(16, 2)": 0.0008164573237200006,
        "(16, 3)": 0.0053466385022018,
        "(16, 4)": 0.06121192648379775,
        "(16, 5)": 0.00011330280386175322,
        "(16, 6)": 0.08281006466302872,
        "(16, 7)": 0.5946222437905907,
        "(16, 8)": 0.027471847598638906,
        "(16, 9)": 0.21105088102573513,
        "(17, 1)": 0.011056302704915227,
        "(17, 2)": 0.5290706358241923,
        "(17, 3)": 0.16547596329182193,
        "(17, 4)": 0.020925104570280868,
        "(17, 5)": 0.00021218284619681124,
        "(17, 6)": 0.019320756622951966,
        "(17, 7)": 0.007076147978948832,
        "(17, 8)": 0.038424958868892904,
        "(17, 9)": 0.009567987307646974,
        "(18, 1)": 0.0007287295243552333,
        "(18, 2)": 0.04826089158163602,
        "(18, 3)": 0.0026393415536700455,
        "(18, 4)": 0.0053682613404593,
        "(18, 5)": 0.0026851260808751533,
        "(18, 6)": 0.0027058758076528374,
        "(18, 7)": 0.0013243515252546701,
        "(18, 8)": 0.204765214026023,
        "(18, 9)": 0.06611577643217925,
        "(19, 1)": 0.06786919245932678,
        "(19, 2)": 0.00666790498978095,
        "(19, 3)": 0.016589720973708286,
        "(19, 4)": 0.48643967636860225,
        "(19, 5)": 0.34256228690579466,
        "(19, 6)": 0.0339026498807857,
        "(19, 7)": 0.02037225659581332,