{
    "min_scaled_matching_probability": 0.4147193268125542,
    "scaled_matching_probabilities": {
        "(0, 2)": 0.4147193268125542,
        "(0, 3)": 0.4891243438593088,
        "(0, 4)": 0.4868056736777581,
        "(0, 5)": 0.47044637087503083,
        "(0, 6)": 0.5049754215356861,
        "(0, 7)": 0.4950761382235864,
        "(0, 8)": 0.5172167453495295,
        "(0, 9)": 0.5049368517484056,
        "(0, 10)": 0.523334742116453,
        "(0, 11)": 0.5081014311133636,
        "(0, 12)": 0.5677926284131196,
        "(0, 13)": 0.5151289965710386,
        "(0, 14)": 0.5024573219573629,
        "(0, 15)": 0.4509408447248154,
        "(0, 16)": 0.4432940204712014,
        "(0, 19)": 0.5934457598123779,
        "(0, 20)": 0.5143525589871738
    },
    "matching_probabilities": {
        "(0, 2)": 1.2500874689536634e-06,
        "(0, 3)": 9.473469357007181e-05,
        "(0, 4)": 3.2585971454885815e-06,
        "(0, 5)": 5.871766431035182e-07,
        "(0, 6)": 0.020725705235059927,
        "(0, 7)": 0.0750357454703256,
        "(0, 8)": 9.829262000483796e-05,
        "(0, 9)": 0.010153650798128026,
        "(0, 10)": 0.18455539699780518,
        "(0, 11)": 0.008518492896642043,
        "(0, 12)": 1.0368579344069703e-05,
        "(0, 13)": 0.003991369472446937,
        "(0, 14)": 1.3382428189763956e-05,
        "(0, 15)": 0.02082242044813633,
        "(0, 16)": 0.002196099729679399,
        "(0, 19)": 0.0009430120256399997,
        "(0, 20)": 0.1836025663746975
    },
    "matching_counts": {
        "(0, 2)": 0.012500874689536633,
        "(0, 3)": 0.9473469357007182,
        "(0, 4)": 0.032585971454885815,
        "(0, 5)": 0.005871766431035182,
        "(0, 6)": 207.25705235059925,
        "(0, 7)": 750.357454703256,
        "(0, 8)": 0.9829262000483796,
        "(0, 9)": 101.53650798128025,
        "(0, 10)": 1845.5539699780518,
        "(0, 11)": 85.18492896642043,
        "(0, 12)": 0.10368579344069703,
        "(0, 13)": 39.91369472446937,
        "(0, 14)": 0.13382428189763956,
        "(0, 15)": 208.22420448136333,
        "(0, 16)": 21.96099729679399,
        "(0, 19)": 9.430120256399997,
        "(0, 20)": 1836.025663746975
    },
    "average_num_matching_probability_capped": 0.0,
    "average_num_matching_probability_exceeds_one": 0.0,
    "average_num_proposal_matching_probability_exceeds_one": 0.0,
    "simulation_parameters": {
        "graph_file": "nonuniform_star_20_order_0.json",
        "c_guarantee": 0.5,
        "experiment_name": "nonuniform_star_20_order_0_mc_c50_r50_sim10000",
        "average_edge_weight": 0.05,
        "r": 0.5,
        "num_sim_instances": 10000,
        "rounding_scheme_class": "SimulatedRecursiveRoundingScheme",
        "parallel": true
    }
}