{
    "min_scaled_matching_probability": 0.0,
    "scaled_matching_probabilities": {
        "(0, 2)": 0.0,
        "(0, 3)": 1.0326192557904277,
        "(0, 4)": 0.0,
        "(0, 5)": 0.0,
        "(0, 6)": 0.7406866324006403,
        "(0, 7)": 0.7613942660647757,
        "(0, 8)": 0.5262009958876589,
        "(0, 9)": 0.7111330814462737,
        "(0, 10)": 0.758820274391804,
        "(0, 11)": 0.8410208549357996,
        "(0, 12)": 0.0,
        "(0, 13)": 0.7227400020748559,
        "(0, 14)": 0.0,
        "(0, 15)": 0.7363211572272321,
        "(0, 16)": 0.5450088805607086,
        "(0, 19)": 0.6922396725010824,
        "(0, 20)": 0.7561101046230783
    },
    "matching_probabilities": {
        "(0, 2)": 0.0,
        "(0, 3)": 0.0002,
        "(0, 4)": 0.0,
        "(0, 5)": 0.0,
        "(0, 6)": 0.0304,
        "(0, 7)": 0.1154,
        "(0, 8)": 0.0001,
        "(0, 9)": 0.0143,
        "(0, 10)": 0.2676,
        "(0, 11)": 0.0141,
        "(0, 12)": 0.0,
        "(0, 13)": 0.0056,
        "(0, 14)": 0.0,
        "(0, 15)": 0.034,
        "(0, 16)": 0.0027,
        "(0, 19)": 0.0011,
        "(0, 20)": 0.2699
    },
    "matching_counts": {
        "(0, 2)": 0,
        "(0, 3)": 2.0,
        "(0, 4)": 0,
        "(0, 5)": 0,
        "(0, 6)": 304.0,
        "(0, 7)": 1154.0,
        "(0, 8)": 1.0,
        "(0, 9)": 143.0,
        "(0, 10)": 2676.0,
        "(0, 11)": 141.0,
        "(0, 12)": 0,
        "(0, 13)": 56.0,
        "(0, 14)": 0,
        "(0, 15)": 340.0,
        "(0, 16)": 27.0,
        "(0, 19)": 11.0,
        "(0, 20)": 2699.0
    },
    "average_num_matching_probability_capped": 0.0,
    "average_num_matching_probability_exceeds_one": 0.0,
    "average_num_proposal_matching_probability_exceeds_one": 0.0,
    "simulation_parameters": {
        "graph_file": "nonuniform_star_20_order_1.json",
        "c_guarantee": 0.75,
        "experiment_name": "nonuniform_star_20_order_1_tr_c75_r100_sim10000",
        "average_edge_weight": 0.05,
        "r": 1.0,
        "num_sim_instances": 10000,
        "rounding_scheme_class": "SimpleRecursiveRoundingSchemeForTree",
        "parallel": true
    }
}