{
    "min_scaled_matching_probability": 0.2488518323751403,
    "scaled_matching_probabilities": {
        "(0, 1)": 2.2728323187079575,
        "(0, 2)": 1.2919536468586905,
        "(0, 3)": 0.721647874110059,
        "(0, 4)": 0.7758994228700998,
        "(0, 5)": 0.4628163768896957,
        "(0, 6)": 0.7990569332504968,
        "(0, 7)": 1.8078060492960255,
        "(0, 8)": 0.793387077527604,
        "(0, 9)": 0.6135672661831016,
        "(1, 2)": 0.9626926992159779,
        "(1, 3)": 95.6825204224561,
        "(1, 4)": 0.6704530817038766,
        "(1, 5)": 0.4484183798115138,
        "(1, 6)": 0.691647008043604,
        "(1, 7)": 0.35858133025172806,
        "(1, 8)": 0.9964061818150591,
        "(1, 9)": 0.6916700958223551,
        "(2, 3)": 0.6836559161415459,
        "(2, 4)": 0.7522507516699939,
        "(2, 5)": 0.7113009801029012,
        "(2, 6)": 0.7944588092091469,
        "(2, 7)": 0.9604912498779086,
        "(2, 8)": 0.9949775873778237,
        "(2, 9)": 0.6178125885905112,
        "(3, 4)": 2.050255362803568,
        "(3, 5)": 1.1568383830979418,
        "(3, 6)": 0.6509164974978985,
        "(3, 7)": 2.5457385093799196,
        "(3, 8)": 0.6806391110439847,
        "(3, 9)": 0.718332146575813,
        "(4, 5)": 0.6780148795625143,
        "(4, 6)": 0.7079193285833432,
        "(4, 7)": 1.2487065274045683,
        "(4, 8)": 0.5844092017139043,
        "(4, 9)": 1.3667321557526575,
        "(5, 6)": 1.995308436351991,
        "(5, 7)": 0.6854748005630767,
        "(5, 8)": 0.8246750540091475,
        "(5, 9)": 2.243577258039647,
        "(6, 7)": 0.7739765843680362,
        "(6, 8)": 0.6683047565840379,
        "(6, 9)": 0.7005506879042298,
        "(7, 8)": 0.2488518323751403,
        "(7, 9)": 1.0463316264574611,
        "(8, 9)": 1.0395580839771776
    },
    "matching_probabilities": {
        "(0, 1)": 0.1219,
        "(0, 2)": 0.0826,
        "(0, 3)": 0.0914,
        "(0, 4)": 0.0227,
        "(0, 5)": 0.0362,
        "(0, 6)": 0.0238,
        "(0, 7)": 0.0081,
        "(0, 8)": 0.397,
        "(0, 9)": 0.0598,
        "(1, 2)": 0.1278,
        "(1, 3)": 0.1803,
        "(1, 4)": 0.1584,
        "(1, 5)": 0.0226,
        "(1, 6)": 0.0148,
        "(1, 7)": 0.0907,
        "(1, 8)": 0.0021,
        "(1, 9)": 0.1698,
        "(2, 3)": 0.1831,
        "(2, 4)": 0.0025,
        "(2, 5)": 0.0692,
        "(2, 6)": 0.061,
        "(2, 7)": 0.2271,
        "(2, 8)": 0.0038,
        "(2, 9)": 0.0062,
        "(3, 4)": 0.0349,
        "(3, 5)": 0.0338,
        "(3, 6)": 0.007,
        "(3, 7)": 0.0315,
        "(3, 8)": 0.1104,
        "(3, 9)": 0.1852,
        "(4, 5)": 0.0863,
        "(4, 6)": 0.321,
        "(4, 7)": 0.0005,
        "(4, 8)": 0.0056,
        "(4, 9)": 0.1646,
        "(5, 6)": 0.1357,
        "(5, 7)": 0.3019,
        "(5, 8)": 0.0017,
        "(5, 9)": 0.192,
        "(6, 7)": 0.0013,
        "(6, 8)": 0.1773,
        "(6, 9)": 0.0354,
        "(7, 8)": 0.0001,
        "(7, 9)": 0.053,
        "(8, 9)": 0.0538
    },
    "matching_counts": {
        "(0, 1)": 1219.0,
        "(0, 2)": 826.0,
        "(0, 3)": 914.0,
        "(0, 4)": 227.0,
        "(0, 5)": 362.0,
        "(0, 6)": 238.0,
        "(0, 7)": 81.0,
        "(0, 8)": 3970.0,
        "(0, 9)": 598.0,
        "(1, 2)": 1278.0,
        "(1, 3)": 1803.0,
        "(1, 4)": 1584.0,
        "(1, 5)": 226.0,
        "(1, 6)": 148.0,
        "(1, 7)": 907.0,
        "(1, 8)": 21.0,
        "(1, 9)": 1698.0,
        "(2, 3)": 1831.0,
        "(2, 4)": 25.0,
        "(2, 5)": 692.0,
        "(2, 6)": 610.0,
        "(2, 7)": 2271.0,
        "(2, 8)": 38.0,
        "(2, 9)": 62.0,
        "(3, 4)": 349.0,
        "(3, 5)": 338.0,
        "(3, 6)": 70.0,
        "(3, 7)": 315.0,
        "(3, 8)": 1104.0,
        "(3, 9)": 1852.0,
        "(4, 5)": 863.0,
        "(4, 6)": 3210.0,
        "(4, 7)": 5.0,
        "(4, 8)": 56.0,
        "(4, 9)": 1646.0,
        "(5, 6)": 1357.0,
        "(5, 7)": 3019.0,
        "(5, 8)": 17.0,
        "(5, 9)": 1920.0,
        "(6, 7)": 13.0,
        "(6, 8)": 1773.0,
        "(6, 9)": 354.0,
        "(7, 8)": 1.0,
        "(7, 9)": 530.0,
        "(8, 9)": 538.0
    },
    "average_num_matching_probability_capped": 1.291,
    "average_num_matching_probability_exceeds_one": 0.8375,
    "average_num_proposal_matching_probability_exceeds_one": 1.3094,
    "simulation_parameters": {
        "graph_file": "nonuniform_complete_10_order_1.json",
        "c_guarantee": 0.7,
        "experiment_name": "nonuniform_complete_10_order_1_si_c70_r100_sim10000",
        "average_edge_weight": 0.1111111111111111,
        "r": 1.0,
        "num_sim_instances": 10000,
        "rounding_scheme_class": "SimpleRecursiveRoundingScheme",
        "parallel": true
    }
}