{
    "min_scaled_matching_probability": 0.1572646002367634,
    "scaled_matching_probabilities": {
        "(0, 1)": 3.418870091186493,
        "(0, 2)": 0.26052316977904194,
        "(0, 3)": 0.22547040141762387,
        "(1, 4)": 0.2318614563432186,
        "(1, 5)": 0.9001736438029567,
        "(1, 6)": 0.2263313150729269,
        "(2, 7)": 0.7247284984261579,
        "(2, 8)": 0.3700746847483023,
        "(2, 9)": 7.827805015916654,
        "(3, 10)": 0.5193746335384628,
        "(3, 11)": 0.7729476227261111,
        "(3, 12)": 4.95573492283422,
        "(4, 13)": 6.035334459307736,
        "(4, 14)": 0.9709948651108034,
        "(4, 15)": 0.4567425582669979,
        "(5, 16)": 0.6331586277171692,
        "(5, 17)": 0.288460799320815,
        "(5, 18)": 0.2876060933965977,
        "(6, 19)": 0.7405127907538813,
        "(6, 20)": 3.755143847551618,
        "(6, 21)": 0.5065591225542937,
        "(7, 22)": 1.3853672387782536,
        "(7, 23)": 0.28860203147066027,
        "(7, 24)": 0.5462812396526018,
        "(8, 25)": 0.5954148214658399,
        "(8, 26)": 8.309789875225153,
        "(8, 27)": 0.7143590164307804,
        "(9, 28)": 0.5591147284756056,
        "(9, 29)": 0.2082152803837608,
        "(9, 30)": 1.8412786783598445,
        "(10, 31)": 0.1960710482519662,
        "(10, 32)": 10.006771427954375,
        "(10, 33)": 0.7898314255850588,
        "(11, 34)": 1.5047605603266268,
        "(11, 35)": 0.37366595824492793,
        "(11, 36)": 2.966283597025105,
        "(12, 37)": 0.3957033229735279,
        "(12, 38)": 1.037678459483239,
        "(12, 39)": 0.1572646002367634,
        "(13, 40)": 0.2262535560550679,
        "(13, 41)": 0.42703463374526934,
        "(13, 42)": 0.1801673214166811,
        "(14, 43)": 0.27802855510912344,
        "(14, 44)": 3.0364463987706323,
        "(14, 45)": 0.306015554471661,
        "(15, 46)": 0.26388618934364605,
        "(15, 47)": 27.356390674407397,
        "(15, 48)": 0.26852371774715084,
        "(16, 49)": 2.0577910352375284,
        "(16, 50)": 0.2967648732570506,
        "(16, 51)": 0.22082616126282856,
        "(17, 52)": 0.328991994721959,
        "(17, 53)": 2.0193296163046752,
        "(17, 54)": 4.3261682864072055,
        "(18, 55)": 0.2909614347492614,
        "(18, 56)": 2.403077949725477,
        "(18, 57)": 0.8191825180870222,
        "(19, 58)": 2.9937661305928116,
        "(19, 59)": 0.8007030481290068,
        "(19, 60)": 1.0599412482766506,
        "(20, 61)": 0.8078217098023234,
        "(20, 62)": 1.7797012165762065,
        "(20, 63)": 0.3607884524272337,
        "(21, 64)": 3.226642694060833,
        "(21, 65)": 0.6052706537181283,
        "(21, 66)": 2.4037034068690266,
        "(22, 67)": 0.7242842700454523,
        "(22, 68)": 2.723148032814234,
        "(22, 69)": 0.3385458880011072,
        "(23, 70)": 1.6780725420240057,
        "(23, 71)": 0.22874495137103756,
        "(23, 72)": 0.22318644288609182,
        "(24, 73)": 2.373533098381212,
        "(24, 74)": 0.6853240094902032,
        "(24, 75)": 0.35058530136706173,
        "(25, 76)": 2.673702401808992,
        "(25, 77)": 0.44814993265465347,
        "(25, 78)": 0.4444089778498211,
        "(26, 79)": 0.45537435856174946,
        "(26, 80)": 0.6256097179952883,
        "(26, 81)": 0.36651968615610747,
        "(27, 82)": 1.5628190557396007,
        "(27, 83)": 0.5938676995073424,
        "(27, 84)": 0.44210311921705925,
        "(28, 85)": 0.6413208517244452,
        "(28, 86)": 6.07131128818005,
        "(28, 87)": 0.6922566738490334,
        "(29, 88)": 0.6305806042556007,
        "(29, 89)": 4.172513820797256,
        "(29, 90)": 0.6218747142750717,
        "(30, 91)": 0.3787719394087976,
        "(30, 92)": 0.3853117534663793,
        "(30, 93)": 0.27327197527939756,
        "(31, 94)": 0.18500127369266314,
        "(31, 95)": 0.3794176794829884,
        "(31, 96)": 4.325632032255288,
        "(32, 97)": 0.34537069600836334,
        "(32, 98)": 0.5060189443155054,
        "(32, 99)": 0.5950231303338582,
        "(33, 100)": 2.8192967090072845,
        "(33, 101)": 0.7976815660304065,
        "(33, 102)": 0.5467780414579275,
        "(34, 103)": 0.8340333883426144,
        "(34, 104)": 0.4348108453057471,
        "(34, 105)": 2.82000940281625,
        "(35, 106)": 3.68743343064186,
        "(35, 107)": 3.285034128796855,
        "(35, 108)": 0.27175428094151216,
        "(36, 109)": 1.096922616286897,
        "(36, 110)": 0.2684881717988055,
        "(36, 111)": 0.3529077846475578,
        "(37, 112)": 0.19687753316391926,
        "(37, 113)": 0.4494537520762585,
        "(37, 114)": 0.2985034799825158,
        "(38, 115)": 0.2562763503402875,
        "(38, 116)": 0.25595816690752143,
        "(38, 117)": 0.41983279461871464,
        "(39, 118)": 0.8345748861462033,
        "(39, 119)": 0.37628665667113853,
        "(39, 120)": 4.999432140102308
    },
    "matching_probabilities": {
        "(0, 1)": 1.4188427733155933,
        "(0, 2)": 0.03233959058474297,
        "(0, 3)": 0.018960575655251114,
        "(1, 4)": 0.007103366617990993,
        "(1, 5)": 0.3457030987163401,
        "(1, 6)": 0.018371922546803632,
        "(2, 7)": 0.10232334550864164,
        "(2, 8)": 0.15281099786923427,
        "(2, 9)": 1.2948530765665376,
        "(3, 10)": 0.07619046351691738,
        "(3, 11)": 0.1390229138084698,
        "(3, 12)": 1.4977287243135515,
        "(4, 13)": 1.5135578912654832,
        "(4, 14)": 0.12985418240737262,
        "(4, 15)": 0.038527271224452576,
        "(5, 16)": 0.07727575483713024,
        "(5, 17)": 0.039695000476855175,
        "(5, 18)": 0.029978429234350432,
        "(6, 19)": 0.08128895210162237,
        "(6, 20)": 1.3503898209606304,
        "(6, 21)": 0.05405886631879229,
        "(7, 22)": 0.11688599833970455,
        "(7, 23)": 0.06785484786712237,
        "(7, 24)": 0.03607462332794372,
        "(8, 25)": 0.012035317430732585,
        "(8, 26)": 1.5074643961935528,
        "(8, 27)": 0.061740559843895496,
        "(9, 28)": 0.07069699277395725,
        "(9, 29)": 0.08306465572531736,
        "(9, 30)": 0.25890266308631593,
        "(10, 31)": 0.026841932122443426,
        "(10, 32)": 1.3164531143331337,
        "(10, 33)": 0.28155524680560834,
        "(11, 34)": 0.03790754684420764,
        "(11, 35)": 0.04565074095295443,
        "(11, 36)": 1.6029611557856454,
        "(12, 37)": 0.21928908408408243,
        "(12, 38)": 0.09420136720175194,
        "(12, 39)": 0.00447785093152137,
        "(13, 40)": 0.005201344045340807,
        "(13, 41)": 0.11164415502266388,
        "(13, 42)": 0.07529536996319965,
        "(14, 43)": 0.06106910611784191,
        "(14, 44)": 1.6097475573018365,
        "(14, 45)": 0.014574686420363366,
        "(15, 46)": 0.048417427741592765,
        "(15, 47)": 1.2659188028888484,
        "(15, 48)": 0.16485228871563187,
        "(16, 49)": 1.4753374704829385,
        "(16, 50)": 0.015163516947109193,
        "(16, 51)": 0.01560997615575865,
        "(17, 52)": 0.007386223694931678,
        "(17, 53)": 1.5532677420520757,
        "(17, 54)": 0.22881510470377547,
        "(18, 55)": 0.01860871363933777,
        "(18, 56)": 1.677561435155942,
        "(18, 57)": 0.0878990106605096,
        "(19, 58)": 1.4151083318276223,
        "(19, 59)": 0.0417928158562495,
        "(19, 60)": 0.3000975279955757,
        "(20, 61)": 0.33935172765987065,
        "(20, 62)": 0.06560509644526352,
        "(20, 63)": 0.05798115349549328,
        "(21, 64)": 1.4252111296665928,
        "(21, 65)": 0.1630042857794584,
        "(21, 66)": 0.22599008796233216,
        "(22, 67)": 0.06574924176897746,
        "(22, 68)": 1.3854258626405265,
        "(22, 69)": 0.08218700379306298,
        "(23, 70)": 0.33519824597952497,
        "(23, 71)": 0.040551182356238016,
        "(23, 72)": 0.06218225286475415,
        "(24, 73)": 1.4769583606518757,
        "(24, 74)": 0.027829883926984586,
        "(24, 75)": 0.09003548682911831,
        "(25, 76)": 1.7100580160554244,