{
    "min_scaled_matching_probability": 0.48795137907541636,
    "scaled_matching_probabilities": {
        "(0, 1)": 0.6349489635133546,
        "(0, 2)": 0.5247036659831288,
        "(0, 3)": 0.5885911721365977,
        "(0, 4)": 0.5744640906440354,
        "(0, 5)": 1.9744633526628386,
        "(0, 6)": 0.5357446637941771,
        "(0, 7)": 0.48795137907541636,
        "(0, 8)": 0.7367824849225076,
        "(0, 9)": 0.582607689769625,
        "(1, 2)": 0.5596840693019589,
        "(1, 3)": 0.5720381312839122,
        "(1, 4)": 0.6186049948007034,
        "(1, 5)": 0.5336388899768157,
        "(1, 6)": 6.628783405021626,
        "(1, 7)": 0.9685806553058892,
        "(1, 8)": 0.5963296258331491,
        "(1, 9)": 0.608329446733725,
        "(2, 3)": 0.6538930654675618,
        "(2, 4)": 0.5960160245133653,
        "(2, 5)": 0.7185519164830417,
        "(2, 6)": 0.7916681925653886,
        "(2, 7)": 1.1015498347835748,
        "(2, 8)": 0.5978121379606518,
        "(2, 9)": 0.5834627225726096,
        "(3, 4)": 3.5689873113437676,
        "(3, 5)": 0.5875832976571498,
        "(3, 6)": 0.6333992162380728,
        "(3, 7)": 0.5275810694587685,
        "(3, 8)": 0.6042915949520448,
        "(3, 9)": 0.9420952308010017,
        "(4, 5)": 0.6424418060201241,
        "(4, 6)": 0.6055258980921331,
        "(4, 7)": 0.632505732053446,
        "(4, 8)": 0.6029568036882105,
        "(4, 9)": 0.5378978704352797,
        "(5, 6)": 0.6734041373542448,
        "(5, 7)": 0.6307184180122791,
        "(5, 8)": 0.6939590323533791,
        "(5, 9)": 1.5473558791910726,
        "(6, 7)": 0.6743014585264789,
        "(6, 8)": 0.6733570102081671,
        "(6, 9)": 0.7163877566193277,
        "(7, 8)": 0.5583981426122193,
        "(7, 9)": 0.7336913604772971,
        "(8, 9)": 0.6896560776236904
    },
    "matching_probabilities": {
        "(0, 1)": 0.03405454859788242,
        "(0, 2)": 0.0335464998419923,
        "(0, 3)": 0.07454776084475843,
        "(0, 4)": 0.016806733544642422,
        "(0, 5)": 0.1544361369550882,
        "(0, 6)": 0.015957214646061,
        "(0, 7)": 0.002186299892098476,
        "(0, 8)": 0.36867583906930806,
        "(0, 9)": 0.056782592176008596,
        "(1, 2)": 0.0742995393182506,
        "(1, 3)": 0.001077923894720936,
        "(1, 4)": 0.14615046727417386,
        "(1, 5)": 0.026895059293834886,
        "(1, 6)": 0.14184402340121902,
        "(1, 7)": 0.2449939749360969,
        "(1, 8)": 0.0012568089571347604,
        "(1, 9)": 0.14934047413539778,
        "(2, 3)": 0.1751287708630343,
        "(2, 4)": 0.0019807757692172855,
        "(2, 5)": 0.06990541839747379,
        "(2, 6)": 0.06078573135158673,
        "(2, 7)": 0.2604521045987132,
        "(2, 8)": 0.002283153061002416,
        "(2, 9)": 0.0058552851572725925,
        "(3, 4)": 0.06075226502301371,
        "(3, 5)": 0.017167752860712454,
        "(3, 6)": 0.006811617973595491,
        "(3, 7)": 0.00652808747902358,
        "(3, 8)": 0.0980163951794926,
        "(3, 9)": 0.24289047563310082,
        "(4, 5)": 0.08177214030363295,
        "(4, 6)": 0.27457056961073095,
        "(4, 7)": 0.00025326436523404207,
        "(4, 8)": 0.005777729184878512,
        "(4, 9)": 0.06478079051625832,
        "(5, 6)": 0.04579790260699853,
        "(5, 7)": 0.27778393930964845,
        "(5, 8)": 0.0014305396401473524,
        "(5, 9)": 0.13241903203470423,
        "(6, 7)": 0.0011325819330828637,
        "(6, 8)": 0.17864035342219725,
        "(6, 9)": 0.03620027361644831,
        "(7, 8)": 0.00022438980548491309,
        "(7, 9)": 0.0371637835673102,
        "(8, 9)": 0.03569160545046477
    },
    "matching_counts": {
        "(0, 1)": 340.5454859788242,
        "(0, 2)": 335.464998419923,
        "(0, 3)": 745.4776084475843,
        "(0, 4)": 168.06733544642424,
        "(0, 5)": 1544.361369550882,
        "(0, 6)": 159.57214646061,
        "(0, 7)": 21.862998920984758,
        "(0, 8)": 3686.7583906930804,
        "(0, 9)": 567.825921760086,
        "(1, 2)": 742.9953931825061,
        "(1, 3)": 10.77923894720936,
        "(1, 4)": 1461.5046727417387,
        "(1, 5)": 268.95059293834885,
        "(1, 6)": 1418.44023401219,
        "(1, 7)": 2449.939749360969,
        "(1, 8)": 12.568089571347604,
        "(1, 9)": 1493.4047413539777,
        "(2, 3)": 1751.287708630343,
        "(2, 4)": 19.807757692172856,
        "(2, 5)": 699.0541839747378,
        "(2, 6)": 607.8573135158673,
        "(2, 7)": 2604.521045987132,
        "(2, 8)": 22.83153061002416,
        "(2, 9)": 58.55285157272593,
        "(3, 4)": 607.5226502301371,
        "(3, 5)": 171.67752860712454,
        "(3, 6)": 68.11617973595492,
        "(3, 7)": 65.2808747902358,
        "(3, 8)": 980.1639517949259,
        "(3, 9)": 2428.9047563310082,
        "(4, 5)": 817.7214030363294,
        "(4, 6)": 2745.7056961073094,
        "(4, 7)": 2.532643652340421,
        "(4, 8)": 57.777291848785126,
        "(4, 9)": 647.8079051625832,
        "(5, 6)": 457.9790260699853,
        "(5, 7)": 2777.8393930964844,
        "(5, 8)": 14.305396401473525,
        "(5, 9)": 1324.1903203470424,
        "(6, 7)": 11.325819330828637,
        "(6, 8)": 1786.4035342219724,
        "(6, 9)": 362.00273616448305,
        "(7, 8)": 2.2438980548491307,
        "(7, 9)": 371.63783567310196,
        "(8, 9)": 356.9160545046477
    },
    "average_num_matching_probability_capped": 0.9052,
    "average_num_matching_probability_exceeds_one": 0.4526,
    "average_num_proposal_matching_probability_exceeds_one": 0.76,
    "simulation_parameters": {
        "graph_file": "nonuniform_complete_10_order_0.json",
        "c_guarantee": 0.6,
        "experiment_name": "nonuniform_complete_10_order_0_si_c60_r20_sim10000",
        "average_edge_weight": 0.1111111111111111,
        "r": 0.2,
        "num_sim_instances": 10000,
        "rounding_scheme_class": "SimpleRecursiveRoundingScheme",
        "parallel": true
    }
}