{
    "min_scaled_matching_probability": 0.0,
    "scaled_matching_probabilities": {
        "(0, 10)": 0.5379270685606734,
        "(0, 11)": 0.8972781566214308,
        "(0, 12)": 0.6395529728675358,
        "(0, 13)": 1.0042085165965995,
        "(0, 14)": 0.8736141586230867,
        "(0, 15)": 1.075606772899629,
        "(0, 16)": 0.5070825096330492,
        "(0, 17)": 0.8840848375720326,
        "(0, 18)": 0.9170335688304774,
        "(0, 19)": 0.8804136082547881,
        "(10, 1)": 0.9065756657855852,
        "(10, 2)": 0.9498667465669685,
        "(10, 3)": 0.8172524438895975,
        "(10, 4)": 0.8817475692994386,
        "(10, 5)": 0.8903906236204078,
        "(10, 6)": 0.8976522998674693,
        "(10, 7)": 0.8159972381670434,
        "(10, 8)": 0.9190405465662027,
        "(10, 9)": 0.8888567290138745,
        "(11, 1)": 0.9065910817079214,
        "(11, 2)": 0.9452142940750452,
        "(11, 3)": 0.0,
        "(11, 4)": 0.3113711338398501,
        "(11, 5)": 0.8270140863464172,
        "(11, 6)": 0.9386600429909601,
        "(11, 7)": 0.8701414659410917,
        "(11, 8)": 0.7426658365044607,
        "(11, 9)": 0.9023476980767079,
        "(12, 1)": 0.7417628538945804,
        "(12, 2)": 0.9359795976054163,
        "(12, 3)": 0.8848086587349717,
        "(12, 4)": 1.0033053265477212,
        "(12, 5)": 1.5944234581202585,
        "(12, 6)": 1.0110462128247248,
        "(12, 7)": 0.8754187526517992,
        "(12, 8)": 0.9139557043358123,
        "(12, 9)": 0.9031516548636035,
        "(13, 1)": 0.9343897675102281,
        "(13, 2)": 0.43611537045681453,
        "(13, 3)": 0.9223372853411272,
        "(13, 4)": 0.9101554502150047,
        "(13, 5)": 0.9087678330141278,
        "(13, 6)": 0.8830753645788761,
        "(13, 7)": 0.9180960097603507,
        "(13, 8)": 0.7697683138936773,
        "(13, 9)": 0.9067951304161725,
        "(14, 1)": 0.5263047229413657,
        "(14, 2)": 0.7880703691691733,
        "(14, 3)": 0.9002714719709654,
        "(14, 4)": 0.905367543403894,
        "(14, 5)": 0.9288543972957861,
        "(14, 6)": 0.9332143578459472,
        "(14, 7)": 0.7921632618239596,
        "(14, 8)": 0.9415975298262731,
        "(14, 9)": 0.8745025573513762,
        "(15, 1)": 0.8344998101529368,
        "(15, 2)": 0.9008776258363821,
        "(15, 3)": 0.4839664186328815,
        "(15, 4)": 0.8329949944519922,
        "(15, 5)": 0.891082143652779,
        "(15, 6)": 0.941224509076607,
        "(15, 7)": 0.8747502333089173,
        "(15, 8)": 0.9094877689736021,
        "(15, 9)": 1.0837618500628192,
        "(16, 1)": 0.9140292511089133,
        "(16, 2)": 0.7698824065499373,
        "(16, 3)": 0.7587376418402432,
        "(16, 4)": 0.8499540553817189,
        "(16, 5)": 0.4983622863993925,
        "(16, 6)": 0.8965226849131536,
        "(16, 7)": 0.9071553150003309,
        "(16, 8)": 0.842497891009926,
        "(16, 9)": 0.9414894174036038,
        "(17, 1)": 0.9694920573388887,
        "(17, 2)": 0.7988289298378388,
        "(17, 3)": 0.8861655354765942,
        "(17, 4)": 0.8789145707850211,
        "(17, 5)": 0.6531438399075419,
        "(17, 6)": 0.8646032694926626,
        "(17, 7)": 0.8570229763715969,
        "(17, 8)": 0.8474150637543397,
        "(17, 9)": 0.7261061870866751,
        "(18, 1)": 1.7039518727651195,
        "(18, 2)": 0.9134007770883837,
        "(18, 3)": 0.9120571171094793,
        "(18, 4)": 0.859744429004534,
        "(18, 5)": 0.781308826179227,
        "(18, 6)": 0.7778761411621695,
        "(18, 7)": 0.5774169687127795,
        "(18, 8)": 0.6506243153296432,
        "(18, 9)": 0.9021619135627169,
        "(19, 1)": 0.89641339353288,
        "(19, 2)": 0.935064119658543,
        "(19, 3)": 0.8954991313270668,
        "(19, 4)": 0.9043615350410252,
        "(19, 5)": 0.9106691031958312,
        "(19, 6)": 0.5042574925246415,
        "(19, 7)": 0.7957791176326061,
        "(19, 8)": 0.5262891331333839,
        "(19, 9)": 0.8345457181241376
    },
    "matching_probabilities": {
        "(0, 10)": 0.0007,
        "(0, 11)": 0.1816,
        "(0, 12)": 0.0005,
        "(0, 13)": 0.0066,
        "(0, 14)": 0.0334,
        "(0, 15)": 0.005,
        "(0, 16)": 0.0613,
        "(0, 17)": 0.1326,
        "(0, 18)": 0.4307,
        "(0, 19)": 0.0043,
        "(10, 1)": 0.0076,
        "(10, 2)": 0.0065,
        "(10, 3)": 0.0013,
        "(10, 4)": 0.1352,
        "(10, 5)": 0.0124,
        "(10, 6)": 0.1727,
        "(10, 7)": 0.0413,
        "(10, 8)": 0.3092,
        "(10, 9)": 0.1668,
        "(11, 1)": 0.561,
        "(11, 2)": 0.0422,
        "(11, 3)": 0.0,
        "(11, 4)": 0.0001,
        "(11, 5)": 0.0059,
        "(11, 6)": 0.0163,
        "(11, 7)": 0.0013,
        "(11, 8)": 0.0136,
        "(11, 9)": 0.0806,
        "(12, 1)": 0.0013,
        "(12, 2)": 0.142,
        "(12, 3)": 0.4201,
        "(12, 4)": 0.0099,
        "(12, 5)": 0.0003,
        "(12, 6)": 0.0423,
        "(12, 7)": 0.0369,
        "(12, 8)": 0.137,
        "(12, 9)": 0.096,
        "(13, 1)": 0.0909,
        "(13, 2)": 0.0004,
        "(13, 3)": 0.0012,
        "(13, 4)": 0.1045,
        "(13, 5)": 0.0025,
        "(13, 6)": 0.3418,
        "(13, 7)": 0.2463,
        "(13, 8)": 0.0034,
        "(13, 9)": 0.0222,
        "(14, 1)": 0.0862,
        "(14, 2)": 0.0291,
        "(14, 3)": 0.0825,
        "(14, 4)": 0.2258,
        "(14, 5)": 0.089,
        "(14, 6)": 0.0084,
        "(14, 7)": 0.0105,
        "(14, 8)": 0.0098,
        "(14, 9)": 0.2412,
        "(15, 1)": 0.0144,
        "(15, 2)": 0.0456,
        "(15, 3)": 0.1406,
        "(15, 4)": 0.01,
        "(15, 5)": 0.4565,
        "(15, 6)": 0.0895,
        "(15, 7)": 0.0113,
        "(15, 8)": 0.0005,
        "(15, 9)": 0.0023,
        "(16, 1)": 0.0154,
        "(16, 2)": 0.0011,
        "(16, 3)": 0.0051,
        "(16, 4)": 0.0299,
        "(16, 5)": 0.0001,
        "(16, 6)": 0.1124,
        "(16, 7)": 0.4696,
        "(16, 8)": 0.0347,
        "(16, 9)": 0.1076,
        "(17, 1)": 0.0082,
        "(17, 2)": 0.5018,
        "(17, 3)": 0.0896,
        "(17, 4)": 0.0247,
        "(17, 5)": 0.0002,
        "(17, 6)": 0.0139,
        "(17, 7)": 0.0038,
        "(17, 8)": 0.0463,
        "(17, 9)": 0.0034,
        "(18, 1)": 0.0012,
        "(18, 2)": 0.0578,
        "(18, 3)": 0.0053,
        "(18, 4)": 0.0094,
        "(18, 5)": 0.0021,
        "(18, 6)": 0.0023,
        "(18, 7)": 0.0007,
        "(18, 8)": 0.2458,
        "(18, 9)": 0.0543,
        "(19, 1)": 0.059,
        "(19, 2)": 0.014,
        "(19, 3)": 0.0214,
        "(19, 4)": 0.2617,
        "(19, 5)": 0.332,
        "(19, 6)": 0.0528,
        "(19, 7)": 0.0618,
        "(19, 8)": 0.0021,
        "(19, 9)": 0.0268
    },
    "matching_counts": {
        "(0, 10)": 7.0,
        "(0, 11)": 1816.0,
        "(0, 12)": 5.0,
        "(0, 13)": 66.0,
        "(0, 14)": 334.0,
        "(0, 15)": 50.0,
        "(0, 16)": 613.0,
        "(0, 17)": 1326.0,
        "(0, 18)": 4307.0,
        "(0, 19)": 43.0,
        "(10, 1)": 76.0,
        "(10, 2)": 65.0,
        "(10, 3)": 13.0,
        "(10, 4)": 1352.0,
        "(10, 5)": 124.0,
        "(10, 6)": 1727.0,
        "(10, 7)": 413.0,
        "(10, 8)": 3092.0,
        "(10, 9)": 1668.0,
        "(11, 1)": 5610.0,
        "(11, 2)": 422.0,
        "(11, 3)": 0,
        "(11, 4)": 1.0,
        "(11, 5)": 59.0,
        "(11, 6)": 163.0,
        "(11, 7)": 13.0,
        "(11, 8)": 136.0,
        "(11, 9)": 806.0,
        "(12, 1)": 13.0,
        "(12, 2)": 1420.0,
        "(12, 3)": 4201.0,
        "(12, 4)": 99.0,
        "(12, 5)": 3.0,
        "(12, 6)": 423.0,
        "(12, 7)": 369.0,
        "(12, 8)": 1370.0,
        "(12, 9)": 960.0,
        "(13, 1)": 909.0,
        "(13, 2)": 4.0,
        "(13, 3)": 12.0,
        "(13, 4)": 1045.0,
        "(13, 5)": 25.0,
        "(13, 6)": 3418.0,
        "(13, 7)": 2463.0,
        "(13, 8)": 34.0,
        "(13, 9)": 222.0,
        "(14, 1)": 862.0,
        "(14, 2)": 291.0,
        "(14, 3)": 825.0,