{
    "min_scaled_matching_probability": 0.6093892704798128,
    "scaled_matching_probabilities": {
        "(0, 2)": 0.6122855542533453,
        "(0, 3)": 0.6629649369323793,
        "(0, 4)": 0.6899607030824129,
        "(0, 5)": 0.7168906291766551,
        "(0, 6)": 0.6956144835761883,
        "(0, 7)": 0.6504705161436605,
        "(0, 8)": 0.7530751746937413,
        "(0, 9)": 0.7229870834530336,
        "(0, 10)": 0.7259493608157814,
        "(0, 11)": 0.6391902223300274,
        "(0, 12)": 0.8259627896754328,
        "(0, 13)": 0.7319715805752923,
        "(0, 14)": 0.6384091081281373,
        "(0, 15)": 0.6739246656042643,
        "(0, 16)": 0.6093892704798128,
        "(0, 19)": 0.748996486809354,
        "(0, 20)": 0.7172800980498963
    },
    "matching_probabilities": {
        "(0, 2)": 1.8456108729637465e-06,
        "(0, 3)": 0.00012840452726690767,
        "(0, 4)": 4.618483512277045e-06,
        "(0, 5)": 8.94770284505258e-07,
        "(0, 6)": 0.028550103884253445,
        "(0, 7)": 0.09858794701849294,
        "(0, 8)": 0.00014311549780010658,
        "(0, 9)": 0.014538369207001198,
        "(0, 10)": 0.25600798438076283,
        "(0, 11)": 0.010716240961160675,
        "(0, 12)": 1.5083078383623827e-05,
        "(0, 13)": 0.005671528958483039,
        "(0, 14)": 1.7003362617812594e-05,
        "(0, 15)": 0.031118810597308148,
        "(0, 16)": 0.0030189435236408386,
        "(0, 19)": 0.0011901891327804552,
        "(0, 20)": 0.2560392954412027
    },
    "matching_counts": {
        "(0, 2)": 0.018456108729637464,
        "(0, 3)": 1.2840452726690768,
        "(0, 4)": 0.046184835122770454,
        "(0, 5)": 0.00894770284505258,
        "(0, 6)": 285.50103884253446,
        "(0, 7)": 985.8794701849293,
        "(0, 8)": 1.4311549780010657,
        "(0, 9)": 145.383692070012,
        "(0, 10)": 2560.079843807628,
        "(0, 11)": 107.16240961160676,
        "(0, 12)": 0.15083078383623827,
        "(0, 13)": 56.71528958483039,
        "(0, 14)": 0.17003362617812595,
        "(0, 15)": 311.18810597308146,
        "(0, 16)": 30.189435236408386,
        "(0, 19)": 11.901891327804552,
        "(0, 20)": 2560.392954412027
    },
    "average_num_matching_probability_capped": 0.0,
    "average_num_matching_probability_exceeds_one": 0.0,
    "average_num_proposal_matching_probability_exceeds_one": 0.0,
    "simulation_parameters": {
        "graph_file": "nonuniform_star_20_order_0.json",
        "c_guarantee": 0.7,
        "experiment_name": "nonuniform_star_20_order_0_mc_c70_r70_sim10000",
        "average_edge_weight": 0.05,
        "r": 0.7,
        "num_sim_instances": 10000,
        "rounding_scheme_class": "SimulatedRecursiveRoundingScheme",
        "parallel": true
    }
}