{
    "min_scaled_matching_probability": 3.093171396699132e-05,
    "scaled_matching_probabilities": {
        "(0, 10)": 3.85669138111761,
        "(0, 11)": 1.0338021205750567,
        "(0, 12)": 171.64891473273434,
        "(0, 13)": 0.5709366795754911,
        "(0, 14)": 1.3170584950222857,
        "(0, 15)": 19.05276206784255,
        "(0, 16)": 0.11053438882069493,
        "(0, 17)": 0.8847781748479151,
        "(0, 18)": 0.8086120085232343,
        "(0, 19)": 0.5986721066382336,
        "(10, 1)": 0.6787739301800783,
        "(10, 2)": 1.5879157653983342,
        "(10, 3)": 1.282401457492172,
        "(10, 4)": 1.4369027943063257,
        "(10, 5)": 0.7868701810089795,
        "(10, 6)": 0.774461264970608,
        "(10, 7)": 0.8367103882479374,
        "(10, 8)": 0.7849564105368132,
        "(10, 9)": 1.2087338521031161,
        "(11, 1)": 0.5891916389448949,
        "(11, 2)": 0.8733313324253328,
        "(11, 3)": 61.3348945135376,
        "(11, 4)": 0.7199589740482237,
        "(11, 5)": 11.809362582071644,
        "(11, 6)": 0.9911780140508982,
        "(11, 7)": 105.20716805479988,
        "(11, 8)": 1.2023198104703865,
        "(11, 9)": 0.7401029216335709,
        "(12, 1)": 0.5881852289874332,
        "(12, 2)": 0.5731670881869686,
        "(12, 3)": 0.859877358320736,
        "(12, 4)": 0.8074216297530383,
        "(12, 5)": 571.7918118671834,
        "(12, 6)": 0.6302604841720894,
        "(12, 7)": 0.6109315436673765,
        "(12, 8)": 0.5659552031669391,
        "(12, 9)": 1.0024288781630044,
        "(13, 1)": 1.2981116355707971,
        "(13, 2)": 1.0774356877855125,
        "(13, 3)": 0.8886471599540403,
        "(13, 4)": 1.2740077536608507,
        "(13, 5)": 0.04069313405930082,
        "(13, 6)": 0.9118169565962724,
        "(13, 7)": 0.753478959928801,
        "(13, 8)": 0.7983128060031549,
        "(13, 9)": 7.275528855457669,
        "(14, 1)": 1.7156584492294327,
        "(14, 2)": 0.9268184445696889,
        "(14, 3)": 0.7518735205108792,
        "(14, 4)": 0.6803774710482783,
        "(14, 5)": 0.0005202657972359637,
        "(14, 6)": 3.4804614650687595,
        "(14, 7)": 1.0260115603307274,
        "(14, 8)": 1.2371974865608513,
        "(14, 9)": 0.5188885646420998,
        "(15, 1)": 0.9204713665464261,
        "(15, 2)": 0.9028313959422928,
        "(15, 3)": 0.1650876632440104,
        "(15, 4)": 1.1314656688624862,
        "(15, 5)": 0.9420001165958878,
        "(15, 6)": 0.7912284614877896,
        "(15, 7)": 0.4114581552747984,
        "(15, 8)": 1.538649906059532,
        "(15, 9)": 11.394345962916656,
        "(16, 1)": 0.11688704418131032,
        "(16, 2)": 0.8059582581921897,
        "(16, 3)": 7.588196381594813,
        "(16, 4)": 1.5556031771538652,
        "(16, 5)": 0.677011895522064,
        "(16, 6)": 2.2452084258950666,
        "(16, 7)": 0.902187235612596,
        "(16, 8)": 0.9596502635249049,
        "(16, 9)": 0.7853906615401318,
        "(17, 1)": 4.079093116644515,
        "(17, 2)": 0.8709428382371358,
        "(17, 3)": 0.6656242148524171,
        "(17, 4)": 0.9215911855300513,
        "(17, 5)": 39.10013517312043,
        "(17, 6)": 0.7992224307364219,
        "(17, 7)": 16.703393841850417,
        "(17, 8)": 0.7500828290673273,
        "(17, 9)": 12.803015708714593,
        "(18, 1)": 0.7214594747972699,
        "(18, 2)": 1.2438670961248108,
        "(18, 3)": 21.084100770353594,
        "(18, 4)": 1.0349531707219013,
        "(18, 5)": 5.498480220317024,
        "(18, 6)": 30.900371024468196,
        "(18, 7)": 0.6810337478093854,
        "(18, 8)": 0.5695042678629534,
        "(18, 9)": 1.1396656622422505,
        "(19, 1)": 0.48136806113635594,
        "(19, 2)": 0.5897355915051963,
        "(19, 3)": 9.667794638469209,
        "(19, 4)": 0.8974803107559219,
        "(19, 5)": 0.8985652511082907,
        "(19, 6)": 3.093171396699132e-05,
        "(19, 7)": 0.5990586997260933,
        "(19, 8)": 19.641983275080484,
        "(19, 9)": 0.7211149312943889
    },
    "matching_probabilities": {
        "(0, 10)": 0.005018680272041054,
        "(0, 11)": 0.209231065875193,
        "(0, 12)": 0.13419444675795938,
        "(0, 13)": 0.0037523900892307976,
        "(0, 14)": 0.050353755487522196,
        "(0, 15)": 0.08856750695460928,
        "(0, 16)": 0.013362239686815235,
        "(0, 17)": 0.13270399061139257,
        "(0, 18)": 0.3797780189389534,
        "(0, 19)": 0.002923955325551278,
        "(10, 1)": 0.005690293776966078,
        "(10, 2)": 0.010866210984217752,
        "(10, 3)": 0.002039910565217025,
        "(10, 4)": 0.2203229864807736,
        "(10, 5)": 0.010958325464881626,
        "(10, 6)": 0.14899918429459932,
        "(10, 7)": 0.04234835293347624,
        "(10, 8)": 0.2640890252827373,
        "(10, 9)": 0.22682711392023747,
        "(11, 1)": 0.3645927211476539,
        "(11, 2)": 0.038990716136401316,
        "(11, 3)": 0.010101430306120436,
        "(11, 4)": 0.000231222131984311,
        "(11, 5)": 0.08424915655552372,
        "(11, 6)": 0.01721198398682156,
        "(11, 7)": 0.15718055491507754,
        "(11, 8)": 0.022017371230323237,
        "(11, 9)": 0.06610788237262709,
        "(12, 1)": 0.0010308426657778338,
        "(12, 2)": 0.08695673146164158,
        "(12, 3)": 0.40826282006214226,
        "(12, 4)": 0.007967140134758249,
        "(12, 5)": 0.10758593815622153,
        "(12, 6)": 0.026368743725368335,
        "(12, 7)": 0.025751531930334255,
        "(12, 8)": 0.08483547120067196,
        "(12, 9)": 0.10655261692254976,
        "(13, 1)": 0.1262838611640659,
        "(13, 2)": 0.000988211616258275,
        "(13, 3)": 0.0011561677153173397,
        "(13, 4)": 0.14627590289780598,
        "(13, 5)": 0.00011194590241033598,
        "(13, 6)": 0.35292461806272996,
        "(13, 7)": 0.20213775668070474,
        "(13, 8)": 0.0035260785504164422,
        "(13, 9)": 0.17811822667930774,
        "(14, 1)": 0.28099644916174,
        "(14, 2)": 0.03422336099936308,
        "(14, 3)": 0.06890095640412346,
        "(14, 4)": 0.16968714427855916,
        "(14, 5)": 4.985028448894315e-05,
        "(14, 6)": 0.03132814670153603,
        "(14, 7)": 0.013599622581167772,
        "(14, 8)": 0.012876558172931218,
        "(14, 9)": 0.14311670187762146,
        "(15, 1)": 0.01588351191576588,
        "(15, 2)": 0.04569889458265412,
        "(15, 3)": 0.04796061164259227,
        "(15, 4)": 0.013583102856540583,
        "(15, 5)": 0.4825851985578408,
        "(15, 6)": 0.07523704134376029,
        "(15, 7)": 0.005315205389563197,
        "(15, 8)": 0.0008458881793407556,
        "(15, 9)": 0.024181507877574067,
        "(16, 1)": 0.0019693685713102946,
        "(16, 2)": 0.0011515448027761934,
        "(16, 3)": 0.05100551153923378,
        "(16, 4)": 0.05472358735439122,
        "(16, 5)": 0.0001358473371677848,
        "(16, 6)": 0.28148917067843277,
        "(16, 7)": 0.46702821318256904,
        "(16, 8)": 0.039525160240338066,
        "(16, 9)": 0.08975994166219155,
        "(17, 1)": 0.03450112180216963,
        "(17, 2)": 0.5470997605408622,
        "(17, 3)": 0.06730111617204934,
        "(17, 4)": 0.025899334291682913,
        "(17, 5)": 0.01197290176652524,
        "(17, 6)": 0.012848889403061111,
        "(17, 7)": 0.07406207108677369,
        "(17, 8)": 0.04098208359898228,
        "(17, 9)": 0.05995025821813225,
        "(18, 1)": 0.0005080844028486613,
        "(18, 2)": 0.07871190824381925,
        "(18, 3)": 0.1225205439293344,
        "(18, 4)": 0.01131564157507855,
        "(18, 5)": 0.014778802025227588,
        "(18, 6)": 0.09136525674909496,
        "(18, 7)": 0.0008256141563163917,
        "(18, 8)": 0.2151535774831748,
        "(18, 9)": 0.0685950543127779,
        "(19, 1)": 0.03168260962178861,
        "(19, 2)": 0.008829660028114113,
        "(19, 3)": 0.23103406583615935,
        "(19, 4)": 0.25970874282503636,
        "(19, 5)": 0.32758733366602505,
        "(19, 6)": 3.238810571322017e-06,
        "(19, 7)": 0.04652274333763649,