{
    "min_scaled_matching_probability": 0.0,
    "scaled_matching_probabilities": {
        "(0, 2)": 0.99294011970629,
        "(0, 3)": 0.37428294964863906,
        "(0, 4)": 1.0602111063509818,
        "(0, 5)": 0.0,
        "(0, 6)": 0.9778330121138504,
        "(0, 7)": 0.9836909818698447,
        "(0, 8)": 1.104034979409616,
        "(0, 9)": 0.8775001643068246,
        "(0, 10)": 1.0205156297877884,
        "(0, 11)": 0.9628788394646418,
        "(0, 12)": 1.0636115433654147,
        "(0, 13)": 0.9318704274820016,
        "(0, 14)": 1.0336774615181938,
        "(0, 15)": 1.0251956136614981,
        "(0, 16)": 0.9859655549789261,
        "(0, 19)": 0.0,
        "(0, 20)": 1.0347397005102297
    },
    "matching_probabilities": {
        "(0, 2)": 2.9930170137144636e-06,
        "(0, 3)": 7.249195626555324e-05,
        "(0, 4)": 7.096878840112927e-06,
        "(0, 5)": 0.0,
        "(0, 6)": 0.040133198397162485,
        "(0, 7)": 0.14909219095448578,
        "(0, 8)": 0.00020981240781332952,
        "(0, 9)": 0.017645434697071697,
        "(0, 10)": 0.35988756725048543,
        "(0, 11)": 0.016142990458289926,
        "(0, 12)": 1.942283172903186e-05,
        "(0, 13)": 0.007220403435423405,
        "(0, 14)": 2.753092411163741e-05,
        "(0, 15)": 0.04733892340639889,
        "(0, 16)": 0.004884520405803862,
        "(0, 19)": 0.0,
        "(0, 20)": 0.36935922884793415
    },
    "matching_counts": {
        "(0, 2)": 0.029930170137144635,
        "(0, 3)": 0.7249195626555325,
        "(0, 4)": 0.07096878840112927,
        "(0, 5)": 0,
        "(0, 6)": 401.3319839716249,
        "(0, 7)": 1490.9219095448577,
        "(0, 8)": 2.0981240781332953,
        "(0, 9)": 176.45434697071698,
        "(0, 10)": 3598.8756725048543,
        "(0, 11)": 161.42990458289927,
        "(0, 12)": 0.1942283172903186,
        "(0, 13)": 72.20403435423405,
        "(0, 14)": 0.2753092411163741,
        "(0, 15)": 473.3892340639889,
        "(0, 16)": 48.84520405803862,
        "(0, 19)": 0,
        "(0, 20)": 3693.5922884793417
    },
    "average_num_matching_probability_capped": 1.3651,
    "average_num_matching_probability_exceeds_one": 1.8639,
    "average_num_proposal_matching_probability_exceeds_one": 0.0453,
    "simulation_parameters": {
        "graph_file": "nonuniform_star_20_order_0.json",
        "c_guarantee": 1.0,
        "experiment_name": "nonuniform_star_20_order_0_mc_c100_r50_sim10000",
        "average_edge_weight": 0.05,
        "r": 0.5,
        "num_sim_instances": 10000,
        "rounding_scheme_class": "SimulatedRecursiveRoundingScheme",
        "parallel": true
    }
}