{
    "min_scaled_matching_probability": 0.09914010225506104,
    "scaled_matching_probabilities": {
        "(0, 1)": 0.3066322498922744,
        "(0, 2)": 0.8746141867559732,
        "(0, 3)": 0.13298371639772297,
        "(1, 4)": 0.2540518892963023,
        "(1, 5)": 0.8788455199208081,
        "(1, 6)": 0.20120235223143845,
        "(2, 7)": 0.23781747436628478,
        "(2, 8)": 1.5540977077542353,
        "(2, 9)": 0.13377998089615112,
        "(3, 10)": 0.5989219510842352,
        "(3, 11)": 1.9981585396415424,
        "(3, 12)": 0.23297953450180153,
        "(4, 13)": 0.23535566971360314,
        "(4, 14)": 0.09914010225506104,
        "(4, 15)": 0.4956681916534217,
        "(5, 16)": 2.651614469259986,
        "(5, 17)": 0.30281868754962304,
        "(5, 18)": 0.2239261652528055,
        "(6, 19)": 0.2733595353918788,
        "(6, 20)": 1.6935698361177316,
        "(6, 21)": 0.39991154234627263,
        "(7, 22)": 0.8338963897992576,
        "(7, 23)": 0.5535943241231913,
        "(7, 24)": 0.47646189824048746,
        "(8, 25)": 0.26700909369459747,
        "(8, 26)": 0.2541389010728498,
        "(8, 27)": 0.2982402755430449,
        "(9, 28)": 5.787290454759901,
        "(9, 29)": 0.30867849044123313,
        "(9, 30)": 0.3329886144699296,
        "(10, 31)": 0.1932687664699102,
        "(10, 32)": 0.18864431792979688,
        "(10, 33)": 0.15413026238662053,
        "(11, 34)": 0.47940458315921314,
        "(11, 35)": 0.8971709970387312,
        "(11, 36)": 0.6328600378992981,
        "(12, 37)": 0.23779959689092886,
        "(12, 38)": 0.38927279995350034,
        "(12, 39)": 0.8690904030326883,
        "(13, 40)": 2.6579713853710154,
        "(13, 41)": 1.8005715978368575,
        "(13, 42)": 0.825319449690616,
        "(14, 43)": 0.21347222537348534,
        "(14, 44)": 1.2679181488913953,
        "(14, 45)": 0.19803946068630263,
        "(15, 46)": 1.9250220838713175,
        "(15, 47)": 0.20820182719219615,
        "(15, 48)": 0.7326146315635935,
        "(16, 49)": 0.3091755189830442,
        "(16, 50)": 0.15017357743602094,
        "(16, 51)": 0.4635942727556706,
        "(17, 52)": 0.30368649331538,
        "(17, 53)": 0.6251394330882963,
        "(17, 54)": 0.48117317246828945,
        "(18, 55)": 0.6962599463373864,
        "(18, 56)": 1.092502802100998,
        "(18, 57)": 0.4930311359170748,
        "(19, 58)": 0.19126886756758119,
        "(19, 59)": 0.23571463051739847,
        "(19, 60)": 1.5891861978205424,
        "(20, 61)": 1.1514413410468567,
        "(20, 62)": 0.20078633052074604,
        "(20, 63)": 0.2531467762587969,
        "(21, 64)": 0.6944870254702697,
        "(21, 65)": 2.5132660281077785,
        "(21, 66)": 0.11651419494645521,
        "(22, 67)": 0.36401057273220805,
        "(22, 68)": 0.8162125163381159,
        "(22, 69)": 0.6365011250457641,
        "(23, 70)": 0.1354074051100795,
        "(23, 71)": 0.45831114917306165,
        "(23, 72)": 1.0906196061409326,
        "(24, 73)": 0.7466360754958403,
        "(24, 74)": 0.4391598947271957,
        "(24, 75)": 0.3049127405774273,
        "(25, 76)": 0.7856266542146243,
        "(25, 77)": 0.3073297524433458,
        "(25, 78)": 1.1969699966970127,
        "(26, 79)": 0.5014217488791187,
        "(26, 80)": 0.8570565869649617,
        "(26, 81)": 0.26359315737712424,
        "(27, 82)": 0.23558520014829312,
        "(27, 83)": 1.3141300779275344,
        "(27, 84)": 0.24301025562816747,
        "(28, 85)": 0.26829048456411436,
        "(28, 86)": 0.13849497720853188,
        "(28, 87)": 0.7117530996764129,
        "(29, 88)": 2.5018759647764384,
        "(29, 89)": 0.1497841524573635,
        "(29, 90)": 6.026139283714477,
        "(30, 91)": 0.2265976948164073,
        "(30, 92)": 0.36148925818655114,
        "(30, 93)": 1.664651318783765,
        "(31, 94)": 1.241832270635573,
        "(31, 95)": 0.5598987526339987,
        "(31, 96)": 0.41181694938852853,
        "(32, 97)": 0.1771892302121309,
        "(32, 98)": 0.2944054653789451,
        "(32, 99)": 1.4876190623874077,
        "(33, 100)": 0.6301137201388377,
        "(33, 101)": 0.3597754729024116,
        "(33, 102)": 0.28365769506346616,
        "(34, 103)": 0.16551849901128254,
        "(34, 104)": 0.8965268965443771,
        "(34, 105)": 0.26896957129948806,
        "(35, 106)": 3.8631988060323184,
        "(35, 107)": 0.23675131345374997,
        "(35, 108)": 2.0023971952906976,
        "(36, 109)": 0.2765277552449281,
        "(36, 110)": 0.5081376837211087,
        "(36, 111)": 0.31367334788932166,
        "(37, 112)": 0.26509117295330054,
        "(37, 113)": 0.18083131167604172,
        "(37, 114)": 1.7515987346350692,
        "(38, 115)": 0.600107062653673,
        "(38, 116)": 0.11162826593384609,
        "(38, 117)": 0.21386658612088824,
        "(39, 118)": 1.008084791582252,
        "(39, 119)": 3.6754587295759955,
        "(39, 120)": 0.26214669128355755
    },
    "matching_probabilities": {
        "(0, 1)": 0.1272534317541645,
        "(0, 2)": 0.10856871096449974,
        "(0, 3)": 0.011183054626337289,
        "(1, 4)": 0.00778319837253829,
        "(1, 5)": 0.3375122362459446,
        "(1, 6)": 0.016332136939334437,
        "(2, 7)": 0.0335770976999234,
        "(2, 8)": 0.6417170136069508,
        "(2, 9)": 0.022129501117384286,
        "(3, 10)": 0.08785978004485093,
        "(3, 11)": 0.35939022808881455,
        "(3, 12)": 0.07041138124494095,
        "(4, 13)": 0.05902314669566073,
        "(4, 14)": 0.013258316171059468,
        "(4, 15)": 0.04181073673016899,
        "(5, 16)": 0.3236242873099611,
        "(5, 17)": 0.041670784990491316,
        "(5, 18)": 0.023340794415971516,
        "(6, 19)": 0.030007733095832025,
        "(6, 20)": 0.6090257951823804,
        "(6, 21)": 0.042677673038495255,
        "(7, 22)": 0.07035738200328782,
        "(7, 23)": 0.13015867716544607,
        "(7, 24)": 0.03146398276476265,
        "(8, 25)": 0.005397143442945123,
        "(8, 26)": 0.046102891987349605,
        "(8, 27)": 0.02577628497226292,
        "(9, 28)": 0.7317711564788506,
        "(9, 29)": 0.12314308772657899,
        "(9, 30)": 0.046821613738818754,
        "(10, 31)": 0.026458302524639443,
        "(10, 32)": 0.024817335104325242,
        "(10, 33)": 0.054943602724255844,
        "(11, 34)": 0.01207703881439518,
        "(11, 35)": 0.10960731068114338,
        "(11, 36)": 0.3419936174744051,
        "(12, 37)": 0.1317827088383192,
        "(12, 38)": 0.03533852865013252,
        "(12, 39)": 0.02474592034658326,
        "(13, 40)": 0.061104116456940506,
        "(13, 41)": 0.4707423677448519,
        "(13, 42)": 0.34491678520634145,
        "(14, 43)": 0.046889277180282865,
        "(14, 44)": 0.6721765758364587,
        "(14, 45)": 0.009432079501135409,
        "(15, 46)": 0.3532000590051116,
        "(15, 47)": 0.009634553438549522,
        "(15, 48)": 0.44976734186862805,
        "(16, 49)": 0.2216640175318106,
        "(16, 50)": 0.007673278718828348,
        "(16, 51)": 0.03277100639832766,
        "(17, 52)": 0.006818088004398035,
        "(17, 53)": 0.4808570665534514,
        "(17, 54)": 0.0254497011096198,
        "(18, 55)": 0.044529963124145595,
        "(18, 56)": 0.7626638032336017,
        "(18, 57)": 0.052902678115177265,
        "(19, 58)": 0.09040992392432544,
        "(19, 59)": 0.012303160542296738,
        "(19, 60)": 0.44994083423589565,
        "(20, 61)": 0.48370030619611026,
        "(20, 62)": 0.007401583173632704,
        "(20, 63)": 0.04068240541626233,
        "(21, 64)": 0.3067555759834045,
        "(21, 65)": 0.676842882384758,
        "(21, 66)": 0.010954368617011517,
        "(22, 67)": 0.03304423434673235,
        "(22, 68)": 0.415255401439599,
        "(22, 69)": 0.15452002884245336,
        "(23, 70)": 0.027047891881236866,
        "(23, 71)": 0.08124795268538096,
        "(23, 72)": 0.3038588869975676,
        "(24, 73)": 0.46460291403561216,
        "(24, 74)": 0.017833562995605713,
        "(24, 75)": 0.0783060982056009,