{
    "min_scaled_matching_probability": 0.4325093880855113,
    "scaled_matching_probabilities": {
        "(0, 10)": 0.5839201059034407,
        "(0, 11)": 0.5675023480831544,
        "(0, 12)": 0.567847701247064,
        "(0, 13)": 0.5312635952010049,
        "(0, 14)": 0.5797080634842486,
        "(0, 15)": 0.6205109337801815,
        "(0, 16)": 0.6486126678114029,
        "(0, 17)": 0.6124865662529845,
        "(0, 18)": 0.5966443557622028,
        "(0, 19)": 0.5627401142381948,
        "(10, 1)": 0.45234679797872723,
        "(10, 2)": 0.674873270283055,
        "(10, 3)": 0.6418717780065454,
        "(10, 4)": 0.6182809787154583,
        "(10, 5)": 0.5381823233788261,
        "(10, 6)": 0.5657685452859252,
        "(10, 7)": 0.5851043401502394,
        "(10, 8)": 0.5540292282146801,
        "(10, 9)": 0.6281495832815212,
        "(11, 1)": 0.6127938527653425,
        "(11, 2)": 0.6402711083098184,
        "(11, 3)": 0.5231699035696803,
        "(11, 4)": 0.6672730124855484,
        "(11, 5)": 0.6284326058511445,
        "(11, 6)": 0.5286040514994004,
        "(11, 7)": 0.6146985712790949,
        "(11, 8)": 0.5789707422176443,
        "(11, 9)": 0.577038947222165,
        "(12, 1)": 0.6314334290310286,
        "(12, 2)": 0.6045522414637129,
        "(12, 3)": 0.5962892190780813,
        "(12, 4)": 0.7099496607390078,
        "(12, 5)": 0.47167298629566284,
        "(12, 6)": 0.5876720682111758,
        "(12, 7)": 0.6090095660490638,
        "(12, 8)": 0.5902106465252392,
        "(12, 9)": 0.5674491630455942,
        "(13, 1)": 0.5747084201172256,
        "(13, 2)": 0.6602079975569928,
        "(13, 3)": 0.6376627115120849,
        "(13, 4)": 0.6384006176299877,
        "(13, 5)": 0.5285247485668226,
        "(13, 6)": 0.5881672081051383,
        "(13, 7)": 0.5944035437182823,
        "(13, 8)": 0.5500481354871537,
        "(13, 9)": 0.5694024175566582,
        "(14, 1)": 0.5933986148047511,
        "(14, 2)": 0.6299421647459542,
        "(14, 3)": 0.5876918142315012,
        "(14, 4)": 0.5873301051416616,
        "(14, 5)": 0.6408548824311268,
        "(14, 6)": 0.5800221959559012,
        "(14, 7)": 0.5959733127854753,
        "(14, 8)": 0.6132001214374646,
        "(14, 9)": 0.5846594517699898,
        "(15, 1)": 0.5249855855757505,
        "(15, 2)": 0.6719085622855268,
        "(15, 3)": 0.6080753039682062,
        "(15, 4)": 0.4895391596419061,
        "(15, 5)": 0.5675875613262263,
        "(15, 6)": 0.6511867668360022,
        "(15, 7)": 0.627614716542305,
        "(15, 8)": 0.4325093880855113,
        "(15, 9)": 0.5795779627269539,
        "(16, 1)": 0.5780621460741806,
        "(16, 2)": 0.5071816484499329,
        "(16, 3)": 0.5847119773933639,
        "(16, 4)": 0.6117519914651192,
        "(16, 5)": 0.5219620172604348,
        "(16, 6)": 0.5639497066417121,
        "(16, 7)": 0.5887424538202075,
        "(16, 8)": 0.6056805547906945,
        "(16, 9)": 0.5660177847034755,
        "(17, 1)": 0.5428275787457862,
        "(17, 2)": 0.5770511683194927,
        "(17, 3)": 0.5594083805936938,
        "(17, 4)": 0.7106719088832275,
        "(17, 5)": 0.6219385103913966,
        "(17, 6)": 0.6878319368004829,
        "(17, 7)": 0.5972916515714565,
        "(17, 8)": 0.6503029305946672,
        "(17, 9)": 0.6149509134735839,
        "(18, 1)": 0.6926624850396028,
        "(18, 2)": 0.6887882218247119,
        "(18, 3)": 0.7276199100908118,
        "(18, 4)": 0.6468601736471898,
        "(18, 5)": 0.5119746712187149,
        "(18, 6)": 0.6110942778458038,
        "(18, 7)": 0.6077198960691433,
        "(18, 8)": 0.6080390523778917,
        "(18, 9)": 0.607708683946666,
        "(19, 1)": 0.6848892851613766,
        "(19, 2)": 0.7244030782479464,
        "(19, 3)": 0.5450644999424439,
        "(19, 4)": 0.5836245404808622,
        "(19, 5)": 0.6411137039410031,
        "(19, 6)": 0.6100130316055214,
        "(19, 7)": 0.6070124708895873,
        "(19, 8)": 0.5153195032358016,
        "(19, 9)": 0.623487797607774
    },
    "matching_probabilities": {
        "(0, 10)": 0.000759850355227673,
        "(0, 11)": 0.11485672046219447,
        "(0, 12)": 0.0004439411005323219,
        "(0, 13)": 0.0034916450820493923,
        "(0, 14)": 0.022163387725870846,
        "(0, 15)": 0.0028844692568614242,
        "(0, 16)": 0.0784092446130933,
        "(0, 17)": 0.0918641687241113,
        "(0, 18)": 0.2802239010230661,
        "(0, 19)": 0.0027484610284714754,
        "(10, 1)": 0.0037921111214244876,
        "(10, 2)": 0.0046182017348162675,
        "(10, 3)": 0.0010210227178240564,
        "(10, 4)": 0.09480217607942452,
        "(10, 5)": 0.007494981003688646,
        "(10, 6)": 0.10884863525142761,
        "(10, 7)": 0.02961383705475005,
        "(10, 8)": 0.18639638697555455,
        "(10, 9)": 0.11787653405920523,
        "(11, 1)": 0.3791978085133125,
        "(11, 2)": 0.028585518585618353,
        "(11, 3)": 8.616244245765258e-05,
        "(11, 4)": 0.00021430150067435348,
        "(11, 5)": 0.00448330014655719,
        "(11, 6)": 0.009179304162117409,
        "(11, 7)": 0.0009183657760736146,
        "(11, 8)": 0.010602348603001436,
        "(11, 9)": 0.05154259189139393,
        "(12, 1)": 0.0011066386695295456,
        "(12, 2)": 0.09171825807685795,
        "(12, 3)": 0.2831133019119052,
        "(12, 4)": 0.007005346682949036,
        "(12, 5)": 8.8748001773332e-05,
        "(12, 6)": 0.024586935958032432,
        "(12, 7)": 0.025670518159609208,
        "(12, 8)": 0.08847131014157775,
        "(12, 9)": 0.0603166913984164,
        "(13, 1)": 0.05590921177129003,
        "(13, 2)": 0.0006055351792489677,
        "(13, 3)": 0.0008296262831134422,
        "(13, 4)": 0.07329831901415768,
        "(13, 5)": 0.001453959772139641,
        "(13, 6)": 0.22765390112111977,
        "(13, 7)": 0.15946218179951346,
        "(13, 8)": 0.0024295149941890633,
        "(13, 9)": 0.01394001053353293,
        "(14, 1)": 0.09718886866585871,
        "(14, 2)": 0.02326101540073527,
        "(14, 3)": 0.05385550490448344,
        "(14, 4)": 0.14648099405284776,
        "(14, 5)": 0.061404763440235516,
        "(14, 6)": 0.0052208652868089055,
        "(14, 7)": 0.007899532944558755,
        "(14, 8)": 0.006382091073662751,
        "(14, 9)": 0.16125722970328557,
        "(15, 1)": 0.009059070284156616,
        "(15, 2)": 0.03401020245316282,
        "(15, 3)": 0.17665561998999632,
        "(15, 4)": 0.005876855958347774,
        "(15, 5)": 0.29077422725955243,
        "(15, 6)": 0.06192063112444795,
        "(15, 7)": 0.008107510037580631,
        "(15, 8)": 0.0002377763631574824,
        "(15, 9)": 0.0012300020656703557,
        "(16, 1)": 0.009739466257499043,
        "(16, 2)": 0.0007246558806234246,
        "(16, 3)": 0.0039302532525914155,
        "(16, 4)": 0.021520439168435174,
        "(16, 5)": 0.00010473545681627467,
        "(16, 6)": 0.07070423101749941,
        "(16, 7)": 0.3047697034259989,
        "(16, 8)": 0.0249461933086186,
        "(16, 9)": 0.06468847393107283,
        "(17, 1)": 0.0045912559180044145,
        "(17, 2)": 0.3624859659520626,
        "(17, 3)": 0.05656165681758094,
        "(17, 4)": 0.01997190254080935,
        "(17, 5)": 0.00019044457664315945,
        "(17, 6)": 0.011058093646970472,
        "(17, 7)": 0.002648363391120346,
        "(17, 8)": 0.035530434818021484,
        "(17, 9)": 0.0028795142404710056,
        "(18, 1)": 0.00048780425981086325,
        "(18, 2)": 0.04358651779164843,
        "(18, 3)": 0.004228228091353624,
        "(18, 4)": 0.00707243388517673,
        "(18, 5)": 0.0013760843005153377,
        "(18, 6)": 0.001806864569654323,
        "(18, 7)": 0.0007367361028491113,
        "(18, 8)": 0.22971167162537245,
        "(18, 9)": 0.03657722748235919,
        "(19, 1)": 0.04507793850030093,
        "(19, 2)": 0.010845933323989237,
        "(19, 3)": 0.013025562941063388,
        "(19, 4)": 0.16888659714713875,
        "(19, 5)": 0.2337289680318073,
        "(19, 6)": 0.06387349428862993,