{
    "min_scaled_matching_probability": 0.687842954695767,
    "scaled_matching_probabilities": {
        "(0, 1)": 0.8148860780369994,
        "(0, 2)": 0.8110521945459742,
        "(0, 3)": 0.7344578409816849,
        "(1, 4)": 0.687842954695767,
        "(1, 5)": 0.8496447578018478,
        "(1, 6)": 0.7685368872490456,
        "(2, 7)": 0.851428644027833,
        "(2, 8)": 0.7970263889007261,
        "(2, 9)": 0.8713302094874688,
        "(3, 10)": 0.8680595566307381,
        "(3, 11)": 0.8346412548370663,
        "(3, 12)": 0.8115567143060106,
        "(4, 13)": 0.8100658827116742,
        "(4, 14)": 0.8439760105204335,
        "(4, 15)": 0.7642433543239636,
        "(5, 16)": 0.8444393478261248,
        "(5, 17)": 0.7861480977228372,
        "(5, 18)": 0.7595010307073773,
        "(6, 19)": 0.8717924772210459,
        "(6, 20)": 0.8514941133699299,
        "(6, 21)": 0.8511108698588794,
        "(7, 22)": 0.7751073461355302,
        "(7, 23)": 0.8265638389836261,
        "(7, 24)": 0.7789479202812355,
        "(8, 25)": 0.7726720746727065,
        "(8, 26)": 0.8399577635751627,
        "(8, 27)": 0.8415045049841987,
        "(9, 28)": 0.844870693063037,
        "(9, 29)": 0.83240675502509,
        "(9, 30)": 0.8236660859228059,
        "(10, 31)": 0.7917772362362915,
        "(10, 32)": 0.761833948611535,
        "(10, 33)": 0.8205504202563966,
        "(11, 34)": 0.7241459938181208,
        "(11, 35)": 0.7740152792714781,
        "(11, 36)": 0.8277061740532594,
        "(12, 37)": 0.8233809159747363,
        "(12, 38)": 0.832873611023015,
        "(12, 39)": 0.8037088622448938,
        "(13, 40)": 0.8286361889617905,
        "(13, 41)": 0.8023457585535321,
        "(13, 42)": 0.8200519060205738,
        "(14, 43)": 0.8046267920574911,
        "(14, 44)": 0.8277275616335391,
        "(14, 45)": 0.7957437892998778,
        "(15, 46)": 0.8175530614207812,
        "(15, 47)": 0.7703981944384337,
        "(15, 48)": 0.8380697974582648,
        "(16, 49)": 0.8107618409298855,
        "(16, 50)": 0.7916599360145377,
        "(16, 51)": 0.8621567791514241,
        "(17, 52)": 0.7637771169276394,
        "(17, 53)": 0.8032981113141111,
        "(17, 54)": 0.8936824266256516,
        "(18, 55)": 0.7962406026870431,
        "(18, 56)": 0.7966523830346462,
        "(18, 57)": 0.846755154932093,
        "(19, 58)": 0.7927363114083671,
        "(19, 59)": 0.842800349500684,
        "(19, 60)": 0.8200822203190824,
        "(20, 61)": 0.8355186258399334,
        "(20, 62)": 0.7111920720305506,
        "(20, 63)": 0.7894423965395235,
        "(21, 64)": 0.8344954656625405,
        "(21, 65)": 0.7825838085790999,
        "(21, 66)": 0.7456090955566315,
        "(22, 67)": 0.860504135798817,
        "(22, 68)": 0.798815036455555,
        "(22, 69)": 0.804384362779439,
        "(23, 70)": 0.8279612010569778,
        "(23, 71)": 0.7743117999123765,
        "(23, 72)": 0.818747734520751,
        "(24, 73)": 0.8222502169882655,
        "(24, 74)": 0.8105552015508767,
        "(24, 75)": 0.795062051792436,
        "(25, 76)": 0.8076619518770886,
        "(25, 77)": 0.8300159444859201,
        "(25, 78)": 0.8193293943354897,
        "(26, 79)": 0.8145092531218486,
        "(26, 80)": 0.7629618467663868,
        "(26, 81)": 0.8189246920057998,
        "(27, 82)": 0.6986089667418613,
        "(27, 83)": 0.8352357564076757,
        "(27, 84)": 0.8092385290782392,
        "(28, 85)": 0.8106804002065419,
        "(28, 86)": 0.8273554567791124,
        "(28, 87)": 0.8226690966825344,
        "(29, 88)": 0.8013313921009525,
        "(29, 89)": 0.7707287803656786,
        "(29, 90)": 0.7178692473542466,
        "(30, 91)": 0.8008800496974883,
        "(30, 92)": 0.8288461732761679,
        "(30, 93)": 0.8336698967686441,
        "(31, 94)": 0.8075099442285036,
        "(31, 95)": 0.856222418585475,
        "(31, 96)": 0.7946746346898821,
        "(32, 97)": 0.8386041387192648,
        "(32, 98)": 0.9230691997377274,
        "(32, 99)": 0.8261189392106597,
        "(33, 100)": 0.8331428087017876,
        "(33, 101)": 0.788088952213044,
        "(33, 102)": 0.8463237559404148,
        "(34, 103)": 0.7680030988478087,
        "(34, 104)": 0.8484519972728128,
        "(34, 105)": 0.8400742930255637,
        "(35, 106)": 0.797489091272932,
        "(35, 107)": 0.8109556764110385,
        "(35, 108)": 0.8080602243763675,
        "(36, 109)": 0.770172001624005,
        "(36, 110)": 0.8273313320847863,
        "(36, 111)": 0.7606331333580534,
        "(37, 112)": 0.823258560827405,
        "(37, 113)": 0.8003300750640739,
        "(37, 114)": 0.7935008470843221,
        "(38, 115)": 0.8058887933453824,
        "(38, 116)": 0.7737671081955663,
        "(38, 117)": 0.8298082060259733,
        "(39, 118)": 0.7963816342675044,
        "(39, 119)": 0.8574131574475506,
        "(39, 120)": 0.835707617264587
    },
    "matching_probabilities": {
        "(0, 1)": 0.33818050761239493,
        "(0, 2)": 0.10067855360703559,
        "(0, 3)": 0.0617630667793592,
        "(1, 4)": 0.02107293191315757,
        "(1, 5)": 0.32629796217904805,
        "(1, 6)": 0.062384209460151524,
        "(2, 7)": 0.12021195179713347,
        "(2, 8)": 0.32910761755797474,
        "(2, 9)": 0.14413294661352707,
        "(3, 10)": 0.12734133650192567,
        "(3, 11)": 0.1501191747287675,
        "(3, 12)": 0.2452697372543264,
        "(4, 13)": 0.20315056563805212,
        "(4, 14)": 0.11286755342940037,
        "(4, 15)": 0.06446566114890603,
        "(5, 16)": 0.10306214771598582,
        "(5, 17)": 0.10818159412808302,
        "(5, 18)": 0.07916608314372615,
        "(6, 19)": 0.0957000308546053,
        "(6, 20)": 0.3062063745047638,
        "(6, 21)": 0.0908286647848115,
        "(7, 22)": 0.06539724156707302,
        "(7, 23)": 0.19433807607276116,
        "(7, 24)": 0.051439168648918975,
        "(8, 25)": 0.015618277129304308,
        "(8, 26)": 0.15237526362381237,
        "(8, 27)": 0.07272947923086638,
        "(9, 28)": 0.10682926819913277,
        "(9, 29)": 0.3320773595585752,
        "(9, 30)": 0.11581589774843472,
        "(10, 31)": 0.10839351867920288,
        "(10, 32)": 0.1002240014649145,
        "(10, 33)": 0.29250580390695685,
        "(11, 34)": 0.01824250243291014,
        "(11, 35)": 0.09456138625421746,
        "(11, 36)": 0.44728725424027554,
        "(12, 37)": 0.45629752502354376,
        "(12, 38)": 0.07560900214089435,
        "(12, 39)": 0.022884288467061985,
        "(13, 40)": 0.019049521175973434,
        "(13, 41)": 0.20976568917630492,
        "(13, 42)": 0.34271537794605444,
        "(14, 43)": 0.17673666264291277,
        "(14, 44)": 0.43881308788801854,
        "(14, 45)": 0.03789910686082932,
        "(15, 46)": 0.15000336461227443,
        "(15, 47)": 0.03565022782642209,
        "(15, 48)": 0.5145084589679859,
        "(16, 49)": 0.5812773518198935,
        "(16, 50)": 0.040450706730732054,
        "(16, 51)": 0.060944983547765993,
        "(17, 52)": 0.017147616748137817,
        "(17, 53)": 0.6178966690137964,
        "(17, 54)": 0.047267703076362695,
        "(18, 55)": 0.050924320524421376,
        "(18, 56)": 0.5561339843997462,
        "(18, 57)": 0.09085757904602997,
        "(19, 58)": 0.37471456028335176,
        "(19, 59)": 0.043990090824020174,
        "(19, 60)": 0.23218706458590904,
        "(20, 61)": 0.350986716165581,
        "(20, 62)": 0.026216661562119686,
        "(20, 63)": 0.1268687522055323,
        "(21, 64)": 0.3685974364337646,
        "(21, 65)": 0.2107561534602515,
        "(21, 66)": 0.07010027302405007,
        "(22, 67)": 0.07811503964360696,
        "(22, 68)": 0.40640427829696213,
        "(22, 69)": 0.19527615906124401,
        "(23, 70)": 0.16538685627896385,
        "(23, 71)": 0.1372675497781905,
        "(23, 72)": 0.22811232618818963,
        "(24, 73)": 0.5116546861541127,
        "(24, 74)": 0.032915317226890416,
        "(24, 75)": 0.20418368543506518,
        "(25, 76)": 0.5165678850929403,