{
    "min_scaled_matching_probability": 0.6993684327399862,
    "scaled_matching_probabilities": {
        "(0, 1)": 0.7826275952587723,
        "(0, 2)": 0.7385588698063514,
        "(0, 3)": 0.8245898998388853,
        "(0, 4)": 0.7574719734007895,
        "(0, 5)": 0.717380968042434,
        "(0, 6)": 0.7865174595844615,
        "(0, 7)": 0.7945975935459878,
        "(0, 8)": 0.7798421444780838,
        "(0, 9)": 0.7983834946194742,
        "(1, 2)": 0.7902590121057981,
        "(1, 3)": 0.8869843555967866,
        "(1, 4)": 0.7744396554936481,
        "(1, 5)": 0.7984300358768486,
        "(1, 6)": 0.8276154636775653,
        "(1, 7)": 0.7810775653085567,
        "(1, 8)": 0.849313000776457,
        "(1, 9)": 0.846010300974331,
        "(2, 3)": 0.7466715737335592,
        "(2, 4)": 0.8606469277496378,
        "(2, 5)": 0.8004803771438336,
        "(2, 6)": 0.836286423210163,
        "(2, 7)": 0.7502213240978128,
        "(2, 8)": 0.8389539702725227,
        "(2, 9)": 0.8044669149477891,
        "(3, 4)": 0.8017253906134139,
        "(3, 5)": 0.8117154196157724,
        "(3, 6)": 0.6993684327399862,
        "(3, 7)": 0.752161969115243,
        "(3, 8)": 0.8466478279446806,
        "(3, 9)": 0.7623066238831706,
        "(4, 5)": 0.9094365849967864,
        "(4, 6)": 0.7782785361356919,
        "(4, 7)": 0.7075011855932463,
        "(4, 8)": 0.8259796376775416,
        "(4, 9)": 0.7880237267081952,
        "(5, 6)": 0.8087577321040259,
        "(5, 7)": 0.7880004536430314,
        "(5, 8)": 0.8419797734277685,
        "(5, 9)": 0.7637601805723769,
        "(6, 7)": 0.7129114854847064,
        "(6, 8)": 0.7764562083497217,
        "(6, 9)": 0.7673214226845891,
        "(7, 8)": 0.7766871856655969,
        "(7, 9)": 0.7482547490106274,
        "(8, 9)": 0.8421631097734942
    },
    "matching_probabilities": {
        "(0, 1)": 0.04197507360168035,
        "(0, 2)": 0.0472191574321065,
        "(0, 3)": 0.10443807783431473,
        "(0, 4)": 0.022160879734378438,
        "(0, 5)": 0.056111218919388896,
        "(0, 6)": 0.0234265103763788,
        "(0, 7)": 0.00356024945830269,
        "(0, 8)": 0.39022230148061315,
        "(0, 9)": 0.0778127120034414,
        "(1, 2)": 0.10490897233288665,
        "(1, 3)": 0.0016713949278092763,
        "(1, 4)": 0.18296767481244106,
        "(1, 5)": 0.04024036396189097,
        "(1, 6)": 0.01770948000928208,
        "(1, 7)": 0.197566714150324,
        "(1, 8)": 0.001789990200965656,
        "(1, 9)": 0.20768940275587164,
        "(2, 3)": 0.1999771550610099,
        "(2, 4)": 0.0028602395073684035,
        "(2, 5)": 0.07787595356657565,
        "(2, 6)": 0.06421160068273632,
        "(2, 7)": 0.17738346156122745,
        "(2, 8)": 0.003204117487145964,
        "(2, 9)": 0.008073151898790714,
        "(3, 4)": 0.013647185926219128,
        "(3, 5)": 0.02371634757617675,
        "(3, 6)": 0.007521055385749704,
        "(3, 7)": 0.009306966108196722,
        "(3, 8)": 0.1373266958781222,
        "(3, 9)": 0.19653747561785206,
        "(4, 5)": 0.11575612814849184,
        "(4, 6)": 0.3529037843895302,
        "(4, 7)": 0.0002832936202647169,
        "(4, 8)": 0.007914806880913255,
        "(4, 9)": 0.09490426113867097,
        "(5, 6)": 0.05500323771855975,
        "(5, 7)": 0.34705482500510987,
        "(5, 8)": 0.0017356722600843089,
        "(5, 9)": 0.06536077781338653,
        "(6, 7)": 0.001197432777487516,
        "(6, 8)": 0.205992377555515,
        "(6, 9)": 0.03877403709972212,
        "(7, 8)": 0.0003121082847783708,
        "(7, 9)": 0.037901465171066906,
        "(8, 9)": 0.043584265279792374
    },
    "matching_counts": {
        "(0, 1)": 419.75073601680356,
        "(0, 2)": 472.191574321065,
        "(0, 3)": 1044.3807783431473,
        "(0, 4)": 221.60879734378437,
        "(0, 5)": 561.112189193889,
        "(0, 6)": 234.265103763788,
        "(0, 7)": 35.6024945830269,
        "(0, 8)": 3902.2230148061317,
        "(0, 9)": 778.127120034414,
        "(1, 2)": 1049.0897233288665,
        "(1, 3)": 16.713949278092763,
        "(1, 4)": 1829.6767481244106,
        "(1, 5)": 402.4036396189097,
        "(1, 6)": 177.0948000928208,
        "(1, 7)": 1975.6671415032401,
        "(1, 8)": 17.89990200965656,
        "(1, 9)": 2076.8940275587165,
        "(2, 3)": 1999.771550610099,
        "(2, 4)": 28.602395073684033,
        "(2, 5)": 778.7595356657565,
        "(2, 6)": 642.1160068273632,
        "(2, 7)": 1773.8346156122743,
        "(2, 8)": 32.04117487145964,
        "(2, 9)": 80.73151898790715,
        "(3, 4)": 136.4718592621913,
        "(3, 5)": 237.1634757617675,
        "(3, 6)": 75.21055385749705,
        "(3, 7)": 93.06966108196723,
        "(3, 8)": 1373.2669587812222,
        "(3, 9)": 1965.3747561785206,
        "(4, 5)": 1157.5612814849185,
        "(4, 6)": 3529.037843895302,
        "(4, 7)": 2.8329362026471694,
        "(4, 8)": 79.14806880913255,
        "(4, 9)": 949.0426113867097,
        "(5, 6)": 550.0323771855975,
        "(5, 7)": 3470.548250051099,
        "(5, 8)": 17.35672260084309,
        "(5, 9)": 653.6077781338654,
        "(6, 7)": 11.97432777487516,
        "(6, 8)": 2059.92377555515,
        "(6, 9)": 387.74037099722113,
        "(7, 8)": 3.1210828477837085,
        "(7, 9)": 379.01465171066906,
        "(8, 9)": 435.84265279792373
    },
    "average_num_matching_probability_capped": 0.0,
    "average_num_matching_probability_exceeds_one": 2.0357,
    "average_num_proposal_matching_probability_exceeds_one": 0.216,
    "simulation_parameters": {
        "graph_file": "nonuniform_complete_10_order_0.json",
        "c_guarantee": 0.8,
        "experiment_name": "nonuniform_complete_10_order_0_mc_c80_r60_sim10000",
        "average_edge_weight": 0.1111111111111111,
        "r": 0.6,
        "num_sim_instances": 10000,
        "rounding_scheme_class": "SimulatedRecursiveRoundingScheme",
        "parallel": true
    }
}