{
    "min_scaled_matching_probability": 0.18327048966774231,
    "scaled_matching_probabilities": {
        "(0, 1)": 0.34905172690805686,
        "(0, 2)": 0.6993028516052006,
        "(0, 3)": 0.7775426273736658,
        "(1, 4)": 0.5676927739907327,
        "(1, 5)": 0.41797325968881127,
        "(1, 6)": 0.26674482407516253,
        "(2, 7)": 0.35157213517777974,
        "(2, 8)": 0.36231766430127826,
        "(2, 9)": 0.35650576610241924,
        "(3, 10)": 0.3603707732324431,
        "(3, 11)": 0.5071590094594318,
        "(3, 12)": 0.413227989188433,
        "(4, 13)": 0.4155480429099617,
        "(4, 14)": 0.3021106070014191,
        "(4, 15)": 0.948006201572184,
        "(5, 16)": 0.3439496517280239,
        "(5, 17)": 0.3399794203833577,
        "(5, 18)": 0.5619113850907828,
        "(6, 19)": 0.570077488702616,
        "(6, 20)": 0.46968397651180177,
        "(6, 21)": 0.4657851821000443,
        "(7, 22)": 0.7558984606886658,
        "(7, 23)": 0.580251019165977,
        "(7, 24)": 0.41511868948690256,
        "(8, 25)": 0.24199590107578964,
        "(8, 26)": 0.3835385626683077,
        "(8, 27)": 0.3641120813596435,
        "(9, 28)": 0.7347056167913993,
        "(9, 29)": 0.2910315320778251,
        "(9, 30)": 0.3537519168065928,
        "(10, 31)": 0.5434691713652458,
        "(10, 32)": 0.4580918278914667,
        "(10, 33)": 0.326753874311703,
        "(11, 34)": 0.44435582413234487,
        "(11, 35)": 0.8220444445672584,
        "(11, 36)": 0.3259388703691564,
        "(12, 37)": 0.41738364003661993,
        "(12, 38)": 0.5846041183170441,
        "(12, 39)": 0.6964332567115235,
        "(13, 40)": 0.709315917324354,
        "(13, 41)": 0.48517074518375375,
        "(13, 42)": 0.35665223291940934,
        "(14, 43)": 0.327775351617105,
        "(14, 44)": 0.3351328517968308,
        "(14, 45)": 0.3463551427247529,
        "(15, 46)": 0.492926984574527,
        "(15, 47)": 0.473648388273016,
        "(15, 48)": 0.37103104434924694,
        "(16, 49)": 0.3837346508939797,
        "(16, 50)": 0.5594237077615538,
        "(16, 51)": 0.8382376616247166,
        "(17, 52)": 0.3117778480296989,
        "(17, 53)": 0.4537192651302723,
        "(17, 54)": 0.3804466862186808,
        "(18, 55)": 0.7082495881688936,
        "(18, 56)": 0.299067363657119,
        "(18, 57)": 0.5697031375998166,
        "(19, 58)": 0.43064241896952304,
        "(19, 59)": 0.4772138910589138,
        "(19, 60)": 0.4418311018536992,
        "(20, 61)": 0.4046638823772759,
        "(20, 62)": 0.6263989739882713,
        "(20, 63)": 0.6503341950515892,
        "(21, 64)": 0.26634086528822326,
        "(21, 65)": 0.43441410981690987,
        "(21, 66)": 0.8703150917427618,
        "(22, 67)": 0.31871320773091766,
        "(22, 68)": 0.430054251191588,
        "(22, 69)": 0.2932272408090025,
        "(23, 70)": 0.18327048966774231,
        "(23, 71)": 0.33468936441592545,
        "(23, 72)": 0.4657818996439315,
        "(24, 73)": 0.3593382360385732,
        "(24, 74)": 0.2733387983597958,
        "(24, 75)": 0.3817321090314903,
        "(25, 76)": 0.34639292409905015,
        "(25, 77)": 0.4432522990430994,
        "(25, 78)": 0.5182412018797805,
        "(26, 79)": 0.29993443100794215,
        "(26, 80)": 0.48894536046307235,
        "(26, 81)": 0.6227091366401251,
        "(27, 82)": 0.3432929234589231,
        "(27, 83)": 0.4255727199528274,
        "(27, 84)": 0.4515868503665434,
        "(28, 85)": 0.2816121673091861,
        "(28, 86)": 0.4254588165965675,
        "(28, 87)": 0.3174976827221961,
        "(29, 88)": 0.9450835506047055,
        "(29, 89)": 0.4089919612729623,
        "(29, 90)": 0.4210624478059332,
        "(30, 91)": 0.3518341438651564,
        "(30, 92)": 0.49665993202055747,
        "(30, 93)": 0.516349861961338,
        "(31, 94)": 0.3755028296845597,
        "(31, 95)": 0.39720132559468185,
        "(31, 96)": 0.48683774130658514,
        "(32, 97)": 0.486550756276559,
        "(32, 98)": 0.3791099640504113,
        "(32, 99)": 0.3534284191609002,
        "(33, 100)": 0.42067596008648017,
        "(33, 101)": 0.6376559434390532,
        "(33, 102)": 0.3445855183329703,
        "(34, 103)": 0.2696896202949321,
        "(34, 104)": 0.38329167684867105,
        "(34, 105)": 0.36057597639090105,
        "(35, 106)": 0.3381239178304523,
        "(35, 107)": 0.4316314362113289,
        "(35, 108)": 0.45314784662761703,
        "(36, 109)": 0.18827625582159244,
        "(36, 110)": 0.4808209555643659,
        "(36, 111)": 0.30068067950752836,
        "(37, 112)": 0.5086054091901953,
        "(37, 113)": 0.44169027690279855,
        "(37, 114)": 0.3142794712218143,
        "(38, 115)": 0.39017843061250324,
        "(38, 116)": 0.5382653246945387,
        "(38, 117)": 0.3073840744615805,
        "(39, 118)": 0.4241896057845488,
        "(39, 119)": 0.5566907986693536,
        "(39, 120)": 0.3319356602262887
    },
    "matching_probabilities": {
        "(0, 1)": 0.14485765970269782,
        "(0, 2)": 0.08680674327291543,
        "(0, 3)": 0.06538621352872953,
        "(1, 4)": 0.01739198038190196,
        "(1, 5)": 0.16051864220834786,
        "(1, 6)": 0.021652395940396515,
        "(2, 7)": 0.04963795012494902,
        "(2, 8)": 0.14960797403687462,
        "(2, 9)": 0.05897216232555467,
        "(3, 10)": 0.05286514680832294,
        "(3, 11)": 0.09121798319347584,
        "(3, 12)": 0.12488630621588827,
        "(4, 13)": 0.10421228910956538,
        "(4, 14)": 0.04040219704384085,
        "(4, 15)": 0.0799664743067006,
        "(5, 16)": 0.04197837287486806,
        "(5, 17)": 0.04678446182640288,
        "(5, 18)": 0.058570458278472404,
        "(6, 19)": 0.06257961003777196,
        "(6, 20)": 0.1689033727332147,
        "(6, 21)": 0.04970756180532868,
        "(7, 22)": 0.06377655234503697,
        "(7, 23)": 0.13642608276044926,
        "(7, 24)": 0.02741307823265704,
        "(8, 25)": 0.004891543477559174,
        "(8, 26)": 0.06957705747933345,
        "(8, 27)": 0.031469447759463844,
        "(9, 28)": 0.0928994981457613,
        "(9, 29)": 0.11610307357222002,
        "(9, 30)": 0.049741146959187604,
        "(10, 31)": 0.07440039076896307,
        "(10, 32)": 0.06026483345003899,
        "(10, 33)": 0.11647962431777494,
        "(11, 34)": 0.011194099355672282,
        "(11, 35)": 0.10042910562957232,
        "(11, 36)": 0.1761353327397268,
        "(12, 37)": 0.23130378448056108,
        "(12, 38)": 0.05307087828021916,
        "(12, 39)": 0.01982979197233953,
        "(13, 40)": 0.016306466900093793,
        "(13, 41)": 0.12684328999897285,
        "(13, 42)": 0.14905179038412364,
        "(14, 43)": 0.07199601394490389,
        "(14, 44)": 0.17766797720189165,
        "(14, 45)": 0.01649595101140831,
        "(15, 46)": 0.09044147674753268,
        "(15, 47)": 0.02191811075551536,
        "(15, 48)": 0.2277836660339977,
        "(16, 49)": 0.2751193388891544,
        "(16, 50)": 0.028584349556456293,
        "(16, 51)": 0.05925416552093675,
        "(17, 52)": 0.006999747609719155,
        "(17, 53)": 0.34900072419286166,
        "(17, 54)": 0.020122182628643584,
        "(18, 55)": 0.04529677200269341,
        "(18, 56)": 0.20877553133149687,
        "(18, 57)": 0.06112965189021821,
        "(19, 58)": 0.2035582101403165,
        "(19, 59)": 0.024908250717507147,
        "(19, 60)": 0.12509412354075045,
        "(20, 61)": 0.1699921974613467,
        "(20, 62)": 0.023090934994567935,
        "(20, 63)": 0.1045131198988673,
        "(21, 64)": 0.11764301209815019,
        "(21, 65)": 0.11699123568644239,
        "(21, 66)": 0.08182481398322068,
        "(22, 67)": 0.02893221987100646,
        "(22, 68)": 0.21879393803046182,
        "(22, 69)": 0.07118523428209551,
        "(23, 70)": 0.03660863588313041,
        "(23, 71)": 0.05933267321432131,
        "(23, 72)": 0.12977207526115997,
        "(24, 73)": 0.2236023640795372,
        "(24, 74)": 0.011099840259139944,
        "(24, 75)": 0.09803444736826433,