{
    "min_scaled_matching_probability": 0.0,
    "scaled_matching_probabilities": {
        "(0, 10)": 1.2295475852815392,
        "(0, 11)": 0.684322823194208,
        "(0, 12)": 165.1325775943977,
        "(0, 13)": 0.7151181860612148,
        "(0, 14)": 1.1456377289727904,
        "(0, 15)": 0.7529247410297404,
        "(0, 16)": 0.8205968181989964,
        "(0, 17)": 0.7820750486214135,
        "(0, 18)": 0.6945352917401943,
        "(0, 19)": 0.6347167873464751,
        "(10, 1)": 0.6441458677950211,
        "(10, 2)": 13.707307819689483,
        "(10, 3)": 0.3143278630344606,
        "(10, 4)": 0.7004414862630156,
        "(10, 5)": 0.5170010072634625,
        "(10, 6)": 0.9153246670912644,
        "(10, 7)": 0.40701072896467533,
        "(10, 8)": 0.7258399142026737,
        "(10, 9)": 0.8009302540214948,
        "(11, 1)": 0.734969026668026,
        "(11, 2)": 0.8041041032534152,
        "(11, 3)": 1.2143803927721981,
        "(11, 4)": 0.9341134015195501,
        "(11, 5)": 0.6728250194004749,
        "(11, 6)": 0.6219342616136423,
        "(11, 7)": 1.0040093837781827,
        "(11, 8)": 0.5788424902167121,
        "(11, 9)": 2.362225363451431,
        "(12, 1)": 26.3040519727232,
        "(12, 2)": 0.5655426019334135,
        "(12, 3)": 0.687459048348238,
        "(12, 4)": 0.7296766011256153,
        "(12, 5)": 1.0629489720801726,
        "(12, 6)": 0.6333977456230545,
        "(12, 7)": 0.7828948194446985,
        "(12, 8)": 0.7591836434555871,
        "(12, 9)": 0.6914754857549463,
        "(13, 1)": 0.6434851424217852,
        "(13, 2)": 0.5451442130710181,
        "(13, 3)": 0.8454758448960334,
        "(13, 4)": 0.6601893122133718,
        "(13, 5)": 0.654312839770172,
        "(13, 6)": 0.6492593303647501,
        "(13, 7)": 0.7648936305433371,
        "(13, 8)": 0.6339268467359696,
        "(13, 9)": 0.686223341936563,
        "(14, 1)": 0.6838298024296167,
        "(14, 2)": 2.3696273987045586,
        "(14, 3)": 1.4022410199790187,
        "(14, 4)": 0.7341576492349557,
        "(14, 5)": 0.689857029901702,
        "(14, 6)": 0.966543442054731,
        "(14, 7)": 0.8147964978760727,
        "(14, 8)": 11.289562219855824,
        "(14, 9)": 0.5032377900512894,
        "(15, 1)": 1.1474372389602883,
        "(15, 2)": 0.7131947871204691,
        "(15, 3)": 0.7190653261195515,
        "(15, 4)": 0.758025444951313,
        "(15, 5)": 0.718331279001583,
        "(15, 6)": 2.214769626944508,
        "(15, 7)": 0.688962573137112,
        "(15, 8)": 46.929568879037866,
        "(15, 9)": 0.6596811261251944,
        "(16, 1)": 1.3413676022767167,
        "(16, 2)": 0.9098610259226532,
        "(16, 3)": 3.406880783949327,
        "(16, 4)": 0.6765520574610339,
        "(16, 5)": 0.0,
        "(16, 6)": 0.6851539024380773,
        "(16, 7)": 0.7190017211310118,
        "(16, 8)": 0.6531179616186458,
        "(16, 9)": 0.7008671220634635,
        "(17, 1)": 0.7566767276791326,
        "(17, 2)": 0.6964680287047718,
        "(17, 3)": 2.257941872202081,
        "(17, 4)": 0.530195429339952,
        "(17, 5)": 0.9797157598613127,
        "(17, 6)": 0.6655579124871576,
        "(17, 7)": 24.560474243912342,
        "(17, 8)": 0.682690753305332,
        "(17, 9)": 4.67697808741123,
        "(18, 1)": 19.169458568607595,
        "(18, 2)": 1.6087231679515133,
        "(18, 3)": 0.7743881183005012,
        "(18, 4)": 8.249888031511592,
        "(18, 5)": 28.75960583983536,
        "(18, 6)": 0.7102347375828504,
        "(18, 7)": 0.6599051071003195,
        "(18, 8)": 0.798589731224383,
        "(18, 9)": 0.647961595376537,
        "(19, 1)": 1.8505618869882168,
        "(19, 2)": 0.7413722663007019,
        "(19, 3)": 0.7532235684059441,
        "(19, 4)": 0.7460896271125617,
        "(19, 5)": 0.6525547579827958,
        "(19, 6)": 0.6847587540533483,
        "(19, 7)": 0.691477971146779,
        "(19, 8)": 9.372958847232649,
        "(19, 9)": 0.7598102806801851
    },
    "matching_probabilities": {
        "(0, 10)": 0.0016,
        "(0, 11)": 0.1385,
        "(0, 12)": 0.1291,
        "(0, 13)": 0.0047,
        "(0, 14)": 0.0438,
        "(0, 15)": 0.0035,
        "(0, 16)": 0.0992,
        "(0, 17)": 0.1173,
        "(0, 18)": 0.3262,
        "(0, 19)": 0.0031,
        "(10, 1)": 0.0054,
        "(10, 2)": 0.0938,
        "(10, 3)": 0.0005,
        "(10, 4)": 0.1074,
        "(10, 5)": 0.0072,
        "(10, 6)": 0.1761,
        "(10, 7)": 0.0206,
        "(10, 8)": 0.2442,
        "(10, 9)": 0.1503,
        "(11, 1)": 0.4548,
        "(11, 2)": 0.0359,
        "(11, 3)": 0.0002,
        "(11, 4)": 0.0003,
        "(11, 5)": 0.0048,
        "(11, 6)": 0.0108,
        "(11, 7)": 0.0015,
        "(11, 8)": 0.0106,
        "(11, 9)": 0.211,
        "(12, 1)": 0.0461,
        "(12, 2)": 0.0858,
        "(12, 3)": 0.3264,
        "(12, 4)": 0.0072,
        "(12, 5)": 0.0002,
        "(12, 6)": 0.0265,
        "(12, 7)": 0.033,
        "(12, 8)": 0.1138,
        "(12, 9)": 0.0735,
        "(13, 1)": 0.0626,
        "(13, 2)": 0.0005,
        "(13, 3)": 0.0011,
        "(13, 4)": 0.0758,
        "(13, 5)": 0.0018,
        "(13, 6)": 0.2513,
        "(13, 7)": 0.2052,
        "(13, 8)": 0.0028,
        "(13, 9)": 0.0168,
        "(14, 1)": 0.112,
        "(14, 2)": 0.0875,
        "(14, 3)": 0.1285,
        "(14, 4)": 0.1831,
        "(14, 5)": 0.0661,
        "(14, 6)": 0.0087,
        "(14, 7)": 0.0108,
        "(14, 8)": 0.1175,
        "(14, 9)": 0.1388,
        "(15, 1)": 0.0198,
        "(15, 2)": 0.0361,
        "(15, 3)": 0.2089,
        "(15, 4)": 0.0091,
        "(15, 5)": 0.368,
        "(15, 6)": 0.2106,
        "(15, 7)": 0.0089,
        "(15, 8)": 0.0258,
        "(15, 9)": 0.0014,
        "(16, 1)": 0.0226,
        "(16, 2)": 0.0013,
        "(16, 3)": 0.0229,
        "(16, 4)": 0.0238,
        "(16, 5)": 0.0,
        "(16, 6)": 0.0859,
        "(16, 7)": 0.3722,
        "(16, 8)": 0.0269,
        "(16, 9)": 0.0801,
        "(17, 1)": 0.0064,
        "(17, 2)": 0.4375,
        "(17, 3)": 0.2283,
        "(17, 4)": 0.0149,
        "(17, 5)": 0.0003,
        "(17, 6)": 0.0107,
        "(17, 7)": 0.1089,
        "(17, 8)": 0.0373,
        "(17, 9)": 0.0219,
        "(18, 1)": 0.0135,
        "(18, 2)": 0.1018,
        "(18, 3)": 0.0045,
        "(18, 4)": 0.0902,
        "(18, 5)": 0.0773,
        "(18, 6)": 0.0021,
        "(18, 7)": 0.0008,
        "(18, 8)": 0.3017,
        "(18, 9)": 0.039,
        "(19, 1)": 0.1218,
        "(19, 2)": 0.0111,
        "(19, 3)": 0.018,
        "(19, 4)": 0.2159,
        "(19, 5)": 0.2379,
        "(19, 6)": 0.0717,
        "(19, 7)": 0.0537,
        "(19, 8)": 0.0374,
        "(19, 9)": 0.0244
    },
    "matching_counts": {
        "(0, 10)": 16.0,
        "(0, 11)": 1385.0,
        "(0, 12)": 1291.0,
        "(0, 13)": 47.0,
        "(0, 14)": 438.0,
        "(0, 15)": 35.0,
        "(0, 16)": 992.0,
        "(0, 17)": 1173.0,
        "(0, 18)": 3262.0,
        "(0, 19)": 31.0,
        "(10, 1)": 54.0,
        "(10, 2)": 938.0,
        "(10, 3)": 5.0,
        "(10, 4)": 1074.0,
        "(10, 5)": 72.0,
        "(10, 6)": 1761.0,
        "(10, 7)": 206.0,
        "(10, 8)": 2442.0,
        "(10, 9)": 1503.0,
        "(11, 1)": 4548.0,
        "(11, 2)": 359.0,
        "(11, 3)": 2.0,
        "(11, 4)": 3.0,
        "(11, 5)": 48.0,
        "(11, 6)": 108.0,
        "(11, 7)": 15.0,
        "(11, 8)": 106.0,
        "(11, 9)": 2110.0,
        "(12, 1)": 461.0,
        "(12, 2)": 858.0,
        "(12, 3)": 3264.0,
        "(12, 4)": 72.0,
        "(12, 5)": 2.0,
        "(12, 6)": 265.0,
        "(12, 7)": 330.0,
        "(12, 8)": 1138.0,
        "(12, 9)": 735.0,
        "(13, 1)": 626.0,
        "(13, 2)": 5.0,
        "(13, 3)": 11.0,
        "(13, 4)": 758.0,
        "(13, 5)": 18.0,
        "(13, 6)": 2513.0,
        "(13, 7)": 2052.0,
        "(13, 8)": 28.0,
        "(13, 9)": 168.0,
        "(14, 1)": 1120.0,
        "(14, 2)": 875.0,
        "(14, 3)": 1285.0,
        "(14, 4)": 1831.0,