{
    "min_scaled_matching_probability": 0.5192950885369387,
    "scaled_matching_probabilities": {
        "(0, 2)": 0.5315568608499521,
        "(0, 3)": 0.6125938148423639,
        "(0, 4)": 0.6299895084449574,
        "(0, 5)": 0.585605720071261,
        "(0, 6)": 0.5806242211089586,
        "(0, 7)": 0.5704661350812031,
        "(0, 8)": 0.6494435762640034,
        "(0, 9)": 0.6269129300444645,
        "(0, 10)": 0.630748311275778,
        "(0, 11)": 0.5921995187179312,
        "(0, 12)": 0.6896221999649178,
        "(0, 13)": 0.5897964236800988,
        "(0, 14)": 0.5746231832305014,
        "(0, 15)": 0.5537433567131365,
        "(0, 16)": 0.5192950885369387,
        "(0, 19)": 0.6258362564855905,
        "(0, 20)": 0.6139927918085669
    },
    "matching_probabilities": {
        "(0, 2)": 1.6022705666794503e-06,
        "(0, 3)": 0.00011864853602278576,
        "(0, 4)": 4.217046195039628e-06,
        "(0, 5)": 7.309100934376277e-07,
        "(0, 6)": 0.02383055876748274,
        "(0, 7)": 0.08646215886103115,
        "(0, 8)": 0.00012342119861792435,
        "(0, 9)": 0.01260643771683843,
        "(0, 10)": 0.22243507954855624,
        "(0, 11)": 0.009928425870676225,
        "(0, 12)": 1.2593334502690302e-05,
        "(0, 13)": 0.0045699144410529914,
        "(0, 14)": 1.5304490848694014e-05,
        "(0, 15)": 0.02556937817615426,
        "(0, 16)": 0.0025726126473521837,
        "(0, 19)": 0.0009944819828757692,
        "(0, 20)": 0.21917000380750387
    },
    "matching_counts": {
        "(0, 2)": 0.016022705666794503,
        "(0, 3)": 1.1864853602278576,
        "(0, 4)": 0.04217046195039628,
        "(0, 5)": 0.007309100934376277,
        "(0, 6)": 238.3055876748274,
        "(0, 7)": 864.6215886103115,
        "(0, 8)": 1.2342119861792435,
        "(0, 9)": 126.06437716838431,
        "(0, 10)": 2224.3507954855622,
        "(0, 11)": 99.28425870676224,
        "(0, 12)": 0.125933345026903,
        "(0, 13)": 45.69914441052992,
        "(0, 14)": 0.15304490848694013,
        "(0, 15)": 255.69378176154262,
        "(0, 16)": 25.726126473521838,
        "(0, 19)": 9.944819828757693,
        "(0, 20)": 2191.7000380750387
    },
    "average_num_matching_probability_capped": 0.0,
    "average_num_matching_probability_exceeds_one": 0.0,
    "average_num_proposal_matching_probability_exceeds_one": 0.0,
    "simulation_parameters": {
        "graph_file": "nonuniform_star_20_order_0.json",
        "c_guarantee": 0.6,
        "experiment_name": "nonuniform_star_20_order_0_mc_c60_r60_sim10000",
        "average_edge_weight": 0.05,
        "r": 0.6,
        "num_sim_instances": 10000,
        "rounding_scheme_class": "SimulatedRecursiveRoundingScheme",
        "parallel": true
    }
}