{
    "min_scaled_matching_probability": 0.6052096459151406,
    "scaled_matching_probabilities": {
        "(0, 1)": 0.6624041830025352,
        "(0, 2)": 0.6509133769948713,
        "(0, 3)": 0.6754393449533389,
        "(1, 4)": 0.6919905924645134,
        "(1, 5)": 0.6887295186822928,
        "(1, 6)": 0.6714080488881977,
        "(2, 7)": 0.669317864470019,
        "(2, 8)": 0.664536551104998,
        "(2, 9)": 0.6589402011519034,
        "(3, 10)": 0.6721358094313424,
        "(3, 11)": 0.6610670847307152,
        "(3, 12)": 0.6723549598619406,
        "(4, 13)": 0.6523574177378826,
        "(4, 14)": 0.66400898625922,
        "(4, 15)": 0.6792941144528422,
        "(5, 16)": 0.6808795601439475,
        "(5, 17)": 0.651843642479962,
        "(5, 18)": 0.6504574665955424,
        "(6, 19)": 0.6622705607092298,
        "(6, 20)": 0.6729499859981434,
        "(6, 21)": 0.68311014545584,
        "(7, 22)": 0.6376534273134775,
        "(7, 23)": 0.6860454210637623,
        "(7, 24)": 0.6148094223541224,
        "(8, 25)": 0.7074538744794237,
        "(8, 26)": 0.6763749911869972,
        "(8, 27)": 0.6490958443378804,
        "(9, 28)": 0.6437606058214064,
        "(9, 29)": 0.6855729273503951,
        "(9, 30)": 0.66495861562169,
        "(10, 31)": 0.7012468605585354,
        "(10, 32)": 0.6772769379503408,
        "(10, 33)": 0.6698924867130377,
        "(11, 34)": 0.6549764179525956,
        "(11, 35)": 0.6294511674771686,
        "(11, 36)": 0.6624798884876991,
        "(12, 37)": 0.6783049859824103,
        "(12, 38)": 0.6763538503195519,
        "(12, 39)": 0.6356820063499323,
        "(13, 40)": 0.6350862180253162,
        "(13, 41)": 0.6754882627228034,
        "(13, 42)": 0.6704646445807674,
        "(14, 43)": 0.6724319414529644,
        "(14, 44)": 0.6628413627267461,
        "(14, 45)": 0.6487879300073872,
        "(15, 46)": 0.6540277788040091,
        "(15, 47)": 0.6980000745442303,
        "(15, 48)": 0.6787520759159931,
        "(16, 49)": 0.6665717880927281,
        "(16, 50)": 0.6360568207557458,
        "(16, 51)": 0.7299581887547202,
        "(17, 52)": 0.641394699059413,
        "(17, 53)": 0.6634167924191191,
        "(17, 54)": 0.6693017820527132,
        "(18, 55)": 0.620739788005935,
        "(18, 56)": 0.6602313356860844,
        "(18, 57)": 0.675670091335756,
        "(19, 58)": 0.6814263254450312,
        "(19, 59)": 0.6552332903387547,
        "(19, 60)": 0.6523584178260328,
        "(20, 61)": 0.6712967802909874,
        "(20, 62)": 0.6456341237125298,
        "(20, 63)": 0.6608308275679683,
        "(21, 64)": 0.6545152387851525,
        "(21, 65)": 0.6702360767614238,
        "(21, 66)": 0.6488156588684106,
        "(22, 67)": 0.6378181421921496,
        "(22, 68)": 0.6716344106924317,
        "(22, 69)": 0.6582504581721133,
        "(23, 70)": 0.6392929145266324,
        "(23, 71)": 0.6842405323118416,
        "(23, 72)": 0.6894911924736639,
        "(24, 73)": 0.6598511617925267,
        "(24, 74)": 0.7412266878214832,
        "(24, 75)": 0.6771417143936052,
        "(25, 76)": 0.6590218295412289,
        "(25, 77)": 0.6914485335404912,
        "(25, 78)": 0.6602571277420378,
        "(26, 79)": 0.661346215870062,
        "(26, 80)": 0.6590610281727723,
        "(26, 81)": 0.6568640621078093,
        "(27, 82)": 0.6052096459151406,
        "(27, 83)": 0.6674997039812152,
        "(27, 84)": 0.6263684724811142,
        "(28, 85)": 0.710308109001564,
        "(28, 86)": 0.6678386138940063,
        "(28, 87)": 0.6714779274831341,
        "(29, 88)": 0.6631236620233063,
        "(29, 89)": 0.6619249453654864,
        "(29, 90)": 0.6965311178015646,
        "(30, 91)": 0.6801899829384621,
        "(30, 92)": 0.6592887695846845,
        "(30, 93)": 0.6506515509841302,
        "(31, 94)": 0.6498282958703949,
        "(31, 95)": 0.6995017232239124,
        "(31, 96)": 0.6555486835618045,
        "(32, 97)": 0.661726250219034,
        "(32, 98)": 0.7219964473084695,
        "(32, 99)": 0.6542726112311621,
        "(33, 100)": 0.6707450975277351,
        "(33, 101)": 0.6172466654389499,
        "(33, 102)": 0.6449238406005106,
        "(34, 103)": 0.6657100992701935,
        "(34, 104)": 0.6484127961681512,
        "(34, 105)": 0.6678388401705632,
        "(35, 106)": 0.7245401117791139,
        "(35, 107)": 0.6789986159379937,
        "(35, 108)": 0.6529286514993929,
        "(36, 109)": 0.6381372504757421,
        "(36, 110)": 0.6991010702210183,
        "(36, 111)": 0.656150670757424,
        "(37, 112)": 0.6651659563031082,
        "(37, 113)": 0.6252361211470413,
        "(37, 114)": 0.6817819907892493,
        "(38, 115)": 0.6635317279166298,
        "(38, 116)": 0.6703739882203433,
        "(38, 117)": 0.6541566820163899,
        "(39, 118)": 0.6572441613305201,
        "(39, 119)": 0.6717978530946163,
        "(39, 120)": 0.6696062027726867
    },
    "matching_probabilities": {
        "(0, 1)": 0.2749,
        "(0, 2)": 0.0808,
        "(0, 3)": 0.0568,
        "(1, 4)": 0.0212,
        "(1, 5)": 0.2645,
        "(1, 6)": 0.0545,
        "(2, 7)": 0.0945,
        "(2, 8)": 0.2744,
        "(2, 9)": 0.109,
        "(3, 10)": 0.0986,
        "(3, 11)": 0.1189,
        "(3, 12)": 0.2032,
        "(4, 13)": 0.1636,
        "(4, 14)": 0.0888,
        "(4, 15)": 0.0573,
        "(5, 16)": 0.0831,
        "(5, 17)": 0.0897,
        "(5, 18)": 0.0678,
        "(6, 19)": 0.0727,
        "(6, 20)": 0.242,
        "(6, 21)": 0.0729,
        "(7, 22)": 0.0538,
        "(7, 23)": 0.1613,
        "(7, 24)": 0.0406,
        "(8, 25)": 0.0143,
        "(8, 26)": 0.1227,
        "(8, 27)": 0.0561,
        "(9, 28)": 0.0814,
        "(9, 29)": 0.2735,
        "(9, 30)": 0.0935,
        "(10, 31)": 0.096,
        "(10, 32)": 0.0891,
        "(10, 33)": 0.2388,
        "(11, 34)": 0.0165,
        "(11, 35)": 0.0769,
        "(11, 36)": 0.358,
        "(12, 37)": 0.3759,
        "(12, 38)": 0.0614,
        "(12, 39)": 0.0181,
        "(13, 40)": 0.0146,
        "(13, 41)": 0.1766,
        "(13, 42)": 0.2802,
        "(14, 43)": 0.1477,
        "(14, 44)": 0.3514,
        "(14, 45)": 0.0309,
        "(15, 46)": 0.12,
        "(15, 47)": 0.0323,
        "(15, 48)": 0.4167,
        "(16, 49)": 0.4779,
        "(16, 50)": 0.0325,
        "(16, 51)": 0.0516,
        "(17, 52)": 0.0144,
        "(17, 53)": 0.5103,
        "(17, 54)": 0.0354,
        "(18, 55)": 0.0397,
        "(18, 56)": 0.4609,
        "(18, 57)": 0.0725,
        "(19, 58)": 0.3221,
        "(19, 59)": 0.0342,
        "(19, 60)": 0.1847,
        "(20, 61)": 0.282,
        "(20, 62)": 0.0238,
        "(20, 63)": 0.1062,
        "(21, 64)": 0.2891,
        "(21, 65)": 0.1805,
        "(21, 66)": 0.061,
        "(22, 67)": 0.0579,
        "(22, 68)": 0.3417,
        "(22, 69)": 0.1598,
        "(23, 70)": 0.1277,
        "(23, 71)": 0.1213,
        "(23, 72)": 0.1921,
        "(24, 73)": 0.4106,
        "(24, 74)": 0.0301,
        "(24, 75)": 0.1739,
        "(25, 76)": 0.4215,
        "(25, 77)": 0.0516,
        "(25, 78)": 0.1708,
        "(26, 79)": 0.3876,
        "(26, 80)": 0.0241,
        "(26, 81)": 0.1133,
        "(27, 82)": 0.032,
        "(27, 83)": 0.4825,
        "(27, 84)": 0.0768,
        "(28, 85)": 0.0352,
        "(28, 86)": 0.1521,
        "(28, 87)": 0.3544,
        "(29, 88)": 0.1162,
        "(29, 89)": 0.2077,
        "(29, 90)": 0.0345,
        "(30, 91)": 0.1082,
        "(30, 92)": 0.2367,
        "(30, 93)": 0.1231,
        "(31, 94)": 0.1704,
        "(31, 95)": 0.1184,
        "(31, 96)": 0.2061,
        "(32, 97)": 0.0728,
        "(32, 98)": 0.0336,
        "(32, 99)": 0.4579,
        "(33, 100)": 0.3281,
        "(33, 101)": 0.0742,
        "(33, 102)": 0.0148,
        "(34, 103)": 0.239,
        "(34, 104)": 0.0248,
        "(34, 105)": 0.3372,
        "(35, 106)": 0.0492,
        "(35, 107)": 0.3003,
        "(35, 108)": 0.2245,
        "(36, 109)": 0.0213,
        "(36, 110)": 0.1502,
        "(36, 111)": 0.1211,