{
    "min_scaled_matching_probability": 0.6125550993062862,
    "scaled_matching_probabilities": {
        "(0, 1)": 0.6726883988949051,
        "(0, 2)": 0.6860748971291312,
        "(0, 3)": 0.6527702046536986,
        "(1, 4)": 0.6134932000319497,
        "(1, 5)": 0.689456056875164,
        "(1, 6)": 0.6848790690525504,
        "(2, 7)": 0.6946445875355394,
        "(2, 8)": 0.6588175809151791,
        "(2, 9)": 0.7006649287659434,
        "(3, 10)": 0.6870626720251889,
        "(3, 11)": 0.6559721865689289,
        "(3, 12)": 0.6626122034249627,
        "(4, 13)": 0.6640409921255354,
        "(4, 14)": 0.6784449075431213,
        "(4, 15)": 0.6369495108205038,
        "(5, 16)": 0.7003540074499082,
        "(5, 17)": 0.6439510696603717,
        "(5, 18)": 0.6582255286097785,
        "(6, 19)": 0.6984832489751149,
        "(6, 20)": 0.7067911695780722,
        "(6, 21)": 0.660967106315173,
        "(7, 22)": 0.7039943763715605,
        "(7, 23)": 0.6841372493934558,
        "(7, 24)": 0.6490006315609564,
        "(8, 25)": 0.6277811003557502,
        "(8, 26)": 0.6874367607767241,
        "(8, 27)": 0.6462348676606006,
        "(9, 28)": 0.6230951618258384,
        "(9, 29)": 0.7121145072311132,
        "(9, 30)": 0.6722808778785138,
        "(10, 31)": 0.6936380812512759,
        "(10, 32)": 0.7121425312727405,
        "(10, 33)": 0.6624189671386095,
        "(11, 34)": 0.6648035567531966,
        "(11, 35)": 0.7045466866573773,
        "(11, 36)": 0.6755661311076911,
        "(12, 37)": 0.6847948563803632,
        "(12, 38)": 0.6862482708026024,
        "(12, 39)": 0.6952627155053352,
        "(13, 40)": 0.6613933266906766,
        "(13, 41)": 0.6858040278860684,
        "(13, 42)": 0.6795159529657152,
        "(14, 43)": 0.713411523309796,
        "(14, 44)": 0.6590241890462446,
        "(14, 45)": 0.688819548003168,
        "(15, 46)": 0.6860440229579231,
        "(15, 47)": 0.709212855035395,
        "(15, 48)": 0.6972592077598286,
        "(16, 49)": 0.6802185813531263,
        "(16, 50)": 0.6411596661154123,
        "(16, 51)": 0.7576913012888747,
        "(17, 52)": 0.645758797066985,
        "(17, 53)": 0.6782725186841779,
        "(17, 54)": 0.6930809554276609,
        "(18, 55)": 0.6511049393693576,
        "(18, 56)": 0.6726133586325387,
        "(18, 57)": 0.65936063777213,
        "(19, 58)": 0.6624384524900756,
        "(19, 59)": 0.6322802604765976,
        "(19, 60)": 0.6942158774152525,
        "(20, 61)": 0.6802057689585512,
        "(20, 62)": 0.6844415027490857,
        "(20, 63)": 0.6959105012305914,
        "(21, 64)": 0.6798496729203584,
        "(21, 65)": 0.6752279070518639,
        "(21, 66)": 0.6165121801789313,
        "(22, 67)": 0.6569178065255562,
        "(22, 68)": 0.6695037423393452,
        "(22, 69)": 0.6576927583166704,
        "(23, 70)": 0.7012747491445828,
        "(23, 71)": 0.7079344975966109,
        "(23, 72)": 0.6950835541448109,
        "(24, 73)": 0.671067128703546,
        "(24, 74)": 0.6695229236164075,
        "(24, 75)": 0.6791806896531506,
        "(25, 76)": 0.6778341355793184,
        "(25, 77)": 0.6705062294653565,
        "(25, 78)": 0.6757154334576418,
        "(26, 79)": 0.6804307059445058,
        "(26, 80)": 0.631939962143829,
        "(26, 81)": 0.6503933564960026,
        "(27, 82)": 0.6684094464805186,
        "(27, 83)": 0.6949249546150185,
        "(27, 84)": 0.6333421284377633,
        "(28, 85)": 0.6942160500462694,
        "(28, 86)": 0.6937173901531304,
        "(28, 87)": 0.6809400677529857,
        "(29, 88)": 0.6403339453300161,
        "(29, 89)": 0.6515803855547906,
        "(29, 90)": 0.6547328689863133,
        "(30, 91)": 0.6646975470018479,
        "(30, 92)": 0.6660679779871076,
        "(30, 93)": 0.6742570275092231,
        "(31, 94)": 0.6723445848371107,
        "(31, 95)": 0.7050811373270313,
        "(31, 96)": 0.6706897755797345,
        "(32, 97)": 0.6494759826443713,
        "(32, 98)": 0.7230795913901285,
        "(32, 99)": 0.6772151779741533,
        "(33, 100)": 0.6881726499246393,
        "(33, 101)": 0.6537607687885398,
        "(33, 102)": 0.6830912396357032,
        "(34, 103)": 0.6755814979204932,
        "(34, 104)": 0.6673284659907078,
        "(34, 105)": 0.6765263617682763,
        "(35, 106)": 0.6272303815185866,
        "(35, 107)": 0.69479656597516,
        "(35, 108)": 0.6681283154016678,
        "(36, 109)": 0.6679061071947898,
        "(36, 110)": 0.692649571395633,
        "(36, 111)": 0.6361965910063572,
        "(37, 112)": 0.654622942392195,
        "(37, 113)": 0.6672043101123948,
        "(37, 114)": 0.7069437920078008,
        "(38, 115)": 0.6727286751970913,
        "(38, 116)": 0.6497250723167881,
        "(38, 117)": 0.6754978641371997,
        "(39, 118)": 0.6751746759710445,
        "(39, 119)": 0.6125550993062862,
        "(39, 120)": 0.6876721927640981
    },
    "matching_probabilities": {
        "(0, 1)": 0.2791679847461072,
        "(0, 2)": 0.08516471414977632,
        "(0, 3)": 0.05489367461543343,
        "(1, 4)": 0.018795133896772315,
        "(1, 5)": 0.26477902006056325,
        "(1, 6)": 0.05559347899563157,
        "(2, 7)": 0.0980758425954861,
        "(2, 8)": 0.2720385265528632,
        "(2, 9)": 0.1159019848872173,
        "(3, 10)": 0.10078971914768006,
        "(3, 11)": 0.11798362796238275,
        "(3, 12)": 0.2002555313395763,
        "(4, 13)": 0.16653003914395284,
        "(4, 14)": 0.09073056093597805,
        "(4, 15)": 0.0537281365957552,
        "(5, 16)": 0.08547681767210517,
        "(5, 17)": 0.08861390552000512,
        "(5, 18)": 0.06860969876066116,
        "(6, 19)": 0.07667520680084362,
        "(6, 20)": 0.2541696509350479,
        "(6, 21)": 0.07053694396270832,
        "(7, 22)": 0.059397308673399846,
        "(7, 23)": 0.1608513590194317,
        "(7, 24)": 0.04285787543802134,
        "(8, 25)": 0.012689547769730013,
        "(8, 26)": 0.12470669620601665,
        "(8, 27)": 0.055852731752952266,
        "(9, 28)": 0.07878696787901013,
        "(9, 29)": 0.284088402499252,
        "(9, 30)": 0.09452958515752584,
        "(10, 31)": 0.09495836565611843,
        "(10, 32)": 0.09368678598215252,
        "(10, 33)": 0.23613587626406987,
        "(11, 34)": 0.016747562791217394,
        "(11, 35)": 0.0860744137167996,
        "(11, 36)": 0.3650717238958781,
        "(12, 37)": 0.37949652712718485,
        "(12, 38)": 0.06229822423184592,
        "(12, 39)": 0.01979646273599122,
        "(13, 40)": 0.01520477424263512,
        "(13, 41)": 0.1792969589678573,
        "(13, 42)": 0.28398271491265314,
        "(14, 43)": 0.15670118490382184,
        "(14, 44)": 0.3493763561739565,
        "(14, 45)": 0.0328065968074584,
        "(15, 46)": 0.12587429069984654,
        "(15, 47)": 0.03281887216502249,
        "(15, 48)": 0.42806191271152855,
        "(16, 49)": 0.4876840962003585,
        "(16, 50)": 0.032760735312911377,
        "(16, 51)": 0.053560425444645884,
        "(17, 52)": 0.014497978688319677,
        "(17, 53)": 0.5217270202377847,
        "(17, 54)": 0.036657702818138994,
        "(18, 55)": 0.04164203196318447,
        "(18, 56)": 0.46954374964888695,
        "(18, 57)": 0.07074998116902691,
        "(19, 58)": 0.3131247173459333,
        "(19, 59)": 0.03300196315898429,
        "(19, 60)": 0.1965509588822238,
        "(20, 61)": 0.28574250983769645,
        "(20, 62)": 0.02523055577013038,
        "(20, 63)": 0.1118375416938118,
        "(21, 64)": 0.3002902435183671,
        "(21, 65)": 0.18184434029838886,
        "(21, 66)": 0.05796290899714877,
        "(22, 67)": 0.05963383366158796,
        "(22, 68)": 0.3406160034616168,
        "(22, 69)": 0.15966461014072478,
        "(23, 70)": 0.1400809917189103,
        "(23, 71)": 0.125500391314633,
        "(23, 72)": 0.1936580948513253,
        "(24, 73)": 0.41757926484080754,
        "(24, 74)": 0.027188227747281843,
        "(24, 75)": 0.17442363898146857,
        "(25, 76)": 0.43353205514538823,