{
    "min_scaled_matching_probability": 0.2488518323751403,
    "scaled_matching_probabilities": {
        "(0, 1)": 0.6898670696652538,
        "(0, 2)": 0.6819513196493814,
        "(0, 3)": 0.677433124711631,
        "(0, 4)": 0.6631034715277505,
        "(0, 5)": 0.8246313897620269,
        "(0, 6)": 0.6815485607136589,
        "(0, 7)": 0.42405327082252453,
        "(0, 8)": 0.7608122428583345,
        "(0, 9)": 0.730534939000616,
        "(1, 2)": 0.7781389344992998,
        "(1, 3)": 0.6898906075939707,
        "(1, 4)": 0.6751090058823757,
        "(1, 5)": 0.6269920708868955,
        "(1, 6)": 2.406744656367946,
        "(1, 7)": 1.23190675310296,
        "(1, 8)": 0.3795833073581178,
        "(1, 9)": 0.6729322722606187,
        "(2, 3)": 0.6448245588074547,
        "(2, 4)": 0.5115305111355958,
        "(2, 5)": 0.722607787590086,
        "(2, 6)": 0.6889650984780963,
        "(2, 7)": 0.7329508304880739,
        "(2, 8)": 0.7069577594526643,
        "(2, 9)": 0.6776009036153994,
        "(3, 4)": 11.085478136419292,
        "(3, 5)": 0.6502937656467721,
        "(3, 6)": 0.8740878680686065,
        "(3, 7)": 0.6061282165190285,
        "(3, 8)": 0.6578278364890686,
        "(3, 9)": 0.5104347218648866,
        "(4, 5)": 0.6803718258414105,
        "(4, 6)": 0.7275469984412614,
        "(4, 7)": 0.9989652219236548,
        "(4, 8)": 0.7096397449383124,
        "(4, 9)": 0.6750627233456322,
        "(5, 6)": 0.704313000009288,
        "(5, 7)": 0.6797984607107823,
        "(5, 8)": 0.3395720810625902,
        "(5, 9)": 2.8255051093436805,
        "(6, 7)": 0.4762932826880223,
        "(6, 8)": 0.7082598068930667,
        "(6, 9)": 0.6768032069583237,
        "(7, 8)": 0.2488518323751403,
        "(7, 9)": 0.6574121351138389,
        "(8, 9)": 0.8559929947990514
    },
    "matching_probabilities": {
        "(0, 1)": 0.037,
        "(0, 2)": 0.0436,
        "(0, 3)": 0.0858,
        "(0, 4)": 0.0194,
        "(0, 5)": 0.0645,
        "(0, 6)": 0.0203,
        "(0, 7)": 0.0019,
        "(0, 8)": 0.3807,
        "(0, 9)": 0.0712,
        "(1, 2)": 0.1033,
        "(1, 3)": 0.0013,
        "(1, 4)": 0.1595,
        "(1, 5)": 0.0316,
        "(1, 6)": 0.0515,
        "(1, 7)": 0.3116,
        "(1, 8)": 0.0008,
        "(1, 9)": 0.1652,
        "(2, 3)": 0.1727,
        "(2, 4)": 0.0017,
        "(2, 5)": 0.0703,
        "(2, 6)": 0.0529,
        "(2, 7)": 0.1733,
        "(2, 8)": 0.0027,
        "(2, 9)": 0.0068,
        "(3, 4)": 0.1887,
        "(3, 5)": 0.019,
        "(3, 6)": 0.0094,
        "(3, 7)": 0.0075,
        "(3, 8)": 0.1067,
        "(3, 9)": 0.1316,
        "(4, 5)": 0.0866,
        "(4, 6)": 0.3299,
        "(4, 7)": 0.0004,
        "(4, 8)": 0.0068,
        "(4, 9)": 0.0813,
        "(5, 6)": 0.0479,
        "(5, 7)": 0.2994,
        "(5, 8)": 0.0007,
        "(5, 9)": 0.2418,
        "(6, 7)": 0.0008,
        "(6, 8)": 0.1879,
        "(6, 9)": 0.0342,
        "(7, 8)": 0.0001,
        "(7, 9)": 0.0333,
        "(8, 9)": 0.0443
    },
    "matching_counts": {
        "(0, 1)": 370.0,
        "(0, 2)": 436.0,
        "(0, 3)": 858.0,
        "(0, 4)": 194.0,
        "(0, 5)": 645.0,
        "(0, 6)": 203.0,
        "(0, 7)": 19.0,
        "(0, 8)": 3807.0,
        "(0, 9)": 712.0,
        "(1, 2)": 1033.0,
        "(1, 3)": 13.0,
        "(1, 4)": 1595.0,
        "(1, 5)": 316.0,
        "(1, 6)": 515.0,
        "(1, 7)": 3116.0,
        "(1, 8)": 8.0,
        "(1, 9)": 1652.0,
        "(2, 3)": 1727.0,
        "(2, 4)": 17.0,
        "(2, 5)": 703.0,
        "(2, 6)": 529.0,
        "(2, 7)": 1733.0,
        "(2, 8)": 27.0,
        "(2, 9)": 68.0,
        "(3, 4)": 1887.0,
        "(3, 5)": 190.0,
        "(3, 6)": 94.0,
        "(3, 7)": 75.0,
        "(3, 8)": 1067.0,
        "(3, 9)": 1316.0,
        "(4, 5)": 866.0,
        "(4, 6)": 3299.0,
        "(4, 7)": 4.0,
        "(4, 8)": 68.0,
        "(4, 9)": 813.0,
        "(5, 6)": 479.0,
        "(5, 7)": 2994.0,
        "(5, 8)": 7.0,
        "(5, 9)": 2418.0,
        "(6, 7)": 8.0,
        "(6, 8)": 1879.0,
        "(6, 9)": 342.0,
        "(7, 8)": 1.0,
        "(7, 9)": 333.0,
        "(8, 9)": 443.0
    },
    "average_num_matching_probability_capped": 0.6094,
    "average_num_matching_probability_exceeds_one": 0.8514,
    "average_num_proposal_matching_probability_exceeds_one": 0.7198,
    "simulation_parameters": {
        "graph_file": "nonuniform_complete_10_order_0.json",
        "c_guarantee": 0.6666666666666666,
        "experiment_name": "nonuniform_complete_10_order_0_si_c66_r100_sim10000",
        "average_edge_weight": 0.1111111111111111,
        "r": 1.0,
        "num_sim_instances": 10000,
        "rounding_scheme_class": "SimpleRecursiveRoundingScheme",
        "parallel": true
    }
}