{
    "min_scaled_matching_probability": 0.40413309822784177,
    "scaled_matching_probabilities": {
        "(0, 10)": 0.6833433507889314,
        "(0, 11)": 0.6376000899943909,
        "(0, 12)": 182.45740302184367,
        "(0, 13)": 0.6782304672312978,
        "(0, 14)": 1.4027710709946448,
        "(0, 15)": 0.7488481842203862,
        "(0, 16)": 0.7461598989113001,
        "(0, 17)": 0.8291502449945843,
        "(0, 18)": 0.6781564830300514,
        "(0, 19)": 0.603257600338448,
        "(10, 1)": 0.6877903140772659,
        "(10, 2)": 20.125632769489222,
        "(10, 3)": 0.5490974772432873,
        "(10, 4)": 0.6444519003314627,
        "(10, 5)": 0.45383766062683,
        "(10, 6)": 0.8118954794594593,
        "(10, 7)": 0.40413309822784177,
        "(10, 8)": 0.6948031248219808,
        "(10, 9)": 0.7419064704351692,
        "(11, 1)": 0.6969501746107183,
        "(11, 2)": 0.7302697787072201,
        "(11, 3)": 0.7334507887697415,
        "(11, 4)": 0.8300512938898315,
        "(11, 5)": 0.5862276673920659,
        "(11, 6)": 0.6344151713176857,
        "(11, 7)": 0.7294219234001926,
        "(11, 8)": 0.6686978122802182,
        "(11, 9)": 2.731538709426974,
        "(12, 1)": 32.28374248752311,
        "(12, 2)": 0.7374160456022265,
        "(12, 3)": 0.6663808873212143,
        "(12, 4)": 0.6617870583792864,
        "(12, 5)": 0.7150944192908119,
        "(12, 6)": 0.5847767174742249,
        "(12, 7)": 0.7024025309847808,
        "(12, 8)": 0.7067116508224387,
        "(12, 9)": 0.6112739874008912,
        "(13, 1)": 0.6620038169359993,
        "(13, 2)": 0.668261260107148,
        "(13, 3)": 0.8281876532317043,
        "(13, 4)": 0.6530421490975149,
        "(13, 5)": 0.6288883872812445,
        "(13, 6)": 0.6613083682063406,
        "(13, 7)": 0.6830695587539602,
        "(13, 8)": 0.7051648012680823,
        "(13, 9)": 0.7213640950225094,
        "(14, 1)": 0.6647796696122922,
        "(14, 2)": 1.6744881794741941,
        "(14, 3)": 1.394009982507023,
        "(14, 4)": 0.7118769070986584,
        "(14, 5)": 0.6474785567291759,
        "(14, 6)": 0.7752105288861446,
        "(14, 7)": 0.7741295628744037,
        "(14, 8)": 12.073201533213599,
        "(14, 9)": 0.5253406416998461,
        "(15, 1)": 0.9934075399414,
        "(15, 2)": 0.6864331213487441,
        "(15, 3)": 0.6854871079208085,
        "(15, 4)": 0.7141745896524593,
        "(15, 5)": 0.6685428848912827,
        "(15, 6)": 2.5610160117796767,
        "(15, 7)": 0.7891868641009709,
        "(15, 8)": 43.87069559422644,
        "(15, 9)": 0.5450560522460286,
        "(16, 1)": 1.2594438842998499,
        "(16, 2)": 0.6906701207022449,
        "(16, 3)": 3.974705256010962,
        "(16, 4)": 0.7153868271475405,
        "(16, 5)": 0.6978532274138993,
        "(16, 6)": 0.6273210532075354,
        "(16, 7)": 0.8215443002070979,
        "(16, 8)": 0.6256784257949692,
        "(16, 9)": 0.6603586909645992,
        "(17, 1)": 0.8107316128852164,
        "(17, 2)": 0.6484334297345401,
        "(17, 3)": 2.455062172355332,
        "(17, 4)": 1.4891457559330494,
        "(17, 5)": 0.595218556333034,
        "(17, 6)": 0.6726261005484099,
        "(17, 7)": 1.3962624526025555,
        "(17, 8)": 0.6638446887265628,
        "(17, 9)": 10.00402915678579,
        "(18, 1)": 20.655760786702654,
        "(18, 2)": 1.3170025571156638,
        "(18, 3)": 0.6659709055741699,
        "(18, 4)": 8.910939569916698,
        "(18, 5)": 28.075588161855077,
        "(18, 6)": 0.7282997523668188,
        "(18, 7)": 0.44852356549235267,
        "(18, 8)": 0.8574407438212548,
        "(18, 9)": 0.6374027204743825,
        "(19, 1)": 1.3507280950345046,
        "(19, 2)": 0.6402385171851795,
        "(19, 3)": 0.6553301872736401,
        "(19, 4)": 0.6871673469859917,
        "(19, 5)": 0.7479017978767641,
        "(19, 6)": 0.6749476070334484,
        "(19, 7)": 0.6532663676916026,
        "(19, 8)": 9.285094034416213,
        "(19, 9)": 0.834403384042032
    },
    "matching_probabilities": {
        "(0, 10)": 0.0008892289931275311,
        "(0, 11)": 0.12904379259489027,
        "(0, 12)": 0.14264448041244135,
        "(0, 13)": 0.004457561362751067,
        "(0, 14)": 0.05363071707201493,
        "(0, 15)": 0.003481049966809132,
        "(0, 16)": 0.09020149765441961,
        "(0, 17)": 0.12436060184928108,
        "(0, 18)": 0.3185074212861638,
        "(0, 19)": 0.002946351188956897,
        "(10, 1)": 0.00576587987551776,
        "(10, 2)": 0.13772101557874358,
        "(10, 3)": 0.0008734470306615617,
        "(10, 4)": 0.09881501232154201,
        "(10, 5)": 0.006320357427945973,
        "(10, 6)": 0.15620118092868482,
        "(10, 7)": 0.020454354716079447,
        "(10, 8)": 0.2337580501726874,
        "(10, 9)": 0.1392237862741708,
        "(11, 1)": 0.4312738740160902,
        "(11, 2)": 0.03260359566568081,
        "(11, 3)": 0.00012079424093720974,
        "(11, 4)": 0.0002665793979209255,
        "(11, 5)": 0.00418220595599916,
        "(11, 6)": 0.01101673323552547,
        "(11, 7)": 0.0010897636045820239,
        "(11, 8)": 0.012245467342102983,
        "(11, 9)": 0.24398801088435684,
        "(12, 1)": 0.056579896139884976,
        "(12, 2)": 0.11187538568512725,
        "(12, 3)": 0.31639225950149186,
        "(12, 4)": 0.00653010773948414,
        "(12, 5)": 0.00013454915298358766,
        "(12, 6)": 0.024465800707616083,
        "(12, 7)": 0.029607148938523647,
        "(12, 8)": 0.10593456083633128,
        "(12, 9)": 0.06497502659101911,
        "(13, 1)": 0.06440154746110663,
        "(13, 2)": 0.0006129215390020943,
        "(13, 3)": 0.0010775073280383303,
        "(13, 4)": 0.0749793945249346,
        "(13, 5)": 0.0017300578993740302,
        "(13, 6)": 0.25596365759871426,
        "(13, 7)": 0.18324884383825596,
        "(13, 8)": 0.003114651877763103,
        "(13, 9)": 0.017660309779288265,
        "(14, 1)": 0.10887990364274897,
        "(14, 2)": 0.06183154186353987,
        "(14, 3)": 0.127745715750658,
        "(14, 4)": 0.17754315006537455,
        "(14, 5)": 0.06203942374247732,
        "(14, 6)": 0.006977784244205297,
        "(14, 7)": 0.01026096614410728,
        "(14, 8)": 0.12565599555823292,
        "(14, 9)": 0.1448962747024761,
        "(15, 1)": 0.017142087273254746,
        "(15, 2)": 0.03474539652868202,
        "(15, 3)": 0.19914498953444015,
        "(15, 4)": 0.008573576004766967,
        "(15, 5)": 0.34249348292607185,
        "(15, 6)": 0.24352418667800052,
        "(15, 7)": 0.010194694696573636,
        "(15, 8)": 0.024118353809054794,
        "(15, 9)": 0.0011567383739270766,
        "(16, 1)": 0.021219710194927428,
        "(16, 2)": 0.0009868223072885484,
        "(16, 3)": 0.026716740659512565,
        "(16, 4)": 0.025166143977164823,
        "(16, 5)": 0.00014002930126511074,
        "(16, 6)": 0.0786493053294657,
        "(16, 7)": 0.42528241525775823,
        "(16, 8)": 0.025769846556007156,
        "(16, 9)": 0.07547041298004387,
        "(17, 1)": 0.006857198236266673,
        "(17, 2)": 0.4073261281446639,
        "(17, 3)": 0.24823078966248946,
        "(17, 4)": 0.04184923244439308,
        "(17, 5)": 0.00018226262576932285,
        "(17, 6)": 0.010813633405653273,
        "(17, 7)": 0.006190962746825085,
        "(17, 8)": 0.036270312391980364,
        "(17, 9)": 0.046843973702446196,
        "(18, 1)": 0.014546721266146891,
        "(18, 2)": 0.0833399201213067,
        "(18, 3)": 0.003869983286495661,
        "(18, 4)": 0.09742759491236579,
        "(18, 5)": 0.07546149891614166,
        "(18, 6)": 0.00215341407430372,
        "(18, 7)": 0.00054374310568767,
        "(18, 8)": 0.3239333819309873,
        "(18, 9)": 0.03836447449336141,
        "(19, 1)": 0.08890201572396818,
        "(19, 2)": 0.009585801713646818,
        "(19, 3)": 0.015660613748305057,
        "(19, 4)": 0.1988493403781002,
        "(19, 5)": 0.27266039445470275,
        "(19, 6)": 0.07067269040057862,
        "(19, 7)": 0.05073249678057003,