{
    "min_scaled_matching_probability": 0.4358449521401927,
    "scaled_matching_probabilities": {
        "(0, 2)": 0.5490588053685086,
        "(0, 3)": 0.49127624323129815,
        "(0, 4)": 0.4358449521401927,
        "(0, 5)": 0.44751414215860613,
        "(0, 6)": 0.48682636269812196,
        "(0, 7)": 0.5297363107864602,
        "(0, 8)": 0.5114584604008632,
        "(0, 9)": 0.4994037414604939,
        "(0, 10)": 0.5208049611662539,
        "(0, 11)": 0.49055792944864146,
        "(0, 12)": 0.5974454496215857,
        "(0, 13)": 0.49099268623022824,
        "(0, 14)": 0.47925656854419846,
        "(0, 15)": 0.5311533581471359,
        "(0, 16)": 0.4697740112354916,
        "(0, 19)": 0.553816312081956,
        "(0, 20)": 0.47398053136841617
    },
    "matching_probabilities": {
        "(0, 2)": 1.6550266359302537e-06,
        "(0, 3)": 9.515147823875246e-05,
        "(0, 4)": 2.9174744537997554e-06,
        "(0, 5)": 5.585543177754538e-07,
        "(0, 6)": 0.01998081344880785,
        "(0, 7)": 0.08028898166085839,
        "(0, 8)": 9.71983071864153e-05,
        "(0, 9)": 0.010042386846019062,
        "(0, 10)": 0.1836632629772482,
        "(0, 11)": 0.008224370138542941,
        "(0, 12)": 1.0910075682855896e-05,
        "(0, 13)": 0.0038043543113647936,
        "(0, 14)": 1.2764500252540184e-05,
        "(0, 15)": 0.02452627362360235,
        "(0, 16)": 0.002327282867447774,
        "(0, 19)": 0.0008800390493210271,
        "(0, 20)": 0.1691914241512583
    },
    "matching_counts": {
        "(0, 2)": 0.016550266359302537,
        "(0, 3)": 0.9515147823875245,
        "(0, 4)": 0.029174744537997555,
        "(0, 5)": 0.005585543177754538,
        "(0, 6)": 199.80813448807848,
        "(0, 7)": 802.8898166085839,
        "(0, 8)": 0.971983071864153,
        "(0, 9)": 100.42386846019062,
        "(0, 10)": 1836.632629772482,
        "(0, 11)": 82.2437013854294,
        "(0, 12)": 0.10910075682855896,
        "(0, 13)": 38.043543113647935,
        "(0, 14)": 0.12764500252540184,
        "(0, 15)": 245.2627362360235,
        "(0, 16)": 23.27282867447774,
        "(0, 19)": 8.800390493210271,
        "(0, 20)": 1691.914241512583
    },
    "average_num_matching_probability_capped": 0.0,
    "average_num_matching_probability_exceeds_one": 0.0,
    "average_num_proposal_matching_probability_exceeds_one": 0.0,
    "simulation_parameters": {
        "graph_file": "nonuniform_star_20_order_0.json",
        "c_guarantee": 0.5,
        "experiment_name": "nonuniform_star_20_order_0_tr_c50_r20_sim10000",
        "average_edge_weight": 0.05,
        "r": 0.2,
        "num_sim_instances": 10000,
        "rounding_scheme_class": "SimpleRecursiveRoundingSchemeForTree",
        "parallel": true
    }
}