{
    "min_scaled_matching_probability": 0.2488518323751403,
    "scaled_matching_probabilities": {
        "(0, 1)": 0.6096933291365891,
        "(0, 2)": 0.6084382186780031,
        "(0, 3)": 0.6087423533247873,
        "(0, 4)": 0.5810700523696783,
        "(0, 5)": 2.0622177235444172,
        "(0, 6)": 0.604328773046594,
        "(0, 7)": 0.3794160844201535,
        "(0, 8)": 0.6646865037422697,
        "(0, 9)": 0.6402441038432365,
        "(1, 2)": 0.6839788504601784,
        "(1, 3)": 0.5306850827645929,
        "(1, 4)": 0.6073864723769336,
        "(1, 5)": 0.5654833550720417,
        "(1, 6)": 5.799553628257517,
        "(1, 7)": 0.8689765864314204,
        "(1, 8)": 0.33213539393835306,
        "(1, 9)": 0.6028691058993435,
        "(2, 3)": 0.583963873754985,
        "(2, 4)": 0.5115305111355958,
        "(2, 5)": 0.6434601351797922,
        "(2, 6)": 0.6290550899147836,
        "(2, 7)": 1.0548063307774127,
        "(2, 8)": 0.7855086216140714,
        "(2, 9)": 0.5978831502488818,
        "(3, 4)": 3.178189545205531,
        "(3, 5)": 0.5784191915489709,
        "(3, 6)": 0.7996974112117038,
        "(3, 7)": 0.5657196687510933,
        "(3, 8)": 0.5961757430974032,
        "(3, 9)": 0.8831761866917529,
        "(4, 5)": 0.6230194663882662,
        "(4, 6)": 0.6402148943543443,
        "(4, 7)": 0.9989652219236548,
        "(4, 8)": 0.6470244733261084,
        "(4, 9)": 0.597841526210154,
        "(5, 6)": 0.6205012233902286,
        "(5, 7)": 0.6046437210664038,
        "(5, 8)": 0.3880823783572459,
        "(5, 9)": 1.3110904601669189,
        "(6, 7)": 0.4762932826880223,
        "(6, 8)": 0.6162878042949249,
        "(6, 9)": 0.6114976343570819,
        "(7, 8)": 0.2488518323751403,
        "(7, 9)": 0.6080568697149019,
        "(8, 9)": 0.7671088463549062
    },
    "matching_probabilities": {
        "(0, 1)": 0.0327,
        "(0, 2)": 0.0389,
        "(0, 3)": 0.0771,
        "(0, 4)": 0.017,
        "(0, 5)": 0.1613,
        "(0, 6)": 0.018,
        "(0, 7)": 0.0017,
        "(0, 8)": 0.3326,
        "(0, 9)": 0.0624,
        "(1, 2)": 0.0908,
        "(1, 3)": 0.001,
        "(1, 4)": 0.1435,
        "(1, 5)": 0.0285,
        "(1, 6)": 0.1241,
        "(1, 7)": 0.2198,
        "(1, 8)": 0.0007,
        "(1, 9)": 0.148,
        "(2, 3)": 0.1564,
        "(2, 4)": 0.0017,
        "(2, 5)": 0.0626,
        "(2, 6)": 0.0483,
        "(2, 7)": 0.2494,
        "(2, 8)": 0.003,
        "(2, 9)": 0.006,
        "(3, 4)": 0.0541,
        "(3, 5)": 0.0169,
        "(3, 6)": 0.0086,
        "(3, 7)": 0.007,
        "(3, 8)": 0.0967,
        "(3, 9)": 0.2277,
        "(4, 5)": 0.0793,
        "(4, 6)": 0.2903,
        "(4, 7)": 0.0004,
        "(4, 8)": 0.0062,
        "(4, 9)": 0.072,
        "(5, 6)": 0.0422,
        "(5, 7)": 0.2663,
        "(5, 8)": 0.0008,
        "(5, 9)": 0.1122,
        "(6, 7)": 0.0008,
        "(6, 8)": 0.1635,
        "(6, 9)": 0.0309,
        "(7, 8)": 0.0001,
        "(7, 9)": 0.0308,
        "(8, 9)": 0.0397
    },
    "matching_counts": {
        "(0, 1)": 327.0,
        "(0, 2)": 389.0,
        "(0, 3)": 771.0,
        "(0, 4)": 170.0,
        "(0, 5)": 1613.0,
        "(0, 6)": 180.0,
        "(0, 7)": 17.0,
        "(0, 8)": 3326.0,
        "(0, 9)": 624.0,
        "(1, 2)": 908.0,
        "(1, 3)": 10.0,
        "(1, 4)": 1435.0,
        "(1, 5)": 285.0,
        "(1, 6)": 1241.0,
        "(1, 7)": 2198.0,
        "(1, 8)": 7.0,
        "(1, 9)": 1480.0,
        "(2, 3)": 1564.0,
        "(2, 4)": 17.0,
        "(2, 5)": 626.0,
        "(2, 6)": 483.0,
        "(2, 7)": 2494.0,
        "(2, 8)": 30.0,
        "(2, 9)": 60.0,
        "(3, 4)": 541.0,
        "(3, 5)": 169.0,
        "(3, 6)": 86.0,
        "(3, 7)": 70.0,
        "(3, 8)": 967.0,
        "(3, 9)": 2277.0,
        "(4, 5)": 793.0,
        "(4, 6)": 2903.0,
        "(4, 7)": 4.0,
        "(4, 8)": 62.0,
        "(4, 9)": 720.0,
        "(5, 6)": 422.0,
        "(5, 7)": 2663.0,
        "(5, 8)": 8.0,
        "(5, 9)": 1122.0,
        "(6, 7)": 8.0,
        "(6, 8)": 1635.0,
        "(6, 9)": 309.0,
        "(7, 8)": 1.0,
        "(7, 9)": 308.0,
        "(8, 9)": 397.0
    },
    "average_num_matching_probability_capped": 0.5708,
    "average_num_matching_probability_exceeds_one": 0.2854,
    "average_num_proposal_matching_probability_exceeds_one": 0.5329,
    "simulation_parameters": {
        "graph_file": "nonuniform_complete_10_order_0.json",
        "c_guarantee": 0.6,
        "experiment_name": "nonuniform_complete_10_order_0_si_c60_r100_sim10000",
        "average_edge_weight": 0.1111111111111111,
        "r": 1.0,
        "num_sim_instances": 10000,
        "rounding_scheme_class": "SimpleRecursiveRoundingScheme",
        "parallel": true
    }
}