{
    "min_scaled_matching_probability": 0.475037577589765,
    "scaled_matching_probabilities": {
        "(0, 1)": 0.6716756931270502,
        "(0, 2)": 0.738694825836937,
        "(0, 3)": 0.7132173565118559,
        "(0, 4)": 0.7556314815110962,
        "(0, 5)": 0.6747040939693061,
        "(0, 6)": 0.6983307924411547,
        "(0, 7)": 0.6856168811104694,
        "(0, 8)": 0.7700653901681421,
        "(0, 9)": 0.7046086088129275,
        "(1, 2)": 0.8174085830814957,
        "(1, 3)": 0.7043092416485089,
        "(1, 4)": 0.6832469371201881,
        "(1, 5)": 0.6728384685810506,
        "(1, 6)": 1.7203359088588754,
        "(1, 7)": 1.1524165973763179,
        "(1, 8)": 0.6638983457333238,
        "(1, 9)": 0.6572162853645817,
        "(2, 3)": 0.6658654594006826,
        "(2, 4)": 0.8323776188514952,
        "(2, 5)": 0.7122868327629654,
        "(2, 6)": 0.6603240924927101,
        "(2, 7)": 0.651023565226262,
        "(2, 8)": 0.7000125842216264,
        "(2, 9)": 0.7290882367024383,
        "(3, 4)": 8.9917528996384,
        "(3, 5)": 0.7029487688699446,
        "(3, 6)": 0.7491078654448752,
        "(3, 7)": 0.6020670091113196,
        "(3, 8)": 0.6822596776463373,
        "(3, 9)": 0.475037577589765,
        "(4, 5)": 0.7129515128813408,
        "(4, 6)": 0.7174270344363642,
        "(4, 7)": 0.8214165780943051,
        "(4, 8)": 0.6978151265075858,
        "(4, 9)": 0.6921594839755425,
        "(5, 6)": 0.7603428565902856,
        "(5, 7)": 0.6592762091127515,
        "(5, 8)": 0.6791285727955872,
        "(5, 9)": 2.459844146796043,
        "(6, 7)": 0.596186849112065,
        "(6, 8)": 0.7256326676731755,
        "(6, 9)": 0.7415332980589083,
        "(7, 8)": 0.6997221293283923,
        "(7, 9)": 0.6835354339245419,
        "(8, 9)": 1.007311333924914
    },
    "matching_probabilities": {
        "(0, 1)": 0.036024332423578165,
        "(0, 2)": 0.0472278496697527,
        "(0, 3)": 0.09033223643258699,
        "(0, 4)": 0.02210703362409072,
        "(0, 5)": 0.05277317186965057,
        "(0, 6)": 0.020799860646336682,
        "(0, 7)": 0.003071953841042505,
        "(0, 8)": 0.3853301478635639,
        "(0, 9)": 0.06867314657956167,
        "(1, 2)": 0.10851314963008638,
        "(1, 3)": 0.0013271698499219625,
        "(1, 4)": 0.16142265252147628,
        "(1, 5)": 0.033910629168062714,
        "(1, 6)": 0.0368120893389395,
        "(1, 7)": 0.29149366284255485,
        "(1, 8)": 0.0013992150505332294,
        "(1, 9)": 0.1613418390196929,
        "(2, 3)": 0.17833527471591776,
        "(2, 4)": 0.002766290419130921,
        "(2, 5)": 0.06929591017865121,
        "(2, 6)": 0.05070089119176899,
        "(2, 7)": 0.15392899381610975,
        "(2, 8)": 0.002673475115205864,
        "(2, 9)": 0.007316696278183515,
        "(3, 4)": 0.1530600440758101,
        "(3, 5)": 0.020538450949541626,
        "(3, 6)": 0.008055956606217461,
        "(3, 7)": 0.007449748164286523,
        "(3, 8)": 0.11066285670334947,
        "(3, 9)": 0.12247392767955341,
        "(4, 5)": 0.09074685145753758,
        "(4, 6)": 0.3253111883735782,
        "(4, 7)": 0.00032890697696664415,
        "(4, 8)": 0.006686692641016139,
        "(4, 9)": 0.08335901850471462,
        "(5, 6)": 0.051710564522015626,
        "(5, 7)": 0.29036149449643356,
        "(5, 8)": 0.0013999678638753781,
        "(5, 9)": 0.21050760542897878,
        "(6, 7)": 0.0010013777154234181,
        "(6, 8)": 0.19250898742073516,
        "(6, 9)": 0.037470919955579225,
        "(7, 8)": 0.0002811802198320051,
        "(7, 9)": 0.03462322755229606,
        "(8, 9)": 0.05213114168457578
    },
    "matching_counts": {
        "(0, 1)": 360.24332423578164,
        "(0, 2)": 472.278496697527,
        "(0, 3)": 903.3223643258699,
        "(0, 4)": 221.0703362409072,
        "(0, 5)": 527.7317186965057,
        "(0, 6)": 207.99860646336683,
        "(0, 7)": 30.71953841042505,
        "(0, 8)": 3853.301478635639,
        "(0, 9)": 686.7314657956167,
        "(1, 2)": 1085.1314963008638,
        "(1, 3)": 13.271698499219625,
        "(1, 4)": 1614.2265252147627,
        "(1, 5)": 339.1062916806271,
        "(1, 6)": 368.120893389395,
        "(1, 7)": 2914.9366284255484,
        "(1, 8)": 13.992150505332294,
        "(1, 9)": 1613.418390196929,
        "(2, 3)": 1783.3527471591776,
        "(2, 4)": 27.662904191309213,
        "(2, 5)": 692.9591017865121,
        "(2, 6)": 507.0089119176899,
        "(2, 7)": 1539.2899381610976,
        "(2, 8)": 26.734751152058642,
        "(2, 9)": 73.16696278183515,
        "(3, 4)": 1530.6004407581008,
        "(3, 5)": 205.38450949541627,
        "(3, 6)": 80.55956606217461,
        "(3, 7)": 74.49748164286522,
        "(3, 8)": 1106.6285670334946,
        "(3, 9)": 1224.7392767955341,
        "(4, 5)": 907.4685145753758,
        "(4, 6)": 3253.1118837357817,
        "(4, 7)": 3.2890697696664413,
        "(4, 8)": 66.86692641016138,
        "(4, 9)": 833.5901850471462,
        "(5, 6)": 517.1056452201562,
        "(5, 7)": 2903.614944964336,
        "(5, 8)": 13.999678638753782,
        "(5, 9)": 2105.076054289788,
        "(6, 7)": 10.01377715423418,
        "(6, 8)": 1925.0898742073516,
        "(6, 9)": 374.7091995557922,
        "(7, 8)": 2.8118021983200507,
        "(7, 9)": 346.2322755229606,
        "(8, 9)": 521.3114168457578
    },
    "average_num_matching_probability_capped": 1.2758,
    "average_num_matching_probability_exceeds_one": 1.2188,
    "average_num_proposal_matching_probability_exceeds_one": 0.9074,
    "simulation_parameters": {
        "graph_file": "nonuniform_complete_10_order_0.json",
        "c_guarantee": 0.7,
        "experiment_name": "nonuniform_complete_10_order_0_si_c70_r60_sim10000",
        "average_edge_weight": 0.1111111111111111,
        "r": 0.6,
        "num_sim_instances": 10000,
        "rounding_scheme_class": "SimpleRecursiveRoundingScheme",
        "parallel": true
    }
}