{
    "min_scaled_matching_probability": 0.6225354501342025,
    "scaled_matching_probabilities": {
        "(0, 10)": 0.8886250719741966,
        "(0, 11)": 0.6967160484104553,
        "(0, 12)": 0.9110647904288128,
        "(0, 13)": 0.8630898396494823,
        "(0, 14)": 0.8494424677460699,
        "(0, 15)": 0.83414709748193,
        "(0, 16)": 0.8288058967323221,
        "(0, 17)": 0.8545333733085123,
        "(0, 18)": 0.7947612745124312,
        "(0, 19)": 0.9488282970207246,
        "(10, 1)": 0.7995975469606568,
        "(10, 2)": 0.8410278618933692,
        "(10, 3)": 0.6757291918497839,
        "(10, 4)": 0.7634576642553336,
        "(10, 5)": 0.8304404637301854,
        "(10, 6)": 0.7697618763215741,
        "(10, 7)": 0.8292763817163536,
        "(10, 8)": 0.8123685341239091,
        "(10, 9)": 0.8405144920699154,
        "(11, 1)": 0.7961975177825583,
        "(11, 2)": 0.9252545500276048,
        "(11, 3)": 0.7255535325722264,
        "(11, 4)": 0.9655830200404452,
        "(11, 5)": 0.8076544680959562,
        "(11, 6)": 0.9923376382077351,
        "(11, 7)": 0.8373788153577332,
        "(11, 8)": 0.8915164001105572,
        "(11, 9)": 0.7990399282426872,
        "(12, 1)": 0.7234010498283904,
        "(12, 2)": 0.8070157867659182,
        "(12, 3)": 0.8025154153847638,
        "(12, 4)": 0.6624914437643826,
        "(12, 5)": 0.8046717192640682,
        "(12, 6)": 0.8429875867626225,
        "(12, 7)": 0.7358477689326859,
        "(12, 8)": 0.8164697265453168,
        "(12, 9)": 0.8219210820510643,
        "(13, 1)": 0.8179366763323038,
        "(13, 2)": 0.8122363957299799,
        "(13, 3)": 0.7360588101771616,
        "(13, 4)": 0.7845777798805806,
        "(13, 5)": 0.7410872372119907,
        "(13, 6)": 0.7932784984528052,
        "(13, 7)": 0.7933548362306103,
        "(13, 8)": 0.6840794650933814,
        "(13, 9)": 0.8209419536958927,
        "(14, 1)": 0.7842756480465979,
        "(14, 2)": 0.8294374083726548,
        "(14, 3)": 0.7861634109294006,
        "(14, 4)": 0.8068507336757919,
        "(14, 5)": 0.8209550670952303,
        "(14, 6)": 0.7352873796672335,
        "(14, 7)": 0.6848997740677891,
        "(14, 8)": 0.7669661215328424,
        "(14, 9)": 0.8144598819485025,
        "(15, 1)": 0.8002853616513234,
        "(15, 2)": 0.9263078841993474,
        "(15, 3)": 0.822664705872801,
        "(15, 4)": 0.8331420733384414,
        "(15, 5)": 0.79546816528665,
        "(15, 6)": 0.7774263260371211,
        "(15, 7)": 0.8718632964973546,
        "(15, 8)": 0.8262394695376751,
        "(15, 9)": 0.6225354501342025,
        "(16, 1)": 0.717253828716009,
        "(16, 2)": 0.822448113086795,
        "(16, 3)": 0.88901059388556,
        "(16, 4)": 0.9201449547400058,
        "(16, 5)": 0.7435564324463357,
        "(16, 6)": 0.8151153651898893,
        "(16, 7)": 0.8225270473259877,
        "(16, 8)": 0.7713601778312072,
        "(16, 9)": 0.791795749312088,
        "(17, 1)": 0.635833643728847,
        "(17, 2)": 0.7693551529118298,
        "(17, 3)": 0.8184678441252808,
        "(17, 4)": 0.7952190592532555,
        "(17, 5)": 0.6772983822467881,
        "(17, 6)": 0.8450546620362228,
        "(17, 7)": 0.7098380336288634,
        "(17, 8)": 0.8188969548204913,
        "(17, 9)": 0.7606623158198296,
        "(18, 1)": 0.8660693963286905,
        "(18, 2)": 0.8324250973798923,
        "(18, 3)": 0.6915182733117025,
        "(18, 4)": 0.8540932650220323,
        "(18, 5)": 0.7990902055603069,
        "(18, 6)": 0.6826907193073546,
        "(18, 7)": 0.7027470520369827,
        "(18, 8)": 0.8129070962558876,
        "(18, 9)": 0.7450509429086427,
        "(19, 1)": 0.8463226601603092,
        "(19, 2)": 0.7814212610408262,
        "(19, 3)": 0.7289726157912649,
        "(19, 4)": 0.829273135764834,
        "(19, 5)": 0.8207434216521312,
        "(19, 6)": 0.822667919891287,
        "(19, 7)": 0.6901056693926463,
        "(19, 8)": 0.8488934755429154,
        "(19, 9)": 0.7135434695565775
    },
    "matching_probabilities": {
        "(0, 10)": 0.0011563603818010458,
        "(0, 11)": 0.14100826310956333,
        "(0, 12)": 0.0007122668716118318,
        "(0, 13)": 0.0056725200469245575,
        "(0, 14)": 0.03247586837126723,
        "(0, 15)": 0.003877565289186632,
        "(0, 16)": 0.10019237600298424,
        "(0, 17)": 0.12816770572821465,
        "(0, 18)": 0.37327279236795563,
        "(0, 19)": 0.004634141997505781,
        "(10, 1)": 0.006703181638606052,
        "(10, 2)": 0.005755208424828758,
        "(10, 3)": 0.0010748795625790607,
        "(10, 4)": 0.11706238814962708,
        "(10, 5)": 0.011565105782879765,
        "(10, 6)": 0.1480950653837382,
        "(10, 7)": 0.04197209618235773,
        "(10, 8)": 0.27331150044425023,
        "(10, 9)": 0.15772825102286364,
        "(11, 1)": 0.4926882874631222,
        "(11, 2)": 0.04130887805645573,
        "(11, 3)": 0.00011949361779729111,
        "(11, 4)": 0.00031010678739959273,
        "(11, 5)": 0.005761886575375846,
        "(11, 6)": 0.017232121068289533,
        "(11, 7)": 0.0012510522743421936,
        "(11, 8)": 0.01632581229072162,
        "(11, 9)": 0.07137228626352164,
        "(12, 1)": 0.0012678194383006411,
        "(12, 2)": 0.12243455093886678,
        "(12, 3)": 0.38102783316468697,
        "(12, 4)": 0.006537058181316685,
        "(12, 5)": 0.00015140364032514934,
        "(12, 6)": 0.03526878837757011,
        "(12, 7)": 0.031016907727148293,
        "(12, 8)": 0.12238706099875638,
        "(12, 9)": 0.08736564169703984,
        "(13, 1)": 0.07957112381134092,
        "(13, 2)": 0.0007449738768704186,
        "(13, 3)": 0.0009576437885040237,
        "(13, 4)": 0.09008173051993776,
        "(13, 5)": 0.002038714428178021,
        "(13, 6)": 0.30704354537222556,
        "(13, 7)": 0.21283536153762958,
        "(13, 8)": 0.003021519773336309,
        "(13, 9)": 0.020098157522840377,
        "(14, 1)": 0.12845136650834957,
        "(14, 2)": 0.03062750425331992,
        "(14, 3)": 0.07204324853222419,
        "(14, 4)": 0.20122976242226334,
        "(14, 5)": 0.07866141473216123,
        "(14, 6)": 0.006618430093018724,
        "(14, 7)": 0.00907823926491295,
        "(14, 8)": 0.007982463582299992,
        "(14, 9)": 0.22463939284633316,
        "(15, 1)": 0.013809600754333377,
        "(15, 2)": 0.04688721121281552,
        "(15, 3)": 0.2389972799609804,
        "(15, 4)": 0.01000176566350853,
        "(15, 5)": 0.4075171071937159,
        "(15, 6)": 0.07392461151334001,
        "(15, 7)": 0.011262706627871068,
        "(15, 8)": 0.00045423341452415774,
        "(15, 9)": 0.0013211680547951295,
        "(16, 1)": 0.012084633997025508,
        "(16, 2)": 0.0011751053364755556,
        "(16, 3)": 0.005975654532994698,
        "(16, 4)": 0.032369201573337086,
        "(16, 5)": 0.00014919998016271285,
        "(16, 6)": 0.10219369636610892,
        "(16, 7)": 0.42579114627591963,
        "(16, 8)": 0.0317700476836298,
        "(16, 9)": 0.09049195992126352,
        "(17, 1)": 0.005377904686385724,
        "(17, 2)": 0.4832854711577939,
        "(17, 3)": 0.08275510149938811,
        "(17, 4)": 0.022347918007562244,
        "(17, 5)": 0.00020739639291175602,
        "(17, 6)": 0.013585722165029563,
        "(17, 7)": 0.0031473888123859602,
        "(17, 8)": 0.04474186337945492,
        "(17, 9)": 0.0035618094430018956,
        "(18, 1)": 0.0006099252521187188,
        "(18, 2)": 0.05267585909213879,
        "(18, 3)": 0.0040184400513943765,
        "(18, 4)": 0.009338213101890033,
        "(18, 5)": 0.0021477927491013672,
        "(18, 6)": 0.002018558702753125,
        "(18, 7)": 0.0008519370975926094,
        "(18, 8)": 0.307108971416878,
        "(18, 9)": 0.04484368669496802,
        "(19, 1)": 0.0557031357515373,
        "(19, 2)": 0.011699622971916072,
        "(19, 3)": 0.01742046801856183,
        "(19, 4)": 0.2399712628421466,
        "(19, 5)": 0.29921605447276467,
        "(19, 6)": 0.0861402494046974,