{
    "min_scaled_matching_probability": 0.08556496916404897,
    "scaled_matching_probabilities": {
        "(0, 1)": 2.4108057326410086,
        "(0, 2)": 0.986952483254036,
        "(0, 3)": 0.7745476635688928,
        "(0, 4)": 0.8510967237649993,
        "(0, 5)": 0.34775153180662216,
        "(0, 6)": 0.8695619567725993,
        "(0, 7)": 2.455045252130405,
        "(0, 8)": 0.9372759177844993,
        "(0, 9)": 0.5150681732841422,
        "(1, 2)": 1.2391467059548387,
        "(1, 3)": 33.59236573899873,
        "(1, 4)": 0.4694018103595954,
        "(1, 5)": 0.5853248763026396,
        "(1, 6)": 0.7383799139924961,
        "(1, 7)": 0.3830929537088473,
        "(1, 8)": 0.9964061818150591,
        "(1, 9)": 0.7434027826123663,
        "(2, 3)": 0.7243541656551605,
        "(2, 4)": 0.6619806614695947,
        "(2, 5)": 0.7647513427695931,
        "(2, 6)": 0.7189201027597526,
        "(2, 7)": 0.7739757759914455,
        "(2, 8)": 1.073528449539231,
        "(2, 9)": 0.6576714652737701,
        "(3, 4)": 5.2578181940091495,
        "(3, 5)": 0.08556496916404897,
        "(3, 6)": 0.6881117259263498,
        "(3, 7)": 15.145123703422128,
        "(3, 8)": 0.6578278364890686,
        "(3, 9)": 0.7710822394129138,
        "(4, 5)": 0.7408667803330834,
        "(4, 6)": 0.7573193066527103,
        "(4, 7)": 1.7481891383663957,
        "(4, 8)": 0.6783321091322104,
        "(4, 9)": 1.8317200094716661,
        "(5, 6)": 3.448045897749019,
        "(5, 7)": 0.7356536448573596,
        "(5, 8)": 0.6791441621251804,
        "(5, 9)": 1.4758531650542055,
        "(6, 7)": 0.6549032636960307,
        "(6, 8)": 0.5725634096171198,
        "(6, 9)": 0.7460666930505497,
        "(7, 8)": 0.7465554971254208,
        "(7, 9)": 1.170706895262782,
        "(8, 9)": 0.6859537542972082
    },
    "matching_probabilities": {
        "(0, 1)": 0.1293,
        "(0, 2)": 0.0631,
        "(0, 3)": 0.0981,
        "(0, 4)": 0.0249,
        "(0, 5)": 0.0272,
        "(0, 6)": 0.0259,
        "(0, 7)": 0.011,
        "(0, 8)": 0.469,
        "(0, 9)": 0.0502,
        "(1, 2)": 0.1645,
        "(1, 3)": 0.0633,
        "(1, 4)": 0.1109,
        "(1, 5)": 0.0295,
        "(1, 6)": 0.0158,
        "(1, 7)": 0.0969,
        "(1, 8)": 0.0021,
        "(1, 9)": 0.1825,
        "(2, 3)": 0.194,
        "(2, 4)": 0.0022,
        "(2, 5)": 0.0744,
        "(2, 6)": 0.0552,
        "(2, 7)": 0.183,
        "(2, 8)": 0.0041,
        "(2, 9)": 0.0066,
        "(3, 4)": 0.0895,
        "(3, 5)": 0.0025,
        "(3, 6)": 0.0074,
        "(3, 7)": 0.1874,
        "(3, 8)": 0.1067,
        "(3, 9)": 0.1988,
        "(4, 5)": 0.0943,
        "(4, 6)": 0.3434,
        "(4, 7)": 0.0007,
        "(4, 8)": 0.0065,
        "(4, 9)": 0.2206,
        "(5, 6)": 0.2345,
        "(5, 7)": 0.324,
        "(5, 8)": 0.0014,
        "(5, 9)": 0.1263,
        "(6, 7)": 0.0011,
        "(6, 8)": 0.1519,
        "(6, 9)": 0.0377,
        "(7, 8)": 0.0003,
        "(7, 9)": 0.0593,
        "(8, 9)": 0.0355
    },
    "matching_counts": {
        "(0, 1)": 1293.0,
        "(0, 2)": 631.0,
        "(0, 3)": 981.0,
        "(0, 4)": 249.0,
        "(0, 5)": 272.0,
        "(0, 6)": 259.0,
        "(0, 7)": 110.0,
        "(0, 8)": 4690.0,
        "(0, 9)": 502.0,
        "(1, 2)": 1645.0,
        "(1, 3)": 633.0,
        "(1, 4)": 1109.0,
        "(1, 5)": 295.0,
        "(1, 6)": 158.0,
        "(1, 7)": 969.0,
        "(1, 8)": 21.0,
        "(1, 9)": 1825.0,
        "(2, 3)": 1940.0,
        "(2, 4)": 22.0,
        "(2, 5)": 744.0,
        "(2, 6)": 552.0,
        "(2, 7)": 1830.0,
        "(2, 8)": 41.0,
        "(2, 9)": 66.0,
        "(3, 4)": 895.0,
        "(3, 5)": 25.0,
        "(3, 6)": 74.0,
        "(3, 7)": 1874.0,
        "(3, 8)": 1067.0,
        "(3, 9)": 1988.0,
        "(4, 5)": 943.0,
        "(4, 6)": 3434.0,
        "(4, 7)": 7.0,
        "(4, 8)": 65.0,
        "(4, 9)": 2206.0,
        "(5, 6)": 2345.0,
        "(5, 7)": 3240.0,
        "(5, 8)": 14.0,
        "(5, 9)": 1263.0,
        "(6, 7)": 11.0,
        "(6, 8)": 1519.0,
        "(6, 9)": 377.0,
        "(7, 8)": 3.0,
        "(7, 9)": 593.0,
        "(8, 9)": 355.0
    },
    "average_num_matching_probability_capped": 1.568,
    "average_num_matching_probability_exceeds_one": 1.2015,
    "average_num_proposal_matching_probability_exceeds_one": 1.434,
    "simulation_parameters": {
        "graph_file": "nonuniform_complete_10_order_1.json",
        "c_guarantee": 0.75,
        "experiment_name": "nonuniform_complete_10_order_1_si_c75_r100_sim10000",
        "average_edge_weight": 0.1111111111111111,
        "r": 1.0,
        "num_sim_instances": 10000,
        "rounding_scheme_class": "SimpleRecursiveRoundingScheme",
        "parallel": true
    }
}