{
    "min_scaled_matching_probability": 0.5669915080305559,
    "scaled_matching_probabilities": {
        "(0, 1)": 0.6771900934820771,
        "(0, 2)": 0.6876060919883721,
        "(0, 3)": 0.6234590950364055,
        "(1, 4)": 0.607056587484751,
        "(1, 5)": 0.6970441638805835,
        "(1, 6)": 0.666292840448279,
        "(2, 7)": 0.6524387982184238,
        "(2, 8)": 0.6374812299973835,
        "(2, 9)": 0.7034734112590265,
        "(3, 10)": 0.6965034683919527,
        "(3, 11)": 0.6539077054133099,
        "(3, 12)": 0.6919924403046323,
        "(4, 13)": 0.6948543228995326,
        "(4, 14)": 0.6921837918474981,
        "(4, 15)": 0.6716846127795086,
        "(5, 16)": 0.6092512011980548,
        "(5, 17)": 0.7102643317934353,
        "(5, 18)": 0.6067725657467827,
        "(6, 19)": 0.6435167032153171,
        "(6, 20)": 0.6751359219246543,
        "(6, 21)": 0.645598580185218,
        "(7, 22)": 0.6527546604334147,
        "(7, 23)": 0.643424223188231,
        "(7, 24)": 0.6559972817998514,
        "(8, 25)": 0.7102902776449799,
        "(8, 26)": 0.66232047197749,
        "(8, 27)": 0.7001196368681499,
        "(9, 28)": 0.6745869340085923,
        "(9, 29)": 0.6369664492168363,
        "(9, 30)": 0.693098089522011,
        "(10, 31)": 0.7068924533895243,
        "(10, 32)": 0.6862343836268304,
        "(10, 33)": 0.6293094846053384,
        "(11, 34)": 0.6291010448687592,
        "(11, 35)": 0.6585736523027051,
        "(11, 36)": 0.6763768063913618,
        "(12, 37)": 0.6416126354242851,
        "(12, 38)": 0.656103728273806,
        "(12, 39)": 0.666179649048758,
        "(13, 40)": 0.6987454856713949,
        "(13, 41)": 0.637027269262096,
        "(13, 42)": 0.6606742034380096,
        "(14, 43)": 0.6890860692108857,
        "(14, 44)": 0.6640106034650269,
        "(14, 45)": 0.6379596225191347,
        "(15, 46)": 0.6389136557577123,
        "(15, 47)": 0.7397984985611218,
        "(15, 48)": 0.6505984911052074,
        "(16, 49)": 0.6702872413047898,
        "(16, 50)": 0.7313752060035216,
        "(16, 51)": 0.7347650747049845,
        "(17, 52)": 0.5717888379570634,
        "(17, 53)": 0.6657871823652113,
        "(17, 54)": 0.6907002627315474,
        "(18, 55)": 0.6642450158469502,
        "(18, 56)": 0.6728711355712913,
        "(18, 57)": 0.653777834434308,
        "(19, 58)": 0.657081335375661,
        "(19, 59)": 0.7410876496532107,
        "(19, 60)": 0.6709329572940822,
        "(20, 61)": 0.6451898928111002,
        "(20, 62)": 0.7022073237657648,
        "(20, 63)": 0.726806942809434,
        "(21, 64)": 0.6544465501480791,
        "(21, 65)": 0.696607483795644,
        "(21, 66)": 0.6661639160838013,
        "(22, 67)": 0.6428396034393415,
        "(22, 68)": 0.637681970759464,
        "(22, 69)": 0.6968423131084958,
        "(23, 70)": 0.6822288346995232,
        "(23, 71)": 0.6681806937420627,
        "(23, 72)": 0.6604685354823673,
        "(24, 73)": 0.6508081469651953,
        "(24, 74)": 0.6310757921459597,
        "(24, 75)": 0.6533143669670836,
        "(25, 76)": 0.6668263294328168,
        "(25, 77)": 0.7071816535342671,
        "(25, 78)": 0.6824456704970054,
        "(26, 79)": 0.6813876178720726,
        "(26, 80)": 0.7480802520886969,
        "(26, 81)": 0.6294562839397155,
        "(27, 82)": 0.6680373888301545,
        "(27, 83)": 0.662977374087663,
        "(27, 84)": 0.6581454999044304,
        "(28, 85)": 0.614062092681092,
        "(28, 86)": 0.6415548486001955,
        "(28, 87)": 0.6868784688249292,
        "(29, 88)": 0.6682705207081806,
        "(29, 89)": 0.6663724063879257,
        "(29, 90)": 0.6764656206483319,
        "(30, 91)": 0.6645261357566765,
        "(30, 92)": 0.687078955699232,
        "(30, 93)": 0.6428220913568832,
        "(31, 94)": 0.6776695511781409,
        "(31, 95)": 0.6777195301307581,
        "(31, 96)": 0.6907944571887086,
        "(32, 97)": 0.6721836103293558,
        "(32, 98)": 0.7590525589002501,
        "(32, 99)": 0.65463992257003,
        "(33, 100)": 0.6735231950881952,
        "(33, 101)": 0.6615072948161331,
        "(33, 102)": 0.6871836547338038,
        "(34, 103)": 0.6810253155247872,
        "(34, 104)": 0.5669915080305559,
        "(34, 105)": 0.6746509325317493,
        "(35, 106)": 0.6369478579372367,
        "(35, 107)": 0.6855959159142774,
        "(35, 108)": 0.6698507606612053,
        "(36, 109)": 0.6854708579808991,
        "(36, 110)": 0.6722953665722117,
        "(36, 111)": 0.6580074270263516,
        "(37, 112)": 0.7038942150717025,
        "(37, 113)": 0.711844683454206,
        "(37, 114)": 0.6442284891507876,
        "(38, 115)": 0.6615020163835328,
        "(38, 116)": 0.66715013647375,
        "(38, 117)": 0.6789939099753853,
        "(39, 118)": 0.6640186600493658,
        "(39, 119)": 0.5958648783071847,
        "(39, 120)": 0.6791869386175906
    },
    "matching_probabilities": {
        "(0, 1)": 0.28103620338627977,
        "(0, 2)": 0.08535478636061004,
        "(0, 3)": 0.05242880335985494,
        "(1, 4)": 0.018597940195750128,
        "(1, 5)": 0.2676931601525597,
        "(1, 6)": 0.05408478475133384,
        "(2, 7)": 0.0921168695840223,
        "(2, 8)": 0.2632283344240663,
        "(2, 9)": 0.11636655601402199,
        "(3, 10)": 0.10217465134248525,
        "(3, 11)": 0.11761230890101533,
        "(3, 12)": 0.20913486515928179,
        "(4, 13)": 0.17425749157655698,
        "(4, 14)": 0.09256790493504312,
        "(4, 15)": 0.05665812126646612,
        "(5, 16)": 0.07435790084351293,
        "(5, 17)": 0.09773925280529164,
        "(5, 18)": 0.06324653350964209,
        "(6, 19)": 0.07064131655444962,
        "(6, 20)": 0.24278608589824252,
        "(6, 21)": 0.06889684893216812,
        "(7, 22)": 0.0550741189916842,
        "(7, 23)": 0.15127909029599917,
        "(7, 24)": 0.04331991129721725,
        "(8, 25)": 0.014357333158712715,
        "(8, 26)": 0.12015039433823513,
        "(8, 27)": 0.06050987996752311,
        "(9, 28)": 0.08529782023277929,
        "(9, 29)": 0.2541091062829646,
        "(9, 30)": 0.0974566985792344,
        "(10, 31)": 0.09677287606156734,
        "(10, 32)": 0.09027840777539325,
        "(10, 33)": 0.22433316973165274,
        "(11, 34)": 0.015848154156117723,
        "(11, 35)": 0.08045789169803232,
        "(11, 36)": 0.3655098077631735,
        "(12, 37)": 0.35556599854072585,
        "(12, 38)": 0.05956167603241802,
        "(12, 39)": 0.018968370234385516,
        "(13, 40)": 0.016063463197993223,
        "(13, 41)": 0.16654473802137965,
        "(13, 42)": 0.27610838736930554,
        "(14, 43)": 0.1513580871880207,
        "(14, 44)": 0.35201986354282666,
        "(14, 45)": 0.030384277240818595,
        "(15, 46)": 0.11722688420227007,
        "(15, 47)": 0.034234224858968904,
        "(15, 48)": 0.399415929413811,
        "(16, 49)": 0.48056380174163216,
        "(16, 50)": 0.037370394309854164,
        "(16, 51)": 0.05193979386607989,
        "(17, 52)": 0.012837273645473346,
        "(17, 53)": 0.5121233032436217,
        "(17, 54)": 0.03653178574500056,
        "(18, 55)": 0.042482417977163386,
        "(18, 56)": 0.4697237008033526,
        "(18, 57)": 0.07015094141992106,
        "(19, 58)": 0.31059248846348436,
        "(19, 59)": 0.03868118117905209,
        "(19, 60)": 0.18995894561333554,
        "(20, 61)": 0.2710329545955264,
        "(20, 62)": 0.025885456935771413,
        "(20, 63)": 0.11680280959414384,
        "(21, 64)": 0.28906966016404023,
        "(21, 65)": 0.18760203335021478,
        "(21, 66)": 0.0626310390719985,
        "(22, 67)": 0.05835583934820848,
        "(22, 68)": 0.3244263931978496,
        "(22, 69)": 0.1691687415515956,
        "(23, 70)": 0.13627653335660386,
        "(23, 71)": 0.11845296255260958,
        "(23, 72)": 0.1840139613835734,
        "(24, 73)": 0.40497287966877943,
        "(24, 74)": 0.025626952800933453,
        "(24, 75)": 0.16778078502713015,
        "(25, 76)": 0.42649163541607465,