{
    "min_scaled_matching_probability": 0.0,
    "scaled_matching_probabilities": {
        "(0, 2)": 0.0,
        "(0, 3)": 1.0326192557904277,
        "(0, 4)": 0.0,
        "(0, 5)": 0.0,
        "(0, 6)": 0.9477865131705561,
        "(0, 7)": 0.91908337316138,
        "(0, 8)": 1.5786029876629764,
        "(0, 9)": 0.9548080534103814,
        "(0, 10)": 0.8974836204970328,
        "(0, 11)": 0.8529502287646762,
        "(0, 12)": 0.0,
        "(0, 13)": 0.877612859662325,
        "(0, 14)": 0.0,
        "(0, 15)": 0.7947937197129241,
        "(0, 16)": 0.7670495356039602,
        "(0, 19)": 0.7551705518193625,
        "(0, 20)": 0.9149520569466372
    },
    "matching_probabilities": {
        "(0, 2)": 0.0,
        "(0, 3)": 0.0002,
        "(0, 4)": 0.0,
        "(0, 5)": 0.0,
        "(0, 6)": 0.0389,
        "(0, 7)": 0.1393,
        "(0, 8)": 0.0003,
        "(0, 9)": 0.0192,
        "(0, 10)": 0.3165,
        "(0, 11)": 0.0143,
        "(0, 12)": 0.0,
        "(0, 13)": 0.0068,
        "(0, 14)": 0.0,
        "(0, 15)": 0.0367,
        "(0, 16)": 0.0038,
        "(0, 19)": 0.0012,
        "(0, 20)": 0.3266
    },
    "matching_counts": {
        "(0, 2)": 0,
        "(0, 3)": 2.0,
        "(0, 4)": 0,
        "(0, 5)": 0,
        "(0, 6)": 389.0,
        "(0, 7)": 1393.0,
        "(0, 8)": 3.0,
        "(0, 9)": 192.0,
        "(0, 10)": 3165.0,
        "(0, 11)": 143.0,
        "(0, 12)": 0,
        "(0, 13)": 68.0,
        "(0, 14)": 0,
        "(0, 15)": 367.0,
        "(0, 16)": 38.0,
        "(0, 19)": 12.0,
        "(0, 20)": 3266.0
    },
    "average_num_matching_probability_capped": 0.0,
    "average_num_matching_probability_exceeds_one": 0.0,
    "average_num_proposal_matching_probability_exceeds_one": 0.0,
    "simulation_parameters": {
        "graph_file": "nonuniform_star_20_order_1.json",
        "c_guarantee": 0.9,
        "experiment_name": "nonuniform_star_20_order_1_mc_c90_r100_sim10000",
        "average_edge_weight": 0.05,
        "r": 1.0,
        "num_sim_instances": 10000,
        "rounding_scheme_class": "SimulatedRecursiveRoundingScheme",
        "parallel": true
    }
}