{
    "min_scaled_matching_probability": 0.5281885473325441,
    "scaled_matching_probabilities": {
        "(0, 1)": 0.6485994651554418,
        "(0, 2)": 0.6333945592202553,
        "(0, 3)": 0.6895832254064421,
        "(0, 4)": 0.6696000561267882,
        "(0, 5)": 0.640275503705209,
        "(0, 6)": 0.7068177453457984,
        "(0, 7)": 0.5947762028570523,
        "(0, 8)": 0.6730498576006462,
        "(0, 9)": 0.6531723065286548,
        "(1, 2)": 0.6553570225561476,
        "(1, 3)": 0.7912078743230114,
        "(1, 4)": 0.6691796042635588,
        "(1, 5)": 0.7041612362037644,
        "(1, 6)": 0.6404263638318749,
        "(1, 7)": 0.6710288174325879,
        "(1, 8)": 0.7457764543735351,
        "(1, 9)": 0.665136360975639,
        "(2, 3)": 0.654847524842796,
        "(2, 4)": 0.7838229625085598,
        "(2, 5)": 0.6376217949920349,
        "(2, 6)": 0.7081397727095964,
        "(2, 7)": 0.6512649279111165,
        "(2, 8)": 0.5593058195554604,
        "(2, 9)": 0.6425593738236682,
        "(3, 4)": 0.6321521833271642,
        "(3, 5)": 0.6278813454692137,
        "(3, 6)": 0.5281885473325441,
        "(3, 7)": 0.6474732827944731,
        "(3, 8)": 0.6533000841220745,
        "(3, 9)": 0.6616209577949101,
        "(4, 5)": 0.7021646127762364,
        "(4, 6)": 0.6491974977358846,
        "(4, 7)": 0.571778008464957,
        "(4, 8)": 0.6939502122507,
        "(4, 9)": 0.6779478346752343,
        "(5, 6)": 0.6979588959569879,
        "(5, 7)": 0.6710137101276273,
        "(5, 8)": 0.7238447823992759,
        "(5, 9)": 0.6450666724843757,
        "(6, 7)": 0.657690711868904,
        "(6, 8)": 0.6746169872110591,
        "(6, 9)": 0.7220762380423695,
        "(7, 8)": 0.666138959896112,
        "(7, 9)": 0.6783800532421321,
        "(8, 9)": 0.6914690225181839
    },
    "matching_probabilities": {
        "(0, 1)": 0.03478667306499505,
        "(0, 2)": 0.04049556322612827,
        "(0, 3)": 0.08733886575897593,
        "(0, 4)": 0.019590066477756414,
        "(0, 5)": 0.050080278900011,
        "(0, 6)": 0.02105264548647172,
        "(0, 7)": 0.0026649359011815294,
        "(0, 8)": 0.3367849074377695,
        "(0, 9)": 0.0636600191750733,
        "(1, 2)": 0.08700037670472195,
        "(1, 3)": 0.0014909178720480148,
        "(1, 4)": 0.15809913058489689,
        "(1, 5)": 0.03548927665474889,
        "(1, 6)": 0.01370397048564143,
        "(1, 7)": 0.1697308493401196,
        "(1, 8)": 0.001571779243010668,
        "(1, 9)": 0.16328616023132286,
        "(2, 3)": 0.17538439874173636,
        "(2, 4)": 0.00260492582017524,
        "(2, 5)": 0.06203200817615301,
        "(2, 6)": 0.05437226654744486,
        "(2, 7)": 0.15398606197340675,
        "(2, 8)": 0.0021360904419083,
        "(2, 9)": 0.0064483440306640745,
        "(3, 4)": 0.010760665036354191,
        "(3, 5)": 0.018345163669299395,
        "(3, 6)": 0.005680175330538071,
        "(3, 7)": 0.008011588123791132,
        "(3, 8)": 0.10596559632967692,
        "(3, 9)": 0.1705787524165679,
        "(4, 5)": 0.08937385875910127,
        "(4, 6)": 0.2943730851229117,
        "(4, 7)": 0.0002289481138748411,
        "(4, 8)": 0.0066496577692600365,
        "(4, 9)": 0.08164746334375296,
        "(5, 6)": 0.0474678603346791,
        "(5, 7)": 0.29553097928782224,
        "(5, 8)": 0.0014921466632178734,
        "(5, 9)": 0.05520326998911462,
        "(6, 7)": 0.00110468190213751,
        "(6, 8)": 0.17897462296077515,
        "(6, 9)": 0.03648772211354151,
        "(7, 8)": 0.0002676849728363333,
        "(7, 9)": 0.034362091245929406,
        "(8, 9)": 0.03578543035243714
    },
    "matching_counts": {
        "(0, 1)": 347.86673064995045,
        "(0, 2)": 404.9556322612827,
        "(0, 3)": 873.3886575897593,
        "(0, 4)": 195.90066477756415,
        "(0, 5)": 500.80278900011,
        "(0, 6)": 210.52645486471718,
        "(0, 7)": 26.649359011815292,
        "(0, 8)": 3367.849074377695,
        "(0, 9)": 636.6001917507331,
        "(1, 2)": 870.0037670472195,
        "(1, 3)": 14.909178720480147,
        "(1, 4)": 1580.991305848969,
        "(1, 5)": 354.89276654748886,
        "(1, 6)": 137.0397048564143,
        "(1, 7)": 1697.3084934011958,
        "(1, 8)": 15.717792430106678,
        "(1, 9)": 1632.8616023132286,
        "(2, 3)": 1753.8439874173637,
        "(2, 4)": 26.049258201752398,
        "(2, 5)": 620.3200817615301,
        "(2, 6)": 543.7226654744486,
        "(2, 7)": 1539.8606197340675,
        "(2, 8)": 21.360904419083,
        "(2, 9)": 64.48344030664074,
        "(3, 4)": 107.60665036354192,
        "(3, 5)": 183.45163669299396,
        "(3, 6)": 56.80175330538071,
        "(3, 7)": 80.11588123791132,
        "(3, 8)": 1059.6559632967692,
        "(3, 9)": 1705.7875241656789,
        "(4, 5)": 893.7385875910127,
        "(4, 6)": 2943.730851229117,
        "(4, 7)": 2.289481138748411,
        "(4, 8)": 66.49657769260037,
        "(4, 9)": 816.4746334375296,
        "(5, 6)": 474.67860334679096,
        "(5, 7)": 2955.3097928782227,
        "(5, 8)": 14.921466632178735,
        "(5, 9)": 552.0326998911462,
        "(6, 7)": 11.0468190213751,
        "(6, 8)": 1789.7462296077515,
        "(6, 9)": 364.8772211354151,
        "(7, 8)": 2.676849728363333,
        "(7, 9)": 343.62091245929406,
        "(8, 9)": 357.8543035243714
    },
    "average_num_matching_probability_capped": 0.0,
    "average_num_matching_probability_exceeds_one": 0.0,
    "average_num_proposal_matching_probability_exceeds_one": 0.0,
    "simulation_parameters": {
        "graph_file": "nonuniform_complete_10_order_0.json",
        "c_guarantee": 0.6666666666666666,
        "experiment_name": "nonuniform_complete_10_order_0_mc_c66_r80_sim10000",
        "average_edge_weight": 0.1111111111111111,
        "r": 0.8,
        "num_sim_instances": 10000,
        "rounding_scheme_class": "SimulatedRecursiveRoundingScheme",
        "parallel": true
    }
}