{
    "min_scaled_matching_probability": 0.251168270234443,
    "scaled_matching_probabilities": {
        "(0, 1)": 0.7331344035137458,
        "(0, 2)": 0.6520894014058245,
        "(0, 3)": 0.37609671218670176,
        "(1, 4)": 1.1769450112286368,
        "(1, 5)": 0.864807568969823,
        "(1, 6)": 0.5357093071513988,
        "(2, 7)": 0.4572510776826948,
        "(2, 8)": 0.924865526544507,
        "(2, 9)": 0.4805120997470321,
        "(3, 10)": 0.4518614448754055,
        "(3, 11)": 1.0488486054280473,
        "(3, 12)": 0.4621135885200069,
        "(4, 13)": 1.390302560354492,
        "(4, 14)": 0.5048020034209731,
        "(4, 15)": 0.7564852943868543,
        "(5, 16)": 1.2380875430420446,
        "(5, 17)": 0.6351918360528628,
        "(5, 18)": 1.156196510060795,
        "(6, 19)": 0.9741079775049992,
        "(6, 20)": 1.1863589028249963,
        "(6, 21)": 0.3553431543581207,
        "(7, 22)": 0.4893100944847763,
        "(7, 23)": 0.36298168283314786,
        "(7, 24)": 0.5410653551352924,
        "(8, 25)": 0.4811381190754448,
        "(8, 26)": 0.27349295839889576,
        "(8, 27)": 1.1296221397068154,
        "(9, 28)": 1.1418862510087104,
        "(9, 29)": 1.0240167887897542,
        "(9, 30)": 0.7308768226179109,
        "(10, 31)": 2.1500153831818545,
        "(10, 32)": 0.762644851379054,
        "(10, 33)": 0.2843802352394391,
        "(11, 34)": 1.0014428526994132,
        "(11, 35)": 0.5274027980152297,
        "(11, 36)": 0.9318075283775377,
        "(12, 37)": 0.8361493331891796,
        "(12, 38)": 0.26684037886466205,
        "(12, 39)": 1.0582236995626129,
        "(13, 40)": 0.4015296095273589,
        "(13, 41)": 0.6654649461834032,
        "(13, 42)": 0.5158596359200238,
        "(14, 43)": 0.6222939751851078,
        "(14, 44)": 0.950014748822695,
        "(14, 45)": 0.6522797115453094,
        "(15, 46)": 0.6477085706050961,
        "(15, 47)": 0.45580402303966694,
        "(15, 48)": 1.1311627804158262,
        "(16, 49)": 0.38874739633505084,
        "(16, 50)": 0.3441048714113708,
        "(16, 51)": 2.6754185997119917,
        "(17, 52)": 2.2400098615094453,
        "(17, 53)": 0.40715250165193273,
        "(17, 54)": 0.6382176600919276,
        "(18, 55)": 0.44275705106891833,
        "(18, 56)": 0.6717842845966976,
        "(18, 57)": 0.693368553022206,
        "(19, 58)": 0.5232635900179698,
        "(19, 59)": 0.6931897731643637,
        "(19, 60)": 0.3035925478855119,
        "(20, 61)": 0.4141685055396363,
        "(20, 62)": 0.3956308153467575,
        "(20, 63)": 1.6744187559586352,
        "(21, 64)": 0.5839280185949923,
        "(21, 65)": 0.6330370391313435,
        "(21, 66)": 0.6109148629893623,
        "(22, 67)": 0.3427236204982809,
        "(22, 68)": 0.537082221721699,
        "(22, 69)": 0.4020344031575985,
        "(23, 70)": 0.5898114091435867,
        "(23, 71)": 0.251168270234443,
        "(23, 72)": 0.6906177165083703,
        "(24, 73)": 0.7844573083678514,
        "(24, 74)": 0.4601297784027634,
        "(24, 75)": 0.5475724809516268,
        "(25, 76)": 0.7431959610832973,
        "(25, 77)": 0.2587396768259546,
        "(25, 78)": 0.7501469901531291,
        "(26, 79)": 0.5668602567543763,
        "(26, 80)": 0.6147886500042615,
        "(26, 81)": 0.5215780284633939,
        "(27, 82)": 0.36453452982849854,
        "(27, 83)": 1.0911158458091372,
        "(27, 84)": 0.3568761829943908,
        "(28, 85)": 0.5627595086981413,
        "(28, 86)": 1.597350284145031,
        "(28, 87)": 0.34338594007248463,
        "(29, 88)": 0.6059348175968997,
        "(29, 89)": 0.7998197651053583,
        "(29, 90)": 1.635658866051347,
        "(30, 91)": 0.441941023506862,
        "(30, 92)": 0.7336896086884744,
        "(30, 93)": 1.5263778083195996,
        "(31, 94)": 0.5379978722399276,
        "(31, 95)": 0.5371565676374875,
        "(31, 96)": 0.6052164013741864,
        "(32, 97)": 0.5732235618565062,
        "(32, 98)": 0.4562402395305197,
        "(32, 99)": 1.128568203015346,
        "(33, 100)": 1.1231346184079969,
        "(33, 101)": 1.12060498447674,
        "(33, 102)": 0.547630241360149,
        "(34, 103)": 0.3904213888662627,
        "(34, 104)": 0.5866921110977507,
        "(34, 105)": 0.45086035651338535,
        "(35, 106)": 1.0977991225238468,
        "(35, 107)": 0.8121819036387388,
        "(35, 108)": 0.5283655615456411,
        "(36, 109)": 0.4418166723212651,
        "(36, 110)": 1.1662102894510535,
        "(36, 111)": 0.4748306660875025,
        "(37, 112)": 2.0254682285899315,
        "(37, 113)": 0.7461470814401033,
        "(37, 114)": 0.7996829632998286,
        "(38, 115)": 1.161939252776871,
        "(38, 116)": 0.5975932251789978,
        "(38, 117)": 1.4870145545749527,
        "(39, 118)": 0.8394710300740328,
        "(39, 119)": 0.2686391455137659,
        "(39, 120)": 0.33870474483921004
    },
    "matching_probabilities": {
        "(0, 1)": 0.3042532832633959,
        "(0, 2)": 0.08094598374493964,
        "(0, 3)": 0.031627256261893395,
        "(1, 4)": 0.036057187062592394,
        "(1, 5)": 0.33212109512912497,
        "(1, 6)": 0.04348496758133585,
        "(2, 7)": 0.06455860381857505,
        "(2, 8)": 0.3818948710372961,
        "(2, 9)": 0.0794849347192166,
        "(3, 10)": 0.0662865121000015,
        "(3, 11)": 0.18864666244303255,
        "(3, 12)": 0.1396605763219875,
        "(4, 13)": 0.34866392669023927,
        "(4, 14)": 0.06750875188650353,
        "(4, 15)": 0.06381125118871607,
        "(5, 16)": 0.15110612926174866,
        "(5, 17)": 0.08740855011973717,
        "(5, 18)": 0.1205153717312392,
        "(6, 19)": 0.10693159890539958,
        "(6, 20)": 0.42662732811832055,
        "(6, 21)": 0.03792143349799159,
        "(7, 22)": 0.04128399841617939,
        "(7, 23)": 0.08534266630655801,
        "(7, 24)": 0.03573018340281716,
        "(8, 25)": 0.00972540451183715,
        "(8, 26)": 0.04961387755726003,
        "(8, 27)": 0.09763088546991958,
        "(9, 28)": 0.1443852574879292,
        "(9, 29)": 0.4085175778693712,
        "(9, 30)": 0.10276877584462056,
        "(10, 31)": 0.2943349744497416,
        "(10, 32)": 0.10033068077516032,
        "(10, 33)": 0.10137447653487225,
        "(11, 34)": 0.02522809465597621,
        "(11, 35)": 0.06443275866803799,
        "(11, 36)": 0.5035429768602742,
        "(12, 37)": 0.4633734689279775,
        "(12, 38)": 0.02422400531105046,
        "(12, 39)": 0.03013118000942663,
        "(13, 40)": 0.009230766048312754,
        "(13, 41)": 0.17397949895128753,
        "(13, 42)": 0.21558760950798833,
        "(14, 43)": 0.1366871715466681,
        "(14, 44)": 0.503642653444241,
        "(14, 45)": 0.03106630403330803,
        "(15, 46)": 0.11884056150450331,
        "(15, 47)": 0.021092361564279922,
        "(15, 48)": 0.6944443300054274,
        "(16, 49)": 0.27871323693446837,
        "(16, 50)": 0.01758240452100132,
        "(16, 51)": 0.1891226125987426,
        "(17, 52)": 0.050290627679085466,
        "(17, 53)": 0.3131815835341727,
        "(17, 54)": 0.03375593158883126,
        "(18, 55)": 0.028316945791249968,
        "(18, 56)": 0.468964982476738,
        "(18, 57)": 0.07439906063435625,
        "(19, 58)": 0.2473388480181105,
        "(19, 59)": 0.03618114432184102,
        "(19, 60)": 0.08595511617879883,
        "(20, 61)": 0.17398492290034523,
        "(20, 62)": 0.014584132187915972,
        "(20, 63)": 0.26909046077230325,
        "(21, 64)": 0.25792155808189837,
        "(21, 65)": 0.17048199809733675,
        "(21, 66)": 0.05743666345437133,
        "(22, 67)": 0.031111842567927987,
        "(22, 68)": 0.2732453731384918,
        "(22, 69)": 0.097599776539443,
        "(23, 70)": 0.1178159732982592,
        "(23, 71)": 0.04452631748736098,
        "(23, 72)": 0.19241386226456458,
        "(24, 73)": 0.48813761264106914,
        "(24, 74)": 0.01868511557595021,
        "(24, 75)": 0.1406247058974383,
        "(25, 76)": 0.47533645101662325,