{
    "min_scaled_matching_probability": 0.017821008748011704,
    "scaled_matching_probabilities": {
        "(0, 10)": 0.8973978343830353,
        "(0, 11)": 0.0784790661410331,
        "(0, 12)": 0.9811554729674674,
        "(0, 13)": 1.8107584325997708,
        "(0, 14)": 0.9568966519693138,
        "(0, 15)": 0.9551692021991482,
        "(0, 16)": 0.6399155106612471,
        "(0, 17)": 0.8688509348783271,
        "(0, 18)": 0.938254253354203,
        "(0, 19)": 19.933985747812173,
        "(10, 1)": 0.9337507066189473,
        "(10, 2)": 3.5439111552103575,
        "(10, 3)": 16.091847805607646,
        "(10, 4)": 0.44844897570598474,
        "(10, 5)": 1.0207631307283151,
        "(10, 6)": 0.8823775396570206,
        "(10, 7)": 0.8186226079432958,
        "(10, 8)": 0.9621100533966712,
        "(10, 9)": 1.1496420735470534,
        "(11, 1)": 0.8760907870330411,
        "(11, 2)": 0.5276391813963045,
        "(11, 3)": 0.8721490350011781,
        "(11, 4)": 156.89630302082392,
        "(11, 5)": 4.010874252287522,
        "(11, 6)": 11.978837711922855,
        "(11, 7)": 1.2994587244927696,
        "(11, 8)": 0.9439600865001657,
        "(11, 9)": 0.7506736203487299,
        "(12, 1)": 41.95116825634084,
        "(12, 2)": 0.11554188844797943,
        "(12, 3)": 0.8718097630026665,
        "(12, 4)": 0.8372470146804943,
        "(12, 5)": 297.0829524005336,
        "(12, 6)": 2.87362110080044,
        "(12, 7)": 0.19166523198879512,
        "(12, 8)": 0.8565926246719129,
        "(12, 9)": 0.495529709718749,
        "(13, 1)": 0.7089536667361177,
        "(13, 2)": 0.6801798613008218,
        "(13, 3)": 151.7963201706705,
        "(13, 4)": 0.33360859690830386,
        "(13, 5)": 0.930358566162365,
        "(13, 6)": 0.8491277024024803,
        "(13, 7)": 0.6577955504659477,
        "(13, 8)": 21.289522963371688,
        "(13, 9)": 1.3117906146524398,
        "(14, 1)": 0.06154858433710089,
        "(14, 2)": 5.146646605259921,
        "(14, 3)": 0.12462627802838497,
        "(14, 4)": 0.8805622825713652,
        "(14, 5)": 0.9551117971258939,
        "(14, 6)": 0.9086741288396291,
        "(14, 7)": 6.207562371922586,
        "(14, 8)": 2.785541225714117,
        "(14, 9)": 0.8104195362837864,
        "(15, 1)": 4.170975656791603,
        "(15, 2)": 0.9430021298912662,
        "(15, 3)": 0.9145734302746464,
        "(15, 4)": 1.943830552131847,
        "(15, 5)": 0.8972161042133286,
        "(15, 6)": 0.16111820047340558,
        "(15, 7)": 0.3573402433493125,
        "(15, 8)": 112.20470132242919,
        "(15, 9)": 5.876819270421701,
        "(16, 1)": 4.534613218169216,
        "(16, 2)": 0.9214710074378895,
        "(16, 3)": 0.4928677190602182,
        "(16, 4)": 0.8263386904487232,
        "(16, 5)": 0.8268843063861767,
        "(16, 6)": 0.14250212330002662,
        "(16, 7)": 1.078526398801652,
        "(16, 8)": 0.9176975773631662,
        "(16, 9)": 0.9166653352299975,
        "(17, 1)": 0.848313953470708,
        "(17, 2)": 0.9095414806112168,
        "(17, 3)": 0.017821008748011704,
        "(17, 4)": 3.579492729609109,
        "(17, 5)": 67.67204752529872,
        "(17, 6)": 0.4918062842711342,
        "(17, 7)": 1.0364041458442639,
        "(17, 8)": 0.9328276678537185,
        "(17, 9)": 14.05487290322741,
        "(18, 1)": 0.8336610282570206,
        "(18, 2)": 0.796694232826428,
        "(18, 3)": 4.075304463818818,
        "(18, 4)": 5.827753546308699,
        "(18, 5)": 0.9621333196140461,
        "(18, 6)": 0.4062907374548875,
        "(18, 7)": 0.9730811245617843,
        "(18, 8)": 0.3886471267691912,
        "(18, 9)": 0.8847724671118807,
        "(19, 1)": 0.9765810752312777,
        "(19, 2)": 0.8966794660761881,
        "(19, 3)": 0.37265824197823555,
        "(19, 4)": 0.9309908881962817,
        "(19, 5)": 0.5862834531232753,
        "(19, 6)": 0.39546042922929786,
        "(19, 7)": 1.0124178019067398,
        "(19, 8)": 9.790431306397732,
        "(19, 9)": 0.8095052571434372
    },
    "matching_probabilities": {
        "(0, 10)": 0.0011677763042282595,
        "(0, 11)": 0.015883367165511603,
        "(0, 12)": 0.0007670634916825603,
        "(0, 13)": 0.0119009204339972,
        "(0, 14)": 0.03658405471146227,
        "(0, 15)": 0.004440141259171303,
        "(0, 16)": 0.0773578659455657,
        "(0, 17)": 0.13031513387478408,
        "(0, 18)": 0.44066664586229365,
        "(0, 19)": 0.09735894346920004,
        "(10, 1)": 0.007827813648797406,
        "(10, 2)": 0.02425121480683739,
        "(10, 3)": 0.025597234127226347,
        "(10, 4)": 0.06876151817874677,
        "(10, 5)": 0.014215629056789405,
        "(10, 6)": 0.16976127741361108,
        "(10, 7)": 0.041432877621011055,
        "(10, 8)": 0.32369021108126,
        "(10, 9)": 0.21573814047669235,
        "(11, 1)": 0.5421263692552842,
        "(11, 2)": 0.023556958030044577,
        "(11, 3)": 0.00014363687691139822,
        "(11, 4)": 0.05038884018758194,
        "(11, 5)": 0.028613972215443026,
        "(11, 6)": 0.20801466533312632,
        "(11, 7)": 0.0019414042520241935,
        "(11, 8)": 0.017286182486630573,
        "(11, 9)": 0.06705208416785279,
        "(12, 1)": 0.07352284958312814,
        "(12, 2)": 0.0175291728597377,
        "(12, 3)": 0.4139282293654892,
        "(12, 4)": 0.008261438692703531,
        "(12, 5)": 0.05589787660627725,
        "(12, 6)": 0.12022612915412924,
        "(12, 7)": 0.008078930270756526,
        "(12, 8)": 0.12840139737990333,
        "(12, 9)": 0.052672053333262386,
        "(13, 1)": 0.06896895765246881,
        "(13, 2)": 0.0006238531428858918,
        "(13, 3)": 0.19749346264087564,
        "(13, 4)": 0.03830345505120288,
        "(13, 5)": 0.00255939562439349,
        "(13, 6)": 0.32866033899561276,
        "(13, 7)": 0.1764685200211833,
        "(13, 8)": 0.09403397979494084,
        "(13, 9)": 0.032115028707662745,
        "(14, 1)": 0.01008063910239538,
        "(14, 2)": 0.190043201815793,
        "(14, 3)": 0.01142063061804246,
        "(14, 4)": 0.21961353138093845,
        "(14, 5)": 0.09151590409829909,
        "(14, 6)": 0.008179109781241598,
        "(14, 7)": 0.08228026727105632,
        "(14, 8)": 0.02899147793753765,
        "(14, 9)": 0.22352500917056542,
        "(15, 1)": 0.07197371254858842,
        "(15, 2)": 0.047732228984063575,
        "(15, 3)": 0.2656982372038462,
        "(15, 4)": 0.023335440969974225,
        "(15, 5)": 0.4596424184805369,
        "(15, 6)": 0.015320551901603889,
        "(15, 7)": 0.004616111658036259,
        "(15, 8)": 0.06168565710842778,
        "(15, 9)": 0.012472006023451028,
        "(16, 1)": 0.07640132246871037,
        "(16, 2)": 0.0013165882212115877,
        "(16, 3)": 0.0033129045253515606,
        "(16, 4)": 0.02906924990589114,
        "(16, 5)": 0.00016592032121056277,
        "(16, 6)": 0.01786596025785403,
        "(16, 7)": 0.5583123292146186,
        "(16, 8)": 0.0377972529952917,
        "(16, 9)": 0.10476293014822599,
        "(17, 1)": 0.007175071075418059,
        "(17, 2)": 0.5713462518982115,
        "(17, 3)": 0.0018018782269196287,
        "(17, 4)": 0.10059392955833765,
        "(17, 5)": 0.02072194312814105,
        "(17, 6)": 0.007906640643841306,
        "(17, 7)": 0.004595367758845917,
        "(17, 8)": 0.05096666659462128,
        "(17, 9)": 0.06581209294291404,
        "(18, 1)": 0.0005871018130840855,
        "(18, 2)": 0.050414810029126664,
        "(18, 3)": 0.02368175550966845,
        "(18, 4)": 0.06371763687812496,
        "(18, 5)": 0.0025860196422842047,
        "(18, 6)": 0.0012013078261406988,
        "(18, 7)": 0.0011796618805847254,
        "(18, 8)": 0.1468273802700819,
        "(18, 9)": 0.05325335091397121,
        "(19, 1)": 0.06427646424554674,
        "(19, 2)": 0.013425295935481725,
        "(19, 3)": 0.008905521065683245,
        "(19, 4)": 0.2694058802820649,
        "(19, 5)": 0.2137396621383679,
        "(19, 6)": 0.04140803254854279,
        "(19, 7)": 0.07862410406542301,