{
    "min_scaled_matching_probability": 0.4483604384196166,
    "scaled_matching_probabilities": {
        "(0, 1)": 1.0086975261862225,
        "(0, 2)": 0.9150034908139636,
        "(0, 3)": 1.012201941585444,
        "(0, 4)": 0.9912371481600395,
        "(0, 5)": 1.0343051074689606,
        "(0, 6)": 0.983712947236956,
        "(0, 7)": 1.0043366940533476,
        "(0, 8)": 0.8031795124895315,
        "(0, 9)": 0.7254047779121285,
        "(1, 2)": 1.0011100135039395,
        "(1, 3)": 0.6898906075939707,
        "(1, 4)": 0.6399779416264276,
        "(1, 5)": 0.513895399872487,
        "(1, 6)": 0.976717734331846,
        "(1, 7)": 0.45702317284564237,
        "(1, 8)": 1.0913020086545886,
        "(1, 9)": 0.9984001206481697,
        "(2, 3)": 0.9883327198397989,
        "(2, 4)": 0.7522507516699939,
        "(2, 5)": 0.9117398401029962,
        "(2, 6)": 0.9689792689370579,
        "(2, 7)": 0.8336099751252126,
        "(2, 8)": 0.7593250008936023,
        "(2, 9)": 0.9366836020565816,
        "(3, 4)": 0.9223211804016049,
        "(3, 5)": 0.4483604384196166,
        "(3, 6)": 0.901984289389945,
        "(3, 7)": 1.0102136941983808,
        "(3, 8)": 1.0234247503016438,
        "(3, 9)": 1.0127242088063972,
        "(4, 5)": 1.0127012511657947,
        "(4, 6)": 1.0080683024780253,
        "(4, 7)": 1.2487065274045683,
        "(4, 8)": 1.0748954960095027,
        "(4, 9)": 0.9797958346221968,
        "(5, 6)": 1.0366193423936283,
        "(5, 7)": 1.0074367969852174,
        "(5, 8)": 1.115736837777082,
        "(5, 9)": 0.8413414717648676,
        "(6, 7)": 1.1907332067200558,
        "(6, 8)": 0.8982347630793921,
        "(6, 9)": 0.9855204592551028,
        "(7, 8)": 0.9954073295005612,
        "(7, 9)": 1.0028989929063967,
        "(8, 9)": 0.5410339470513192
    },
    "matching_probabilities": {
        "(0, 1)": 0.0541,
        "(0, 2)": 0.0585,
        "(0, 3)": 0.1282,
        "(0, 4)": 0.029,
        "(0, 5)": 0.0809,
        "(0, 6)": 0.0293,
        "(0, 7)": 0.0045,
        "(0, 8)": 0.4019,
        "(0, 9)": 0.0707,
        "(1, 2)": 0.1329,
        "(1, 3)": 0.0013,
        "(1, 4)": 0.1512,
        "(1, 5)": 0.0259,
        "(1, 6)": 0.0209,
        "(1, 7)": 0.1156,
        "(1, 8)": 0.0023,
        "(1, 9)": 0.2451,
        "(2, 3)": 0.2647,
        "(2, 4)": 0.0025,
        "(2, 5)": 0.0887,
        "(2, 6)": 0.0744,
        "(2, 7)": 0.1971,
        "(2, 8)": 0.0029,
        "(2, 9)": 0.0094,
        "(3, 4)": 0.0157,
        "(3, 5)": 0.0131,
        "(3, 6)": 0.0097,
        "(3, 7)": 0.0125,
        "(3, 8)": 0.166,
        "(3, 9)": 0.2611,
        "(4, 5)": 0.1289,
        "(4, 6)": 0.4571,
        "(4, 7)": 0.0005,
        "(4, 8)": 0.0103,
        "(4, 9)": 0.118,
        "(5, 6)": 0.0705,
        "(5, 7)": 0.4437,
        "(5, 8)": 0.0023,
        "(5, 9)": 0.072,
        "(6, 7)": 0.002,
        "(6, 8)": 0.2383,
        "(6, 9)": 0.0498,
        "(7, 8)": 0.0004,
        "(7, 9)": 0.0508,
        "(8, 9)": 0.028
    },
    "matching_counts": {
        "(0, 1)": 541.0,
        "(0, 2)": 585.0,
        "(0, 3)": 1282.0,
        "(0, 4)": 290.0,
        "(0, 5)": 809.0,
        "(0, 6)": 293.0,
        "(0, 7)": 45.0,
        "(0, 8)": 4019.0,
        "(0, 9)": 707.0,
        "(1, 2)": 1329.0,
        "(1, 3)": 13.0,
        "(1, 4)": 1512.0,
        "(1, 5)": 259.0,
        "(1, 6)": 209.0,
        "(1, 7)": 1156.0,
        "(1, 8)": 23.0,
        "(1, 9)": 2451.0,
        "(2, 3)": 2647.0,
        "(2, 4)": 25.0,
        "(2, 5)": 887.0,
        "(2, 6)": 744.0,
        "(2, 7)": 1971.0,
        "(2, 8)": 29.0,
        "(2, 9)": 94.0,
        "(3, 4)": 157.0,
        "(3, 5)": 131.0,
        "(3, 6)": 97.0,
        "(3, 7)": 125.0,
        "(3, 8)": 1660.0,
        "(3, 9)": 2611.0,
        "(4, 5)": 1289.0,
        "(4, 6)": 4571.0,
        "(4, 7)": 5.0,
        "(4, 8)": 103.0,
        "(4, 9)": 1180.0,
        "(5, 6)": 705.0,
        "(5, 7)": 4437.0,
        "(5, 8)": 23.0,
        "(5, 9)": 720.0,
        "(6, 7)": 20.0,
        "(6, 8)": 2383.0,
        "(6, 9)": 498.0,
        "(7, 8)": 4.0,
        "(7, 9)": 508.0,
        "(8, 9)": 280.0
    },
    "average_num_matching_probability_capped": 0.0,
    "average_num_matching_probability_exceeds_one": 12.312,
    "average_num_proposal_matching_probability_exceeds_one": 0.5277,
    "simulation_parameters": {
        "graph_file": "nonuniform_complete_10_order_1.json",
        "c_guarantee": 1.0,
        "experiment_name": "nonuniform_complete_10_order_1_mc_c100_r100_sim10000",
        "average_edge_weight": 0.1111111111111111,
        "r": 1.0,
        "num_sim_instances": 10000,
        "rounding_scheme_class": "SimulatedRecursiveRoundingScheme",
        "parallel": true
    }
}