{
    "min_scaled_matching_probability": 0.20077239698716703,
    "scaled_matching_probabilities": {
        "(0, 1)": 0.8512251207869227,
        "(0, 2)": 3.931754308697882,
        "(0, 3)": 0.2695322750162027,
        "(1, 4)": 0.318883456119394,
        "(1, 5)": 0.5615795542299125,
        "(1, 6)": 0.34264145670084545,
        "(2, 7)": 0.3304722581548279,
        "(2, 8)": 0.8396636563542239,
        "(2, 9)": 0.3231435394242305,
        "(3, 10)": 0.32572667735166455,
        "(3, 11)": 0.32991641941138644,
        "(3, 12)": 0.8721497035775758,
        "(4, 13)": 0.3641270441650126,
        "(4, 14)": 1.785819238094777,
        "(4, 15)": 6.634438788896881,
        "(5, 16)": 0.6824946426520864,
        "(5, 17)": 0.3879372184242885,
        "(5, 18)": 2.1590960082958373,
        "(6, 19)": 0.6748571651472437,
        "(6, 20)": 1.0291600852242562,
        "(6, 21)": 0.2103013901211107,
        "(7, 22)": 1.1427423059923758,
        "(7, 23)": 1.1730415192907435,
        "(7, 24)": 0.9944727932303582,
        "(8, 25)": 0.6142929169797663,
        "(8, 26)": 0.3615273892340168,
        "(8, 27)": 1.42318560366796,
        "(9, 28)": 0.41868997482861636,
        "(9, 29)": 2.342151991443658,
        "(9, 30)": 0.647195925578251,
        "(10, 31)": 0.5276233168735972,
        "(10, 32)": 0.48112723001666546,
        "(10, 33)": 0.603093178115497,
        "(11, 34)": 0.48548014376411397,
        "(11, 35)": 0.32233379043381194,
        "(11, 36)": 1.4543394038251771,
        "(12, 37)": 1.6086095790539363,
        "(12, 38)": 0.8517720738518427,
        "(12, 39)": 0.26536860989624017,
        "(13, 40)": 0.3200658082589645,
        "(13, 41)": 0.6588014771858763,
        "(13, 42)": 1.1468515888073862,
        "(14, 43)": 0.31382500633605487,
        "(14, 44)": 0.8360381686729013,
        "(14, 45)": 0.3093125383859285,
        "(15, 46)": 0.28939071022195934,
        "(15, 47)": 0.4104261397887184,
        "(15, 48)": 0.392888249220107,
        "(16, 49)": 0.9632922840684258,
        "(16, 50)": 0.6880002497725731,
        "(16, 51)": 0.8805857590247176,
        "(17, 52)": 0.6151644100916083,
        "(17, 53)": 1.2531668234923463,
        "(17, 54)": 0.3151332512104504,
        "(18, 55)": 0.383743871079206,
        "(18, 56)": 0.38623110091077156,
        "(18, 57)": 1.4729474338287174,
        "(19, 58)": 1.8756098472816083,
        "(19, 59)": 0.3747310653046822,
        "(19, 60)": 0.4675933985536727,
        "(20, 61)": 0.3144873648280305,
        "(20, 62)": 0.3582961106684019,
        "(20, 63)": 0.5849951262321472,
        "(21, 64)": 1.2702230909370416,
        "(21, 65)": 0.9966406252239163,
        "(21, 66)": 0.5236455414986181,
        "(22, 67)": 0.2911601082123725,
        "(22, 68)": 1.6324718974266261,
        "(22, 69)": 0.5115362685384749,
        "(23, 70)": 0.47508915550846026,
        "(23, 71)": 3.83720396060838,
        "(23, 72)": 0.47048273127878004,
        "(24, 73)": 1.4816652480835144,
        "(24, 74)": 0.30185768651938283,
        "(24, 75)": 0.4703326449193842,
        "(25, 76)": 1.1164768358969175,
        "(25, 77)": 3.080211085975037,
        "(25, 78)": 0.4864789023820776,
        "(26, 79)": 1.0436735079149193,
        "(26, 80)": 1.259662172515146,
        "(26, 81)": 0.5273423056105997,
        "(27, 82)": 0.4215315689292052,
        "(27, 83)": 0.9332623214552398,
        "(27, 84)": 0.798688606826769,
        "(28, 85)": 0.2154789595869072,
        "(28, 86)": 0.9350877655820239,
        "(28, 87)": 0.5743551163068754,
        "(29, 88)": 0.2453060675038765,
        "(29, 89)": 0.3155555690196738,
        "(29, 90)": 0.4700202929603326,
        "(30, 91)": 0.5332237470306467,
        "(30, 92)": 0.8502168119766755,
        "(30, 93)": 1.4899581926682617,
        "(31, 94)": 1.7795159886472567,
        "(31, 95)": 0.26568613441313754,
        "(31, 96)": 0.46475396985593737,
        "(32, 97)": 0.31314193850118954,
        "(32, 98)": 0.28442772061828187,
        "(32, 99)": 0.6142091453722401,
        "(33, 100)": 0.8652939646252785,
        "(33, 101)": 1.5413512132395153,
        "(33, 102)": 0.6139179300190957,
        "(34, 103)": 0.6101983186037672,
        "(34, 104)": 0.27291002184132446,
        "(34, 105)": 0.7803376650066252,
        "(35, 106)": 0.33363300839417287,
        "(35, 107)": 0.9578668429551368,
        "(35, 108)": 0.4832208060043815,
        "(36, 109)": 0.5135865899892589,
        "(36, 110)": 0.34731963861169485,
        "(36, 111)": 0.2158595412036777,
        "(37, 112)": 0.5438624119634086,
        "(37, 113)": 0.4497993283887801,
        "(37, 114)": 0.20077239698716703,
        "(38, 115)": 0.23445676338870108,
        "(38, 116)": 0.49442660918746545,
        "(38, 117)": 0.8329165476920638,
        "(39, 118)": 1.4773518504007541,
        "(39, 119)": 0.7135421398846433,
        "(39, 120)": 0.34927259570231545
    },
    "matching_probabilities": {
        "(0, 1)": 0.3532613345580721,
        "(0, 2)": 0.4880614830954565,
        "(0, 3)": 0.022665889002924353,
        "(1, 4)": 0.009769394762513097,
        "(1, 5)": 0.2156692693787843,
        "(1, 6)": 0.027813130064673453,
        "(2, 7)": 0.046658889674728116,
        "(2, 8)": 0.34671337027358606,
        "(2, 9)": 0.05345347838190458,
        "(3, 10)": 0.04778297769024726,
        "(3, 11)": 0.05933900382287668,
        "(3, 12)": 0.2635822301412834,
        "(4, 13)": 0.0913167886278742,
        "(4, 14)": 0.23882319610793407,
        "(4, 15)": 0.5596299666308713,
        "(5, 16)": 0.08329711761709804,
        "(5, 17)": 0.05338391943237889,
        "(5, 18)": 0.22505193172527874,
        "(6, 19)": 0.0740816802330209,
        "(6, 20)": 0.37009695490945016,
        "(6, 21)": 0.02244289803308162,
        "(7, 22)": 0.09641528364618324,
        "(7, 23)": 0.27580039346113683,
        "(7, 24)": 0.06567172515110985,
        "(8, 25)": 0.012416906641828212,
        "(8, 26)": 0.06558404913990948,
        "(8, 27)": 0.12300296337163463,
        "(9, 28)": 0.052941052377014054,
        "(9, 29)": 0.9343696988379501,
        "(9, 30)": 0.09100238363704966,
        "(10, 31)": 0.07223110899850832,
        "(10, 32)": 0.0632952840889853,
        "(10, 33)": 0.2149877089092866,
        "(11, 34)": 0.012230092798070236,
        "(11, 35)": 0.03937949401811099,
        "(11, 36)": 0.7859159434378525,
        "(12, 37)": 0.8914520064902708,
        "(12, 38)": 0.07732462129075472,
        "(12, 39)": 0.007555934871747622,
        "(13, 40)": 0.007357994344627089,
        "(13, 41)": 0.1722373981778117,
        "(13, 42)": 0.47929121659317936,
        "(14, 43)": 0.06893181388094063,
        "(14, 44)": 0.443218889151866,
        "(14, 45)": 0.014731712774028276,
        "(15, 46)": 0.05309695757898632,
        "(15, 47)": 0.018992496990536584,
        "(15, 48)": 0.2412022581722185,
        "(16, 49)": 0.6906343634397252,
        "(16, 50)": 0.03515410477171059,
        "(16, 51)": 0.06224770934235459,
        "(17, 52)": 0.013811101835281303,
        "(17, 53)": 0.9639355490177893,
        "(17, 54)": 0.01666769369511605,
        "(18, 55)": 0.024542702072931754,
        "(18, 56)": 0.26962354676000055,
        "(18, 57)": 0.15804856589325672,
        "(19, 58)": 0.8865726333875544,
        "(19, 59)": 0.019559144235169097,
        "(19, 60)": 0.13238811419138388,
        "(20, 61)": 0.13211062451850591,
        "(20, 62)": 0.013207863588240006,
        "(20, 63)": 0.09401268798929353,
        "(21, 64)": 0.5610587406207678,
        "(21, 65)": 0.2684033866427509,
        "(21, 66)": 0.049231823546191704,
        "(22, 67)": 0.026430998352533003,
        "(22, 68)": 0.8305346457391748,
        "(22, 69)": 0.12418296819639242,
        "(23, 70)": 0.09489998055641358,
        "(23, 71)": 0.6802473961154747,
        "(23, 72)": 0.13108177981853747,
        "(24, 73)": 0.9219832987948546,
        "(24, 74)": 0.01225794552937316,
        "(24, 75)": 0.12078837444644266,
        "(25, 76)": 0.7140810292401853,