{
    "min_scaled_matching_probability": 0.7942158459165453,
    "scaled_matching_probabilities": {
        "(0, 2)": 0.8352552982026765,
        "(0, 3)": 0.9647135972386425,
        "(0, 4)": 0.8195103462140199,
        "(0, 5)": 0.7942158459165453,
        "(0, 6)": 0.8929782682439141,
        "(0, 7)": 0.8784915846035943,
        "(0, 8)": 0.9017830157597291,
        "(0, 9)": 0.8609778858860295,
        "(0, 10)": 0.9578721124444788,
        "(0, 11)": 0.8952020895927776,
        "(0, 12)": 0.949913267180756,
        "(0, 13)": 0.9516426586147284,
        "(0, 14)": 0.8694371588975001,
        "(0, 15)": 0.9241128562282882,
        "(0, 16)": 0.9304768333086455,
        "(0, 19)": 0.959340131985246,
        "(0, 20)": 0.9242641419654426
    },
    "matching_probabilities": {
        "(0, 2)": 2.5177080356620444e-06,
        "(0, 3)": 0.00018684788063538362,
        "(0, 4)": 5.485667524571778e-06,
        "(0, 5)": 9.912819466276164e-07,
        "(0, 6)": 0.03665050531103864,
        "(0, 7)": 0.13314774405541696,
        "(0, 8)": 0.00017137615147202326,
        "(0, 9)": 0.017313192269343743,
        "(0, 10)": 0.3377961632556389,
        "(0, 11)": 0.01500836678327282,
        "(0, 12)": 1.7346563847218434e-05,
        "(0, 13)": 0.007373604439969162,
        "(0, 14)": 2.315655446940729e-05,
        "(0, 15)": 0.04267137621045635,
        "(0, 16)": 0.004609626630943491,
        "(0, 19)": 0.001524434653349228,
        "(0, 20)": 0.32992402877730154
    },
    "matching_counts": {
        "(0, 2)": 0.025177080356620442,
        "(0, 3)": 1.8684788063538362,
        "(0, 4)": 0.05485667524571778,
        "(0, 5)": 0.009912819466276163,
        "(0, 6)": 366.50505311038637,
        "(0, 7)": 1331.4774405541696,
        "(0, 8)": 1.7137615147202325,
        "(0, 9)": 173.13192269343745,
        "(0, 10)": 3377.961632556389,
        "(0, 11)": 150.0836678327282,
        "(0, 12)": 0.17346563847218432,
        "(0, 13)": 73.73604439969162,
        "(0, 14)": 0.23156554469407292,
        "(0, 15)": 426.7137621045635,
        "(0, 16)": 46.09626630943491,
        "(0, 19)": 15.244346533492282,
        "(0, 20)": 3299.2402877730156
    },
    "average_num_matching_probability_capped": 0.0,
    "average_num_matching_probability_exceeds_one": 0.0,
    "average_num_proposal_matching_probability_exceeds_one": 0.0,
    "simulation_parameters": {
        "graph_file": "nonuniform_star_20_order_0.json",
        "c_guarantee": 0.9,
        "experiment_name": "nonuniform_star_20_order_0_mc_c90_r20_sim10000",
        "average_edge_weight": 0.05,
        "r": 0.2,
        "num_sim_instances": 10000,
        "rounding_scheme_class": "SimulatedRecursiveRoundingScheme",
        "parallel": true
    }
}