{
    "min_scaled_matching_probability": 1.9317403378293267e-06,
    "scaled_matching_probabilities": {
        "(0, 10)": 0.13932773238221485,
        "(0, 11)": 0.17303387448551344,
        "(0, 12)": 26.33033948969796,
        "(0, 13)": 0.01280401560778674,
        "(0, 14)": 0.49288579404250465,
        "(0, 15)": 7.695846144343283,
        "(0, 16)": 0.003924892123807198,
        "(0, 17)": 0.30272803836793544,
        "(0, 18)": 0.2815054930305724,
        "(0, 19)": 0.20079165984399572,
        "(10, 1)": 0.1716970748647828,
        "(10, 2)": 0.7250515708798779,
        "(10, 3)": 0.14951778795166243,
        "(10, 4)": 0.16011194248888197,
        "(10, 5)": 0.3762683555912,
        "(10, 6)": 0.1330856353459201,
        "(10, 7)": 0.1253877697090572,
        "(10, 8)": 0.1356935347189247,
        "(10, 9)": 0.9258619877898513,
        "(11, 1)": 0.08431415163220071,
        "(11, 2)": 0.2861338407291147,
        "(11, 3)": 4.673419562301736,
        "(11, 4)": 0.12950428466981645,
        "(11, 5)": 3.416343692036199,
        "(11, 6)": 0.5720632969899807,
        "(11, 7)": 67.23671290709053,
        "(11, 8)": 1.7295098401046471,
        "(11, 9)": 0.1663952465352156,
        "(12, 1)": 0.037824032718362766,
        "(12, 2)": 0.05611217998489126,
        "(12, 3)": 0.3288001034057451,
        "(12, 4)": 0.1318099929055131,
        "(12, 5)": 181.87875226358082,
        "(12, 6)": 0.0409987554030529,
        "(12, 7)": 0.038782838066075,
        "(12, 8)": 0.1844736201511209,
        "(12, 9)": 0.15271849124454223,
        "(13, 1)": 0.3873544440425227,
        "(13, 2)": 0.1534800367445211,
        "(13, 3)": 0.6235557759185445,
        "(13, 4)": 1.196220749994099,
        "(13, 5)": 0.06556057416948875,
        "(13, 6)": 0.16519799999173732,
        "(13, 7)": 0.057923842246799376,
        "(13, 8)": 0.36585163678126037,
        "(13, 9)": 0.6102275803321302,
        "(14, 1)": 0.9787778921119259,
        "(14, 2)": 0.7344548955473179,
        "(14, 3)": 0.11389568799150285,
        "(14, 4)": 0.1264078350741012,
        "(14, 5)": 9.842960858622924e-05,
        "(14, 6)": 0.0371653102735249,
        "(14, 7)": 0.11468320740727513,
        "(14, 8)": 0.3484092100156633,
        "(14, 9)": 0.013937175260724058,
        "(15, 1)": 0.2785149920327793,
        "(15, 2)": 0.0980881868269134,
        "(15, 3)": 0.008549700604316878,
        "(15, 4)": 0.09776353731548057,
        "(15, 5)": 0.1925428803111896,
        "(15, 6)": 0.30758598127389714,
        "(15, 7)": 0.46683585583914267,
        "(15, 8)": 0.3065260182817118,
        "(15, 9)": 4.040433363650932,
        "(16, 1)": 0.007288008032971273,
        "(16, 2)": 0.4194759591655308,
        "(16, 3)": 3.229093157777704,
        "(16, 4)": 0.09129685723669421,
        "(16, 5)": 0.2989561931284363,
        "(16, 6)": 1.0458664934928121,
        "(16, 7)": 0.17224227439328274,
        "(16, 8)": 0.0033419367323708196,
        "(16, 9)": 0.3855438928695437,
        "(17, 1)": 1.2540151760007556,
        "(17, 2)": 0.2216151354114803,
        "(17, 3)": 0.2368048666809483,
        "(17, 4)": 0.6536330260942894,
        "(17, 5)": 4.91602669984762,
        "(17, 6)": 0.2978446428834085,
        "(17, 7)": 4.552211938305107,
        "(17, 8)": 0.3981708551523549,
        "(17, 9)": 0.5042156942501409,
        "(18, 1)": 0.45507806278977053,
        "(18, 2)": 0.42434047831818467,
        "(18, 3)": 2.5281875466233226,
        "(18, 4)": 0.15758024629909873,
        "(18, 5)": 2.2343227596975264,
        "(18, 6)": 8.319213450172136,
        "(18, 7)": 0.39079575708498515,
        "(18, 8)": 0.11581753944492706,
        "(18, 9)": 0.12845433619805416,
        "(19, 1)": 0.10645331530603615,
        "(19, 2)": 0.0844013215433336,
        "(19, 3)": 2.524733488791429,
        "(19, 4)": 0.09694418758284344,
        "(19, 5)": 0.33255261753916054,
        "(19, 6)": 1.9317403378293267e-06,
        "(19, 7)": 0.6295938472079036,
        "(19, 8)": 4.343270035533675,
        "(19, 9)": 0.15659795972535975
    },
    "matching_probabilities": {
        "(0, 10)": 0.00018130601408199995,
        "(0, 11)": 0.03502030153602285,
        "(0, 12)": 0.020584955904154247,
        "(0, 13)": 8.41523464646532e-05,
        "(0, 14)": 0.018844000361631284,
        "(0, 15)": 0.03577444070753088,
        "(0, 16)": 0.0004744708851494182,
        "(0, 17)": 0.045404848247176964,
        "(0, 18)": 0.13221371601793647,
        "(0, 19)": 0.0009806801362835318,
        "(10, 1)": 0.0014393699480578948,
        "(10, 2)": 0.004961575113301366,
        "(10, 3)": 0.0002378373118250583,
        "(10, 4)": 0.02455026288498397,
        "(10, 5)": 0.005240090681053687,
        "(10, 6)": 0.02560444531544539,
        "(10, 7)": 0.006346240706177447,
        "(10, 8)": 0.045652437307421016,
        "(10, 9)": 0.17374428805267736,
        "(11, 1)": 0.05217373082531981,
        "(11, 2)": 0.012774720139610963,
        "(11, 3)": 0.0007696796802908211,
        "(11, 4)": 4.159161546953977e-05,
        "(11, 5)": 0.024372532603477944,
        "(11, 6)": 0.009933981754698477,
        "(11, 7)": 0.10045231746849675,
        "(11, 8)": 0.031671490284422045,
        "(11, 9)": 0.014862848211752495,
        "(12, 1)": 6.628970738518517e-05,
        "(12, 2)": 0.008512930814132576,
        "(12, 3)": 0.15611163168118083,
        "(12, 4)": 0.0013006199560952024,
        "(12, 5)": 0.03422153970526869,
        "(12, 6)": 0.0017152997870432528,
        "(12, 7)": 0.0016347453379347324,
        "(12, 8)": 0.027652200036400905,
        "(12, 9)": 0.016233126607834426,
        "(13, 1)": 0.03768290298949565,
        "(13, 2)": 0.0001407701238172427,
        "(13, 3)": 0.0008112725604771644,
        "(13, 4)": 0.13734474516946923,
        "(13, 5)": 0.00018035567443018622,
        "(13, 6)": 0.06394094848756524,
        "(13, 7)": 0.015539379535165052,
        "(13, 8)": 0.0016159350061635503,
        "(13, 9)": 0.014939485037988556,
        "(14, 1)": 0.16030761386393172,
        "(14, 2)": 0.027120214509472235,
        "(14, 3)": 0.010437289808514591,
        "(14, 4)": 0.031526300415431134,
        "(14, 5)": 9.431225377926242e-06,
        "(14, 6)": 0.00033453043630640803,
        "(14, 7)": 0.0015201079572962945,
        "(14, 8)": 0.003626188631552025,
        "(14, 9)": 0.003844067286741998,
        "(15, 1)": 0.004806011740777994,
        "(15, 2)": 0.0049649599357678,
        "(15, 3)": 0.0024838250314198167,
        "(15, 4)": 0.0011736389530143203,
        "(15, 5)": 0.09863941892242398,
        "(15, 6)": 0.029248011562109877,
        "(15, 7)": 0.006030573036862927,
        "(15, 8)": 0.00016851574520218134,
        "(15, 9)": 0.008574759054176416,
        "(16, 1)": 0.00012279182922383732,
        "(16, 2)": 0.0005993429011449353,
        "(16, 3)": 0.021704966508217353,
        "(16, 4)": 0.0032116748124123014,
        "(16, 5)": 5.998772404877561e-05,
        "(16, 6)": 0.1311237248614403,
        "(16, 7)": 0.08916331163760649,
        "(16, 8)": 0.00013764450433728287,
        "(16, 9)": 0.0440626544557102,
        "(17, 1)": 0.01060650715533585,
        "(17, 2)": 0.13921187728147952,
        "(17, 3)": 0.023943287348905686,
        "(17, 4)": 0.018368947655639543,
        "(17, 5)": 0.0015053427436576687,
        "(17, 6)": 0.004788370206497943,
        "(17, 7)": 0.020184295920275288,
        "(17, 8)": 0.021754759128164745,
        "(17, 9)": 0.002360995390121692,
        "(18, 1)": 0.0003204865607275286,
        "(18, 2)": 0.026852264922496084,
        "(18, 3)": 0.014691397880397446,
        "(18, 4)": 0.0017229007426388528,
        "(18, 5)": 0.0060054073858478,
        "(18, 6)": 0.024597991791866603,
        "(18, 7)": 0.0004737599426101438,
        "(18, 8)": 0.04375482213747206,
        "(18, 9)": 0.007731506230416194,
        "(19, 1)": 0.007006528068822031,
        "(19, 2)": 0.0012636764439621121,
        "(19, 3)": 0.06033428148620195,
        "(19, 4)": 0.02805326510185911,