{
    "min_scaled_matching_probability": 0.4499181715653389,
    "scaled_matching_probabilities": {
        "(0, 2)": 0.5383798003029476,
        "(0, 3)": 0.5578429141950074,
        "(0, 4)": 0.47157648825335974,
        "(0, 5)": 0.6260970782488835,
        "(0, 6)": 0.593118012780707,
        "(0, 7)": 0.5684534408505549,
        "(0, 8)": 0.7742108245651887,
        "(0, 9)": 0.6735012565549758,
        "(0, 10)": 0.625296477747267,
        "(0, 11)": 0.5204508174193571,
        "(0, 12)": 0.5980342509767529,
        "(0, 13)": 0.5673992058912934,
        "(0, 14)": 0.7095754702078184,
        "(0, 15)": 0.5521120366073915,
        "(0, 16)": 0.4499181715653389,
        "(0, 19)": 0.811021298749451,
        "(0, 20)": 0.6133813525208492
    },
    "matching_probabilities": {
        "(0, 2)": 1.6228369366559195e-06,
        "(0, 3)": 0.00010804425950163045,
        "(0, 4)": 3.156655482037652e-06,
        "(0, 5)": 7.814484358319285e-07,
        "(0, 6)": 0.02434334143454687,
        "(0, 7)": 0.0861571067683522,
        "(0, 8)": 0.00014713214733832976,
        "(0, 9)": 0.013543270901065208,
        "(0, 10)": 0.2205124758682594,
        "(0, 11)": 0.008725534548335448,
        "(0, 12)": 1.0920827906931098e-05,
        "(0, 13)": 0.004396374275492432,
        "(0, 14)": 1.8898804655253714e-05,
        "(0, 15)": 0.025494051149284366,
        "(0, 16)": 0.0022289160902784605,
        "(0, 19)": 0.0012887493509309107,
        "(0, 20)": 0.2189517452989269
    },
    "matching_counts": {
        "(0, 2)": 0.016228369366559196,
        "(0, 3)": 1.0804425950163046,
        "(0, 4)": 0.03156655482037652,
        "(0, 5)": 0.007814484358319286,
        "(0, 6)": 243.43341434546872,
        "(0, 7)": 861.571067683522,
        "(0, 8)": 1.4713214733832976,
        "(0, 9)": 135.43270901065208,
        "(0, 10)": 2205.124758682594,
        "(0, 11)": 87.25534548335449,
        "(0, 12)": 0.10920827906931098,
        "(0, 13)": 43.96374275492432,
        "(0, 14)": 0.18898804655253715,
        "(0, 15)": 254.94051149284365,
        "(0, 16)": 22.289160902784605,
        "(0, 19)": 12.887493509309106,
        "(0, 20)": 2189.517452989269
    },
    "average_num_matching_probability_capped": 0.0,
    "average_num_matching_probability_exceeds_one": 0.0,
    "average_num_proposal_matching_probability_exceeds_one": 0.0,
    "simulation_parameters": {
        "graph_file": "nonuniform_star_20_order_0.json",
        "c_guarantee": 0.6,
        "experiment_name": "nonuniform_star_20_order_0_mc_c60_r90_sim10000",
        "average_edge_weight": 0.05,
        "r": 0.9,
        "num_sim_instances": 10000,
        "rounding_scheme_class": "SimulatedRecursiveRoundingScheme",
        "parallel": true
    }
}