{
    "min_scaled_matching_probability": 0.42340085060976357,
    "scaled_matching_probabilities": {
        "(0, 2)": 0.6304306251463345,
        "(0, 3)": 0.5405552178227313,
        "(0, 4)": 0.42340085060976357,
        "(0, 5)": 0.46029327603038334,
        "(0, 6)": 0.4884540557688864,
        "(0, 7)": 0.5152080923906086,
        "(0, 8)": 0.4638131770971715,
        "(0, 9)": 0.4838178084856665,
        "(0, 10)": 0.5085280222870486,
        "(0, 11)": 0.4786664470145084,
        "(0, 12)": 0.559523180102712,
        "(0, 13)": 0.4861685487403778,
        "(0, 14)": 0.4976159285758811,
        "(0, 15)": 0.5556085405016781,
        "(0, 16)": 0.4780856077512371,
        "(0, 19)": 0.6210552895977888,
        "(0, 20)": 0.49517419610333757
    },
    "matching_probabilities": {
        "(0, 2)": 1.9003055164975742e-06,
        "(0, 3)": 0.00010469593992007413,
        "(0, 4)": 2.834175684048627e-06,
        "(0, 5)": 5.745042950590364e-07,
        "(0, 6)": 0.02004761885231684,
        "(0, 7)": 0.0780870260150056,
        "(0, 8)": 8.814372848435148e-05,
        "(0, 9)": 0.009728973158264938,
        "(0, 10)": 0.17933376763435097,
        "(0, 11)": 0.008025005400632754,
        "(0, 12)": 1.021756922761613e-05,
        "(0, 13)": 0.0037669754892910097,
        "(0, 14)": 1.3253482712337763e-05,
        "(0, 15)": 0.025655503976272816,
        "(0, 16)": 0.002368458913183809,
        "(0, 19)": 0.0009868848112811672,
        "(0, 20)": 0.17675668492079502
    },
    "matching_counts": {
        "(0, 2)": 0.019003055164975743,
        "(0, 3)": 1.0469593992007413,
        "(0, 4)": 0.02834175684048627,
        "(0, 5)": 0.005745042950590364,
        "(0, 6)": 200.4761885231684,
        "(0, 7)": 780.870260150056,
        "(0, 8)": 0.8814372848435148,
        "(0, 9)": 97.28973158264938,
        "(0, 10)": 1793.3376763435097,
        "(0, 11)": 80.25005400632755,
        "(0, 12)": 0.1021756922761613,
        "(0, 13)": 37.6697548929101,
        "(0, 14)": 0.13253482712337764,
        "(0, 15)": 256.55503976272814,
        "(0, 16)": 23.684589131838088,
        "(0, 19)": 9.868848112811671,
        "(0, 20)": 1767.56684920795
    },
    "average_num_matching_probability_capped": 0.0,
    "average_num_matching_probability_exceeds_one": 0.0,
    "average_num_proposal_matching_probability_exceeds_one": 0.0,
    "simulation_parameters": {
        "graph_file": "nonuniform_star_20_order_0.json",
        "c_guarantee": 0.5,
        "experiment_name": "nonuniform_star_20_order_0_tr_c50_r70_sim10000",
        "average_edge_weight": 0.05,
        "r": 0.7,
        "num_sim_instances": 10000,
        "rounding_scheme_class": "SimpleRecursiveRoundingSchemeForTree",
        "parallel": true
    }
}