{
    "min_scaled_matching_probability": 0.0,
    "scaled_matching_probabilities": {
        "(0, 2)": 0.0,
        "(0, 3)": 0.0,
        "(0, 4)": 0.0,
        "(0, 5)": 0.0,
        "(0, 6)": 0.5774431969702359,
        "(0, 7)": 0.6083236683810426,
        "(0, 8)": 0.0,
        "(0, 9)": 0.6315657436620753,
        "(0, 10)": 0.5844277225416696,
        "(0, 11)": 0.48910432698394024,
        "(0, 12)": 0.0,
        "(0, 13)": 0.6582096447467438,
        "(0, 14)": 0.0,
        "(0, 15)": 0.49809960635959816,
        "(0, 16)": 0.706492993319437,
        "(0, 19)": 0.881032310455923,
        "(0, 20)": 0.6266833286557341
    },
    "matching_probabilities": {
        "(0, 2)": 0.0,
        "(0, 3)": 0.0,
        "(0, 4)": 0.0,
        "(0, 5)": 0.0,
        "(0, 6)": 0.0237,
        "(0, 7)": 0.0922,
        "(0, 8)": 0.0,
        "(0, 9)": 0.0127,
        "(0, 10)": 0.2061,
        "(0, 11)": 0.0082,
        "(0, 12)": 0.0,
        "(0, 13)": 0.0051,
        "(0, 14)": 0.0,
        "(0, 15)": 0.023,
        "(0, 16)": 0.0035,
        "(0, 19)": 0.0014,
        "(0, 20)": 0.2237
    },
    "matching_counts": {
        "(0, 2)": 0,
        "(0, 3)": 0,
        "(0, 4)": 0,
        "(0, 5)": 0,
        "(0, 6)": 237.0,
        "(0, 7)": 922.0,
        "(0, 8)": 0,
        "(0, 9)": 127.0,
        "(0, 10)": 2061.0,
        "(0, 11)": 82.0,
        "(0, 12)": 0,
        "(0, 13)": 51.0,
        "(0, 14)": 0,
        "(0, 15)": 230.0,
        "(0, 16)": 35.0,
        "(0, 19)": 14.0,
        "(0, 20)": 2237.0
    },
    "average_num_matching_probability_capped": 0.0,
    "average_num_matching_probability_exceeds_one": 0.0,
    "average_num_proposal_matching_probability_exceeds_one": 0.0,
    "simulation_parameters": {
        "graph_file": "nonuniform_star_20_order_1.json",
        "c_guarantee": 0.6,
        "experiment_name": "nonuniform_star_20_order_1_mc_c60_r100_sim10000",
        "average_edge_weight": 0.05,
        "r": 1.0,
        "num_sim_instances": 10000,
        "rounding_scheme_class": "SimulatedRecursiveRoundingScheme",
        "parallel": true
    }
}