{
    "min_scaled_matching_probability": 0.557512185636446,
    "scaled_matching_probabilities": {
        "(0, 1)": 0.7448857033568191,
        "(0, 2)": 0.8039148977844872,
        "(0, 3)": 0.888400181622833,
        "(0, 4)": 0.9194806869375594,
        "(0, 5)": 0.557512185636446,
        "(0, 6)": 0.9484232197594293,
        "(0, 7)": 0.9086472848149587,
        "(0, 8)": 0.6867095010376717,
        "(0, 9)": 0.8801800089129697,
        "(1, 2)": 1.0458276097899772,
        "(1, 3)": 0.9230454710257554,
        "(1, 4)": 0.9525559348725559,
        "(1, 5)": 0.8968426538600031,
        "(1, 6)": 1.0040219622608029,
        "(1, 7)": 0.6446596283224658,
        "(1, 8)": 0.900435935944681,
        "(1, 9)": 1.0401085481510832,
        "(2, 3)": 0.7825481970007465,
        "(2, 4)": 0.9420634733033585,
        "(2, 5)": 0.8494580120470304,
        "(2, 6)": 0.7778898337884651,
        "(2, 7)": 0.6786103282267659,
        "(2, 8)": 0.7415181664970159,
        "(2, 9)": 0.9484209228807542,
        "(3, 4)": 1.0034221663509646,
        "(3, 5)": 0.9548756845294322,
        "(3, 6)": 0.8152787810143333,
        "(3, 7)": 0.9093473656625273,
        "(3, 8)": 0.9731025084390923,
        "(3, 9)": 0.6502031188226178,
        "(4, 5)": 0.942826945567881,
        "(4, 6)": 0.9167155785319844,
        "(4, 7)": 0.8286698312384921,
        "(4, 8)": 0.9036915447962921,
        "(4, 9)": 0.8539716070231579,
        "(5, 6)": 0.8094886720163255,
        "(5, 7)": 0.9623472501306644,
        "(5, 8)": 0.9008191575851351,
        "(5, 9)": 0.8505969052868986,
        "(6, 7)": 0.7610514662685165,
        "(6, 8)": 0.8819703854798211,
        "(6, 9)": 0.8311853615352236,
        "(7, 8)": 0.8801736216132102,
        "(7, 9)": 0.8038296527885412,
        "(8, 9)": 0.9826646317737235
    },
    "matching_probabilities": {
        "(0, 1)": 0.039950843048031995,
        "(0, 2)": 0.05139764164020478,
        "(0, 3)": 0.11251994153029693,
        "(0, 4)": 0.02690066647591385,
        "(0, 5)": 0.043606799862333664,
        "(0, 6)": 0.028248891525728324,
        "(0, 7)": 0.004071256985707746,
        "(0, 8)": 0.343620005460034,
        "(0, 9)": 0.08578483148298893,
        "(1, 2)": 0.13883637908546506,
        "(1, 3)": 0.0017393469328686785,
        "(1, 4)": 0.22504909620276034,
        "(1, 5)": 0.045200297065779736,
        "(1, 6)": 0.021484261290295473,
        "(1, 7)": 0.1630609944131799,
        "(1, 8)": 0.001897735582129095,
        "(1, 9)": 0.25533911693272576,
        "(2, 3)": 0.20958580403942662,
        "(2, 4)": 0.003130815991914867,
        "(2, 5)": 0.08264081742886206,
        "(2, 6)": 0.059727803771642086,
        "(2, 7)": 0.16045164967394374,
        "(2, 8)": 0.0028319924674028523,
        "(2, 9)": 0.009517788776813195,
        "(3, 4)": 0.01708052286606984,
        "(3, 5)": 0.027899141840941413,
        "(3, 6)": 0.008767563103773935,
        "(3, 7)": 0.01125191841692598,
        "(3, 8)": 0.15783770751418566,
        "(3, 9)": 0.16763501143581344,
        "(4, 5)": 0.12000616484259036,
        "(4, 6)": 0.4156768841128247,
        "(4, 7)": 0.00033181128353708503,
        "(4, 8)": 0.008659467777060554,
        "(4, 9)": 0.1028465789177277,
        "(5, 6)": 0.05505294860249727,
        "(5, 7)": 0.423841452050159,
        "(5, 8)": 0.0018569648256605844,
        "(5, 9)": 0.07279205796451273,
        "(6, 7)": 0.0012782904885383641,
        "(6, 8)": 0.23398509109056248,
        "(6, 9)": 0.04200118893091342,
        "(7, 8)": 0.00035369384794658136,
        "(7, 9)": 0.040716509489474674,
        "(8, 9)": 0.05085560682397327
    },
    "matching_counts": {
        "(0, 1)": 399.50843048031993,
        "(0, 2)": 513.9764164020478,
        "(0, 3)": 1125.1994153029693,
        "(0, 4)": 269.0066647591385,
        "(0, 5)": 436.0679986233366,
        "(0, 6)": 282.4889152572832,
        "(0, 7)": 40.71256985707746,
        "(0, 8)": 3436.20005460034,
        "(0, 9)": 857.8483148298893,
        "(1, 2)": 1388.3637908546507,
        "(1, 3)": 17.393469328686784,
        "(1, 4)": 2250.4909620276035,
        "(1, 5)": 452.0029706577974,
        "(1, 6)": 214.84261290295473,
        "(1, 7)": 1630.609944131799,
        "(1, 8)": 18.97735582129095,
        "(1, 9)": 2553.3911693272576,
        "(2, 3)": 2095.858040394266,
        "(2, 4)": 31.308159919148668,
        "(2, 5)": 826.4081742886207,
        "(2, 6)": 597.2780377164208,
        "(2, 7)": 1604.5164967394373,
        "(2, 8)": 28.319924674028524,
        "(2, 9)": 95.17788776813194,
        "(3, 4)": 170.80522866069842,
        "(3, 5)": 278.9914184094141,
        "(3, 6)": 87.67563103773935,
        "(3, 7)": 112.5191841692598,
        "(3, 8)": 1578.3770751418567,
        "(3, 9)": 1676.3501143581343,
        "(4, 5)": 1200.0616484259035,
        "(4, 6)": 4156.768841128247,
        "(4, 7)": 3.3181128353708504,
        "(4, 8)": 86.59467777060554,
        "(4, 9)": 1028.465789177277,
        "(5, 6)": 550.5294860249727,
        "(5, 7)": 4238.41452050159,
        "(5, 8)": 18.569648256605845,
        "(5, 9)": 727.9205796451273,
        "(6, 7)": 12.782904885383642,
        "(6, 8)": 2339.850910905625,
        "(6, 9)": 420.0118893091342,
        "(7, 8)": 3.536938479465814,
        "(7, 9)": 407.16509489474674,
        "(8, 9)": 508.55606823973267
    },
    "average_num_matching_probability_capped": 0.0,
    "average_num_matching_probability_exceeds_one": 7.6442,
    "average_num_proposal_matching_probability_exceeds_one": 0.347,
    "simulation_parameters": {
        "graph_file": "nonuniform_complete_10_order_0.json",
        "c_guarantee": 0.9,
        "experiment_name": "nonuniform_complete_10_order_0_mc_c90_r20_sim10000",
        "average_edge_weight": 0.1111111111111111,
        "r": 0.2,
        "num_sim_instances": 10000,
        "rounding_scheme_class": "SimulatedRecursiveRoundingScheme",
        "parallel": true
    }
}