{
    "min_scaled_matching_probability": 0.5567026443724388,
    "scaled_matching_probabilities": {
        "(0, 1)": 0.7442503851082363,
        "(0, 2)": 0.6714368495267128,
        "(0, 3)": 0.6516016888543493,
        "(1, 4)": 0.6775286647091177,
        "(1, 5)": 0.797612727870054,
        "(1, 6)": 0.8370852235144208,
        "(2, 7)": 0.7952211147209554,
        "(2, 8)": 0.7560033443156143,
        "(2, 9)": 0.7505747792651694,
        "(3, 10)": 0.8262562584649322,
        "(3, 11)": 0.6907023004399547,
        "(3, 12)": 0.8722858559613005,
        "(4, 13)": 0.8294734879610339,
        "(4, 14)": 0.7193937796505765,
        "(4, 15)": 0.6583110705500164,
        "(5, 16)": 0.8167151296274913,
        "(5, 17)": 0.7120770157873798,
        "(5, 18)": 0.5927704927699958,
        "(6, 19)": 0.6646419984898267,
        "(6, 20)": 0.8008613995036853,
        "(6, 21)": 0.7518091509283582,
        "(7, 22)": 0.6882508362026268,
        "(7, 23)": 0.6717886991686601,
        "(7, 24)": 0.7238579758524148,
        "(8, 25)": 0.8896596794689013,
        "(8, 26)": 0.7784298804164929,
        "(8, 27)": 0.7189797612941782,
        "(9, 28)": 0.6680222162032627,
        "(9, 29)": 0.7233493743230128,
        "(9, 30)": 0.6452569020619588,
        "(10, 31)": 0.6346514383746058,
        "(10, 32)": 0.6449854478090546,
        "(10, 33)": 0.6862348467944067,
        "(11, 34)": 0.7101176223820895,
        "(11, 35)": 0.7448443962633334,
        "(11, 36)": 0.7786275763082329,
        "(12, 37)": 0.6978105300113828,
        "(12, 38)": 0.7924547073054456,
        "(12, 39)": 0.7739820617644363,
        "(13, 40)": 0.6896861885306288,
        "(13, 41)": 0.8291051013963653,
        "(13, 42)": 0.7651455274040407,
        "(14, 43)": 0.7937399223516705,
        "(14, 44)": 0.7716177900043208,
        "(14, 45)": 0.7169241064236841,
        "(15, 46)": 0.7454039065182342,
        "(15, 47)": 0.8981824133183067,
        "(15, 48)": 0.7174808138569353,
        "(16, 49)": 0.7150601893758641,
        "(16, 50)": 0.7501125667230562,
        "(16, 51)": 0.6951215434005309,
        "(17, 52)": 0.7584487492754894,
        "(17, 53)": 0.7407399652458663,
        "(17, 54)": 0.8009414382557671,
        "(18, 55)": 0.7555662137266104,
        "(18, 56)": 0.7881363068300461,
        "(18, 57)": 0.719156627546719,
        "(19, 58)": 0.6811370243527946,
        "(19, 59)": 1.085955292620622,
        "(19, 60)": 0.7256239072849552,
        "(20, 61)": 0.6917284489401584,
        "(20, 62)": 0.7668375225598,
        "(20, 63)": 0.7005283746405846,
        "(21, 64)": 0.8333473395398682,
        "(21, 65)": 0.8019829460279643,
        "(21, 66)": 0.6511517558840859,
        "(22, 67)": 0.6882494889053171,
        "(22, 68)": 0.6943358931869987,
        "(22, 69)": 0.8325399238653519,
        "(23, 70)": 0.719431039742597,
        "(23, 71)": 0.768680900254548,
        "(23, 72)": 0.7892191485881721,
        "(24, 73)": 0.7583283475581862,
        "(24, 74)": 0.7067807434238786,
        "(24, 75)": 0.7685943547181896,
        "(25, 76)": 0.7837239262782891,
        "(25, 77)": 0.6790848284998592,
        "(25, 78)": 0.7860898624482671,
        "(26, 79)": 0.7530527482475872,
        "(26, 80)": 0.7522316143281542,
        "(26, 81)": 0.7412912037430988,
        "(27, 82)": 0.5567026443724388,
        "(27, 83)": 0.7626181530282544,
        "(27, 84)": 0.8409353261268604,
        "(28, 85)": 0.7981840091377553,
        "(28, 86)": 0.8770506199858856,
        "(28, 87)": 0.746664254407297,
        "(29, 88)": 0.8100395671899042,
        "(29, 89)": 0.8282888736327269,
        "(29, 90)": 0.9069722973896953,
        "(30, 91)": 0.9073016480001862,
        "(30, 92)": 0.7428880674792724,
        "(30, 93)": 0.6209580992155331,
        "(31, 94)": 0.8519544412336975,
        "(31, 95)": 0.6999038109398751,
        "(31, 96)": 0.8436368590935904,
        "(32, 97)": 0.6871626361756543,
        "(32, 98)": 0.9755114561402997,
        "(32, 99)": 0.755595840555661,
        "(33, 100)": 0.7647973093312591,
        "(33, 101)": 0.7275116559500853,
        "(33, 102)": 0.883755189622802,
        "(34, 103)": 0.7421233806886869,
        "(34, 104)": 0.6341277896587286,
        "(34, 105)": 0.7641159568035256,
        "(35, 106)": 0.6993350121023031,
        "(35, 107)": 0.7576941205739955,
        "(35, 108)": 0.7266051198189564,
        "(36, 109)": 0.7175415001323655,
        "(36, 110)": 0.7905874079716118,
        "(36, 111)": 0.6825168780446687,
        "(37, 112)": 0.6632715404596028,
        "(37, 113)": 0.7206970773925031,
        "(37, 114)": 1.074892040189819,
        "(38, 115)": 0.8218799136912187,
        "(38, 116)": 0.6291053332841793,
        "(38, 117)": 0.6303405617892484,
        "(39, 118)": 0.7213595603083126,
        "(39, 119)": 0.6794791874306255,
        "(39, 120)": 0.8278143455011454
    },
    "matching_probabilities": {
        "(0, 1)": 0.3088664536188037,
        "(0, 2)": 0.08334764556879871,
        "(0, 3)": 0.054795410133361214,
        "(1, 4)": 0.02075694069868426,
        "(1, 5)": 0.3063155575577238,
        "(1, 6)": 0.0679484625736632,
        "(2, 7)": 0.11227609381177131,
        "(2, 8)": 0.31216840869815077,
        "(2, 9)": 0.12415792934910559,
        "(3, 10)": 0.12120893715448473,
        "(3, 11)": 0.12423021115287254,
        "(3, 12)": 0.2636233782937095,
        "(4, 13)": 0.20801765863410507,
        "(4, 14)": 0.0962067817679089,
        "(4, 15)": 0.055530032632329855,
        "(5, 16)": 0.0996784618673177,
        "(5, 17)": 0.09798869568339998,
        "(5, 18)": 0.06178703677606634,
        "(6, 19)": 0.07296032189391714,
        "(6, 20)": 0.2879983099968837,
        "(6, 21)": 0.0802314055313944,
        "(7, 22)": 0.058068997047040105,
        "(7, 23)": 0.1579480218786181,
        "(7, 24)": 0.047801209205737515,
        "(8, 25)": 0.01798298641839626,
        "(8, 26)": 0.14121359833172356,
        "(8, 27)": 0.06213992118490214,
        "(9, 28)": 0.08446774764908649,
        "(9, 29)": 0.2885704000038939,
        "(9, 30)": 0.09072973704745127,
        "(10, 31)": 0.08688315272518275,
        "(10, 32)": 0.08485185332561913,
        "(10, 33)": 0.24462564465915956,
        "(11, 34)": 0.017889103253412857,
        "(11, 35)": 0.09099758175399357,
        "(11, 36)": 0.42076548611108994,
        "(12, 37)": 0.3867094944781681,
        "(12, 38)": 0.07193973835672834,
        "(12, 39)": 0.022037866697495502,
        "(13, 40)": 0.015855198974174225,
        "(13, 41)": 0.2167616655786123,
        "(13, 42)": 0.31976895204171396,
        "(14, 43)": 0.17434535646540547,
        "(14, 44)": 0.40906694520706527,
        "(14, 45)": 0.034145140289893496,
        "(15, 46)": 0.1367655498452351,
        "(15, 47)": 0.041563451077171694,
        "(15, 48)": 0.4404763767841323,
        "(16, 49)": 0.5126638579777203,
        "(16, 50)": 0.03832779969175278,
        "(16, 51)": 0.04913743306401871,
        "(17, 52)": 0.017027989170448947,
        "(17, 53)": 0.5697769616090169,
        "(17, 54)": 0.0423625450798831,
        "(18, 55)": 0.048322951524189445,
        "(18, 56)": 0.5501890082822138,
        "(18, 57)": 0.07716614390029014,
        "(19, 58)": 0.3219632517143382,
        "(19, 59)": 0.05668159960008155,
        "(19, 60)": 0.20544340658952245,
        "(20, 61)": 0.2905829855411621,
        "(20, 62)": 0.02826791888256734,
        "(20, 63)": 0.11257966529895011,
        "(21, 64)": 0.36809030803950343,
        "(21, 65)": 0.21598049818135254,
        "(21, 66)": 0.0612196339068091,
        "(22, 67)": 0.062478068232202665,
        "(22, 68)": 0.3532495818035831,
        "(22, 69)": 0.20211133647080148,
        "(23, 70)": 0.14370774599176692,
        "(23, 71)": 0.13626932167529393,
        "(23, 72)": 0.21988533007922184,
        "(24, 73)": 0.4718785652533162,
        "(24, 74)": 0.028701206697757754,
        "(24, 75)": 0.1973863896498937,
        "(25, 76)": 0.5012575003111222,