{
    "min_scaled_matching_probability": 0.41767592458590824,
    "scaled_matching_probabilities": {
        "(0, 2)": 0.45904261359545073,
        "(0, 3)": 0.46242419912656324,
        "(0, 4)": 0.5260637403801023,
        "(0, 5)": 0.46708088716107604,
        "(0, 6)": 0.49767017002867675,
        "(0, 7)": 0.485718215269957,
        "(0, 8)": 0.5013808734657503,
        "(0, 9)": 0.5241860739946339,
        "(0, 10)": 0.5298239791677698,
        "(0, 11)": 0.4786882772333867,
        "(0, 12)": 0.5462011996240759,
        "(0, 13)": 0.47240191631694955,
        "(0, 14)": 0.6020735010122706,
        "(0, 15)": 0.4686011370579808,
        "(0, 16)": 0.41767592458590824,
        "(0, 19)": 0.5590484966518169,
        "(0, 20)": 0.5112963427993037
    },
    "matching_probabilities": {
        "(0, 2)": 1.383691045656955e-06,
        "(0, 3)": 8.956335000214509e-05,
        "(0, 4)": 3.5213841897052024e-06,
        "(0, 5)": 5.829760932599644e-07,
        "(0, 6)": 0.020425875811794517,
        "(0, 7)": 0.07361742075082087,
        "(0, 8)": 9.528314795755206e-05,
        "(0, 9)": 0.010540728667661594,
        "(0, 10)": 0.1868438438060091,
        "(0, 11)": 0.008025371391659467,
        "(0, 12)": 9.974293769815745e-06,
        "(0, 13)": 0.0036603076123921554,
        "(0, 14)": 1.6035601513117566e-05,
        "(0, 15)": 0.02163789333443603,
        "(0, 16)": 0.002069186460267843,
        "(0, 19)": 0.0008883532261234812,
        "(0, 20)": 0.18251162374073107
    },
    "matching_counts": {
        "(0, 2)": 0.013836910456569549,
        "(0, 3)": 0.8956335000214509,
        "(0, 4)": 0.035213841897052026,
        "(0, 5)": 0.005829760932599644,
        "(0, 6)": 204.25875811794515,
        "(0, 7)": 736.1742075082087,
        "(0, 8)": 0.9528314795755206,
        "(0, 9)": 105.40728667661594,
        "(0, 10)": 1868.438438060091,
        "(0, 11)": 80.25371391659466,
        "(0, 12)": 0.09974293769815745,
        "(0, 13)": 36.603076123921554,
        "(0, 14)": 0.16035601513117564,
        "(0, 15)": 216.3789333443603,
        "(0, 16)": 20.691864602678432,
        "(0, 19)": 8.883532261234812,
        "(0, 20)": 1825.1162374073108
    },
    "average_num_matching_probability_capped": 0.0,
    "average_num_matching_probability_exceeds_one": 0.0,
    "average_num_proposal_matching_probability_exceeds_one": 0.0,
    "simulation_parameters": {
        "graph_file": "nonuniform_star_20_order_0.json",
        "c_guarantee": 0.5,
        "experiment_name": "nonuniform_star_20_order_0_mc_c50_r70_sim10000",
        "average_edge_weight": 0.05,
        "r": 0.7,
        "num_sim_instances": 10000,
        "rounding_scheme_class": "SimulatedRecursiveRoundingScheme",
        "parallel": true
    }
}