{
    "min_scaled_matching_probability": 0.4859458662196816,
    "scaled_matching_probabilities": {
        "(0, 1)": 0.5623271449794824,
        "(0, 2)": 0.5741905341343742,
        "(0, 3)": 0.5939041256355412,
        "(0, 4)": 0.6188011511181158,
        "(0, 5)": 0.5790234080892948,
        "(0, 6)": 0.601178348992066,
        "(0, 7)": 0.6072214984190969,
        "(0, 8)": 0.6078115736157331,
        "(0, 9)": 0.5923770957862664,
        "(1, 2)": 0.568940939990136,
        "(1, 3)": 0.6864850007857812,
        "(1, 4)": 0.6303602130497071,
        "(1, 5)": 0.6033990076113145,
        "(1, 6)": 0.6422329615498004,
        "(1, 7)": 0.631599877112637,
        "(1, 8)": 0.6590656356616498,
        "(1, 9)": 0.6057557007537675,
        "(2, 3)": 0.5877157497438512,
        "(2, 4)": 0.6694212266293597,
        "(2, 5)": 0.5407030830050398,
        "(2, 6)": 0.6727056792766477,
        "(2, 7)": 0.5819292472059088,
        "(2, 8)": 0.5975419843510292,
        "(2, 9)": 0.6259402332473539,
        "(3, 4)": 0.5669840399254992,
        "(3, 5)": 0.5082053808316864,
        "(3, 6)": 0.4859458662196816,
        "(3, 7)": 0.5453333222017875,
        "(3, 8)": 0.5503309000050779,
        "(3, 9)": 0.6180377767855268,
        "(4, 5)": 0.6746310020249248,
        "(4, 6)": 0.5458404274462543,
        "(4, 7)": 0.5034202463884184,
        "(4, 8)": 0.6175691163899185,
        "(4, 9)": 0.6230506022904697,
        "(5, 6)": 0.600186190395228,
        "(5, 7)": 0.5801702980380954,
        "(5, 8)": 0.625143400967692,
        "(5, 9)": 0.6383102971141573,
        "(6, 7)": 0.5325931649612224,
        "(6, 8)": 0.5793984746061345,
        "(6, 9)": 0.6275627943131317,
        "(7, 8)": 0.6134314671449195,
        "(7, 9)": 0.595451455760122,
        "(8, 9)": 0.5722215060853265
    },
    "matching_probabilities": {
        "(0, 1)": 0.03015958476512969,
        "(0, 2)": 0.03671040229254203,
        "(0, 3)": 0.07522067067685942,
        "(0, 4)": 0.018103874956397443,
        "(0, 5)": 0.04528933810358245,
        "(0, 6)": 0.017906164267678954,
        "(0, 7)": 0.002720697908445426,
        "(0, 8)": 0.3041405658854465,
        "(0, 9)": 0.05773474609945604,
        "(1, 2)": 0.07552841336592177,
        "(1, 3)": 0.0012935826219375754,
        "(1, 4)": 0.14892773330733172,
        "(1, 5)": 0.030410924676521393,
        "(1, 6)": 0.01374262842229748,
        "(1, 7)": 0.15975764497806033,
        "(1, 8)": 0.001389029755283426,
        "(1, 9)": 0.14870863813433835,
        "(2, 3)": 0.15740484538689953,
        "(2, 4)": 0.0022247276760549825,
        "(2, 5)": 0.05260312355894101,
        "(2, 6)": 0.05165157206416317,
        "(2, 7)": 0.13759222903619445,
        "(2, 8)": 0.0022821212953329285,
        "(2, 9)": 0.006281564211871093,
        "(3, 4)": 0.009651355315243117,
        "(3, 5)": 0.0148485234610829,
        "(3, 6)": 0.0052258946832865515,
        "(3, 7)": 0.00674774710209355,
        "(3, 8)": 0.08926394380624177,
        "(3, 9)": 0.1593421605956199,
        "(4, 5)": 0.08586928875708096,
        "(4, 6)": 0.24750670046102527,
        "(4, 7)": 0.00020157668569042216,
        "(4, 8)": 0.005917749141596484,
        "(4, 9)": 0.07503601104675472,
        "(5, 6)": 0.040818384041686445,
        "(5, 7)": 0.2555213011971015,
        "(5, 8)": 0.0012886818589680393,
        "(5, 9)": 0.05462507547121538,
        "(6, 7)": 0.0008945633865847773,
        "(6, 8)": 0.15371332993759698,
        "(6, 9)": 0.031711799449009904,
        "(7, 8)": 0.00024650470172957417,
        "(7, 9)": 0.030161495989693764,
        "(8, 9)": 0.02961404225688887
    },
    "matching_counts": {
        "(0, 1)": 301.5958476512969,
        "(0, 2)": 367.1040229254203,
        "(0, 3)": 752.2067067685941,
        "(0, 4)": 181.03874956397442,
        "(0, 5)": 452.89338103582446,
        "(0, 6)": 179.06164267678955,
        "(0, 7)": 27.206979084454257,
        "(0, 8)": 3041.4056588544654,
        "(0, 9)": 577.3474609945604,
        "(1, 2)": 755.2841336592177,
        "(1, 3)": 12.935826219375754,
        "(1, 4)": 1489.277333073317,
        "(1, 5)": 304.1092467652139,
        "(1, 6)": 137.4262842229748,
        "(1, 7)": 1597.5764497806033,
        "(1, 8)": 13.89029755283426,
        "(1, 9)": 1487.0863813433834,
        "(2, 3)": 1574.0484538689952,
        "(2, 4)": 22.247276760549827,
        "(2, 5)": 526.0312355894101,
        "(2, 6)": 516.5157206416317,
        "(2, 7)": 1375.9222903619445,
        "(2, 8)": 22.821212953329287,
        "(2, 9)": 62.815642118710926,
        "(3, 4)": 96.51355315243117,
        "(3, 5)": 148.485234610829,
        "(3, 6)": 52.25894683286552,
        "(3, 7)": 67.4774710209355,
        "(3, 8)": 892.6394380624176,
        "(3, 9)": 1593.421605956199,
        "(4, 5)": 858.6928875708095,
        "(4, 6)": 2475.0670046102528,
        "(4, 7)": 2.0157668569042215,
        "(4, 8)": 59.17749141596484,
        "(4, 9)": 750.3601104675472,
        "(5, 6)": 408.1838404168645,
        "(5, 7)": 2555.213011971015,
        "(5, 8)": 12.886818589680393,
        "(5, 9)": 546.2507547121538,
        "(6, 7)": 8.945633865847773,
        "(6, 8)": 1537.13329937597,
        "(6, 9)": 317.117994490099,
        "(7, 8)": 2.4650470172957415,
        "(7, 9)": 301.61495989693765,
        "(8, 9)": 296.1404225688887
    },
    "average_num_matching_probability_capped": 0.0,
    "average_num_matching_probability_exceeds_one": 0.0,
    "average_num_proposal_matching_probability_exceeds_one": 0.0,
    "simulation_parameters": {
        "graph_file": "nonuniform_complete_10_order_0.json",
        "c_guarantee": 0.6,
        "experiment_name": "nonuniform_complete_10_order_0_mc_c60_r50_sim10000",
        "average_edge_weight": 0.1111111111111111,
        "r": 0.5,
        "num_sim_instances": 10000,
        "rounding_scheme_class": "SimulatedRecursiveRoundingScheme",
        "parallel": true
    }
}