{
    "min_scaled_matching_probability": 0.1572010647601534,
    "scaled_matching_probabilities": {
        "(0, 1)": 0.38143695471943706,
        "(0, 2)": 0.5365589925214435,
        "(0, 3)": 0.446267184137566,
        "(1, 4)": 0.529970950940722,
        "(1, 5)": 0.2338909122608611,
        "(1, 6)": 0.21528523159728613,
        "(2, 7)": 0.4763075528333007,
        "(2, 8)": 0.15972350121880377,
        "(2, 9)": 0.6080686107012393,
        "(3, 10)": 0.44326613319633257,
        "(3, 11)": 0.5045459784318659,
        "(3, 12)": 0.20986349247713168,
        "(4, 13)": 0.2396242621967558,
        "(4, 14)": 0.22249320254822622,
        "(4, 15)": 0.342806719233372,
        "(5, 16)": 0.1910556251439226,
        "(5, 17)": 0.34707200330036,
        "(5, 18)": 0.9431179229164058,
        "(6, 19)": 0.7266044038193044,
        "(6, 20)": 0.2777427313949628,
        "(6, 21)": 0.21856176780199363,
        "(7, 22)": 0.1974893024455344,
        "(7, 23)": 0.26368690357223146,
        "(7, 24)": 0.2122527069003504,
        "(8, 25)": 0.16328161281192521,
        "(8, 26)": 0.1943605020532476,
        "(8, 27)": 0.6128654827830398,
        "(9, 28)": 0.3051181287314196,
        "(9, 29)": 0.1846471070270869,
        "(9, 30)": 0.43322934236051047,
        "(10, 31)": 0.3004089550825526,
        "(10, 32)": 0.548339024987277,
        "(10, 33)": 0.2802692504233225,
        "(11, 34)": 0.3230471785222156,
        "(11, 35)": 0.21326611685544444,
        "(11, 36)": 0.2717561598592883,
        "(12, 37)": 0.2884367318603457,
        "(12, 38)": 0.44759756656286437,
        "(12, 39)": 0.20325327280572295,
        "(13, 40)": 0.5459701788662467,
        "(13, 41)": 0.23244193432850754,
        "(13, 42)": 0.2471219852140202,
        "(14, 43)": 0.3698249670090494,
        "(14, 44)": 0.25743775069045577,
        "(14, 45)": 0.2889997540412415,
        "(15, 46)": 0.2857846707170979,
        "(15, 47)": 1.0639067829393183,
        "(15, 48)": 0.2753650319825107,
        "(16, 49)": 0.286143556439148,
        "(16, 50)": 1.2135623557492836,
        "(16, 51)": 0.2499062091631046,
        "(17, 52)": 0.40454840803325254,
        "(17, 53)": 0.3115842979380771,
        "(17, 54)": 0.35640108120063674,
        "(18, 55)": 0.27511516602161423,
        "(18, 56)": 0.19071391046006772,
        "(18, 57)": 0.4430702253509717,
        "(19, 58)": 0.16364574723020747,
        "(19, 59)": 0.1572010647601534,
        "(19, 60)": 0.28741375952558873,
        "(20, 61)": 0.278933478932741,
        "(20, 62)": 0.5364623104325486,
        "(20, 63)": 0.5181068135838787,
        "(21, 64)": 0.16750379402980123,
        "(21, 65)": 0.27291626720290796,
        "(21, 66)": 0.2558006849733264,
        "(22, 67)": 0.471533187482213,
        "(22, 68)": 0.3827108158920408,
        "(22, 69)": 0.33387585018393046,
        "(23, 70)": 0.42408469155300726,
        "(23, 71)": 0.5023202364057258,
        "(23, 72)": 0.3229648430627525,
        "(24, 73)": 0.3087091215053984,
        "(24, 74)": 0.3399988225202639,
        "(24, 75)": 0.36531637622947755,
        "(25, 76)": 0.23451738548650913,
        "(25, 77)": 0.4950146767987177,
        "(25, 78)": 0.3326280703849776,
        "(26, 79)": 0.3220914706447559,
        "(26, 80)": 0.30842110638081444,
        "(26, 81)": 0.5160923043029059,
        "(27, 82)": 0.17678267970025532,
        "(27, 83)": 0.21157444752902674,
        "(27, 84)": 0.8517686291400024,
        "(28, 85)": 0.32507654649874246,
        "(28, 86)": 0.3428068458952767,
        "(28, 87)": 0.2681898772488628,
        "(29, 88)": 0.5292407712181908,
        "(29, 89)": 0.2186055813421783,
        "(29, 90)": 0.7468770336812163,
        "(30, 91)": 0.32346258690969776,
        "(30, 92)": 0.30830085943080765,
        "(30, 93)": 0.4010711978842644,
        "(31, 94)": 0.18030476467640555,
        "(31, 95)": 0.4014096457737481,
        "(31, 96)": 0.3556342449498826,
        "(32, 97)": 0.32580822077101884,
        "(32, 98)": 0.5678721466098977,
        "(32, 99)": 0.2000414698958246,
        "(33, 100)": 0.33192754314119893,
        "(33, 101)": 0.35984707581701203,
        "(33, 102)": 0.2367514097241691,
        "(34, 103)": 0.4555475533050058,
        "(34, 104)": 0.23407256614294508,
        "(34, 105)": 0.20710639458366673,
        "(35, 106)": 0.8164760614670689,
        "(35, 107)": 0.30663341787825743,
        "(35, 108)": 0.2022738224744975,
        "(36, 109)": 0.6327131677551651,
        "(36, 110)": 0.27983246237539144,
        "(36, 111)": 0.2965996983084657,
        "(37, 112)": 0.39790370070288844,
        "(37, 113)": 0.3803187739980294,
        "(37, 114)": 0.2521671388941475,
        "(38, 115)": 0.17545375511981764,
        "(38, 116)": 0.6612210407366849,
        "(38, 117)": 0.24152681316043967,
        "(39, 118)": 0.3383683496621093,
        "(39, 119)": 0.2748439776500843,
        "(39, 120)": 0.24903891574985307
    },
    "matching_probabilities": {
        "(0, 1)": 0.1582976399350001,
        "(0, 2)": 0.06660481736585086,
        "(0, 3)": 0.03752813076171163,
        "(1, 4)": 0.01623632500541469,
        "(1, 5)": 0.08982357313704069,
        "(1, 6)": 0.017475282194607516,
        "(2, 7)": 0.06724915937868728,
        "(2, 8)": 0.06595292412668935,
        "(2, 9)": 0.10058496727103751,
        "(3, 10)": 0.065025609586455,
        "(3, 11)": 0.090748001558701,
        "(3, 12)": 0.06342522063064665,
        "(4, 13)": 0.060093636140948786,
        "(4, 14)": 0.029754712353500395,
        "(4, 15)": 0.028916524660152727,
        "(5, 16)": 0.023317960148639804,
        "(5, 17)": 0.047760469945826486,
        "(5, 18)": 0.09830526738113783,
        "(6, 19)": 0.07976217469351758,
        "(6, 20)": 0.09987925164733778,
        "(6, 21)": 0.023324427222689147,
        "(7, 22)": 0.016662538012747825,
        "(7, 23)": 0.06199691192494363,
        "(7, 24)": 0.01401647337667294,
        "(8, 25)": 0.0033004654401372455,
        "(8, 26)": 0.03525859754229178,
        "(8, 27)": 0.052968685416866494,
        "(9, 28)": 0.03858051495252226,
        "(9, 29)": 0.07366245333969744,
        "(9, 30)": 0.06091648797246812,
        "(10, 31)": 0.04112568812779411,
        "(10, 32)": 0.07213741438505716,
        "(10, 33)": 0.09990901275738526,
        "(11, 34)": 0.00813812268581911,
        "(11, 35)": 0.026054704850124125,
        "(11, 36)": 0.14685533390562944,
        "(12, 37)": 0.15984456807327016,
        "(12, 38)": 0.040633302485046,
        "(12, 39)": 0.005787302772509847,
        "(13, 40)": 0.012551310964095667,
        "(13, 41)": 0.06076973926526922,
        "(13, 42)": 0.10327700471106205,
        "(14, 43)": 0.0812322322303861,
        "(14, 44)": 0.13647854627008157,
        "(14, 45)": 0.013764270244319561,
        "(15, 46)": 0.05243532705715333,
        "(15, 47)": 0.04923235733374183,
        "(15, 48)": 0.1690523136481925,
        "(16, 49)": 0.20515120511407772,
        "(16, 50)": 0.0620082597573425,
        "(16, 51)": 0.01766561508792008,
        "(17, 52)": 0.009082546338817207,
        "(17, 53)": 0.23967054957715064,
        "(17, 54)": 0.018850387990613292,
        "(18, 55)": 0.017595250541525876,
        "(18, 56)": 0.13313521576449142,
        "(18, 57)": 0.0475418281049575,
        "(19, 58)": 0.07735288939479315,
        "(19, 59)": 0.008205133185491414,
        "(19, 60)": 0.0813744713546913,
        "(20, 61)": 0.11717506082024778,
        "(20, 62)": 0.01977560125675692,
        "(20, 63)": 0.08326328207947994,
        "(21, 64)": 0.07398658424500239,
        "(21, 65)": 0.07349855959433813,
        "(21, 66)": 0.02404973056690298,
        "(22, 67)": 0.04280494665985086,
        "(22, 68)": 0.19470754283642,
        "(22, 69)": 0.08105328328604329,
        "(23, 70)": 0.08471173992506835,
        "(23, 71)": 0.0890497446419107,
        "(23, 72)": 0.08998163722696795,
        "(24, 73)": 0.1920978133095593,
        "(24, 74)": 0.013806794501609593,
        "(24, 75)": 0.09381864457013595,