{
    "min_scaled_matching_probability": 0.46075801721956144,
    "scaled_matching_probabilities": {
        "(0, 1)": 0.7459347384485302,
        "(0, 2)": 0.885878521672683,
        "(0, 3)": 0.8084282996422525,
        "(0, 4)": 0.79615934600388,
        "(0, 5)": 0.6686317741060585,
        "(0, 6)": 0.9863662436500155,
        "(0, 7)": 0.7369892487706688,
        "(0, 8)": 0.7249439490004592,
        "(0, 9)": 0.7062956061872798,
        "(1, 2)": 0.8970756840027015,
        "(1, 3)": 0.7401910189520643,
        "(1, 4)": 0.7230381210310685,
        "(1, 5)": 0.8661269793107321,
        "(1, 6)": 0.7879255060101179,
        "(1, 7)": 0.9483719529200455,
        "(1, 8)": 0.7844044399750129,
        "(1, 9)": 0.845786399079546,
        "(2, 3)": 0.8181360017772021,
        "(2, 4)": 0.8669227218745811,
        "(2, 5)": 0.9151544058312782,
        "(2, 6)": 0.7746577254202339,
        "(2, 7)": 0.5789323850862828,
        "(2, 8)": 0.7673810266159413,
        "(2, 9)": 0.7917873878090926,
        "(3, 4)": 4.160227133581349,
        "(3, 5)": 0.9043231754797114,
        "(3, 6)": 0.8827344657037374,
        "(3, 7)": 0.7032862083072177,
        "(3, 8)": 0.7616635415796543,
        "(3, 9)": 0.46075801721956144,
        "(4, 5)": 0.868649871154875,
        "(4, 6)": 0.9149908075751272,
        "(4, 7)": 0.8515352407145114,
        "(4, 8)": 0.8324258814738102,
        "(4, 9)": 0.7276718645148347,
        "(5, 6)": 0.8725475322701687,
        "(5, 7)": 0.7198450164950937,
        "(5, 8)": 0.7694529452166806,
        "(5, 9)": 1.6055322682860622,
        "(6, 7)": 0.7807420615962499,
        "(6, 8)": 0.7757537061787108,
        "(6, 9)": 0.8278124487265311,
        "(7, 8)": 0.8100586123495992,
        "(7, 9)": 0.8631134975568412,
        "(8, 9)": 1.5646515720789573
    },
    "matching_probabilities": {
        "(0, 1)": 0.040007106493701525,
        "(0, 2)": 0.05663791891302049,
        "(0, 3)": 0.10239113733747769,
        "(0, 4)": 0.02329273179175158,
        "(0, 5)": 0.05229821465113806,
        "(0, 6)": 0.029379028729997914,
        "(0, 7)": 0.003302131286355101,
        "(0, 8)": 0.3627519982428362,
        "(0, 9)": 0.0688375661119364,
        "(1, 2)": 0.11908916781950647,
        "(1, 3)": 0.0013947839179802354,
        "(1, 4)": 0.17082364373694703,
        "(1, 5)": 0.04365224668232911,
        "(1, 6)": 0.016860186414938666,
        "(1, 7)": 0.23988236105171176,
        "(1, 8)": 0.0016531905903543155,
        "(1, 9)": 0.20763443646202123,
        "(2, 3)": 0.21911710026713294,
        "(2, 4)": 0.002881096230047015,
        "(2, 5)": 0.08903219123128851,
        "(2, 6)": 0.05947963658137786,
        "(2, 7)": 0.1368836464359328,
        "(2, 8)": 0.0029307674244457766,
        "(2, 9)": 0.007945907699317105,
        "(3, 4)": 0.0708165088096393,
        "(3, 5)": 0.02642212065038856,
        "(3, 6)": 0.009492986095265025,
        "(3, 7)": 0.008702196034687559,
        "(3, 8)": 0.12354220265335278,
        "(3, 9)": 0.11879237925774323,
        "(4, 5)": 0.11056465888925059,
        "(4, 6)": 0.41489480138842855,
        "(4, 7)": 0.00034096692138080835,
        "(4, 8)": 0.00797657689608967,
        "(4, 9)": 0.08763589002790527,
        "(5, 6)": 0.05934155239955803,
        "(5, 7)": 0.31703749036631595,
        "(5, 8)": 0.0015861641509697557,
        "(5, 9)": 0.1373976289010309,
        "(6, 7)": 0.001311363548425511,
        "(6, 8)": 0.20580600504552884,
        "(6, 9)": 0.04183074999553115,
        "(7, 8)": 0.0003255184438941355,
        "(7, 9)": 0.043719423377643986,
        "(8, 9)": 0.08097503725409531
    },
    "matching_counts": {
        "(0, 1)": 400.07106493701525,
        "(0, 2)": 566.3791891302048,
        "(0, 3)": 1023.911373374777,
        "(0, 4)": 232.9273179175158,
        "(0, 5)": 522.9821465113806,
        "(0, 6)": 293.7902872999791,
        "(0, 7)": 33.02131286355101,
        "(0, 8)": 3627.5199824283623,
        "(0, 9)": 688.3756611193639,
        "(1, 2)": 1190.8916781950647,
        "(1, 3)": 13.947839179802354,
        "(1, 4)": 1708.2364373694702,
        "(1, 5)": 436.5224668232911,
        "(1, 6)": 168.60186414938664,
        "(1, 7)": 2398.8236105171177,
        "(1, 8)": 16.531905903543155,
        "(1, 9)": 2076.344364620212,
        "(2, 3)": 2191.1710026713295,
        "(2, 4)": 28.81096230047015,
        "(2, 5)": 890.3219123128852,
        "(2, 6)": 594.7963658137786,
        "(2, 7)": 1368.836464359328,
        "(2, 8)": 29.30767424445777,
        "(2, 9)": 79.45907699317104,
        "(3, 4)": 708.165088096393,
        "(3, 5)": 264.2212065038856,
        "(3, 6)": 94.92986095265026,
        "(3, 7)": 87.02196034687559,
        "(3, 8)": 1235.4220265335277,
        "(3, 9)": 1187.9237925774323,
        "(4, 5)": 1105.6465888925059,
        "(4, 6)": 4148.9480138842855,
        "(4, 7)": 3.4096692138080837,
        "(4, 8)": 79.76576896089671,
        "(4, 9)": 876.3589002790527,
        "(5, 6)": 593.4155239955803,
        "(5, 7)": 3170.3749036631593,
        "(5, 8)": 15.861641509697558,
        "(5, 9)": 1373.976289010309,
        "(6, 7)": 13.11363548425511,
        "(6, 8)": 2058.0600504552885,
        "(6, 9)": 418.3074999553115,
        "(7, 8)": 3.255184438941355,
        "(7, 9)": 437.1942337764399,
        "(8, 9)": 809.7503725409532
    },
    "average_num_matching_probability_capped": 1.4252,
    "average_num_matching_probability_exceeds_one": 1.1674,
    "average_num_proposal_matching_probability_exceeds_one": 0.9652,
    "simulation_parameters": {
        "graph_file": "nonuniform_complete_10_order_0.json",
        "c_guarantee": 0.8,
        "experiment_name": "nonuniform_complete_10_order_0_si_c80_r20_sim10000",
        "average_edge_weight": 0.1111111111111111,
        "r": 0.2,
        "num_sim_instances": 10000,
        "rounding_scheme_class": "SimpleRecursiveRoundingScheme",
        "parallel": true
    }
}