{
    "min_scaled_matching_probability": 0.5215475973772342,
    "scaled_matching_probabilities": {
        "(0, 2)": 0.7856080578401126,
        "(0, 3)": 0.6100281032260321,
        "(0, 4)": 0.5226255619434015,
        "(0, 5)": 0.5508992109757683,
        "(0, 6)": 0.6510150950427781,
        "(0, 7)": 0.7085056265784242,
        "(0, 8)": 0.5613809903977381,
        "(0, 9)": 0.7758186184414793,
        "(0, 10)": 0.6785845743440155,
        "(0, 11)": 0.6116691067690289,
        "(0, 12)": 0.7888475752216895,
        "(0, 13)": 0.6288119609123264,
        "(0, 14)": 0.5215475973772342,
        "(0, 15)": 0.68781957190633,
        "(0, 16)": 0.6234309818759198,
        "(0, 19)": 0.8592101694774114,
        "(0, 20)": 0.6565332264965766
    },
    "matching_probabilities": {
        "(0, 2)": 2.368056478493542e-06,
        "(0, 3)": 0.00011815160327590068,
        "(0, 4)": 3.49836958850947e-06,
        "(0, 5)": 6.875919752286841e-07,
        "(0, 6)": 0.026719611268204317,
        "(0, 7)": 0.10738398350401326,
        "(0, 8)": 0.00010668565715097773,
        "(0, 9)": 0.015600745532960165,
        "(0, 10)": 0.23930466570625394,
        "(0, 11)": 0.010254840120583779,
        "(0, 12)": 1.4405309728875108e-05,
        "(0, 13)": 0.0048722181849626105,
        "(0, 14)": 1.3890877820737634e-05,
        "(0, 15)": 0.031760414888632946,
        "(0, 16)": 0.0030885068319129612,
        "(0, 19)": 0.0013653236356858394,
        "(0, 20)": 0.23435517757001753
    },
    "matching_counts": {
        "(0, 2)": 0.02368056478493542,
        "(0, 3)": 1.1815160327590069,
        "(0, 4)": 0.0349836958850947,
        "(0, 5)": 0.006875919752286841,
        "(0, 6)": 267.1961126820432,
        "(0, 7)": 1073.8398350401326,
        "(0, 8)": 1.0668565715097773,
        "(0, 9)": 156.00745532960164,
        "(0, 10)": 2393.0466570625395,
        "(0, 11)": 102.54840120583779,
        "(0, 12)": 0.14405309728875107,
        "(0, 13)": 48.722181849626104,
        "(0, 14)": 0.13890877820737635,
        "(0, 15)": 317.6041488863295,
        "(0, 16)": 30.885068319129612,
        "(0, 19)": 13.653236356858393,
        "(0, 20)": 2343.5517757001753
    },
    "average_num_matching_probability_capped": 0.0,
    "average_num_matching_probability_exceeds_one": 0.0,
    "average_num_proposal_matching_probability_exceeds_one": 0.0,
    "simulation_parameters": {
        "graph_file": "nonuniform_star_20_order_0.json",
        "c_guarantee": 0.6666666666666666,
        "experiment_name": "nonuniform_star_20_order_0_tr_c66_r80_sim10000",
        "average_edge_weight": 0.05,
        "r": 0.8,
        "num_sim_instances": 10000,
        "rounding_scheme_class": "SimpleRecursiveRoundingSchemeForTree",
        "parallel": true
    }
}