{
    "min_scaled_matching_probability": 0.1806347236899683,
    "scaled_matching_probabilities": {
        "(0, 1)": 0.9955101734649082,
        "(0, 2)": 1.1875317312373712,
        "(0, 3)": 1.0686300862834208,
        "(0, 4)": 1.2580690151814309,
        "(0, 5)": 0.334028349556252,
        "(0, 6)": 0.9763624344211659,
        "(0, 7)": 0.8917768301627428,
        "(0, 8)": 0.40519611509906617,
        "(0, 9)": 1.3019537331201059,
        "(1, 2)": 1.5654894573345428,
        "(1, 3)": 0.9806425738043123,
        "(1, 4)": 0.9882899329517273,
        "(1, 5)": 0.9770532803065762,
        "(1, 6)": 0.29545273827609747,
        "(1, 7)": 0.3056905007459773,
        "(1, 8)": 0.9461892313710434,
        "(1, 9)": 1.1654932017543724,
        "(2, 3)": 1.024029032199378,
        "(2, 4)": 1.4790293001355606,
        "(2, 5)": 1.1120601043899974,
        "(2, 6)": 1.0526193298855415,
        "(2, 7)": 0.4012464358285814,
        "(2, 8)": 1.036329934426682,
        "(2, 9)": 1.0266828935980314,
        "(3, 4)": 3.2954600354867694,
        "(3, 5)": 1.1636104379049053,
        "(3, 6)": 0.9775160800091142,
        "(3, 7)": 0.9091361674532175,
        "(3, 8)": 1.036715149052042,
        "(3, 9)": 0.20665394682269111,
        "(4, 5)": 1.0588461544675416,
        "(4, 6)": 0.7141098348255759,
        "(4, 7)": 1.0320628969953163,
        "(4, 8)": 1.022330930737693,
        "(4, 9)": 1.0672005327758085,
        "(5, 6)": 1.7598916164309244,
        "(5, 7)": 1.0355162248434227,
        "(5, 8)": 0.9822580747994182,
        "(5, 9)": 0.1806347236899683,
        "(6, 7)": 0.9683460247718514,
        "(6, 8)": 1.207664038117816,
        "(6, 9)": 1.02952821427311,
        "(7, 8)": 0.9010579062020232,
        "(7, 9)": 1.0822073662656373,
        "(8, 9)": 3.2590581949837025
    },
    "matching_probabilities": {
        "(0, 1)": 0.05339271584027719,
        "(0, 2)": 0.0759238702090491,
        "(0, 3)": 0.1353468823098182,
        "(0, 4)": 0.03680653162362212,
        "(0, 5)": 0.026126617072624033,
        "(0, 6)": 0.029081064154835433,
        "(0, 7)": 0.00399566774717402,
        "(0, 8)": 0.20275457245361103,
        "(0, 9)": 0.12689209078071675,
        "(1, 2)": 0.2078228626957411,
        "(1, 3)": 0.0018478804203345518,
        "(1, 4)": 0.23349154422814022,
        "(1, 5)": 0.04924286141930717,
        "(1, 6)": 0.0063221563537951015,
        "(1, 7)": 0.07732172893160973,
        "(1, 8)": 0.00199416404890189,
        "(1, 9)": 0.28612014145645565,
        "(2, 3)": 0.2742603572480249,
        "(2, 4)": 0.004915346700724861,
        "(2, 5)": 0.10818846223529047,
        "(2, 6)": 0.08082203681136897,
        "(2, 7)": 0.09487131255829119,
        "(2, 8)": 0.003957932119053845,
        "(2, 9)": 0.010303179407253598,
        "(3, 4)": 0.056096209928317764,
        "(3, 5)": 0.033997862947685385,
        "(3, 6)": 0.010512273980405438,
        "(3, 7)": 0.01124930513061682,
        "(3, 8)": 0.16815570924185277,
        "(3, 9)": 0.05327940721294606,
        "(4, 5)": 0.13477347752236693,
        "(4, 6)": 0.3238070324167209,
        "(4, 7)": 0.0004132527837187073,
        "(4, 8)": 0.00979630915348551,
        "(4, 9)": 0.12852643215829052,
        "(5, 6)": 0.11968941142067463,
        "(5, 7)": 0.4560668722226239,
        "(5, 8)": 0.00202484447545868,
        "(5, 9)": 0.015458289579373619,
        "(6, 7)": 0.001626470177041954,
        "(6, 8)": 0.32039100702010914,
        "(6, 9)": 0.05202378559401318,
        "(7, 8)": 0.00036208610465190077,
        "(7, 9)": 0.054817219475885394,
        "(8, 9)": 0.16866525650910386
    },
    "matching_counts": {
        "(0, 1)": 533.9271584027719,
        "(0, 2)": 759.2387020904911,
        "(0, 3)": 1353.468823098182,
        "(0, 4)": 368.06531623622124,
        "(0, 5)": 261.2661707262403,
        "(0, 6)": 290.81064154835434,
        "(0, 7)": 39.9566774717402,
        "(0, 8)": 2027.5457245361104,
        "(0, 9)": 1268.9209078071676,
        "(1, 2)": 2078.228626957411,
        "(1, 3)": 18.47880420334552,
        "(1, 4)": 2334.915442281402,
        "(1, 5)": 492.4286141930717,
        "(1, 6)": 63.22156353795101,
        "(1, 7)": 773.2172893160972,
        "(1, 8)": 19.9416404890189,
        "(1, 9)": 2861.2014145645567,
        "(2, 3)": 2742.603572480249,
        "(2, 4)": 49.15346700724861,
        "(2, 5)": 1081.8846223529047,
        "(2, 6)": 808.2203681136897,
        "(2, 7)": 948.713125582912,
        "(2, 8)": 39.57932119053845,
        "(2, 9)": 103.03179407253599,
        "(3, 4)": 560.9620992831776,
        "(3, 5)": 339.9786294768538,
        "(3, 6)": 105.12273980405439,
        "(3, 7)": 112.4930513061682,
        "(3, 8)": 1681.5570924185279,
        "(3, 9)": 532.7940721294606,
        "(4, 5)": 1347.7347752236694,
        "(4, 6)": 3238.0703241672086,
        "(4, 7)": 4.132527837187073,
        "(4, 8)": 97.96309153485511,
        "(4, 9)": 1285.2643215829053,
        "(5, 6)": 1196.8941142067463,
        "(5, 7)": 4560.668722226239,
        "(5, 8)": 20.2484447545868,
        "(5, 9)": 154.58289579373618,
        "(6, 7)": 16.264701770419542,
        "(6, 8)": 3203.9100702010915,
        "(6, 9)": 520.2378559401318,
        "(7, 8)": 3.6208610465190074,
        "(7, 9)": 548.172194758854,
        "(8, 9)": 1686.6525650910385
    },
    "average_num_matching_probability_capped": 1.2116,
    "average_num_matching_probability_exceeds_one": 1.1629,
    "average_num_proposal_matching_probability_exceeds_one": 0.7442,
    "simulation_parameters": {
        "graph_file": "nonuniform_complete_10_order_0.json",
        "c_guarantee": 1.0,
        "experiment_name": "nonuniform_complete_10_order_0_si_c100_r60_sim10000",
        "average_edge_weight": 0.1111111111111111,
        "r": 0.6,
        "num_sim_instances": 10000,
        "rounding_scheme_class": "SimpleRecursiveRoundingScheme",
        "parallel": true
    }
}