{
    "min_scaled_matching_probability": 0.5518276348912408,
    "scaled_matching_probabilities": {
        "(0, 10)": 0.7556628919347808,
        "(0, 11)": 0.7124484293938029,
        "(0, 12)": 0.6691828127203732,
        "(0, 13)": 0.5518276348912408,
        "(0, 14)": 0.6544527544463444,
        "(0, 15)": 0.7919287260750701,
        "(0, 16)": 0.7042896622349121,
        "(0, 17)": 0.7305580253544708,
        "(0, 18)": 0.7293752057227205,
        "(0, 19)": 0.7274115416066851,
        "(10, 1)": 0.6675580308244397,
        "(10, 2)": 0.646537518102801,
        "(10, 3)": 0.7113647295996991,
        "(10, 4)": 0.6740280492125814,
        "(10, 5)": 0.6165805910080067,
        "(10, 6)": 0.6930461509988637,
        "(10, 7)": 0.6075834572932858,
        "(10, 8)": 0.7487038391224757,
        "(10, 9)": 0.733374040367455,
        "(11, 1)": 0.7246723102179274,
        "(11, 2)": 0.785926790429011,
        "(11, 3)": 0.7349974305543784,
        "(11, 4)": 0.7617168253476797,
        "(11, 5)": 0.658837562109118,
        "(11, 6)": 0.752193669080855,
        "(11, 7)": 0.5590472528251668,
        "(11, 8)": 0.7045426335241215,
        "(11, 9)": 0.675908283361214,
        "(12, 1)": 0.7758287871458737,
        "(12, 2)": 0.7115339047526942,
        "(12, 3)": 0.6965967203843985,
        "(12, 4)": 0.7776700901032881,
        "(12, 5)": 0.5958900712950328,
        "(12, 6)": 0.7157186757438317,
        "(12, 7)": 0.7212187517368199,
        "(12, 8)": 0.7640650065854249,
        "(12, 9)": 0.7311959143336478,
        "(13, 1)": 0.7680140280869924,
        "(13, 2)": 0.6316687065999161,
        "(13, 3)": 0.8216117823448124,
        "(13, 4)": 0.7198012343493073,
        "(13, 5)": 0.6157451711284814,
        "(13, 6)": 0.706418021357793,
        "(13, 7)": 0.7097855080172208,
        "(13, 8)": 0.7168964949671275,
        "(13, 9)": 0.6420347732358236,
        "(14, 1)": 0.7209416367037005,
        "(14, 2)": 0.7014678626428792,
        "(14, 3)": 0.7347188103649516,
        "(14, 4)": 0.7470763620810328,
        "(14, 5)": 0.7276229356989193,
        "(14, 6)": 0.6873234662131162,
        "(14, 7)": 0.7419731722645491,
        "(14, 8)": 0.7710497923178903,
        "(14, 9)": 0.7491470310709399,
        "(15, 1)": 0.6091346008741401,
        "(15, 2)": 0.7251505220797796,
        "(15, 3)": 0.7396443077839238,
        "(15, 4)": 0.7366606057227044,
        "(15, 5)": 0.7012090836921964,
        "(15, 6)": 0.7872721906113541,
        "(15, 7)": 0.7250097307524502,
        "(15, 8)": 0.5681653116006435,
        "(15, 9)": 0.7244944220699513,
        "(16, 1)": 0.7225892435431847,
        "(16, 2)": 0.7167664367902159,
        "(16, 3)": 0.7455069280721232,
        "(16, 4)": 0.7419917697653922,
        "(16, 5)": 0.7107066837188204,
        "(16, 6)": 0.6772913671986716,
        "(16, 7)": 0.7326486717355893,
        "(16, 8)": 0.6501101429692908,
        "(16, 9)": 0.6391347608857364,
        "(17, 1)": 0.7436047709290224,
        "(17, 2)": 0.7205045212454968,
        "(17, 3)": 0.7688018529009858,
        "(17, 4)": 0.6230248419018398,
        "(17, 5)": 0.6259901472074505,
        "(17, 6)": 0.7828805623930478,
        "(17, 7)": 0.7192301413328102,
        "(17, 8)": 0.6741729316492765,
        "(17, 9)": 0.6275703381049029,
        "(18, 1)": 0.7063783155105783,
        "(18, 2)": 0.6751944541595332,
        "(18, 3)": 0.736059948725705,
        "(18, 4)": 0.6630866868807029,
        "(18, 5)": 0.6657899730026112,
        "(18, 6)": 0.7412391006052459,
        "(18, 7)": 0.6850868352948762,
        "(18, 8)": 0.6971973370307994,
        "(18, 9)": 0.7099332242444351,
        "(19, 1)": 0.7319131625181193,
        "(19, 2)": 0.6614781457761484,
        "(19, 3)": 0.634779586113297,
        "(19, 4)": 0.7647411542783507,
        "(19, 5)": 0.7186560686817934,
        "(19, 6)": 0.6689731382282654,
        "(19, 7)": 0.7095966207397544,
        "(19, 8)": 0.7016351411923609,
        "(19, 9)": 0.6615691585272008
    },
    "matching_probabilities": {
        "(0, 10)": 0.0009833378077992818,
        "(0, 11)": 0.1441923374854888,
        "(0, 12)": 0.0005231644923171786,
        "(0, 13)": 0.0036267989467223785,
        "(0, 14)": 0.025021025337958906,
        "(0, 15)": 0.00368131154446054,
        "(0, 16)": 0.08513990420659996,
        "(0, 17)": 0.10957318805290558,
        "(0, 18)": 0.34256314248715136,
        "(0, 19)": 0.003552727490331514,
        "(10, 1)": 0.005596268712848579,
        "(10, 2)": 0.004424298337484665,
        "(10, 3)": 0.0011315648614989475,
        "(10, 4)": 0.10334997841382654,
        "(10, 5)": 0.008586792274846284,
        "(10, 6)": 0.13333566938465463,
        "(10, 7)": 0.030751570731512527,
        "(10, 8)": 0.25189228910695677,
        "(10, 9)": 0.1376226178419155,
        "(11, 1)": 0.44842837552116327,
        "(11, 2)": 0.03508845641036301,
        "(11, 3)": 0.00012104896207629307,
        "(11, 4)": 0.0002446330897646599,
        "(11, 5)": 0.004700212101122015,
        "(11, 6)": 0.013061977973356662,
        "(11, 7)": 0.0008352221530859884,
        "(11, 8)": 0.012901872342784816,
        "(11, 9)": 0.060373853399338644,
        "(12, 1)": 0.0013597033310500273,
        "(12, 2)": 0.10794873599101396,
        "(12, 3)": 0.3307384928306187,
        "(12, 4)": 0.007673570236603705,
        "(12, 5)": 0.00011212016511552504,
        "(12, 6)": 0.029944130742926334,
        "(12, 7)": 0.03040027627746519,
        "(12, 8)": 0.11453170586453505,
        "(12, 9)": 0.07772206073921352,
        "(13, 1)": 0.07471451163161782,
        "(13, 2)": 0.0005793592699457181,
        "(13, 3)": 0.0010689518405938953,
        "(13, 4)": 0.08264437571816297,
        "(13, 5)": 0.0016939012054548285,
        "(13, 6)": 0.2734236390064384,
        "(13, 7)": 0.19041600090416966,
        "(13, 8)": 0.003166469753163808,
        "(13, 9)": 0.015718183179141917,
        "(14, 1)": 0.11807830402233048,
        "(14, 2)": 0.025902147322742236,
        "(14, 3)": 0.06732891549079696,
        "(14, 4)": 0.18632194602832464,
        "(14, 5)": 0.06971861409682494,
        "(14, 6)": 0.006186699837662865,
        "(14, 7)": 0.00983473822156256,
        "(14, 8)": 0.008024965789905457,
        "(14, 9)": 0.20662519780569097,
        "(15, 1)": 0.010511132711917667,
        "(15, 2)": 0.036705167115387516,
        "(15, 3)": 0.21487852394425236,
        "(15, 4)": 0.008843517795774225,
        "(15, 5)": 0.3592283259019263,
        "(15, 6)": 0.07486084391155748,
        "(15, 7)": 0.009365656213102687,
        "(15, 8)": 0.0003123545642850391,
        "(15, 9)": 0.001537549204803897,
        "(16, 1)": 0.012174527606271406,
        "(16, 2)": 0.0010241084531369873,
        "(16, 3)": 0.005011067229966667,
        "(16, 4)": 0.026102062547394486,
        "(16, 5)": 0.00014260844030827266,
        "(16, 6)": 0.08491424807672902,
        "(16, 7)": 0.37926451023098207,
        "(16, 8)": 0.02677611683275847,
        "(16, 9)": 0.07304479370671893,
        "(17, 1)": 0.006289436901994717,
        "(17, 2)": 0.4525989924205478,
        "(17, 3)": 0.07773338418411979,
        "(17, 4)": 0.01750877059784171,
        "(17, 5)": 0.00019168523346895988,
        "(17, 6)": 0.012586165471764634,
        "(17, 7)": 0.0031890329809310084,
        "(17, 8)": 0.036834613957736184,
        "(17, 9)": 0.0029386048315023735,
        "(18, 1)": 0.0004974635681682416,
        "(18, 2)": 0.04272630419127036,
        "(18, 3)": 0.004277273489855311,
        "(18, 4)": 0.007249846171025015,
        "(18, 5)": 0.0017895087018826984,
        "(18, 6)": 0.0021916727370567893,
        "(18, 7)": 0.000830527696086739,
        "(18, 8)": 0.2633948676746644,
        "(18, 9)": 0.042729995022997534,
        "(19, 1)": 0.048172948887320606,
        "(19, 2)": 0.009903806430138504,
        "(19, 3)": 0.015169510128606827,
        "(19, 4)": 0.22129729352715735,
        "(19, 5)": 0.26199836358239553,
        "(19, 6)": 0.07004711327462597,