{
    "min_scaled_matching_probability": 0.38158943953910945,
    "scaled_matching_probabilities": {
        "(0, 1)": 0.5025948225695716,
        "(0, 2)": 0.4577567014869845,
        "(0, 3)": 0.5076828433088098,
        "(0, 4)": 0.5488192167734754,
        "(0, 5)": 0.46419983387456487,
        "(0, 6)": 0.5602333619635165,
        "(0, 7)": 0.4631938771342509,
        "(0, 8)": 0.49377060076070145,
        "(0, 9)": 0.4661159560010659,
        "(1, 2)": 0.5056683442221985,
        "(1, 3)": 0.611165463933828,
        "(1, 4)": 0.4966968738007394,
        "(1, 5)": 0.5284668911029866,
        "(1, 6)": 0.5426103335538989,
        "(1, 7)": 0.5094096468065957,
        "(1, 8)": 0.5716237665020034,
        "(1, 9)": 0.48265093904151085,
        "(2, 3)": 0.48538544683655516,
        "(2, 4)": 0.5771361733999105,
        "(2, 5)": 0.4519394438321398,
        "(2, 6)": 0.5207887436211349,
        "(2, 7)": 0.49186787716731045,
        "(2, 8)": 0.4834665320773757,
        "(2, 9)": 0.4718808929467761,
        "(3, 4)": 0.5432327266307075,
        "(3, 5)": 0.48896466478850736,
        "(3, 6)": 0.38158943953910945,
        "(3, 7)": 0.45986240841083414,
        "(3, 8)": 0.48589654282845846,
        "(3, 9)": 0.49844615658800806,
        "(4, 5)": 0.525236443199722,
        "(4, 6)": 0.4728388387451364,
        "(4, 7)": 0.439106819760886,
        "(4, 8)": 0.4813688989305454,
        "(4, 9)": 0.4914083607813844,
        "(5, 6)": 0.5005925928838071,
        "(5, 7)": 0.4891135155022465,
        "(5, 8)": 0.5232881687884007,
        "(5, 9)": 0.49674520668797745,
        "(6, 7)": 0.4834363826085494,
        "(6, 8)": 0.49519061427907207,
        "(6, 9)": 0.5521001024449786,
        "(7, 8)": 0.5072173479502438,
        "(7, 9)": 0.5405446950495706,
        "(8, 9)": 0.49938391711460994
    },
    "matching_probabilities": {
        "(0, 1)": 0.026955929994016883,
        "(0, 2)": 0.029266300408501054,
        "(0, 3)": 0.06430035138071837,
        "(0, 4)": 0.016056457645856028,
        "(0, 5)": 0.03630820953050285,
        "(0, 6)": 0.01668661325606914,
        "(0, 7)": 0.002075372192856884,
        "(0, 8)": 0.2470760289074386,
        "(0, 9)": 0.045428978540953686,
        "(1, 2)": 0.06712880906256737,
        "(1, 3)": 0.0011516537467945664,
        "(1, 4)": 0.11734868099955549,
        "(1, 5)": 0.0266343938532308,
        "(1, 6)": 0.01161088364903535,
        "(1, 7)": 0.1288506987603702,
        "(1, 8)": 0.0012047395244653477,
        "(1, 9)": 0.11848731056069428,
        "(2, 3)": 0.1299982538253535,
        "(2, 4)": 0.0019180312286783043,
        "(2, 5)": 0.043967617630246696,
        "(2, 6)": 0.039987111971875745,
        "(2, 7)": 0.11629798284877159,
        "(2, 8)": 0.0018464464377893534,
        "(2, 9)": 0.004735516223365841,
        "(3, 4)": 0.009247054051592358,
        "(3, 5)": 0.0142863566002999,
        "(3, 6)": 0.004103638618842028,
        "(3, 7)": 0.005690162525164312,
        "(3, 8)": 0.07881265924607624,
        "(3, 9)": 0.12850911467646037,
        "(4, 5)": 0.06685384998834186,
        "(4, 6)": 0.214404750808156,
        "(4, 7)": 0.00017582466741547663,
        "(4, 8)": 0.004612634137356908,
        "(4, 9)": 0.05918190762115505,
        "(5, 6)": 0.034045069732942815,
        "(5, 7)": 0.21541764950196793,
        "(5, 8)": 0.001078715650019424,
        "(5, 9)": 0.04251027208549386,
        "(6, 7)": 0.0008119978176139107,
        "(6, 8)": 0.13137314233770409,
        "(6, 9)": 0.02789854319467044,
        "(7, 8)": 0.0002038230312026079,
        "(7, 9)": 0.027380295226880413,
        "(8, 9)": 0.0258444959977396
    },
    "matching_counts": {
        "(0, 1)": 269.55929994016884,
        "(0, 2)": 292.6630040850105,
        "(0, 3)": 643.0035138071836,
        "(0, 4)": 160.56457645856028,
        "(0, 5)": 363.08209530502853,
        "(0, 6)": 166.86613256069143,
        "(0, 7)": 20.75372192856884,
        "(0, 8)": 2470.760289074386,
        "(0, 9)": 454.2897854095369,
        "(1, 2)": 671.2880906256737,
        "(1, 3)": 11.516537467945664,
        "(1, 4)": 1173.486809995555,
        "(1, 5)": 266.343938532308,
        "(1, 6)": 116.10883649035351,
        "(1, 7)": 1288.506987603702,
        "(1, 8)": 12.047395244653478,
        "(1, 9)": 1184.8731056069428,
        "(2, 3)": 1299.9825382535348,
        "(2, 4)": 19.180312286783042,
        "(2, 5)": 439.67617630246696,
        "(2, 6)": 399.8711197187575,
        "(2, 7)": 1162.9798284877158,
        "(2, 8)": 18.464464377893535,
        "(2, 9)": 47.35516223365841,
        "(3, 4)": 92.47054051592357,
        "(3, 5)": 142.863566002999,
        "(3, 6)": 41.03638618842027,
        "(3, 7)": 56.90162525164312,
        "(3, 8)": 788.1265924607624,
        "(3, 9)": 1285.0911467646038,
        "(4, 5)": 668.5384998834186,
        "(4, 6)": 2144.04750808156,
        "(4, 7)": 1.7582466741547662,
        "(4, 8)": 46.126341373569076,
        "(4, 9)": 591.8190762115505,
        "(5, 6)": 340.4506973294281,
        "(5, 7)": 2154.1764950196794,
        "(5, 8)": 10.78715650019424,
        "(5, 9)": 425.1027208549386,
        "(6, 7)": 8.119978176139107,
        "(6, 8)": 1313.731423377041,
        "(6, 9)": 278.9854319467044,
        "(7, 8)": 2.038230312026079,
        "(7, 9)": 273.8029522688041,
        "(8, 9)": 258.444959977396
    },
    "average_num_matching_probability_capped": 0.0,
    "average_num_matching_probability_exceeds_one": 0.0,
    "average_num_proposal_matching_probability_exceeds_one": 0.0,
    "simulation_parameters": {
        "graph_file": "nonuniform_complete_10_order_0.json",
        "c_guarantee": 0.5,
        "experiment_name": "nonuniform_complete_10_order_0_mc_c50_r80_sim10000",
        "average_edge_weight": 0.1111111111111111,
        "r": 0.8,
        "num_sim_instances": 10000,
        "rounding_scheme_class": "SimulatedRecursiveRoundingScheme",
        "parallel": true
    }
}