{
    "min_scaled_matching_probability": 0.43039025629421274,
    "scaled_matching_probabilities": {
        "(0, 2)": 0.5820396617963819,
        "(0, 3)": 0.512481975968253,
        "(0, 4)": 0.4414999027998734,
        "(0, 5)": 0.46636954407001757,
        "(0, 6)": 0.48050524692382457,
        "(0, 7)": 0.5139562118492532,
        "(0, 8)": 0.4548431093268407,
        "(0, 9)": 0.4911069258001923,
        "(0, 10)": 0.5093531457299519,
        "(0, 11)": 0.4925146903205158,
        "(0, 12)": 0.6077780247802408,
        "(0, 13)": 0.46519389540273687,
        "(0, 14)": 0.4392224463751858,
        "(0, 15)": 0.5463841522964724,
        "(0, 16)": 0.43039025629421274,
        "(0, 19)": 0.5972070514506628,
        "(0, 20)": 0.4880788546364756
    },
    "matching_probabilities": {
        "(0, 2)": 1.7544407521054544e-06,
        "(0, 3)": 9.925865183987277e-05,
        "(0, 4)": 2.955327763803928e-06,
        "(0, 5)": 5.82088247005511e-07,
        "(0, 6)": 0.019721375906488738,
        "(0, 7)": 0.07789728592775871,
        "(0, 8)": 8.643904380294015e-05,
        "(0, 9)": 0.009875548223210209,
        "(0, 10)": 0.17962474962412173,
        "(0, 11)": 0.008257175898508946,
        "(0, 12)": 1.1098760988018275e-05,
        "(0, 13)": 0.003604457767352846,
        "(0, 14)": 1.1698233046043965e-05,
        "(0, 15)": 0.02522956320858114,
        "(0, 16)": 0.0021321738662292,
        "(0, 19)": 0.000948988887363577,
        "(0, 20)": 0.1742239418054776
    },
    "matching_counts": {
        "(0, 2)": 0.017544407521054545,
        "(0, 3)": 0.9925865183987277,
        "(0, 4)": 0.02955327763803928,
        "(0, 5)": 0.005820882470055111,
        "(0, 6)": 197.21375906488737,
        "(0, 7)": 778.9728592775871,
        "(0, 8)": 0.8643904380294015,
        "(0, 9)": 98.75548223210208,
        "(0, 10)": 1796.2474962412173,
        "(0, 11)": 82.57175898508946,
        "(0, 12)": 0.11098760988018275,
        "(0, 13)": 36.04457767352846,
        "(0, 14)": 0.11698233046043965,
        "(0, 15)": 252.29563208581138,
        "(0, 16)": 21.321738662292002,
        "(0, 19)": 9.48988887363577,
        "(0, 20)": 1742.239418054776
    },
    "average_num_matching_probability_capped": 0.0,
    "average_num_matching_probability_exceeds_one": 0.0,
    "average_num_proposal_matching_probability_exceeds_one": 0.0,
    "simulation_parameters": {
        "graph_file": "nonuniform_star_20_order_0.json",
        "c_guarantee": 0.5,
        "experiment_name": "nonuniform_star_20_order_0_tr_c50_r50_sim10000",
        "average_edge_weight": 0.05,
        "r": 0.5,
        "num_sim_instances": 10000,
        "rounding_scheme_class": "SimpleRecursiveRoundingSchemeForTree",
        "parallel": true
    }
}