{
    "min_scaled_matching_probability": 0.285011278888501,
    "scaled_matching_probabilities": {
        "(0, 1)": 0.8625156904768404,
        "(0, 2)": 0.9737782627675081,
        "(0, 3)": 0.9337810086570144,
        "(0, 4)": 1.0598459172847379,
        "(0, 5)": 0.6110614911236462,
        "(0, 6)": 0.889556703899652,
        "(0, 7)": 0.8515002061875876,
        "(0, 8)": 0.4978491962044246,
        "(0, 9)": 1.0845320888844057,
        "(1, 2)": 1.2287951436646847,
        "(1, 3)": 0.9629994742278846,
        "(1, 4)": 0.9040886852651207,
        "(1, 5)": 0.8462068983587608,
        "(1, 6)": 0.285011278888501,
        "(1, 7)": 0.5897971823178869,
        "(1, 8)": 0.8664668227716399,
        "(1, 9)": 1.0137071025090791,
        "(2, 3)": 0.9079266036704786,
        "(2, 4)": 1.233809893961404,
        "(2, 5)": 1.043438471179432,
        "(2, 6)": 0.9071885060889959,
        "(2, 7)": 0.5379441596907184,
        "(2, 8)": 0.9196895657285103,
        "(2, 9)": 0.842408568543948,
        "(3, 4)": 3.310857956991254,
        "(3, 5)": 0.9358114010241523,
        "(3, 6)": 0.9375311052059554,
        "(3, 7)": 0.8242663769779843,
        "(3, 8)": 0.8956611363693859,
        "(3, 9)": 0.37784006485139504,
        "(4, 5)": 0.9365128170769197,
        "(4, 6)": 0.8603739089950535,
        "(4, 7)": 0.972098860928521,
        "(4, 8)": 0.949725576527004,
        "(4, 9)": 0.9410620944463309,
        "(5, 6)": 1.2523691960003893,
        "(5, 7)": 0.9026465374508823,
        "(5, 8)": 0.9491809352330771,
        "(5, 9)": 0.7255823174959849,
        "(6, 7)": 0.7542482785091016,
        "(6, 8)": 1.1717991667549554,
        "(6, 9)": 0.9506459168158167,
        "(7, 8)": 0.7909703658690002,
        "(7, 9)": 0.9441021199311266,
        "(8, 9)": 2.4185695423130915
    },
    "matching_probabilities": {
        "(0, 1)": 0.046259753437902715,
        "(0, 2)": 0.06225771698556441,
        "(0, 3)": 0.11826763058992215,
        "(0, 4)": 0.03100724348185447,
        "(0, 5)": 0.047795253329914064,
        "(0, 6)": 0.026495545776304117,
        "(0, 7)": 0.0038152055486291056,
        "(0, 8)": 0.2491169020663561,
        "(0, 9)": 0.10570156279480093,
        "(1, 2)": 0.16312580274914407,
        "(1, 3)": 0.0018146345271496211,
        "(1, 4)": 0.21359831381794825,
        "(1, 5)": 0.042648287322537067,
        "(1, 6)": 0.006098727932737455,
        "(1, 7)": 0.1491840202574923,
        "(1, 8)": 0.0018261431542966604,
        "(1, 9)": 0.24885775320587228,
        "(2, 3)": 0.24316524907779138,
        "(2, 4)": 0.004100394353951626,
        "(2, 5)": 0.10151250205668343,
        "(2, 6)": 0.0696555922471501,
        "(2, 7)": 0.1271923285936142,
        "(2, 8)": 0.0035124613801388554,
        "(2, 9)": 0.008453911787210699,
        "(3, 4)": 0.05635831750294285,
        "(3, 5)": 0.02734212990920306,
        "(3, 6)": 0.010082272859373758,
        "(3, 7)": 0.0101991586249488,
        "(3, 8)": 0.1452766787137953,
        "(3, 9)": 0.0974145182615645,
        "(4, 5)": 0.11920248146454773,
        "(4, 6)": 0.3901292331431202,
        "(4, 7)": 0.0003892423237944566,
        "(4, 8)": 0.009100580916511405,
        "(4, 9)": 0.11333516965550833,
        "(5, 6)": 0.08517304733495983,
        "(5, 7)": 0.3975477864869306,
        "(5, 8)": 0.0019566586645875825,
        "(5, 9)": 0.06209360718915224,
        "(6, 7)": 0.0012668636000951424,
        "(6, 8)": 0.3108761238324783,
        "(6, 9)": 0.04803773093986383,
        "(7, 8)": 0.00031784791709977227,
        "(7, 9)": 0.04782175277044824,
        "(8, 9)": 0.1251676490058452
    },
    "matching_counts": {
        "(0, 1)": 462.59753437902714,
        "(0, 2)": 622.5771698556441,
        "(0, 3)": 1182.6763058992215,
        "(0, 4)": 310.0724348185447,
        "(0, 5)": 477.9525332991406,
        "(0, 6)": 264.9554577630412,
        "(0, 7)": 38.152055486291054,
        "(0, 8)": 2491.169020663561,
        "(0, 9)": 1057.0156279480093,
        "(1, 2)": 1631.2580274914408,
        "(1, 3)": 18.146345271496212,
        "(1, 4)": 2135.9831381794825,
        "(1, 5)": 426.48287322537067,
        "(1, 6)": 60.98727932737455,
        "(1, 7)": 1491.840202574923,
        "(1, 8)": 18.261431542966605,
        "(1, 9)": 2488.5775320587227,
        "(2, 3)": 2431.652490777914,
        "(2, 4)": 41.00394353951626,
        "(2, 5)": 1015.1250205668342,
        "(2, 6)": 696.5559224715009,
        "(2, 7)": 1271.923285936142,
        "(2, 8)": 35.124613801388556,
        "(2, 9)": 84.539117872107,
        "(3, 4)": 563.5831750294285,
        "(3, 5)": 273.4212990920306,
        "(3, 6)": 100.82272859373758,
        "(3, 7)": 101.991586249488,
        "(3, 8)": 1452.7667871379529,
        "(3, 9)": 974.145182615645,
        "(4, 5)": 1192.0248146454774,
        "(4, 6)": 3901.292331431202,
        "(4, 7)": 3.8924232379445662,
        "(4, 8)": 91.00580916511406,
        "(4, 9)": 1133.3516965550832,
        "(5, 6)": 851.7304733495982,
        "(5, 7)": 3975.4778648693064,
        "(5, 8)": 19.566586645875823,
        "(5, 9)": 620.9360718915224,
        "(6, 7)": 12.668636000951425,
        "(6, 8)": 3108.7612383247833,
        "(6, 9)": 480.3773093986383,
        "(7, 8)": 3.178479170997723,
        "(7, 9)": 478.2175277044824,
        "(8, 9)": 1251.6764900584521
    },
    "average_num_matching_probability_capped": 1.2896,
    "average_num_matching_probability_exceeds_one": 1.4155,
    "average_num_proposal_matching_probability_exceeds_one": 0.8594,
    "simulation_parameters": {
        "graph_file": "nonuniform_complete_10_order_0.json",
        "c_guarantee": 0.9,
        "experiment_name": "nonuniform_complete_10_order_0_si_c90_r70_sim10000",
        "average_edge_weight": 0.1111111111111111,
        "r": 0.7,
        "num_sim_instances": 10000,
        "rounding_scheme_class": "SimpleRecursiveRoundingScheme",
        "parallel": true
    }
}