{
    "min_scaled_matching_probability": 0.010253573533623765,
    "scaled_matching_probabilities": {
        "(0, 10)": 1.3173869328461985,
        "(0, 11)": 0.12471748098365365,
        "(0, 12)": 1.3526828179784622,
        "(0, 13)": 0.010253573533623765,
        "(0, 14)": 0.048038706163383335,
        "(0, 15)": 2.989724357852765,
        "(0, 16)": 0.07150242851792749,
        "(0, 17)": 0.6406604246024674,
        "(0, 18)": 0.12891760609439695,
        "(0, 19)": 0.770783676431982,
        "(10, 1)": 0.11366588961126661,
        "(10, 2)": 0.3355208289263957,
        "(10, 3)": 2.1262887648720725,
        "(10, 4)": 0.07633194168248163,
        "(10, 5)": 0.05109211122430271,
        "(10, 6)": 0.2858434864658312,
        "(10, 7)": 0.14542009041316228,
        "(10, 8)": 0.07118435806265429,
        "(10, 9)": 0.3263981627064643,
        "(11, 1)": 0.024870440890715884,
        "(11, 2)": 0.028062892385401668,
        "(11, 3)": 521.5655572673868,
        "(11, 4)": 0.21216431480328246,
        "(11, 5)": 0.04012273215992641,
        "(11, 6)": 0.43002892273659576,
        "(11, 7)": 0.18542722769643,
        "(11, 8)": 0.6040158307497551,
        "(11, 9)": 0.06076765851580323,
        "(12, 1)": 0.03017497371777802,
        "(12, 2)": 0.04921553043872067,
        "(12, 3)": 0.13669264970783915,
        "(12, 4)": 4.295575766961705,
        "(12, 5)": 257.85470888817366,
        "(12, 6)": 0.22163553427688631,
        "(12, 7)": 0.03773106179255071,
        "(12, 8)": 0.09325973251619063,
        "(12, 9)": 0.13100943194332812,
        "(13, 1)": 0.7205497180088567,
        "(13, 2)": 0.12161844308514203,
        "(13, 3)": 0.09309106882834763,
        "(13, 4)": 0.3089534594574121,
        "(13, 5)": 1.324625734716977,
        "(13, 6)": 0.1695228601346231,
        "(13, 7)": 0.0816757286890392,
        "(13, 8)": 0.12967640667244168,
        "(13, 9)": 0.1618825031684201,
        "(14, 1)": 0.5841520602062295,
        "(14, 2)": 0.11971960651573439,
        "(14, 3)": 0.11426479450069166,
        "(14, 4)": 0.015453490005838134,
        "(14, 5)": 0.01509222679225015,
        "(14, 6)": 0.9095328120729061,
        "(14, 7)": 0.08094990161440314,
        "(14, 8)": 0.3415209358851348,
        "(14, 9)": 0.16958731182638523,
        "(15, 1)": 0.1174058463288218,
        "(15, 2)": 0.05256708847888731,
        "(15, 3)": 0.015023871989839024,
        "(15, 4)": 0.03690444864131156,
        "(15, 5)": 0.16860887247618525,
        "(15, 6)": 0.1081202701730817,
        "(15, 7)": 0.5483478659503199,
        "(15, 8)": 0.2987249541491036,
        "(15, 9)": 0.140284330952384,
        "(16, 1)": 0.02088096182005548,
        "(16, 2)": 0.5337004650568171,
        "(16, 3)": 0.1693515002970226,
        "(16, 4)": 2.2713349287878777,
        "(16, 5)": 0.1565215400199405,
        "(16, 6)": 0.23431667623630129,
        "(16, 7)": 0.12372964825013825,
        "(16, 8)": 0.07855154629516274,
        "(16, 9)": 0.12495745792178693,
        "(17, 1)": 1.1124843294794924,
        "(17, 2)": 0.04328051812067048,
        "(17, 3)": 0.1626330212302524,
        "(17, 4)": 0.2188318429717346,
        "(17, 5)": 0.034506384051748634,
        "(17, 6)": 0.038126905905647615,
        "(17, 7)": 1.2746453680703702,
        "(17, 8)": 0.1615567280192605,
        "(17, 9)": 5.138258106346005,
        "(18, 1)": 0.19980337377883195,
        "(18, 2)": 0.24645065414929798,
        "(18, 3)": 0.10664408987407505,
        "(18, 4)": 0.1969852878600819,
        "(18, 5)": 0.30798186873365335,
        "(18, 6)": 0.20172186089602998,
        "(18, 7)": 0.25359325399364807,
        "(18, 8)": 0.2934340356925815,
        "(18, 9)": 0.1740875481276952,
        "(19, 1)": 0.10381675675397979,
        "(19, 2)": 0.03382576186146837,
        "(19, 3)": 0.18235180325907466,
        "(19, 4)": 0.054457612067802835,
        "(19, 5)": 0.1957116610945158,
        "(19, 6)": 0.057275583602788595,
        "(19, 7)": 1.0849208670208808,
        "(19, 8)": 0.3760051119959385,
        "(19, 9)": 0.5638698332466056
    },
    "matching_probabilities": {
        "(0, 10)": 0.0017143046090983731,
        "(0, 11)": 0.0252415534463826,
        "(0, 12)": 0.0010575221094771066,
        "(0, 13)": 6.738997349999771e-05,
        "(0, 14)": 0.0018366149060425748,
        "(0, 15)": 0.013897850186425672,
        "(0, 16)": 0.008643758727392883,
        "(0, 17)": 0.09608984193823546,
        "(0, 18)": 0.06054828834201714,
        "(0, 19)": 0.0037645599495304003,
        "(10, 1)": 0.0009528832436695234,
        "(10, 2)": 0.0022959908807248814,
        "(10, 3)": 0.003382278529725763,
        "(10, 4)": 0.011704119041315837,
        "(10, 5)": 0.0007115328512842089,
        "(10, 6)": 0.05499364299510778,
        "(10, 7)": 0.007360134879321909,
        "(10, 8)": 0.023949110401286534,
        "(10, 9)": 0.06125083127833127,
        "(11, 1)": 0.015389868289247814,
        "(11, 2)": 0.0012528947838466847,
        "(11, 3)": 0.08589821778606825,
        "(11, 4)": 6.81387231330206e-05,
        "(11, 5)": 0.0002862395256039297,
        "(11, 6)": 0.007467529371199639,
        "(11, 7)": 0.00027703012146955696,
        "(11, 8)": 0.011060984489148948,
        "(11, 9)": 0.005427922392679918,
        "(12, 1)": 5.288410659437853e-05,
        "(12, 2)": 0.007466621430827963,
        "(12, 3)": 0.06490056530907402,
        "(12, 4)": 0.042386100190706176,
        "(12, 5)": 0.0485168555897009,
        "(12, 6)": 0.009272754282634927,
        "(12, 7)": 0.0015904116469148838,
        "(12, 8)": 0.01397943389827966,
        "(12, 9)": 0.013925574291793663,
        "(13, 1)": 0.07009705333303333,
        "(13, 2)": 0.00011154703670063385,
        "(13, 3)": 0.00012111543615273166,
        "(13, 4)": 0.035472661846581016,
        "(13, 5)": 0.0036440157942308686,
        "(13, 6)": 0.06561491342434422,
        "(13, 7)": 0.02191135977310412,
        "(13, 8)": 0.000572769461574902,
        "(13, 9)": 0.003963179167812205,
        "(14, 1)": 0.0956744361106309,
        "(14, 2)": 0.004420722673891071,
        "(14, 3)": 0.010471114369167846,
        "(14, 4)": 0.003854123188687794,
        "(14, 5)": 0.0014460912156101142,
        "(14, 6)": 0.00818683891560273,
        "(14, 7)": 0.0010729782709111807,
        "(14, 8)": 0.0035544965504442573,
        "(14, 9)": 0.04677454544719948,
        "(15, 1)": 0.0020259371740602235,
        "(15, 2)": 0.0026608044931871987,
        "(15, 3)": 0.004364675565173294,
        "(15, 4)": 0.0004430332581480892,
        "(15, 5)": 0.08637806383355252,
        "(15, 6)": 0.010281037188443223,
        "(15, 7)": 0.007083542992380529,
        "(15, 8)": 0.00016422703214922184,
        "(15, 9)": 0.00029771666272602305,
        "(16, 1)": 0.00035181238635276164,
        "(16, 2)": 0.0007625456908326159,
        "(16, 3)": 0.0011383284601776367,
        "(16, 4)": 0.07990186521347614,
        "(16, 5)": 3.140717993546217e-05,
        "(16, 6)": 0.029377052976090123,
        "(16, 7)": 0.06405015972181537,
        "(16, 8)": 0.003235306207324421,
        "(16, 9)": 0.014281012854571899,
        "(17, 1)": 0.009409433973880497,
        "(17, 2)": 0.027187503083246127,
        "(17, 3)": 0.016443788568682713,
        "(17, 4)": 0.006149797376295769,
        "(17, 5)": 1.0566243434718244e-05,
        "(17, 6)": 0.0006129562665191834,
        "(17, 7)": 0.005651718252845587,
        "(17, 8)": 0.008826933609313544,
        "(17, 9)": 0.0240599486304763,
        "(18, 1)": 0.00014071057543750738,
        "(18, 2)": 0.015595397077761674,
        "(18, 3)": 0.0006197130264427858,
        "(18, 4)": 0.002153735044295361,
        "(18, 5)": 0.0008277929324099419,
        "(18, 6)": 0.0005964449293530186,
        "(18, 7)": 0.0003074299638115655,
        "(18, 8)": 0.11085673294686714,
        "(18, 9)": 0.010478112322435893,
        "(19, 1)": 0.006832995460213568,
        "(19, 2)": 0.0005064472650640121,
        "(19, 3)": 0.0043577134284443365,