{
    "min_scaled_matching_probability": 0.3063990049721909,
    "scaled_matching_probabilities": {
        "(0, 10)": 0.6952135466278874,
        "(0, 11)": 0.5924573557372431,
        "(0, 12)": 184.01396191645415,
        "(0, 13)": 0.6055418688354125,
        "(0, 14)": 1.5704494947822738,
        "(0, 15)": 0.5618942746327874,
        "(0, 16)": 0.6806281173721898,
        "(0, 17)": 1.2699977059684777,
        "(0, 18)": 0.5993867011441675,
        "(0, 19)": 0.6157444011775555,
        "(10, 1)": 0.5559234211148107,
        "(10, 2)": 28.367236891591126,
        "(10, 3)": 0.4713008761718503,
        "(10, 4)": 0.5839577824390533,
        "(10, 5)": 0.3063990049721909,
        "(10, 6)": 0.7348005741977013,
        "(10, 7)": 0.31292431929305037,
        "(10, 8)": 0.6285720715159425,
        "(10, 9)": 0.667358205970716,
        "(11, 1)": 0.6007669529005952,
        "(11, 2)": 0.5726697039582485,
        "(11, 3)": 0.6737634277544825,
        "(11, 4)": 0.7359805540391536,
        "(11, 5)": 0.5045007531170134,
        "(11, 6)": 0.675840039373526,
        "(11, 7)": 0.6968732952472129,
        "(11, 8)": 0.5579286817466239,
        "(11, 9)": 1.3205179854919578,
        "(12, 1)": 49.9485619571237,
        "(12, 2)": 0.936334071957175,
        "(12, 3)": 0.5908860801047544,
        "(12, 4)": 0.5736967406129581,
        "(12, 5)": 0.6246830155725106,
        "(12, 6)": 0.5311059338844182,
        "(12, 7)": 0.690438813614685,
        "(12, 8)": 0.6494628625485841,
        "(12, 9)": 0.5893873555824711,
        "(13, 1)": 0.5964665707308924,
        "(13, 2)": 0.5743687315946522,
        "(13, 3)": 0.7048428954843443,
        "(13, 4)": 0.6261568771358895,
        "(13, 5)": 0.6601560614873356,
        "(13, 6)": 0.695452150218265,
        "(13, 7)": 0.6210852962793088,
        "(13, 8)": 0.7014822955492611,
        "(13, 9)": 0.572883300104863,
        "(14, 1)": 0.6352157052755065,
        "(14, 2)": 0.9644363314368237,
        "(14, 3)": 0.9925414709484474,
        "(14, 4)": 0.613312917944395,
        "(14, 5)": 0.5920778134969829,
        "(14, 6)": 0.7709411958107093,
        "(14, 7)": 0.6578136299015998,
        "(14, 8)": 6.584156168228549,
        "(14, 9)": 0.7310009652372668,
        "(15, 1)": 0.7200228624316182,
        "(15, 2)": 0.6313087812144667,
        "(15, 3)": 0.622536402484275,
        "(15, 4)": 0.5990396786193105,
        "(15, 5)": 0.6247430572145636,
        "(15, 6)": 1.13685108349969,
        "(15, 7)": 0.7050593297303699,
        "(15, 8)": 144.33150842614305,
        "(15, 9)": 0.539216342318344,
        "(16, 1)": 0.8775687805547999,
        "(16, 2)": 0.6667391722885931,
        "(16, 3)": 12.699018946480278,
        "(16, 4)": 0.5631765247993138,
        "(16, 5)": 0.7683563109292763,
        "(16, 6)": 0.5835679686334657,
        "(16, 7)": 0.7085552610199186,
        "(16, 8)": 0.5769289057278779,
        "(16, 9)": 0.538234368675412,
        "(17, 1)": 0.6169992599921159,
        "(17, 2)": 0.6007066301727892,
        "(17, 3)": 1.8882593336046045,
        "(17, 4)": 1.9366128677058618,
        "(17, 5)": 0.572731900477312,
        "(17, 6)": 0.6084566661560743,
        "(17, 7)": 0.6099100437755145,
        "(17, 8)": 0.5456603441818312,
        "(17, 9)": 15.237470584373204,
        "(18, 1)": 73.3178999071519,
        "(18, 2)": 0.9249635237183114,
        "(18, 3)": 0.7082179860572776,
        "(18, 4)": 13.009796500995138,
        "(18, 5)": 2.1222986405350377,
        "(18, 6)": 0.6248483095877874,
        "(18, 7)": 0.5001733012337242,
        "(18, 8)": 0.8451904617940517,
        "(18, 9)": 0.5353151548344532,
        "(19, 1)": 0.9298966118078464,
        "(19, 2)": 0.737798663963799,
        "(19, 3)": 0.6057474754344465,
        "(19, 4)": 0.6017242559911659,
        "(19, 5)": 0.8772811626689504,
        "(19, 6)": 0.5669603549034717,
        "(19, 7)": 0.5872936619052158,
        "(19, 8)": 14.871485578032528,
        "(19, 9)": 0.692430465964792
    },
    "matching_probabilities": {
        "(0, 10)": 0.0009046755797986608,
        "(0, 11)": 0.11990736095370769,
        "(0, 12)": 0.143861392037159,
        "(0, 13)": 0.003979827165635548,
        "(0, 14)": 0.060041395400916735,
        "(0, 15)": 0.0026119874325355374,
        "(0, 16)": 0.08227951625684697,
        "(0, 17)": 0.19048137537784576,
        "(0, 18)": 0.28151188893992996,
        "(0, 19)": 0.0030073375743384177,
        "(10, 1)": 0.00466041408337539,
        "(10, 2)": 0.19411884926149742,
        "(10, 3)": 0.0007496963069420613,
        "(10, 4)": 0.08953933635279289,
        "(10, 5)": 0.00426705713297685,
        "(10, 6)": 0.14136883421640953,
        "(10, 7)": 0.01583801241268092,
        "(10, 8)": 0.21147541883640839,
        "(10, 9)": 0.12523429830970867,
        "(11, 1)": 0.3717555437919208,
        "(11, 2)": 0.025567388959862023,
        "(11, 3)": 0.00011096414793331923,
        "(11, 4)": 0.00023636762501487896,
        "(11, 5)": 0.003599158094803682,
        "(11, 6)": 0.011736083499076318,
        "(11, 7)": 0.001041135630562753,
        "(11, 8)": 0.010217017800991185,
        "(11, 9)": 0.11795203762087278,
        "(12, 1)": 0.0875389353933449,
        "(12, 2)": 0.14205377826405458,
        "(12, 3)": 0.2805479351964168,
        "(12, 4)": 0.005660886653130055,
        "(12, 5)": 0.00011753772419573762,
        "(12, 6)": 0.022220330503533135,
        "(12, 7)": 0.029102863224264877,
        "(12, 8)": 0.09735309025049169,
        "(12, 9)": 0.06264859930358238,
        "(13, 1)": 0.05802590435457078,
        "(13, 2)": 0.0005268043921433197,
        "(13, 3)": 0.0009170305570682736,
        "(13, 4)": 0.07189254719646322,
        "(13, 5)": 0.0018160745723629524,
        "(13, 6)": 0.2691792280469298,
        "(13, 7)": 0.16662016482734104,
        "(13, 8)": 0.003098386568814934,
        "(13, 9)": 0.014025228892099412,
        "(14, 1)": 0.10403781575193816,
        "(14, 2)": 0.03561242541627257,
        "(14, 3)": 0.09095553275055658,
        "(14, 4)": 0.15296114586920231,
        "(14, 5)": 0.05673109322047081,
        "(14, 6)": 0.006939355347851372,
        "(14, 7)": 0.008719216665089086,
        "(14, 8)": 0.06852686886354167,
        "(14, 9)": 0.2016202598071811,
        "(15, 1)": 0.012424603448519804,
        "(15, 2)": 0.03195515084155072,
        "(15, 3)": 0.18085680084279762,
        "(15, 4)": 0.007191395898043837,
        "(15, 5)": 0.32005489914696134,
        "(15, 6)": 0.10810191510317002,
        "(15, 7)": 0.00910793746897988,
        "(15, 8)": 0.07934769072762114,
        "(15, 9)": 0.0011443451227410378,
        "(16, 1)": 0.014785696632955524,
        "(16, 2)": 0.0009526300163216949,
        "(16, 3)": 0.08535888172091782,
        "(16, 4)": 0.019811633328741526,
        "(16, 5)": 0.00015417625528620115,
        "(16, 6)": 0.07316383709884103,
        "(16, 7)": 0.36679226266213566,
        "(16, 8)": 0.02376199779534107,
        "(16, 9)": 0.061513190694364825,
        "(17, 1)": 0.005218602765888185,
        "(17, 2)": 0.3773456065016279,
        "(17, 3)": 0.1909214808269208,
        "(17, 4)": 0.05442433135408205,
        "(17, 5)": 0.0001753769584838731,
        "(17, 6)": 0.009781998238952075,
        "(17, 7)": 0.0027043127550200486,
        "(17, 8)": 0.0298131046003481,
        "(17, 9)": 0.07134961925435936,
        "(18, 1)": 0.05163378220642388,
        "(18, 2)": 0.058531690591878204,
        "(18, 3)": 0.004115482743010064,
        "(18, 4)": 0.14224237224886907,
        "(18, 5)": 0.0057043092254805946,
        "(18, 6)": 0.001847532063272651,
        "(18, 7)": 0.000606357848547685,
        "(18, 8)": 0.31930533583535237,
        "(18, 9)": 0.032219951286482765,
        "(19, 1)": 0.06120379335301683,
        "(19, 2)": 0.011046495185020136,
        "(19, 3)": 0.01447572143937974,
        "(19, 4)": 0.17412420994413988,
        "(19, 5)": 0.31982785512759326,
        "(19, 6)": 0.05936551698820907,
        "(19, 7)": 0.04560907355010393,