{
    "min_scaled_matching_probability": 0.0,
    "scaled_matching_probabilities": {
        "(0, 1)": 0.7886858661308171,
        "(0, 2)": 0.7961312424347136,
        "(0, 3)": 0.7713894671832907,
        "(0, 4)": 0.7861536002648588,
        "(0, 5)": 0.6469201290226133,
        "(0, 6)": 0.7016928531485453,
        "(0, 7)": 0.42405327082252453,
        "(0, 8)": 0.8003816739289807,
        "(0, 9)": 0.8844397716552401,
        "(1, 2)": 0.879831825261551,
        "(1, 3)": 0.8490961324233487,
        "(1, 4)": 0.7563760460889062,
        "(1, 5)": 0.718263068547646,
        "(1, 6)": 1.2617884606200882,
        "(1, 7)": 1.0306742314953197,
        "(1, 8)": 0.3795833073581178,
        "(1, 9)": 0.7853592136310368,
        "(2, 3)": 0.7336886265527786,
        "(2, 4)": 0.6318906314027948,
        "(2, 5)": 0.8110064643080767,
        "(2, 6)": 0.7462703240603954,
        "(2, 7)": 0.6771230695968875,
        "(2, 8)": 0.6807741387321952,
        "(2, 9)": 0.8470011295192493,
        "(3, 4)": 6.808727694811849,
        "(3, 5)": 0.7290135372776971,
        "(3, 6)": 0.9205819036041707,
        "(3, 7)": 0.6465367642869637,
        "(3, 8)": 0.7533885812461497,
        "(3, 9)": 0.50733177522741,
        "(4, 5)": 0.7715070819587357,
        "(4, 6)": 0.864940687446689,
        "(4, 7)": 1.7481891383663957,
        "(4, 8)": 0.7618191379484824,
        "(4, 9)": 0.7597569395587374,
        "(5, 6)": 0.8557623507419742,
        "(5, 7)": 0.7615377545838222,
        "(5, 8)": 0.3880823783572459,
        "(5, 9)": 1.997017465619665,
        "(6, 7)": 0.5358299430240251,
        "(6, 8)": 0.7847774975792254,
        "(6, 9)": 0.7559614767780106,
        "(7, 8)": 0.0,
        "(7, 9)": 0.7502000340638401,
        "(8, 9)": 1.1516294015806652
    },
    "matching_probabilities": {
        "(0, 1)": 0.0423,
        "(0, 2)": 0.0509,
        "(0, 3)": 0.0977,
        "(0, 4)": 0.023,
        "(0, 5)": 0.0506,
        "(0, 6)": 0.0209,
        "(0, 7)": 0.0019,
        "(0, 8)": 0.4005,
        "(0, 9)": 0.0862,
        "(1, 2)": 0.1168,
        "(1, 3)": 0.0016,
        "(1, 4)": 0.1787,
        "(1, 5)": 0.0362,
        "(1, 6)": 0.027,
        "(1, 7)": 0.2607,
        "(1, 8)": 0.0008,
        "(1, 9)": 0.1928,
        "(2, 3)": 0.1965,
        "(2, 4)": 0.0021,
        "(2, 5)": 0.0789,
        "(2, 6)": 0.0573,
        "(2, 7)": 0.1601,
        "(2, 8)": 0.0026,
        "(2, 9)": 0.0085,
        "(3, 4)": 0.1159,
        "(3, 5)": 0.0213,
        "(3, 6)": 0.0099,
        "(3, 7)": 0.008,
        "(3, 8)": 0.1222,
        "(3, 9)": 0.1308,
        "(4, 5)": 0.0982,
        "(4, 6)": 0.3922,
        "(4, 7)": 0.0007,
        "(4, 8)": 0.0073,
        "(4, 9)": 0.0915,
        "(5, 6)": 0.0582,
        "(5, 7)": 0.3354,
        "(5, 8)": 0.0008,
        "(5, 9)": 0.1709,
        "(6, 7)": 0.0009,
        "(6, 8)": 0.2082,
        "(6, 9)": 0.0382,
        "(7, 8)": 0.0,
        "(7, 9)": 0.038,
        "(8, 9)": 0.0596
    },
    "matching_counts": {
        "(0, 1)": 423.0,
        "(0, 2)": 509.0,
        "(0, 3)": 977.0,
        "(0, 4)": 230.0,
        "(0, 5)": 506.0,
        "(0, 6)": 209.0,
        "(0, 7)": 19.0,
        "(0, 8)": 4005.0,
        "(0, 9)": 862.0,
        "(1, 2)": 1168.0,
        "(1, 3)": 16.0,
        "(1, 4)": 1787.0,
        "(1, 5)": 362.0,
        "(1, 6)": 270.0,
        "(1, 7)": 2607.0,
        "(1, 8)": 8.0,
        "(1, 9)": 1928.0,
        "(2, 3)": 1965.0,
        "(2, 4)": 21.0,
        "(2, 5)": 789.0,
        "(2, 6)": 573.0,
        "(2, 7)": 1601.0,
        "(2, 8)": 26.0,
        "(2, 9)": 85.0,
        "(3, 4)": 1159.0,
        "(3, 5)": 213.0,
        "(3, 6)": 99.0,
        "(3, 7)": 80.0,
        "(3, 8)": 1222.0,
        "(3, 9)": 1308.0,
        "(4, 5)": 982.0,
        "(4, 6)": 3922.0,
        "(4, 7)": 7.0,
        "(4, 8)": 73.0,
        "(4, 9)": 915.0,
        "(5, 6)": 582.0,
        "(5, 7)": 3354.0,
        "(5, 8)": 8.0,
        "(5, 9)": 1709.0,
        "(6, 7)": 9.0,
        "(6, 8)": 2082.0,
        "(6, 9)": 382.0,
        "(7, 8)": 0,
        "(7, 9)": 380.0,
        "(8, 9)": 596.0
    },
    "average_num_matching_probability_capped": 1.3106,
    "average_num_matching_probability_exceeds_one": 1.3165,
    "average_num_proposal_matching_probability_exceeds_one": 0.916,
    "simulation_parameters": {
        "graph_file": "nonuniform_complete_10_order_0.json",
        "c_guarantee": 0.75,
        "experiment_name": "nonuniform_complete_10_order_0_si_c75_r100_sim10000",
        "average_edge_weight": 0.1111111111111111,
        "r": 1.0,
        "num_sim_instances": 10000,
        "rounding_scheme_class": "SimpleRecursiveRoundingScheme",
        "parallel": true
    }
}