{
    "min_scaled_matching_probability": 0.6022303405963005,
    "scaled_matching_probabilities": {
        "(0, 2)": 0.6022303405963005,
        "(0, 3)": 0.6580711107349463,
        "(0, 4)": 0.6890760642585037,
        "(0, 5)": 0.6708856172867833,
        "(0, 6)": 0.6798300688911563,
        "(0, 7)": 0.6554391532363688,
        "(0, 8)": 0.7074474791548336,
        "(0, 9)": 0.6923936419658776,
        "(0, 10)": 0.7115855206915287,
        "(0, 11)": 0.6463521756958645,
        "(0, 12)": 0.7074354068740945,
        "(0, 13)": 0.7017515339473195,
        "(0, 14)": 0.6800327359314763,
        "(0, 15)": 0.6641432307533669,
        "(0, 16)": 0.6170218541508135,
        "(0, 19)": 0.6993118135695535,
        "(0, 20)": 0.6871148385988689
    },
    "matching_probabilities": {
        "(0, 2)": 1.8153014666311963e-06,
        "(0, 3)": 0.00012745668009671578,
        "(0, 4)": 4.612561885430339e-06,
        "(0, 5)": 8.373502040884656e-07,
        "(0, 6)": 0.02790226418331306,
        "(0, 7)": 0.09934101378830464,
        "(0, 8)": 0.00013444434440140627,
        "(0, 9)": 0.013923173226557438,
        "(0, 10)": 0.25094253773026204,
        "(0, 11)": 0.010836313539463162,
        "(0, 12)": 1.2918625180954876e-05,
        "(0, 13)": 0.00543737523704682,
        "(0, 14)": 1.811196465371429e-05,
        "(0, 15)": 0.030667147920409293,
        "(0, 16)": 0.0030567557073441576,
        "(0, 19)": 0.0011112379505023328,
        "(0, 20)": 0.24527154683415175
    },
    "matching_counts": {
        "(0, 2)": 0.018153014666311963,
        "(0, 3)": 1.2745668009671578,
        "(0, 4)": 0.046125618854303385,
        "(0, 5)": 0.008373502040884656,
        "(0, 6)": 279.0226418331306,
        "(0, 7)": 993.4101378830463,
        "(0, 8)": 1.3444434440140627,
        "(0, 9)": 139.23173226557438,
        "(0, 10)": 2509.4253773026203,
        "(0, 11)": 108.36313539463163,
        "(0, 12)": 0.12918625180954876,
        "(0, 13)": 54.373752370468196,
        "(0, 14)": 0.18111964653714288,
        "(0, 15)": 306.6714792040929,
        "(0, 16)": 30.567557073441577,
        "(0, 19)": 11.112379505023329,
        "(0, 20)": 2452.7154683415174
    },
    "average_num_matching_probability_capped": 0.0,
    "average_num_matching_probability_exceeds_one": 0.0,
    "average_num_proposal_matching_probability_exceeds_one": 0.0,
    "simulation_parameters": {
        "graph_file": "nonuniform_star_20_order_0.json",
        "c_guarantee": 0.6666666666666666,
        "experiment_name": "nonuniform_star_20_order_0_mc_c66_r20_sim10000",
        "average_edge_weight": 0.05,
        "r": 0.2,
        "num_sim_instances": 10000,
        "rounding_scheme_class": "SimulatedRecursiveRoundingScheme",
        "parallel": true
    }
}