{
    "min_scaled_matching_probability": 0.24812031128079765,
    "scaled_matching_probabilities": {
        "(0, 10)": 0.2611527761645259,
        "(0, 11)": 0.4696729264241371,
        "(0, 12)": 0.3755000767790714,
        "(0, 13)": 0.2521025772040216,
        "(0, 14)": 0.507590178134422,
        "(0, 15)": 0.32100382018912127,
        "(0, 16)": 0.5655001474053991,
        "(0, 17)": 0.45402198203825767,
        "(0, 18)": 0.45390725911669305,
        "(0, 19)": 0.4926948549599094,
        "(10, 1)": 0.5728421167917381,
        "(10, 2)": 0.7219522109340735,
        "(10, 3)": 0.5924977076894757,
        "(10, 4)": 0.3834755839017223,
        "(10, 5)": 0.31311374754023924,
        "(10, 6)": 0.3975052720958401,
        "(10, 7)": 0.4993616059178476,
        "(10, 8)": 0.5197928274554942,
        "(10, 9)": 0.8660004577297874,
        "(11, 1)": 0.4704630553644758,
        "(11, 2)": 0.6638858644672939,
        "(11, 3)": 0.6322805370796325,
        "(11, 4)": 0.3423610018180815,
        "(11, 5)": 0.5832482371057066,
        "(11, 6)": 0.39244200406917235,
        "(11, 7)": 0.5219990509093076,
        "(11, 8)": 0.5784294641895389,
        "(11, 9)": 0.3936802331969366,
        "(12, 1)": 0.32780057472682506,
        "(12, 2)": 0.4444491668646764,
        "(12, 3)": 0.3540669633601294,
        "(12, 4)": 0.3789220467747786,
        "(12, 5)": 0.3213195176535657,
        "(12, 6)": 0.3514455710732621,
        "(12, 7)": 0.4686957788600633,
        "(12, 8)": 0.5010769814990947,
        "(12, 9)": 0.3448791873995159,
        "(13, 1)": 0.3545055729327265,
        "(13, 2)": 0.330903112849721,
        "(13, 3)": 0.35917224345253607,
        "(13, 4)": 0.5119889085195876,
        "(13, 5)": 0.3112560527481056,
        "(13, 6)": 0.47377224409920865,
        "(13, 7)": 0.6402091542140166,
        "(13, 8)": 0.4790531207387811,
        "(13, 9)": 0.44998872973546206,
        "(14, 1)": 0.4693001132635609,
        "(14, 2)": 0.5089273261719918,
        "(14, 3)": 0.38193632381782233,
        "(14, 4)": 0.47884445646287754,
        "(14, 5)": 0.6606690603685065,
        "(14, 6)": 0.3426767423303443,
        "(14, 7)": 0.5110512947920759,
        "(14, 8)": 0.5500545429109643,
        "(14, 9)": 0.3930854517356744,
        "(15, 1)": 0.41600885386913455,
        "(15, 2)": 0.5839003576352628,
        "(15, 3)": 0.566846808803218,
        "(15, 4)": 0.4479847955595547,
        "(15, 5)": 0.454752370369682,
        "(15, 6)": 0.6848982627342248,
        "(15, 7)": 0.4195419058278191,
        "(15, 8)": 0.43940693552460025,
        "(15, 9)": 0.4967167815134236,
        "(16, 1)": 0.39608443851335196,
        "(16, 2)": 0.41640431999045985,
        "(16, 3)": 0.4265064496944363,
        "(16, 4)": 0.3109801379077104,
        "(16, 5)": 0.5097269500952473,
        "(16, 6)": 0.5826180547910986,
        "(16, 7)": 0.5153518933187021,
        "(16, 8)": 0.42876240582407515,
        "(16, 9)": 0.544903923285759,
        "(17, 1)": 0.45025100852537675,
        "(17, 2)": 0.5140553433261749,
        "(17, 3)": 0.652006927282525,
        "(17, 4)": 0.43322981190954074,
        "(17, 5)": 0.4178156796867713,
        "(17, 6)": 0.33270005741301023,
        "(17, 7)": 0.4855518108129749,
        "(17, 8)": 0.4082717154897018,
        "(17, 9)": 0.676948068485855,
        "(18, 1)": 0.6801539753208626,
        "(18, 2)": 0.4791056687808512,
        "(18, 3)": 0.5601131162918539,
        "(18, 4)": 0.6223643343979395,
        "(18, 5)": 0.4714336912053914,
        "(18, 6)": 0.24812031128079765,
        "(18, 7)": 0.6150500014929328,
        "(18, 8)": 0.5353721934922762,
        "(18, 9)": 0.6381742121741658,
        "(19, 1)": 0.4288441996556677,
        "(19, 2)": 0.6488854403769639,
        "(19, 3)": 0.34685805863004576,
        "(19, 4)": 0.6825327639812678,
        "(19, 5)": 0.40491300112240713,
        "(19, 6)": 0.5621616212549572,
        "(19, 7)": 0.5248160855373819,
        "(19, 8)": 0.35991132199444337,
        "(19, 9)": 0.5696827055154102
    },
    "matching_probabilities": {
        "(0, 10)": 0.00033983592572186974,
        "(0, 11)": 0.09505703756322352,
        "(0, 12)": 0.0002935644838733671,
        "(0, 13)": 0.001656903901976106,
        "(0, 14)": 0.01940617809630091,
        "(0, 15)": 0.0014921987676023863,
        "(0, 16)": 0.06836196945746846,
        "(0, 17)": 0.06809676205239497,
        "(0, 18)": 0.21318506011822932,
        "(0, 19)": 0.002406355213576503,
        "(10, 1)": 0.004802246797397364,
        "(10, 2)": 0.004940365991368694,
        "(10, 3)": 0.0009424835933563399,
        "(10, 4)": 0.05879902678348768,
        "(10, 5)": 0.004360569806667466,
        "(10, 6)": 0.07647633777698452,
        "(10, 7)": 0.02527414721492627,
        "(10, 8)": 0.1748779668641762,
        "(10, 9)": 0.1625108655132584,
        "(11, 1)": 0.29112328522166275,
        "(11, 2)": 0.02963982205531001,
        "(11, 3)": 0.00010413220451233687,
        "(11, 4)": 0.00010995271064342486,
        "(11, 5)": 0.004160950406692643,
        "(11, 6)": 0.0068148257871344315,
        "(11, 7)": 0.0007798717711357073,
        "(11, 8)": 0.010592436498767744,
        "(11, 9)": 0.035164523457315564,
        "(12, 1)": 0.0005744972869798571,
        "(12, 2)": 0.06742858696519394,
        "(12, 3)": 0.16810813257665436,
        "(12, 4)": 0.003738969747104079,
        "(12, 5)": 6.0458126606914917e-05,
        "(12, 6)": 0.014703727156907103,
        "(12, 7)": 0.019756115787498366,
        "(12, 8)": 0.07511036491124409,
        "(12, 9)": 0.036658740325680575,
        "(13, 1)": 0.03448727468992976,
        "(13, 2)": 0.0003035005278562986,
        "(13, 3)": 0.00046729835060677945,
        "(13, 4)": 0.05878428891202926,
        "(13, 5)": 0.0008562584453384442,
        "(13, 6)": 0.18337659448843732,
        "(13, 7)": 0.1717505718427773,
        "(13, 8)": 0.002115936160418299,
        "(13, 9)": 0.011016545485353978,
        "(14, 1)": 0.07686358871574443,
        "(14, 2)": 0.018792465458659795,
        "(14, 3)": 0.03500027235783227,
        "(14, 4)": 0.11942451334494426,
        "(14, 5)": 0.06330329763629557,
        "(14, 6)": 0.003084483871657347,
        "(14, 7)": 0.0067739048929907055,
        "(14, 8)": 0.005724881756563249,
        "(14, 9)": 0.10841844905039998,
        "(15, 1)": 0.007178584611801969,
        "(15, 2)": 0.029555464076986396,
        "(15, 3)": 0.16467808147281562,
        "(15, 4)": 0.005378001050945971,
        "(15, 5)": 0.23296893395571347,
        "(15, 6)": 0.06512622007139425,
        "(15, 7)": 0.005419631061910374,
        "(15, 8)": 0.00024156835886891077,
        "(15, 9)": 0.0010541509626073784,
        "(16, 1)": 0.006673419199336757,
        "(16, 2)": 0.0005949541749396964,
        "(16, 3)": 0.002866844576428203,
        "(16, 4)": 0.010939774996737468,
        "(16, 5)": 0.00010228040203000976,
        "(16, 6)": 0.07304474327368879,
        "(16, 7)": 0.2667781857204621,
        "(16, 8)": 0.01765945724120527,
        "(16, 9)": 0.062275434074701944,
        "(17, 1)": 0.0038082398323532837,
        "(17, 2)": 0.32291390765409395,
        "(17, 3)": 0.0659242752575512,
        "(17, 4)": 0.012174990277619396,
        "(17, 5)": 0.00012793986688932617,
        "(17, 6)": 0.005348731564194123,
        "(17, 7)": 0.002152914136445845,
        "(17, 8)": 0.022306637249787018,
        "(17, 9)": 0.0031698165830078002,
        "(18, 1)": 0.0004789952013495288,
        "(18, 2)": 0.030317806104574397,
        "(18, 3)": 0.0032548394839075497,
        "(18, 4)": 0.006804609074483203,
        "(18, 5)": 0.0012671183511041254,
        "(18, 6)": 0.0007336344255182155,
        "(18, 7)": 0.0007456223567603726,
        "(18, 8)": 0.20225878753659593,
        "(18, 9)": 0.038410909616223995,
        "(19, 1)": 0.0282256021186461,
        "(19, 2)": 0.009715265482109228,
        "(19, 3)": 0.00828896667234391,
        "(19, 4)": 0.19750820596963464,
        "(19, 5)": 0.14761796123408283,