{
    "min_scaled_matching_probability": 0.023616842495694044,
    "scaled_matching_probabilities": {
        "(0, 10)": 0.1156286098005754,
        "(0, 11)": 0.11703744451426566,
        "(0, 12)": 0.10690877760035004,
        "(0, 13)": 0.09702667125674211,
        "(0, 14)": 0.24357553282637617,
        "(0, 15)": 1.1703943555446612,
        "(0, 16)": 0.27834302370689545,
        "(0, 17)": 0.4922807688568056,
        "(0, 18)": 0.2313499865564618,
        "(0, 19)": 0.023616842495694044,
        "(10, 1)": 0.1300281066679819,
        "(10, 2)": 0.4239308982497363,
        "(10, 3)": 0.1716513324297386,
        "(10, 4)": 0.03115691780816885,
        "(10, 5)": 0.10851695296936516,
        "(10, 6)": 0.07215098864070661,
        "(10, 7)": 0.1608210652966205,
        "(10, 8)": 0.13178746203325403,
        "(10, 9)": 0.11250503810534754,
        "(11, 1)": 0.10770561272729721,
        "(11, 2)": 0.6447101901314922,
        "(11, 3)": 0.40807623326247516,
        "(11, 4)": 0.2496233010849552,
        "(11, 5)": 0.740689893857158,
        "(11, 6)": 0.5050993535908317,
        "(11, 7)": 0.1346826215069377,
        "(11, 8)": 3.177562119836498,
        "(11, 9)": 0.0918567429159135,
        "(12, 1)": 0.11687242496084627,
        "(12, 2)": 0.30901844961213093,
        "(12, 3)": 0.20453510658879134,
        "(12, 4)": 0.9333402187774777,
        "(12, 5)": 0.17502818804303785,
        "(12, 6)": 0.07099239216740355,
        "(12, 7)": 0.11116672290295555,
        "(12, 8)": 0.2515715589987521,
        "(12, 9)": 0.2681853156584548,
        "(13, 1)": 0.155100352222172,
        "(13, 2)": 0.11360613839391459,
        "(13, 3)": 0.20913245160504762,
        "(13, 4)": 0.08591883521053885,
        "(13, 5)": 0.1450880656465297,
        "(13, 6)": 0.3107417363389518,
        "(13, 7)": 0.08568925130758998,
        "(13, 8)": 1.682914848427049,
        "(13, 9)": 0.5494513890394472,
        "(14, 1)": 0.06749553968503824,
        "(14, 2)": 0.32528758964069765,
        "(14, 3)": 0.12776887360455846,
        "(14, 4)": 0.28129894895300567,
        "(14, 5)": 0.05979287160535252,
        "(14, 6)": 0.20790952833721954,
        "(14, 7)": 0.15239647577340074,
        "(14, 8)": 0.1487619494710984,
        "(14, 9)": 0.10971043164353086,
        "(15, 1)": 3.24140856446169,
        "(15, 2)": 0.06894080079108872,
        "(15, 3)": 0.0416587464240505,
        "(15, 4)": 0.08550908315859064,
        "(15, 5)": 0.20358983890711654,
        "(15, 6)": 0.5834397726312778,
        "(15, 7)": 0.6090280220331854,
        "(15, 8)": 0.38438009152888125,
        "(15, 9)": 0.19407516112860254,
        "(16, 1)": 0.9008722598014263,
        "(16, 2)": 0.14933350994149008,
        "(16, 3)": 0.28078968504795015,
        "(16, 4)": 0.18066304283623438,
        "(16, 5)": 0.3238232602655446,
        "(16, 6)": 0.10418884056618377,
        "(16, 7)": 0.13305255746029515,
        "(16, 8)": 0.796254330333624,
        "(16, 9)": 0.08357099017478718,
        "(17, 1)": 0.44460660980380323,
        "(17, 2)": 0.14679255410530573,
        "(17, 3)": 0.09342523934400006,
        "(17, 4)": 0.28960289447210685,
        "(17, 5)": 0.11721128051928689,
        "(17, 6)": 0.5141340096610896,
        "(17, 7)": 0.08154461946640673,
        "(17, 8)": 0.08044329198734508,
        "(17, 9)": 1.097248903203007,
        "(18, 1)": 0.07950491215193574,
        "(18, 2)": 0.4040361314423027,
        "(18, 3)": 0.5678956311649408,
        "(18, 4)": 0.0300902870360854,
        "(18, 5)": 0.07331110136111949,
        "(18, 6)": 0.15960840602401036,
        "(18, 7)": 0.6991655775491548,
        "(18, 8)": 0.05202202358901405,
        "(18, 9)": 0.8206942970005374,
        "(19, 1)": 0.1295174331077112,
        "(19, 2)": 0.6749811546709554,
        "(19, 3)": 1.1693686895418431,
        "(19, 4)": 0.35734915949730894,
        "(19, 5)": 0.1932449898300477,
        "(19, 6)": 0.03360074313415173,
        "(19, 7)": 0.1542552118327288,
        "(19, 8)": 0.5047066482970514,
        "(19, 9)": 0.10210944641129084
    },
    "matching_probabilities": {
        "(0, 10)": 0.0001504665438699214,
        "(0, 11)": 0.023687191944825072,
        "(0, 12)": 8.358086205197971e-05,
        "(0, 13)": 0.0006376922917013492,
        "(0, 14)": 0.00931237516711416,
        "(0, 15)": 0.005440623771778152,
        "(0, 16)": 0.03364822692381943,
        "(0, 17)": 0.07383502937306499,
        "(0, 18)": 0.10865735191891103,
        "(0, 19)": 0.00011534626654940973,
        "(10, 1)": 0.0010900508892661867,
        "(10, 2)": 0.002900986742174589,
        "(10, 3)": 0.00027304504725201537,
        "(10, 4)": 0.004777348341329995,
        "(10, 5)": 0.0015112582962169532,
        "(10, 6)": 0.013881182881266739,
        "(10, 7)": 0.008139623133615015,
        "(10, 8)": 0.044338286719700054,
        "(10, 9)": 0.021112334241752753,
        "(11, 1)": 0.06664840407009466,
        "(11, 2)": 0.028783705657109852,
        "(11, 3)": 6.720731587750939e-05,
        "(11, 4)": 8.016905678011434e-05,
        "(11, 5)": 0.00528415470293055,
        "(11, 6)": 0.008771140867247767,
        "(11, 7)": 0.00020121717538154003,
        "(11, 8)": 0.0581888148149882,
        "(11, 9)": 0.008204878778771208,
        "(12, 1)": 0.00020482847267341465,
        "(12, 2)": 0.0468820260155088,
        "(12, 3)": 0.09711161552238896,
        "(12, 4)": 0.009209627340154998,
        "(12, 5)": 3.2932566405424105e-05,
        "(12, 6)": 0.0029701690690193674,
        "(12, 7)": 0.004685817002084105,
        "(12, 8)": 0.03771003717064777,
        "(12, 9)": 0.028506608125630755,
        "(13, 1)": 0.015088587768424068,
        "(13, 2)": 0.0001041982430244698,
        "(13, 3)": 0.00027209020595241333,
        "(13, 4)": 0.00986481845203512,
        "(13, 5)": 0.0003991340262487981,
        "(13, 6)": 0.12027458781086507,
        "(13, 7)": 0.022988077905456195,
        "(13, 8)": 0.007433289187637689,
        "(13, 9)": 0.013451572938065464,
        "(14, 1)": 0.01105465192927497,
        "(14, 2)": 0.012011451297837447,
        "(14, 3)": 0.011708615012868063,
        "(14, 4)": 0.07015637255427097,
        "(14, 5)": 0.005729170888752078,
        "(14, 6)": 0.0018714243124846373,
        "(14, 7)": 0.002019991424414615,
        "(14, 8)": 0.0015482911314409927,
        "(14, 9)": 0.030259666927179858,
        "(15, 1)": 0.05593324619174459,
        "(15, 2)": 0.003489597727721352,
        "(15, 3)": 0.012102533402559412,
        "(15, 4)": 0.0010265257742016211,
        "(15, 5)": 0.10429875867573599,
        "(15, 6)": 0.05547864419906357,
        "(15, 7)": 0.007867407617534886,
        "(15, 8)": 0.00021131680086400255,
        "(15, 9)": 0.0004118735777328868,
        "(16, 1)": 0.015178324746292876,
        "(16, 2)": 0.00021336617064905504,
        "(16, 3)": 0.0018873815068292973,
        "(16, 4)": 0.006355431739633761,
        "(16, 5)": 6.497748106204598e-05,
        "(16, 6)": 0.013062497889580438,
        "(16, 7)": 0.06887627724843548,
        "(16, 8)": 0.03279536430584516,
        "(16, 9)": 0.009551077661186552,
        "(17, 1)": 0.00376049929733132,
        "(17, 2)": 0.09221061093142358,
        "(17, 3)": 0.009446205150283124,
        "(17, 4)": 0.00813866527104223,
        "(17, 5)": 3.5891414220757e-05,
        "(17, 6)": 0.008265597628936323,
        "(17, 7)": 0.0003615650484474166,
        "(17, 8)": 0.00439515956031411,
        "(17, 9)": 0.005137879744364302,
        "(18, 1)": 5.5990956145669304e-05,
        "(18, 2)": 0.025567405878290983,
        "(18, 3)": 0.0033000639858094516,
        "(18, 4)": 0.00032899160331483943,
        "(18, 5)": 0.00019704540343057003,
        "(18, 6)": 0.00047192517475438543,
        "(18, 7)": 0.0008475952921429558,
        "(18, 8)": 0.019653451457160846,
        "(18, 9)": 0.04939656580174528,
        "(19, 1)": 0.008524558656178393,
        "(19, 2)": 0.010105976656279072,
        "(19, 3)": 0.027944739509809358,
        "(19, 4)": 0.10340806349775082,