{
    "min_scaled_matching_probability": 0.5804340352795547,
    "scaled_matching_probabilities": {
        "(0, 1)": 0.7166206039467224,
        "(0, 2)": 0.6573580638958106,
        "(0, 3)": 0.695654959150886,
        "(1, 4)": 0.6136520348270214,
        "(1, 5)": 0.7106022141716358,
        "(1, 6)": 0.6948149349962266,
        "(2, 7)": 0.7004818708580409,
        "(2, 8)": 0.6943244504438882,
        "(2, 9)": 0.7302750119188067,
        "(3, 10)": 0.6830426785499039,
        "(3, 11)": 0.6805265868043694,
        "(3, 12)": 0.722318345166642,
        "(4, 13)": 0.6954225773440509,
        "(4, 14)": 0.687937238016309,
        "(4, 15)": 0.6852216372665667,
        "(5, 16)": 0.6710473643295946,
        "(5, 17)": 0.7274197169703923,
        "(5, 18)": 0.6706043792777052,
        "(6, 19)": 0.7123735604877823,
        "(6, 20)": 0.6988112871129482,
        "(6, 21)": 0.7262144893391989,
        "(7, 22)": 0.693359209996997,
        "(7, 23)": 0.7009317135232983,
        "(7, 24)": 0.7389827539625906,
        "(8, 25)": 0.6134565065415981,
        "(8, 26)": 0.6659013768165384,
        "(8, 27)": 0.7046334566876455,
        "(9, 28)": 0.6872579440525824,
        "(9, 29)": 0.6968529206706028,
        "(9, 30)": 0.6955396000834362,
        "(10, 31)": 0.7304654797484743,
        "(10, 32)": 0.7365671749426266,
        "(10, 33)": 0.6867239562284406,
        "(11, 34)": 0.6390982017598054,
        "(11, 35)": 0.7047561185927725,
        "(11, 36)": 0.7026357923429591,
        "(12, 37)": 0.68931232946337,
        "(12, 38)": 0.730329971924858,
        "(12, 39)": 0.7480677754283733,
        "(13, 40)": 0.6350862180253162,
        "(13, 41)": 0.6804607131278976,
        "(13, 42)": 0.7195171970929222,
        "(14, 43)": 0.6965611851205386,
        "(14, 44)": 0.7058487135240421,
        "(14, 45)": 0.6634853912049656,
        "(15, 46)": 0.6992647001712864,
        "(15, 47)": 0.730414938687151,
        "(15, 48)": 0.6911315234249,
        "(16, 49)": 0.7014416242557711,
        "(16, 50)": 0.7143407371564529,
        "(16, 51)": 0.7398607223230981,
        "(17, 52)": 0.7126607767326812,
        "(17, 53)": 0.6968281417531802,
        "(17, 54)": 0.6995527100550957,
        "(18, 55)": 0.6520113138500627,
        "(18, 56)": 0.6947541718545258,
        "(18, 57)": 0.7148123586958964,
        "(19, 58)": 0.6983509159559292,
        "(19, 59)": 0.6878033661743067,
        "(19, 60)": 0.6862655148002067,
        "(20, 61)": 0.6812948174442575,
        "(20, 62)": 0.7812715446605402,
        "(20, 63)": 0.7211891988241763,
        "(21, 64)": 0.7036435012605513,
        "(21, 65)": 0.6973425773728277,
        "(21, 66)": 0.6849791546086171,
        "(22, 67)": 0.67967840022894,
        "(22, 68)": 0.6857864966069341,
        "(22, 69)": 0.7052095021218134,
        "(23, 70)": 0.7103810851317864,
        "(23, 71)": 0.7101886481291084,
        "(23, 72)": 0.703848114753178,
        "(24, 73)": 0.7030805730254028,
        "(24, 74)": 0.7190637636009073,
        "(24, 75)": 0.6798674142215265,
        "(25, 76)": 0.7057709462749959,
        "(25, 77)": 0.6994886327677062,
        "(25, 78)": 0.6989138682421571,
        "(26, 79)": 0.7060502170460053,
        "(26, 80)": 0.730163047809669,
        "(26, 81)": 0.7003457961396591,
        "(27, 82)": 0.6543829296457457,
        "(27, 83)": 0.704990360930212,
        "(27, 84)": 0.7005866117985379,
        "(28, 85)": 0.6598600898963393,
        "(28, 86)": 0.6933051751075845,
        "(28, 87)": 0.7103190604216336,
        "(29, 88)": 0.6990761497233651,
        "(29, 89)": 0.6998493885520501,
        "(29, 90)": 0.6642282253817818,
        "(30, 91)": 0.6814472657165368,
        "(30, 92)": 0.7216802712268346,
        "(30, 93)": 0.6791935361613382,
        "(31, 94)": 0.6841502129058031,
        "(31, 95)": 0.7172255844542479,
        "(31, 96)": 0.7042138696777464,
        "(32, 97)": 0.6899041537311081,
        "(32, 98)": 0.7563772305136348,
        "(32, 99)": 0.6942805455278919,
        "(33, 100)": 0.707747493947278,
        "(33, 101)": 0.6954423346455014,
        "(33, 102)": 0.7277181174343599,
        "(34, 103)": 0.7222536767395865,
        "(34, 104)": 0.5804340352795547,
        "(34, 105)": 0.6999236243068713,
        "(35, 106)": 0.6847787641814795,
        "(35, 107)": 0.7088447089462572,
        "(35, 108)": 0.7110960146619224,
        "(36, 109)": 0.6830764934669916,
        "(36, 110)": 0.6865340070412796,
        "(36, 111)": 0.7211697297920159,
        "(37, 112)": 0.6943399017549987,
        "(37, 113)": 0.7198819559995752,
        "(37, 114)": 0.6918081965361499,
        "(38, 115)": 0.6951727920809572,
        "(38, 116)": 0.6894729622437149,
        "(38, 117)": 0.7010023792276837,
        "(39, 118)": 0.7075130302940937,
        "(39, 119)": 0.6732241755003373,
        "(39, 120)": 0.6787632106738517
    },
    "matching_probabilities": {
        "(0, 1)": 0.2974,
        "(0, 2)": 0.0816,
        "(0, 3)": 0.0585,
        "(1, 4)": 0.0188,
        "(1, 5)": 0.2729,
        "(1, 6)": 0.0564,
        "(2, 7)": 0.0989,
        "(2, 8)": 0.2867,
        "(2, 9)": 0.1208,
        "(3, 10)": 0.1002,
        "(3, 11)": 0.1224,
        "(3, 12)": 0.2183,
        "(4, 13)": 0.1744,
        "(4, 14)": 0.092,
        "(4, 15)": 0.0578,
        "(5, 16)": 0.0819,
        "(5, 17)": 0.1001,
        "(5, 18)": 0.0699,
        "(6, 19)": 0.0782,
        "(6, 20)": 0.2513,
        "(6, 21)": 0.0775,
        "(7, 22)": 0.0585,
        "(7, 23)": 0.1648,
        "(7, 24)": 0.0488,
        "(8, 25)": 0.0124,
        "(8, 26)": 0.1208,
        "(8, 27)": 0.0609,
        "(9, 28)": 0.0869,
        "(9, 29)": 0.278,
        "(9, 30)": 0.0978,
        "(10, 31)": 0.1,
        "(10, 32)": 0.0969,
        "(10, 33)": 0.2448,
        "(11, 34)": 0.0161,
        "(11, 35)": 0.0861,
        "(11, 36)": 0.3797,
        "(12, 37)": 0.382,
        "(12, 38)": 0.0663,
        "(12, 39)": 0.0213,
        "(13, 40)": 0.0146,
        "(13, 41)": 0.1779,
        "(13, 42)": 0.3007,
        "(14, 43)": 0.153,
        "(14, 44)": 0.3742,
        "(14, 45)": 0.0316,
        "(15, 46)": 0.1283,
        "(15, 47)": 0.0338,
        "(15, 48)": 0.4243,
        "(16, 49)": 0.5029,
        "(16, 50)": 0.0365,
        "(16, 51)": 0.0523,
        "(17, 52)": 0.016,
        "(17, 53)": 0.536,
        "(17, 54)": 0.037,
        "(18, 55)": 0.0417,
        "(18, 56)": 0.485,
        "(18, 57)": 0.0767,
        "(19, 58)": 0.3301,
        "(19, 59)": 0.0359,
        "(19, 60)": 0.1943,
        "(20, 61)": 0.2862,
        "(20, 62)": 0.0288,
        "(20, 63)": 0.1159,
        "(21, 64)": 0.3108,
        "(21, 65)": 0.1878,
        "(21, 66)": 0.0644,
        "(22, 67)": 0.0617,
        "(22, 68)": 0.3489,
        "(22, 69)": 0.1712,
        "(23, 70)": 0.1419,
        "(23, 71)": 0.1259,
        "(23, 72)": 0.1961,
        "(24, 73)": 0.4375,
        "(24, 74)": 0.0292,
        "(24, 75)": 0.1746,
        "(25, 76)": 0.4514,
        "(25, 77)": 0.0522,
        "(25, 78)": 0.1808,
        "(26, 79)": 0.4138,
        "(26, 80)": 0.0267,
        "(26, 81)": 0.1208,
        "(27, 82)": 0.0346,
        "(27, 83)": 0.5096,
        "(27, 84)": 0.0859,
        "(28, 85)": 0.0327,
        "(28, 86)": 0.1579,
        "(28, 87)": 0.3749,
        "(29, 88)": 0.1225,
        "(29, 89)": 0.2196,
        "(29, 90)": 0.0329,
        "(30, 91)": 0.1084,
        "(30, 92)": 0.2591,
        "(30, 93)": 0.1285,
        "(31, 94)": 0.1794,
        "(31, 95)": 0.1214,
        "(31, 96)": 0.2214,
        "(32, 97)": 0.0759,
        "(32, 98)": 0.0352,
        "(32, 99)": 0.4859,
        "(33, 100)": 0.3462,
        "(33, 101)": 0.0836,
        "(33, 102)": 0.0167,
        "(34, 103)": 0.2593,
        "(34, 104)": 0.0222,
        "(34, 105)": 0.3534,
        "(35, 106)": 0.0465,
        "(35, 107)": 0.3135,
        "(35, 108)": 0.2445,
        "(36, 109)": 0.0228,
        "(36, 110)": 0.1475,
        "(36, 111)": 0.1331,