{
    "min_scaled_matching_probability": 0.0,
    "scaled_matching_probabilities": {
        "(0, 10)": 0.6916205167208658,
        "(0, 11)": 0.9941209532611887,
        "(0, 12)": 0.7674635674410428,
        "(0, 13)": 1.0042085165965995,
        "(0, 14)": 1.0043947212912134,
        "(0, 15)": 1.075606772899629,
        "(0, 16)": 0.2531276475492872,
        "(0, 17)": 0.96942636035425,
        "(0, 18)": 1.0234920746153018,
        "(0, 19)": 0.8804136082547881,
        "(10, 1)": 0.9065756657855852,
        "(10, 2)": 0.9352534120043998,
        "(10, 3)": 1.068714734317166,
        "(10, 4)": 0.990661655152254,
        "(10, 5)": 0.9980991668002958,
        "(10, 6)": 0.8394374431302624,
        "(10, 7)": 0.9009557883878251,
        "(10, 8)": 1.0111823866165013,
        "(10, 9)": 0.9709214390067622,
        "(11, 1)": 0.9217817344139007,
        "(11, 2)": 1.0348080660252863,
        "(11, 3)": 0.0,
        "(11, 4)": 0.6227422676797002,
        "(11, 5)": 1.1774437839508312,
        "(11, 6)": 1.0250398015484103,
        "(11, 7)": 0.8701414659410917,
        "(11, 8)": 1.0593909726607749,
        "(11, 9)": 0.9885521307713809,
        "(12, 1)": 0.5705868106881389,
        "(12, 2)": 1.001234513213118,
        "(12, 3)": 0.9903285678104825,
        "(12, 4)": 1.175590079591269,
        "(12, 5)": 1.5944234581202585,
        "(12, 6)": 0.9919247714474252,
        "(12, 7)": 0.9560806431400409,
        "(12, 8)": 0.7892040862987343,
        "(12, 9)": 1.0009930841404937,
        "(13, 1)": 0.8346804083809738,
        "(13, 2)": 0.6541730556852217,
        "(13, 3)": 0.8454758448960334,
        "(13, 4)": 0.6549635392934771,
        "(13, 5)": 1.1632228262580837,
        "(13, 6)": 1.0068299285441429,
        "(13, 7)": 1.0261950121275865,
        "(13, 8)": 0.9508902701039543,
        "(13, 9)": 0.9966577109078654,
        "(14, 1)": 0.524473035970572,
        "(14, 2)": 0.9018124843069921,
        "(14, 3)": 1.0344937641557272,
        "(14, 4)": 1.0048056084013102,
        "(14, 5)": 0.9872991683615885,
        "(14, 6)": 1.0665306946810824,
        "(14, 7)": 0.8826962060324121,
        "(14, 8)": 0.8166917350534002,
        "(14, 9)": 0.7113490951589553,
        "(15, 1)": 0.9330171488515474,
        "(15, 2)": 0.9561946730368617,
        "(15, 3)": 0.3276927670970862,
        "(15, 4)": 0.9995939933423906,
        "(15, 5)": 0.9927806752722966,
        "(15, 6)": 1.0548024386635049,
        "(15, 7)": 1.0140909784377716,
        "(15, 8)": 0.9094877689736021,
        "(15, 9)": 1.0366417696253054,
        "(16, 1)": 0.9911875645142111,
        "(16, 2)": 0.8398717162362952,
        "(16, 3)": 0.8480008938214482,
        "(16, 4)": 0.9721882506372839,
        "(16, 5)": 0.4983622863993925,
        "(16, 6)": 0.9954273227505477,
        "(16, 7)": 0.9969822360981063,
        "(16, 8)": 0.9468996469564009,
        "(16, 9)": 1.081487843783322,
        "(17, 1)": 1.0167843528188343,
        "(17, 2)": 0.7459769560024138,
        "(17, 3)": 0.9900130591652574,
        "(17, 4)": 0.9856653283702462,
        "(17, 5)": 1.3062876798150838,
        "(17, 6)": 0.9579057805889933,
        "(17, 7)": 0.9697891574731228,
        "(17, 8)": 0.9920064029262464,
        "(17, 9)": 0.8969547016953044,
        "(18, 1)": 1.419959893970933,
        "(18, 2)": 0.956068287436803,
        "(18, 3)": 1.0841433656207018,
        "(18, 4)": 0.9969376889520659,
        "(18, 5)": 1.1161554659703246,
        "(18, 6)": 1.0484417554794458,
        "(18, 7)": 0.8248813838753992,
        "(18, 8)": 0.5484514163397155,
        "(18, 9)": 1.0118169527802847,
        "(19, 1)": 0.9921321118253739,
        "(19, 2)": 1.0953608258857217,
        "(19, 3)": 1.0545129957683217,
        "(19, 4)": 1.0080330904526829,
        "(19, 5)": 0.921641020101805,
        "(19, 6)": 0.3419018604617834,
        "(19, 7)": 0.36698551541309504,
        "(19, 8)": 0.9022099425143725,
        "(19, 9)": 1.002700452373031
    },
    "matching_probabilities": {
        "(0, 10)": 0.0009,
        "(0, 11)": 0.2012,
        "(0, 12)": 0.0006,
        "(0, 13)": 0.0066,
        "(0, 14)": 0.0384,
        "(0, 15)": 0.005,
        "(0, 16)": 0.0306,
        "(0, 17)": 0.1454,
        "(0, 18)": 0.4807,
        "(0, 19)": 0.0043,
        "(10, 1)": 0.0076,
        "(10, 2)": 0.0064,
        "(10, 3)": 0.0017,
        "(10, 4)": 0.1519,
        "(10, 5)": 0.0139,
        "(10, 6)": 0.1615,
        "(10, 7)": 0.0456,
        "(10, 8)": 0.3402,
        "(10, 9)": 0.1822,
        "(11, 1)": 0.5704,
        "(11, 2)": 0.0462,
        "(11, 3)": 0.0,
        "(11, 4)": 0.0002,
        "(11, 5)": 0.0084,
        "(11, 6)": 0.0178,
        "(11, 7)": 0.0013,
        "(11, 8)": 0.0194,
        "(11, 9)": 0.0883,
        "(12, 1)": 0.001,
        "(12, 2)": 0.1519,
        "(12, 3)": 0.4702,
        "(12, 4)": 0.0116,
        "(12, 5)": 0.0003,
        "(12, 6)": 0.0415,
        "(12, 7)": 0.0403,
        "(12, 8)": 0.1183,
        "(12, 9)": 0.1064,
        "(13, 1)": 0.0812,
        "(13, 2)": 0.0006,
        "(13, 3)": 0.0011,
        "(13, 4)": 0.0752,
        "(13, 5)": 0.0032,
        "(13, 6)": 0.3897,
        "(13, 7)": 0.2753,
        "(13, 8)": 0.0042,
        "(13, 9)": 0.0244,
        "(14, 1)": 0.0859,
        "(14, 2)": 0.0333,
        "(14, 3)": 0.0948,
        "(14, 4)": 0.2506,
        "(14, 5)": 0.0946,
        "(14, 6)": 0.0096,
        "(14, 7)": 0.0117,
        "(14, 8)": 0.0085,
        "(14, 9)": 0.1962,
        "(15, 1)": 0.0161,
        "(15, 2)": 0.0484,
        "(15, 3)": 0.0952,
        "(15, 4)": 0.012,
        "(15, 5)": 0.5086,
        "(15, 6)": 0.1003,
        "(15, 7)": 0.0131,
        "(15, 8)": 0.0005,
        "(15, 9)": 0.0022,
        "(16, 1)": 0.0167,
        "(16, 2)": 0.0012,
        "(16, 3)": 0.0057,
        "(16, 4)": 0.0342,
        "(16, 5)": 0.0001,
        "(16, 6)": 0.1248,
        "(16, 7)": 0.5161,
        "(16, 8)": 0.039,
        "(16, 9)": 0.1236,
        "(17, 1)": 0.0086,
        "(17, 2)": 0.4686,
        "(17, 3)": 0.1001,
        "(17, 4)": 0.0277,
        "(17, 5)": 0.0004,
        "(17, 6)": 0.0154,
        "(17, 7)": 0.0043,
        "(17, 8)": 0.0542,
        "(17, 9)": 0.0042,
        "(18, 1)": 0.001,
        "(18, 2)": 0.0605,
        "(18, 3)": 0.0063,
        "(18, 4)": 0.0109,
        "(18, 5)": 0.003,
        "(18, 6)": 0.0031,
        "(18, 7)": 0.001,
        "(18, 8)": 0.2072,
        "(18, 9)": 0.0609,
        "(19, 1)": 0.0653,
        "(19, 2)": 0.0164,
        "(19, 3)": 0.0252,
        "(19, 4)": 0.2917,
        "(19, 5)": 0.336,
        "(19, 6)": 0.0358,
        "(19, 7)": 0.0285,
        "(19, 8)": 0.0036,
        "(19, 9)": 0.0322
    },
    "matching_counts": {
        "(0, 10)": 9.0,
        "(0, 11)": 2012.0,
        "(0, 12)": 6.0,
        "(0, 13)": 66.0,
        "(0, 14)": 384.0,
        "(0, 15)": 50.0,
        "(0, 16)": 306.0,
        "(0, 17)": 1454.0,
        "(0, 18)": 4807.0,
        "(0, 19)": 43.0,
        "(10, 1)": 76.0,
        "(10, 2)": 64.0,
        "(10, 3)": 17.0,
        "(10, 4)": 1519.0,
        "(10, 5)": 139.0,
        "(10, 6)": 1615.0,
        "(10, 7)": 456.0,
        "(10, 8)": 3402.0,
        "(10, 9)": 1822.0,
        "(11, 1)": 5704.0,
        "(11, 2)": 462.0,
        "(11, 3)": 0,
        "(11, 4)": 2.0,
        "(11, 5)": 84.0,
        "(11, 6)": 178.0,
        "(11, 7)": 13.0,
        "(11, 8)": 194.0,
        "(11, 9)": 883.0,
        "(12, 1)": 10.0,
        "(12, 2)": 1519.0,
        "(12, 3)": 4702.0,
        "(12, 4)": 116.0,
        "(12, 5)": 3.0,
        "(12, 6)": 415.0,
        "(12, 7)": 403.0,
        "(12, 8)": 1183.0,
        "(12, 9)": 1064.0,
        "(13, 1)": 812.0,
        "(13, 2)": 6.0,
        "(13, 3)": 11.0,
        "(13, 4)": 752.0,
        "(13, 5)": 32.0,
        "(13, 6)": 3897.0,
        "(13, 7)": 2753.0,
        "(13, 8)": 42.0,
        "(13, 9)": 244.0,
        "(14, 1)": 859.0,
        "(14, 2)": 333.0,
        "(14, 3)": 948.0,