{
    "min_scaled_matching_probability": 0.2494151290116638,
    "scaled_matching_probabilities": {
        "(0, 10)": 81.46378940022359,
        "(0, 11)": 0.6921062641823883,
        "(0, 12)": 1.417976796987289,
        "(0, 13)": 7.260922937394712,
        "(0, 14)": 0.30771161783978235,
        "(0, 15)": 1.963859859789448,
        "(0, 16)": 1.8817425638258185,
        "(0, 17)": 0.4530994966337045,
        "(0, 18)": 0.5631893949591771,
        "(0, 19)": 0.9494591173820218,
        "(10, 1)": 0.658484127623654,
        "(10, 2)": 0.3915197336327479,
        "(10, 3)": 0.7166490539084422,
        "(10, 4)": 0.6336529775596326,
        "(10, 5)": 0.38481948661329524,
        "(10, 6)": 0.9647378352051929,
        "(10, 7)": 0.7703207232147506,
        "(10, 8)": 0.5222344337409115,
        "(10, 9)": 0.7044680161545245,
        "(11, 1)": 0.6496231225408431,
        "(11, 2)": 0.4892568438292155,
        "(11, 3)": 1304.0653234784584,
        "(11, 4)": 0.5892184994610957,
        "(11, 5)": 0.8528832717843211,
        "(11, 6)": 0.5944936719273909,
        "(11, 7)": 0.4294520229418722,
        "(11, 8)": 2.71334097514483,
        "(11, 9)": 0.5156922936264171,
        "(12, 1)": 0.5520564326608299,
        "(12, 2)": 0.45476402093050955,
        "(12, 3)": 0.7045943511647046,
        "(12, 4)": 0.5944708122144252,
        "(12, 5)": 1.9255857447189202,
        "(12, 6)": 3.5789547888876094,
        "(12, 7)": 0.4274085282900535,
        "(12, 8)": 0.9093420780980109,
        "(12, 9)": 0.4529525089757275,
        "(13, 1)": 0.8171729742363493,
        "(13, 2)": 0.6320209302666087,
        "(13, 3)": 0.7487336162109844,
        "(13, 4)": 1.5941065279321887,
        "(13, 5)": 67.80223274756437,
        "(13, 6)": 0.5349450690375808,
        "(13, 7)": 0.8042814554151602,
        "(13, 8)": 0.8084612075191935,
        "(13, 9)": 0.8987543881265538,
        "(14, 1)": 0.8738900134783564,
        "(14, 2)": 0.7657766593503501,
        "(14, 3)": 0.6719271596452536,
        "(14, 4)": 0.6435279071779589,
        "(14, 5)": 0.640152573175513,
        "(14, 6)": 0.6550239213793619,
        "(14, 7)": 0.37810385971624777,
        "(14, 8)": 0.6080769288769249,
        "(14, 9)": 0.8724344099318669,
        "(15, 1)": 0.40788353425901386,
        "(15, 2)": 0.5221652754638595,
        "(15, 3)": 0.5332354493296287,
        "(15, 4)": 0.6611644207442328,
        "(15, 5)": 0.621286100694687,
        "(15, 6)": 0.696170459611998,
        "(15, 7)": 8.951582201280045,
        "(15, 8)": 0.7827840499914189,
        "(15, 9)": 0.9095003631736484,
        "(16, 1)": 0.2494151290116638,
        "(16, 2)": 0.7850369653558847,
        "(16, 3)": 0.700895582418302,
        "(16, 4)": 1.8552109902452572,
        "(16, 5)": 0.6306393690614231,
        "(16, 6)": 0.7624100063234504,
        "(16, 7)": 0.5973629830508128,
        "(16, 8)": 2.8566297213878875,
        "(16, 9)": 0.6236147797931156,
        "(17, 1)": 19.63019230297635,
        "(17, 2)": 0.7288634615234418,
        "(17, 3)": 0.4136300750724817,
        "(17, 4)": 0.7793641779949741,
        "(17, 5)": 1.1313659014902262,
        "(17, 6)": 0.48178072937137423,
        "(17, 7)": 0.5315844813413511,
        "(17, 8)": 0.6525045048609824,
        "(17, 9)": 3.987128585091481,
        "(18, 1)": 0.4300597517541101,
        "(18, 2)": 2.349631654669768,
        "(18, 3)": 1.0629102893344682,
        "(18, 4)": 0.7109607736031786,
        "(18, 5)": 1.5220143691807915,
        "(18, 6)": 1.469448657676754,
        "(18, 7)": 0.7519786134214257,
        "(18, 8)": 0.775081233990453,
        "(18, 9)": 0.7318147344461191,
        "(19, 1)": 0.515902089827006,
        "(19, 2)": 0.6300250934935877,
        "(19, 3)": 0.7371035574815972,
        "(19, 4)": 0.5426309783322942,
        "(19, 5)": 0.6105088327867132,
        "(19, 6)": 0.8550978835542087,
        "(19, 7)": 3.1077923385136037,
        "(19, 8)": 0.5223478208449879,
        "(19, 9)": 0.853805963322863
    },
    "matching_probabilities": {
        "(0, 10)": 0.10600814852603878,
        "(0, 11)": 0.1400752895275817,
        "(0, 12)": 0.0011085686855848455,
        "(0, 13)": 0.04772125569022223,
        "(0, 14)": 0.011764424757088785,
        "(0, 15)": 0.009129079089448551,
        "(0, 16)": 0.22747938840563917,
        "(0, 17)": 0.06795840252009072,
        "(0, 18)": 0.2645112247289589,
        "(0, 19)": 0.004637222967095693,
        "(10, 1)": 0.005520200418795912,
        "(10, 2)": 0.002679195032156481,
        "(10, 3)": 0.0011399706137884985,
        "(10, 4)": 0.09715919334388219,
        "(10, 5)": 0.0053591777669473335,
        "(10, 6)": 0.18560663651676199,
        "(10, 7)": 0.03898817836716316,
        "(10, 8)": 0.17569941556551122,
        "(10, 9)": 0.13219820614390657,
        "(11, 1)": 0.4019878190935316,
        "(11, 2)": 0.021843341704641698,
        "(11, 3)": 0.21477048398344556,
        "(11, 4)": 0.00018923350157569617,
        "(11, 5)": 0.0060845533185026075,
        "(11, 6)": 0.010323489238488652,
        "(11, 7)": 0.0006416055913628069,
        "(11, 8)": 0.04968780768973482,
        "(11, 9)": 0.046062952180054025,
        "(12, 1)": 0.0009675239986620776,
        "(12, 2)": 0.06899348141491868,
        "(12, 3)": 0.3345357032869564,
        "(12, 4)": 0.005865872417097034,
        "(12, 5)": 0.00036231010054049587,
        "(12, 6)": 0.14973577433912097,
        "(12, 7)": 0.018015806316838284,
        "(12, 8)": 0.1363084273213896,
        "(12, 9)": 0.04814633359470158,
        "(13, 1)": 0.07949682877629656,
        "(13, 2)": 0.0005796823254402526,
        "(13, 3)": 0.0009741342497293467,
        "(13, 4)": 0.18302822021179108,
        "(13, 5)": 0.18652242708317315,
        "(13, 6)": 0.20705392985822954,
        "(13, 7)": 0.21576667403277605,
        "(13, 8)": 0.0035709031613178686,
        "(13, 9)": 0.022003147951679437,
        "(14, 1)": 0.14312871589074944,
        "(14, 2)": 0.02827679057466442,
        "(14, 3)": 0.06157474983559318,
        "(14, 4)": 0.16049680872639746,
        "(14, 5)": 0.06133747030588464,
        "(14, 6)": 0.005895966873341795,
        "(14, 7)": 0.0050117074577271485,
        "(14, 8)": 0.006328769685805507,
        "(14, 9)": 0.24062957610198824,
        "(15, 1)": 0.007038375349963678,
        "(15, 2)": 0.02643060042594122,
        "(15, 3)": 0.154913442935836,
        "(15, 4)": 0.007937195603188436,
        "(15, 5)": 0.31828390568405274,
        "(15, 6)": 0.06619808083450851,
        "(15, 7)": 0.11563629825148324,
        "(15, 8)": 0.0004303433628771204,
        "(15, 9)": 0.001930175744032823,
        "(16, 1)": 0.004202264842311857,
        "(16, 2)": 0.0011216526764928235,
        "(16, 3)": 0.004711203548124461,
        "(16, 4)": 0.06526330247747444,
        "(16, 5)": 0.00012654235408094715,
        "(16, 6)": 0.09558585204016015,
        "(16, 7)": 0.30923222539963774,
        "(16, 8)": 0.11765614180153698,
        "(16, 9)": 0.07127106164484265,
        "(17, 1)": 0.1660328990484338,
        "(17, 2)": 0.4578498240752355,
        "(17, 3)": 0.04182204480177873,
        "(17, 4)": 0.02190235073618367,
        "(17, 5)": 0.0003464369813701009,
        "(17, 6)": 0.0077454624271680855,
        "(17, 7)": 0.002357020855671053,
        "(17, 8)": 0.03565072166786671,
        "(17, 9)": 0.01866977231484853,
        "(18, 1)": 0.0003028675342029861,
        "(18, 2)": 0.1486846880871126,
        "(18, 3)": 0.0061766137534525365,
        "(18, 4)": 0.007773276623156386,
        "(18, 5)": 0.004090866592292236,
        "(18, 6)": 0.004344820124714349,
        "(18, 7)": 0.0009116202985313271,
        "(18, 8)": 0.29281870170857,
        "(18, 9)": 0.04404701582169127,
        "(19, 1)": 0.03395556505445821,
        "(19, 2)": 0.00943288393113742,
        "(19, 3)": 0.017614775467989785,
        "(19, 4)": 0.1570240678393287,
        "(19, 5)": 0.22257143870796545,
        "(19, 6)": 0.08953593931865261,
        "(19, 7)": 0.24135034743247857,