{
    "min_scaled_matching_probability": 0.1263334432926845,
    "scaled_matching_probabilities": {
        "(0, 10)": 5.7093674073647405,
        "(0, 11)": 0.655177627998099,
        "(0, 12)": 0.7503100926809768,
        "(0, 13)": 0.4435668647042031,
        "(0, 14)": 0.7445777961324122,
        "(0, 15)": 1.2248524723938072,
        "(0, 16)": 0.4169504084940162,
        "(0, 17)": 0.6586636408382734,
        "(0, 18)": 1.0693187840393126,
        "(0, 19)": 2.3251227641909016,
        "(10, 1)": 1.8738054394888506,
        "(10, 2)": 0.46868224413813137,
        "(10, 3)": 1.334979294446775,
        "(10, 4)": 0.8702801785602885,
        "(10, 5)": 0.48428798287782854,
        "(10, 6)": 0.6746777731955522,
        "(10, 7)": 0.5059410696098087,
        "(10, 8)": 1.1734324213369611,
        "(10, 9)": 0.763166636180126,
        "(11, 1)": 0.9413522589289414,
        "(11, 2)": 0.7813707374993076,
        "(11, 3)": 0.967531528363158,
        "(11, 4)": 0.5441985865688258,
        "(11, 5)": 0.7262322135033515,
        "(11, 6)": 1.002760585004024,
        "(11, 7)": 0.6599946438038503,
        "(11, 8)": 0.4938403067995754,
        "(11, 9)": 0.981870372091568,
        "(12, 1)": 0.6339937692224562,
        "(12, 2)": 0.7781161466573044,
        "(12, 3)": 0.77178803998002,
        "(12, 4)": 1.5805073332318207,
        "(12, 5)": 1.32461179132419,
        "(12, 6)": 0.2900299989590847,
        "(12, 7)": 0.8084217495303561,
        "(12, 8)": 1.1975482689222505,
        "(12, 9)": 1.7092851283195392,
        "(13, 1)": 1.009727196391516,
        "(13, 2)": 0.5502489299450559,
        "(13, 3)": 1.2542210126662807,
        "(13, 4)": 0.8646756840505582,
        "(13, 5)": 0.2068291836325788,
        "(13, 6)": 0.9709315048582675,
        "(13, 7)": 0.771488591271167,
        "(13, 8)": 0.6546203178168657,
        "(13, 9)": 0.7890690634487085,
        "(14, 1)": 0.6455760221948014,
        "(14, 2)": 0.7917103727390998,
        "(14, 3)": 0.9834809564353472,
        "(14, 4)": 0.9608970903664004,
        "(14, 5)": 0.649350156182247,
        "(14, 6)": 0.7962869779875517,
        "(14, 7)": 0.6094187672317196,
        "(14, 8)": 0.6170450735742059,
        "(14, 9)": 0.8569426660602596,
        "(15, 1)": 0.47594547566997086,
        "(15, 2)": 1.1154055546424553,
        "(15, 3)": 0.4592982421542394,
        "(15, 4)": 1.4047910657556941,
        "(15, 5)": 0.8565955951565809,
        "(15, 6)": 1.1495214125751092,
        "(15, 7)": 0.32434657511470566,
        "(15, 8)": 0.9632712257458265,
        "(15, 9)": 0.3224787586878127,
        "(16, 1)": 2.057050019814947,
        "(16, 2)": 0.42657123924420826,
        "(16, 3)": 1.0214195954988905,
        "(16, 4)": 0.9522642587993593,
        "(16, 5)": 0.918363661133975,
        "(16, 6)": 0.8389211586832348,
        "(16, 7)": 1.02680982316304,
        "(16, 8)": 2.2498070730504582,
        "(16, 9)": 0.5713288362117959,
        "(17, 1)": 0.3643599198501568,
        "(17, 2)": 0.8807320312900677,
        "(17, 3)": 1.2178579514033796,
        "(17, 4)": 0.33161447723696835,
        "(17, 5)": 0.44988750686074586,
        "(17, 6)": 1.0291949965117466,
        "(17, 7)": 0.5607302510851448,
        "(17, 8)": 0.44535002233765086,
        "(17, 9)": 1.6939641667764778,
        "(18, 1)": 0.9528048269622557,
        "(18, 2)": 0.568254183243972,
        "(18, 3)": 0.9945173191702689,
        "(18, 4)": 0.6018868539262184,
        "(18, 5)": 0.7140813158010699,
        "(18, 6)": 1.9831067977623023,
        "(18, 7)": 0.7265359405428843,
        "(18, 8)": 0.33820956072443165,
        "(18, 9)": 0.8173789289496656,
        "(19, 1)": 1.032412351139908,
        "(19, 2)": 1.537467031122385,
        "(19, 3)": 0.4260238792973276,
        "(19, 4)": 0.8523565858578608,
        "(19, 5)": 0.9592719714625865,
        "(19, 6)": 0.1263334432926845,
        "(19, 7)": 0.6425597523887338,
        "(19, 8)": 0.7042833513252882,
        "(19, 9)": 1.0343207549977813
    },
    "matching_probabilities": {
        "(0, 10)": 0.007429552106104031,
        "(0, 11)": 0.132601308040817,
        "(0, 12)": 0.0005865894808657086,
        "(0, 13)": 0.002915272335042108,
        "(0, 14)": 0.028466684228216632,
        "(0, 15)": 0.0056937744501730884,
        "(0, 16)": 0.05040414440478145,
        "(0, 17)": 0.09879006523289564,
        "(0, 18)": 0.5022232728874838,
        "(0, 19)": 0.01135605787129938,
        "(10, 1)": 0.015708475174849214,
        "(10, 2)": 0.003207223116198511,
        "(10, 3)": 0.002123545907701504,
        "(10, 4)": 0.13344168358165714,
        "(10, 5)": 0.00674442298512479,
        "(10, 6)": 0.12980176338664157,
        "(10, 7)": 0.02560715306074062,
        "(10, 8)": 0.3947870483331851,
        "(10, 9)": 0.14321340071990163,
        "(11, 1)": 0.5825102716257196,
        "(11, 2)": 0.0348850470514074,
        "(11, 3)": 0.00015934570981576354,
        "(11, 4)": 0.00017477489960541034,
        "(11, 5)": 0.0051810121863812885,
        "(11, 6)": 0.017413117408815713,
        "(11, 7)": 0.0009860385587038456,
        "(11, 8)": 0.009043405314139403,
        "(11, 9)": 0.08770316825682517,
        "(12, 1)": 0.00111112587488282,
        "(12, 2)": 0.11805010825878906,
        "(12, 3)": 0.366438723666156,
        "(12, 4)": 0.015595474463227413,
        "(12, 5)": 0.0002492333735893169,
        "(12, 6)": 0.012134231650691236,
        "(12, 7)": 0.03407599216638603,
        "(12, 8)": 0.17950991723562426,
        "(12, 9)": 0.18168750667179734,
        "(13, 1)": 0.09822903176321877,
        "(13, 2)": 0.0005046819875838733,
        "(13, 3)": 0.0016317948315868929,
        "(13, 4)": 0.09927821556409737,
        "(13, 5)": 0.0005689824620733561,
        "(13, 6)": 0.3758052842056311,
        "(13, 7)": 0.20696924723557886,
        "(13, 8)": 0.002891401270233065,
        "(13, 9)": 0.019317850990798517,
        "(14, 1)": 0.10573466413561249,
        "(14, 2)": 0.02923440944873557,
        "(14, 3)": 0.09012523603384036,
        "(14, 4)": 0.2396491508730177,
        "(14, 5)": 0.06221875470307597,
        "(14, 6)": 0.007167496469444168,
        "(14, 7)": 0.008077750337979025,
        "(14, 8)": 0.006422108734867763,
        "(14, 9)": 0.23635673711435984,
        "(15, 1)": 0.00821284171220067,
        "(15, 2)": 0.05645882618571508,
        "(15, 3)": 0.13343349943433155,
        "(15, 4)": 0.01686433982331278,
        "(15, 5)": 0.43883259469886887,
        "(15, 6)": 0.10930672271422823,
        "(15, 7)": 0.004189900338673978,
        "(15, 8)": 0.0005295679934392748,
        "(15, 9)": 0.0006843765029549408,
        "(16, 1)": 0.034658158113339686,
        "(16, 2)": 0.0006094805637543729,
        "(16, 3)": 0.006865666931206742,
        "(16, 4)": 0.033499106402067345,
        "(16, 5)": 0.0001842763158843824,
        "(16, 6)": 0.10517830705547619,
        "(16, 7)": 0.5315406138111948,
        "(16, 8)": 0.0926629090326484,
        "(16, 9)": 0.06529545806889908,
        "(17, 1)": 0.0030817697990968783,
        "(17, 2)": 0.5532490334207996,
        "(17, 3)": 0.12313734632780124,
        "(17, 4)": 0.009319310272029355,
        "(17, 5)": 0.00013776062158817309,
        "(17, 6)": 0.01654609802702658,
        "(17, 7)": 0.0024862518425639818,
        "(17, 8)": 0.0243324752133634,
        "(17, 9)": 0.007932005358814711,
        "(18, 1)": 0.0006710082665065467,
        "(18, 2)": 0.03595912398520259,
        "(18, 3)": 0.005779179497340323,
        "(18, 4)": 0.006580718916035706,
        "(18, 5)": 0.0019193060579073187,
        "(18, 6)": 0.005863588550278469,
        "(18, 7)": 0.0008807762603751882,
        "(18, 8)": 0.127772522586934,
        "(18, 9)": 0.049197017935163984,
        "(19, 1)": 0.06795115864700692,
        "(19, 2)": 0.023019318122882847,
        "(19, 3)": 0.010180815031559202,
        "(19, 4)": 0.2466510459325133,
        "(19, 5)": 0.34971900705529135,
        "(19, 6)": 0.013228173908646048,
        "(19, 7)": 0.0499010238114304,