{
    "min_scaled_matching_probability": 0.5892698341626482,
    "scaled_matching_probabilities": {
        "(0, 1)": 0.6809847867292838,
        "(0, 2)": 0.6906951421705746,
        "(0, 3)": 0.739850556432075,
        "(0, 4)": 0.7175154914485938,
        "(0, 5)": 0.7041909240226635,
        "(0, 6)": 0.7924574424159019,
        "(0, 7)": 0.7677023280348102,
        "(0, 8)": 0.7259287747885372,
        "(0, 9)": 0.7420167310177425,
        "(1, 2)": 0.7618267149787619,
        "(1, 3)": 0.7869349691631446,
        "(1, 4)": 0.7479031445860894,
        "(1, 5)": 0.729486841443827,
        "(1, 6)": 0.7564520193738027,
        "(1, 7)": 0.6920312532368496,
        "(1, 8)": 0.8375796395729341,
        "(1, 9)": 0.7791652407667321,
        "(2, 3)": 0.7217524007061856,
        "(2, 4)": 0.8236345909281992,
        "(2, 5)": 0.6568910165562929,
        "(2, 6)": 0.7766552012432039,
        "(2, 7)": 0.7720690909668982,
        "(2, 8)": 0.7980938530040901,
        "(2, 9)": 0.7704716416501616,
        "(3, 4)": 0.7274235106940491,
        "(3, 5)": 0.6974882167674581,
        "(3, 6)": 0.5892698341626482,
        "(3, 7)": 0.6846684882354634,
        "(3, 8)": 0.7624203977459155,
        "(3, 9)": 0.7073538135337419,
        "(4, 5)": 0.8094932911864798,
        "(4, 6)": 0.7215048987558578,
        "(4, 7)": 0.619709479307085,
        "(4, 8)": 0.7337652743088354,
        "(4, 9)": 0.749844362724451,
        "(5, 6)": 0.6742021187828741,
        "(5, 7)": 0.7138669846625879,
        "(5, 8)": 0.7550343056580928,
        "(5, 9)": 0.7642649000252011,
        "(6, 7)": 0.6438000692053295,
        "(6, 8)": 0.7300694266367009,
        "(6, 9)": 0.6745734027144067,
        "(7, 8)": 0.7486863278245182,
        "(7, 9)": 0.7596299822355095,
        "(8, 9)": 0.7225955909358791
    },
    "matching_probabilities": {
        "(0, 1)": 0.03652361189121498,
        "(0, 2)": 0.044159029143194604,
        "(0, 3)": 0.09370545287240535,
        "(0, 4)": 0.020991898145295992,
        "(0, 5)": 0.05507953633995093,
        "(0, 6)": 0.023603433428423658,
        "(0, 7)": 0.00343974336157546,
        "(0, 8)": 0.36324479154504796,
        "(0, 9)": 0.0723190479030856,
        "(1, 2)": 0.10113450974914161,
        "(1, 3)": 0.0014828661945114857,
        "(1, 4)": 0.17669820802577957,
        "(1, 5)": 0.0367656709869036,
        "(1, 6)": 0.016186710499044733,
        "(1, 7)": 0.17504323112561093,
        "(1, 8)": 0.0017652612711606306,
        "(1, 9)": 0.1912794245136354,
        "(2, 3)": 0.19330318285718065,
        "(2, 4)": 0.0027372341905266746,
        "(2, 5)": 0.06390664376579293,
        "(2, 6)": 0.05963300642735195,
        "(2, 7)": 0.18254918051660574,
        "(2, 8)": 0.0030480652829659276,
        "(2, 9)": 0.00773199553788498,
        "(3, 4)": 0.012382399277574582,
        "(3, 5)": 0.020378906916632047,
        "(3, 6)": 0.0063370476166981085,
        "(3, 7)": 0.008471827448087083,
        "(3, 8)": 0.12366496509735496,
        "(3, 9)": 0.18236957219709088,
        "(4, 5)": 0.10303501167182283,
        "(4, 6)": 0.3271602612745497,
        "(4, 7)": 0.00024814056213638474,
        "(4, 8)": 0.007031178708478084,
        "(4, 9)": 0.09030619612258628,
        "(5, 6)": 0.045852172953323014,
        "(5, 7)": 0.31440461778113704,
        "(5, 8)": 0.0015564413078566581,
        "(5, 9)": 0.06540397050247045,
        "(6, 7)": 0.0010813506595297102,
        "(6, 8)": 0.1936860512624679,
        "(6, 9)": 0.03408732425562124,
        "(7, 8)": 0.0003008562648218258,
        "(7, 9)": 0.038477656643898454,
        "(8, 9)": 0.0373963161765993
    },
    "matching_counts": {
        "(0, 1)": 365.23611891214983,
        "(0, 2)": 441.59029143194607,
        "(0, 3)": 937.0545287240535,
        "(0, 4)": 209.91898145295994,
        "(0, 5)": 550.7953633995093,
        "(0, 6)": 236.03433428423656,
        "(0, 7)": 34.3974336157546,
        "(0, 8)": 3632.4479154504797,
        "(0, 9)": 723.1904790308561,
        "(1, 2)": 1011.3450974914161,
        "(1, 3)": 14.828661945114858,
        "(1, 4)": 1766.9820802577956,
        "(1, 5)": 367.65670986903604,
        "(1, 6)": 161.86710499044733,
        "(1, 7)": 1750.4323112561092,
        "(1, 8)": 17.652612711606306,
        "(1, 9)": 1912.7942451363538,
        "(2, 3)": 1933.0318285718065,
        "(2, 4)": 27.372341905266747,
        "(2, 5)": 639.0664376579292,
        "(2, 6)": 596.3300642735195,
        "(2, 7)": 1825.4918051660575,
        "(2, 8)": 30.480652829659274,
        "(2, 9)": 77.3199553788498,
        "(3, 4)": 123.82399277574582,
        "(3, 5)": 203.78906916632047,
        "(3, 6)": 63.370476166981085,
        "(3, 7)": 84.71827448087082,
        "(3, 8)": 1236.6496509735496,
        "(3, 9)": 1823.6957219709088,
        "(4, 5)": 1030.3501167182283,
        "(4, 6)": 3271.602612745497,
        "(4, 7)": 2.4814056213638476,
        "(4, 8)": 70.31178708478085,
        "(4, 9)": 903.0619612258628,
        "(5, 6)": 458.52172953323014,
        "(5, 7)": 3144.0461778113704,
        "(5, 8)": 15.56441307856658,
        "(5, 9)": 654.0397050247045,
        "(6, 7)": 10.813506595297103,
        "(6, 8)": 1936.8605126246791,
        "(6, 9)": 340.8732425562124,
        "(7, 8)": 3.008562648218258,
        "(7, 9)": 384.77656643898456,
        "(8, 9)": 373.963161765993
    },
    "average_num_matching_probability_capped": 0.0,
    "average_num_matching_probability_exceeds_one": 0.0,
    "average_num_proposal_matching_probability_exceeds_one": 0.1445,
    "simulation_parameters": {
        "graph_file": "nonuniform_complete_10_order_0.json",
        "c_guarantee": 0.75,
        "experiment_name": "nonuniform_complete_10_order_0_mc_c75_r40_sim10000",
        "average_edge_weight": 0.1111111111111111,
        "r": 0.4,
        "num_sim_instances": 10000,
        "rounding_scheme_class": "SimulatedRecursiveRoundingScheme",
        "parallel": true
    }
}