{
    "min_scaled_matching_probability": 0.0,
    "scaled_matching_probabilities": {
        "(0, 2)": 0.0,
        "(0, 3)": 1.0326192557904277,
        "(0, 4)": 0.0,
        "(0, 5)": 0.0,
        "(0, 6)": 0.7577419166993392,
        "(0, 7)": 0.757435543710886,
        "(0, 8)": 1.0524019917753178,
        "(0, 9)": 0.7708085847844226,
        "(0, 10)": 0.744358453018866,
        "(0, 11)": 0.668044934417089,
        "(0, 12)": 0.0,
        "(0, 13)": 0.7356460735404784,
        "(0, 14)": 0.0,
        "(0, 15)": 0.6626890415045088,
        "(0, 16)": 0.7872350496988012,
        "(0, 19)": 0.6293087931828022,
        "(0, 20)": 0.75667039369653
    },
    "matching_probabilities": {
        "(0, 2)": 0.0,
        "(0, 3)": 0.0002,
        "(0, 4)": 0.0,
        "(0, 5)": 0.0,
        "(0, 6)": 0.0311,
        "(0, 7)": 0.1148,
        "(0, 8)": 0.0002,
        "(0, 9)": 0.0155,
        "(0, 10)": 0.2625,
        "(0, 11)": 0.0112,
        "(0, 12)": 0.0,
        "(0, 13)": 0.0057,
        "(0, 14)": 0.0,
        "(0, 15)": 0.0306,
        "(0, 16)": 0.0039,
        "(0, 19)": 0.001,
        "(0, 20)": 0.2701
    },
    "matching_counts": {
        "(0, 2)": 0,
        "(0, 3)": 2.0,
        "(0, 4)": 0,
        "(0, 5)": 0,
        "(0, 6)": 311.0,
        "(0, 7)": 1148.0,
        "(0, 8)": 2.0,
        "(0, 9)": 155.0,
        "(0, 10)": 2625.0,
        "(0, 11)": 112.0,
        "(0, 12)": 0,
        "(0, 13)": 57.0,
        "(0, 14)": 0,
        "(0, 15)": 306.0,
        "(0, 16)": 39.0,
        "(0, 19)": 10.0,
        "(0, 20)": 2701.0
    },
    "average_num_matching_probability_capped": 0.0,
    "average_num_matching_probability_exceeds_one": 0.0,
    "average_num_proposal_matching_probability_exceeds_one": 0.0,
    "simulation_parameters": {
        "graph_file": "nonuniform_star_20_order_1.json",
        "c_guarantee": 0.75,
        "experiment_name": "nonuniform_star_20_order_1_mc_c75_r100_sim10000",
        "average_edge_weight": 0.05,
        "r": 1.0,
        "num_sim_instances": 10000,
        "rounding_scheme_class": "SimulatedRecursiveRoundingScheme",
        "parallel": true
    }
}