{
    "min_scaled_matching_probability": 8.712291214602889e-06,
    "scaled_matching_probabilities": {
        "(0, 10)": 6.859046743488376,
        "(0, 11)": 0.5861587982738276,
        "(0, 12)": 121.40901800076242,
        "(0, 13)": 3.9382645265300447,
        "(0, 14)": 0.5898862074038739,
        "(0, 15)": 15.405106868680566,
        "(0, 16)": 0.10640312809942587,
        "(0, 17)": 1.3531055465323736,
        "(0, 18)": 1.2342846981062692,
        "(0, 19)": 0.4418691436155301,
        "(10, 1)": 1.7539910726490826,
        "(10, 2)": 2.172125242208123,
        "(10, 3)": 3.4459436992561367,
        "(10, 4)": 1.3670558158218526,
        "(10, 5)": 0.4461337269311321,
        "(10, 6)": 0.42986408920374086,
        "(10, 7)": 1.134111342883705,
        "(10, 8)": 0.7357226293694459,
        "(10, 9)": 1.8087929875144875,
        "(11, 1)": 0.6624104705416037,
        "(11, 2)": 0.5835751783472726,
        "(11, 3)": 31.41757466455808,
        "(11, 4)": 0.5414980452792869,
        "(11, 5)": 14.059415281416408,
        "(11, 6)": 0.7842892745750176,
        "(11, 7)": 181.97184339470834,
        "(11, 8)": 1.2371795403483297,
        "(11, 9)": 1.3977460197042797,
        "(12, 1)": 0.8564926493016785,
        "(12, 2)": 0.4590283322375255,
        "(12, 3)": 0.8764757972845227,
        "(12, 4)": 0.7011778321902751,
        "(12, 5)": 1272.6195946028631,
        "(12, 6)": 0.5633588314139018,
        "(12, 7)": 0.2362877391772632,
        "(12, 8)": 0.5814287329493506,
        "(12, 9)": 0.8141508415104683,
        "(13, 1)": 1.6801496626123553,
        "(13, 2)": 0.49864808368947433,
        "(13, 3)": 1.0580197842438384,
        "(13, 4)": 0.8440972520397412,
        "(13, 5)": 0.07244950375875095,
        "(13, 6)": 0.7250405155629137,
        "(13, 7)": 1.48876549725369,
        "(13, 8)": 0.5818024831144794,
        "(13, 9)": 6.860995273276317,
        "(14, 1)": 2.2568286285982078,
        "(14, 2)": 0.8347466064074123,
        "(14, 3)": 1.3572248704425722,
        "(14, 4)": 0.7448104684930035,
        "(14, 5)": 0.00019921408978736336,
        "(14, 6)": 0.66732515048,
        "(14, 7)": 0.35588940790460877,
        "(14, 8)": 0.8742521655466566,
        "(14, 9)": 0.34692847588422004,
        "(15, 1)": 0.3068980420347669,
        "(15, 2)": 0.5425242896165832,
        "(15, 3)": 0.5208861576908045,
        "(15, 4)": 0.45452294771951407,
        "(15, 5)": 0.8857365989643484,
        "(15, 6)": 0.9789585964324204,
        "(15, 7)": 0.781439936449236,
        "(15, 8)": 1.4043682385277176,
        "(15, 9)": 8.208734052557462,
        "(16, 1)": 0.25533580997331295,
        "(16, 2)": 0.7288896758353828,
        "(16, 3)": 5.442370870267932,
        "(16, 4)": 1.8625302259991439,
        "(16, 5)": 0.7619955624027642,
        "(16, 6)": 4.767756057583246,
        "(16, 7)": 0.534167753190862,
        "(16, 8)": 0.4490729976592826,
        "(16, 9)": 0.9762231616312402,
        "(17, 1)": 3.2657615519387804,
        "(17, 2)": 0.9968934310402076,
        "(17, 3)": 1.0704766989420202,
        "(17, 4)": 0.677232674799912,
        "(17, 5)": 16.590232128011177,
        "(17, 6)": 0.3283819508287963,
        "(17, 7)": 10.80940566948641,
        "(17, 8)": 0.9203865022096704,
        "(17, 9)": 10.164365546437432,
        "(18, 1)": 0.8213111316952734,
        "(18, 2)": 2.6146580802059654,
        "(18, 3)": 13.135947449116188,
        "(18, 4)": 0.8443344075271537,
        "(18, 5)": 4.126799059055453,
        "(18, 6)": 17.103725310951713,
        "(18, 7)": 0.4583139031143677,
        "(18, 8)": 0.4228655663202823,
        "(18, 9)": 0.9829480249858854,
        "(19, 1)": 0.26023201621360287,
        "(19, 2)": 0.1985438542606923,
        "(19, 3)": 9.33002062287647,
        "(19, 4)": 1.133621957921164,
        "(19, 5)": 0.9249596373015676,
        "(19, 6)": 8.712291214602889e-06,
        "(19, 7)": 0.8513100811835125,
        "(19, 8)": 34.762796957471416,
        "(19, 9)": 1.0963532748968794
    },
    "matching_probabilities": {
        "(0, 10)": 0.00892562022076477,
        "(0, 11)": 0.11863259679399253,
        "(0, 12)": 0.09491709299419414,
        "(0, 13)": 0.025883614254926458,
        "(0, 14)": 0.0225525183318254,
        "(0, 15)": 0.07161123961292731,
        "(0, 16)": 0.012862821392153376,
        "(0, 17)": 0.20294635519701917,
        "(0, 18)": 0.579702245962866,
        "(0, 19)": 0.0021581189792297217,
        "(10, 1)": 0.014704048051611605,
        "(10, 2)": 0.014863994476468792,
        "(10, 3)": 0.005481448042801012,
        "(10, 4)": 0.209613218946508,
        "(10, 5)": 0.006213068811812276,
        "(10, 6)": 0.0827018748979383,
        "(10, 7)": 0.05740068258847295,
        "(10, 8)": 0.24752491916812927,
        "(10, 9)": 0.33943228471942755,
        "(11, 1)": 0.4099006503282182,
        "(11, 2)": 0.02605427433823769,
        "(11, 3)": 0.005174255917099875,
        "(11, 4)": 0.0001739075933602117,
        "(11, 5)": 0.10030125427103152,
        "(11, 6)": 0.013619323919273193,
        "(11, 7)": 0.27186774297357313,
        "(11, 8)": 0.02265573683573665,
        "(11, 9)": 0.12485024279253822,
        "(12, 1)": 0.0015010733393376753,
        "(12, 2)": 0.06964043163386088,
        "(12, 3)": 0.4161436247308672,
        "(12, 4)": 0.006918791672889171,
        "(12, 5)": 0.2394507409160703,
        "(12, 6)": 0.023569722398969345,
        "(12, 7)": 0.009959824997156568,
        "(12, 8)": 0.08715492013034512,
        "(12, 9)": 0.08653970832485346,
        "(13, 1)": 0.16344956852258266,
        "(13, 2)": 0.00045735428509860514,
        "(13, 3)": 0.0013765286964659946,
        "(13, 4)": 0.09691549154302781,
        "(13, 5)": 0.00019930696578040257,
        "(13, 6)": 0.2806315951726097,
        "(13, 7)": 0.3993949849202575,
        "(13, 8)": 0.0025697711985355307,
        "(13, 9)": 0.1679696879236988,
        "(14, 1)": 0.36963116480875396,
        "(14, 2)": 0.030823549770136297,
        "(14, 3)": 0.12437476394356235,
        "(14, 4)": 0.18575682882713423,
        "(14, 5)": 1.90880874792579e-05,
        "(14, 6)": 0.006006692049799503,
        "(14, 7)": 0.004717258377262162,
        "(14, 8)": 0.009099079968846126,
        "(14, 9)": 0.09568771146503519,
        "(15, 1)": 0.005295785273445086,
        "(15, 2)": 0.027461118910071945,
        "(15, 3)": 0.1513257758218171,
        "(15, 4)": 0.0054564907442035,
        "(15, 5)": 0.45376148574780617,
        "(15, 6)": 0.09308809273003156,
        "(15, 7)": 0.01009462009341124,
        "(15, 8)": 0.0007720654891888269,
        "(15, 9)": 0.017420882936401382,
        "(16, 1)": 0.0043020192940416875,
        "(16, 2)": 0.0010414300113856607,
        "(16, 3)": 0.036581935451425344,
        "(16, 4)": 0.06552078127607013,
        "(16, 5)": 0.0001528999250541389,
        "(16, 6)": 0.5977492704763732,
        "(16, 7)": 0.27651844480273735,
        "(16, 8)": 0.018495990536068315,
        "(16, 9)": 0.11156961538792477,
        "(17, 1)": 0.027621933076381295,
        "(17, 2)": 0.6262180862647582,
        "(17, 3)": 0.10823566070375389,
        "(17, 4)": 0.019032164926583453,
        "(17, 5)": 0.005080115929856942,
        "(17, 6)": 0.005279310497170175,
        "(17, 7)": 0.04792840177745516,
        "(17, 8)": 0.05028692181079901,
        "(17, 9)": 0.047594750564715946,
        "(18, 1)": 0.0005784044571839758,
        "(18, 2)": 0.16545555995435857,
        "(18, 3)": 0.07633351045048514,
        "(18, 4)": 0.009231514811843452,
        "(18, 5)": 0.011092000670716171,
        "(18, 6)": 0.05057176346405995,
        "(18, 7)": 0.0005556118880524977,
        "(18, 8)": 0.15975479820311253,
        "(18, 9)": 0.059162415254213785,
        "(19, 1)": 0.017127911148328245,
        "(19, 2)": 0.0029726452990889254,
        "(19, 3)": 0.22296218314993865,
        "(19, 4)": 0.3280423314051173,
        "(19, 5)": 0.33720985867034986,
        "(19, 6)": 9.122501558240176e-07,
        "(19, 7)": 0.06611252023508163,