{
    "min_scaled_matching_probability": 0.5616211060423415,
    "scaled_matching_probabilities": {
        "(0, 1)": 0.7571558814580468,
        "(0, 2)": 0.8302090801301337,
        "(0, 3)": 0.8569950122943683,
        "(0, 4)": 0.8212656373739156,
        "(0, 5)": 0.5616211060423415,
        "(0, 6)": 0.9059446254816456,
        "(0, 7)": 0.8534658084644753,
        "(0, 8)": 0.6573487428016972,
        "(0, 9)": 0.8962403321412382,
        "(1, 2)": 0.957135479804221,
        "(1, 3)": 0.9710326174691402,
        "(1, 4)": 0.8426932568847375,
        "(1, 5)": 0.8744461563961677,
        "(1, 6)": 0.6848243510598023,
        "(1, 7)": 0.6839259200074657,
        "(1, 8)": 0.8484339028741424,
        "(1, 9)": 0.970890163240843,
        "(2, 3)": 0.8204630639796759,
        "(2, 4)": 1.0164468192533587,
        "(2, 5)": 0.8890082607816691,
        "(2, 6)": 0.915744997802885,
        "(2, 7)": 0.5744292770366947,
        "(2, 8)": 0.9249538405298934,
        "(2, 9)": 0.8538792618101583,
        "(3, 4)": 0.9743871707104754,
        "(3, 5)": 0.9924574745478811,
        "(3, 6)": 0.6607876192917682,
        "(3, 7)": 0.8638464566777732,
        "(3, 8)": 0.9475202401525283,
        "(3, 9)": 0.5633958355342137,
        "(4, 5)": 1.0010566722573553,
        "(4, 6)": 0.8872383190000444,
        "(4, 7)": 0.77239836980378,
        "(4, 8)": 0.8945853015802067,
        "(4, 9)": 0.8765288391196603,
        "(5, 6)": 0.8359575859537324,
        "(5, 7)": 0.8891275122542216,
        "(5, 8)": 0.851389595340524,
        "(5, 9)": 0.8618223969760892,
        "(6, 7)": 0.8066701794328339,
        "(6, 8)": 0.8770414414846187,
        "(6, 9)": 0.7691631558662463,
        "(7, 8)": 0.8825595132277139,
        "(7, 9)": 0.9251602914327076,
        "(8, 9)": 0.9302256023914374
    },
    "matching_probabilities": {
        "(0, 1)": 0.040608935903465315,
        "(0, 2)": 0.053078738688099064,
        "(0, 3)": 0.10854233336487205,
        "(0, 4)": 0.024027250722042395,
        "(0, 5)": 0.04392818632599561,
        "(0, 6)": 0.02698366185091826,
        "(0, 7)": 0.003824012565537247,
        "(0, 8)": 0.32892828517640443,
        "(0, 9)": 0.08735011597905566,
        "(1, 2)": 0.1270622644366152,
        "(1, 3)": 0.001829771834570073,
        "(1, 4)": 0.19909314392486985,
        "(1, 5)": 0.044071527895132814,
        "(1, 6)": 0.014654007431267746,
        "(1, 7)": 0.17299305823069464,
        "(1, 8)": 0.0017881374368735087,
        "(1, 9)": 0.23834650466171983,
        "(2, 3)": 0.2197403452054313,
        "(2, 4)": 0.0033780186227692376,
        "(2, 5)": 0.08648852365870735,
        "(2, 6)": 0.07031257532606744,
        "(2, 7)": 0.1358189247758537,
        "(2, 8)": 0.0035325666010996358,
        "(2, 9)": 0.008569024848297321,
        "(3, 4)": 0.016586281335850196,
        "(3, 5)": 0.0289971902124191,
        "(3, 6)": 0.007106154710815747,
        "(3, 7)": 0.010688907476195516,
        "(3, 8)": 0.15368825096223304,
        "(3, 9)": 0.14525440527521233,
        "(4, 5)": 0.12741783907685514,
        "(4, 6)": 0.4023106714277041,
        "(4, 7)": 0.0003092793834469685,
        "(4, 8)": 0.008572208777954234,
        "(4, 9)": 0.10556321976608733,
        "(5, 6)": 0.05685308714542502,
        "(5, 7)": 0.39159367452903043,
        "(5, 8)": 0.0017550698363465185,
        "(5, 9)": 0.07375270881645077,
        "(6, 7)": 0.0013549133842581818,
        "(6, 8)": 0.23267745148192612,
        "(6, 9)": 0.03886710296312981,
        "(7, 8)": 0.0003546526078607567,
        "(7, 9)": 0.046862289360348384,
        "(8, 9)": 0.04814174232303699
    },
    "matching_counts": {
        "(0, 1)": 406.08935903465317,
        "(0, 2)": 530.7873868809907,
        "(0, 3)": 1085.4233336487205,
        "(0, 4)": 240.27250722042396,
        "(0, 5)": 439.28186325995614,
        "(0, 6)": 269.8366185091826,
        "(0, 7)": 38.24012565537247,
        "(0, 8)": 3289.282851764044,
        "(0, 9)": 873.5011597905566,
        "(1, 2)": 1270.622644366152,
        "(1, 3)": 18.29771834570073,
        "(1, 4)": 1990.9314392486986,
        "(1, 5)": 440.7152789513281,
        "(1, 6)": 146.54007431267746,
        "(1, 7)": 1729.9305823069465,
        "(1, 8)": 17.881374368735088,
        "(1, 9)": 2383.4650466171984,
        "(2, 3)": 2197.4034520543128,
        "(2, 4)": 33.780186227692376,
        "(2, 5)": 864.8852365870736,
        "(2, 6)": 703.1257532606744,
        "(2, 7)": 1358.189247758537,
        "(2, 8)": 35.32566601099636,
        "(2, 9)": 85.69024848297322,
        "(3, 4)": 165.86281335850197,
        "(3, 5)": 289.971902124191,
        "(3, 6)": 71.06154710815747,
        "(3, 7)": 106.88907476195516,
        "(3, 8)": 1536.8825096223304,
        "(3, 9)": 1452.5440527521232,
        "(4, 5)": 1274.1783907685513,
        "(4, 6)": 4023.106714277041,
        "(4, 7)": 3.092793834469685,
        "(4, 8)": 85.72208777954233,
        "(4, 9)": 1055.6321976608733,
        "(5, 6)": 568.5308714542502,
        "(5, 7)": 3915.9367452903043,
        "(5, 8)": 17.550698363465184,
        "(5, 9)": 737.5270881645077,
        "(6, 7)": 13.549133842581819,
        "(6, 8)": 2326.774514819261,
        "(6, 9)": 388.6710296312981,
        "(7, 8)": 3.5465260786075667,
        "(7, 9)": 468.6228936034838,
        "(8, 9)": 481.4174232303699
    },
    "average_num_matching_probability_capped": 0.0,
    "average_num_matching_probability_exceeds_one": 7.6823,
    "average_num_proposal_matching_probability_exceeds_one": 0.3105,
    "simulation_parameters": {
        "graph_file": "nonuniform_complete_10_order_0.json",
        "c_guarantee": 0.9,
        "experiment_name": "nonuniform_complete_10_order_0_mc_c90_r40_sim10000",
        "average_edge_weight": 0.1111111111111111,
        "r": 0.4,
        "num_sim_instances": 10000,
        "rounding_scheme_class": "SimulatedRecursiveRoundingScheme",
        "parallel": true
    }
}