{
    "min_scaled_matching_probability": 0.5041359453981543,
    "scaled_matching_probabilities": {
        "(0, 2)": 0.7333053077248612,
        "(0, 3)": 0.6423981860055022,
        "(0, 4)": 0.5041359453981543,
        "(0, 5)": 0.5325223217533454,
        "(0, 6)": 0.5791862097250099,
        "(0, 7)": 0.6135683655724559,
        "(0, 8)": 0.5323428429488299,
        "(0, 9)": 0.653095721324718,
        "(0, 10)": 0.6091242134643906,
        "(0, 11)": 0.5841578521929827,
        "(0, 12)": 0.6927429848890723,
        "(0, 13)": 0.5627626122206517,
        "(0, 14)": 0.5270251023416307,
        "(0, 15)": 0.6479051142622038,
        "(0, 16)": 0.5219060085670792,
        "(0, 19)": 0.7369287538637878,
        "(0, 20)": 0.5989152378147364
    },
    "matching_probabilities": {
        "(0, 2)": 2.2104004246669443e-06,
        "(0, 3)": 0.00012442111308756738,
        "(0, 4)": 3.374603135172273e-06,
        "(0, 5)": 6.646552904281674e-07,
        "(0, 6)": 0.023771538469073473,
        "(0, 7)": 0.09299490755691822,
        "(0, 8)": 0.00010116720551826594,
        "(0, 9)": 0.013132941018507592,
        "(0, 10)": 0.21480928359975238,
        "(0, 11)": 0.00979360460276554,
        "(0, 12)": 1.2650323805619978e-05,
        "(0, 13)": 0.0043604485975431645,
        "(0, 14)": 1.4036765468587122e-05,
        "(0, 15)": 0.029917344719346085,
        "(0, 16)": 0.00258554726976444,
        "(0, 19)": 0.0011710129619144287,
        "(0, 20)": 0.21378794133002452
    },
    "matching_counts": {
        "(0, 2)": 0.022104004246669442,
        "(0, 3)": 1.2442111308756738,
        "(0, 4)": 0.03374603135172273,
        "(0, 5)": 0.006646552904281674,
        "(0, 6)": 237.71538469073474,
        "(0, 7)": 929.9490755691822,
        "(0, 8)": 1.0116720551826595,
        "(0, 9)": 131.32941018507591,
        "(0, 10)": 2148.0928359975237,
        "(0, 11)": 97.9360460276554,
        "(0, 12)": 0.12650323805619978,
        "(0, 13)": 43.60448597543164,
        "(0, 14)": 0.14036765468587123,
        "(0, 15)": 299.17344719346085,
        "(0, 16)": 25.8554726976444,
        "(0, 19)": 11.710129619144286,
        "(0, 20)": 2137.8794133002452
    },
    "average_num_matching_probability_capped": 0.0,
    "average_num_matching_probability_exceeds_one": 0.0,
    "average_num_proposal_matching_probability_exceeds_one": 0.0,
    "simulation_parameters": {
        "graph_file": "nonuniform_star_20_order_0.json",
        "c_guarantee": 0.6,
        "experiment_name": "nonuniform_star_20_order_0_tr_c60_r70_sim10000",
        "average_edge_weight": 0.05,
        "r": 0.7,
        "num_sim_instances": 10000,
        "rounding_scheme_class": "SimpleRecursiveRoundingSchemeForTree",
        "parallel": true
    }
}