{
    "min_scaled_matching_probability": 0.09074856597140958,
    "scaled_matching_probabilities": {
        "(0, 10)": 0.1937948809718248,
        "(0, 11)": 0.4362146408189913,
        "(0, 12)": 0.23358595668384133,
        "(0, 13)": 0.2766642101425601,
        "(0, 14)": 0.40492347705778947,
        "(0, 15)": 0.23363866571854996,
        "(0, 16)": 0.7589885413487845,
        "(0, 17)": 0.2977378003594133,
        "(0, 18)": 0.22248709818786067,
        "(0, 19)": 0.12235146156674674,
        "(10, 1)": 0.23984619218637707,
        "(10, 2)": 0.6333503815398145,
        "(10, 3)": 0.2264908899391701,
        "(10, 4)": 0.29794595955689834,
        "(10, 5)": 0.3139975440126885,
        "(10, 6)": 0.2030764484966257,
        "(10, 7)": 0.2302694073568508,
        "(10, 8)": 0.26051316057736307,
        "(10, 9)": 1.4120036628224202,
        "(11, 1)": 0.40807687139342946,
        "(11, 2)": 0.9990440454591324,
        "(11, 3)": 0.44384863016318915,
        "(11, 4)": 0.26584402842427507,
        "(11, 5)": 0.36008647305289254,
        "(11, 6)": 0.34289696105182926,
        "(11, 7)": 0.32417135659492896,
        "(11, 8)": 0.3243143735787972,
        "(11, 9)": 1.750288109950135,
        "(12, 1)": 0.41182801706973077,
        "(12, 2)": 0.10985952540214552,
        "(12, 3)": 0.43781836920318085,
        "(12, 4)": 0.22528615541236105,
        "(12, 5)": 0.32228656486263607,
        "(12, 6)": 0.34876742429168417,
        "(12, 7)": 0.4976685089914624,
        "(12, 8)": 0.6766410885793137,
        "(12, 9)": 0.50179983764618,
        "(13, 1)": 0.31542127291369193,
        "(13, 2)": 0.4404159483828717,
        "(13, 3)": 0.6978603627258884,
        "(13, 4)": 0.6472156818234871,
        "(13, 5)": 0.16336974922674055,
        "(13, 6)": 0.2632063544559374,
        "(13, 7)": 1.407785009901486,
        "(13, 8)": 0.22323927468893812,
        "(13, 9)": 0.16930680789684485,
        "(14, 1)": 0.6725037267793113,
        "(14, 2)": 4.152794934542223,
        "(14, 3)": 0.4264094700262871,
        "(14, 4)": 0.11745283662142626,
        "(14, 5)": 0.19057229316315677,
        "(14, 6)": 0.2281474231161662,
        "(14, 7)": 2.215054807534947,
        "(14, 8)": 0.9166176970562036,
        "(14, 9)": 0.09074856597140958,
        "(15, 1)": 0.23040255416882796,
        "(15, 2)": 0.2868614464420456,
        "(15, 3)": 0.2884577353117423,
        "(15, 4)": 0.5215758332667895,
        "(15, 5)": 0.6973622524212214,
        "(15, 6)": 0.4786897457673255,
        "(15, 7)": 0.16138201041969463,
        "(15, 8)": 1.0600025777846156,
        "(15, 9)": 0.6037530979429636,
        "(16, 1)": 0.2915553180184272,
        "(16, 2)": 0.9737476638749586,
        "(16, 3)": 0.29303037106873325,
        "(16, 4)": 0.42768482755824927,
        "(16, 5)": 0.6069384656964286,
        "(16, 6)": 0.15795013420420526,
        "(16, 7)": 0.2490168553124143,
        "(16, 8)": 0.5782442812077118,
        "(16, 9)": 0.24685301670287293,
        "(17, 1)": 0.1805666092703879,
        "(17, 2)": 0.14881877512467798,
        "(17, 3)": 0.8636145724478159,
        "(17, 4)": 0.1275408769926338,
        "(17, 5)": 0.6007743479661986,
        "(17, 6)": 0.4561708261545585,
        "(17, 7)": 1.2768920333589808,
        "(17, 8)": 0.4910386231717641,
        "(17, 9)": 0.5210402018088525,
        "(18, 1)": 0.32971192487494494,
        "(18, 2)": 0.39148160735772225,
        "(18, 3)": 0.5343999517123753,
        "(18, 4)": 1.4351786314591537,
        "(18, 5)": 0.2801090456895286,
        "(18, 6)": 0.14030198980205738,
        "(18, 7)": 0.718247896048516,
        "(18, 8)": 0.9576927095927555,
        "(18, 9)": 0.28299441813564014,
        "(19, 1)": 0.19394963676621424,
        "(19, 2)": 1.0395260689576746,
        "(19, 3)": 0.45551441771252726,
        "(19, 4)": 1.2684357924322827,
        "(19, 5)": 0.21918237191279483,
        "(19, 6)": 0.22325586633401584,
        "(19, 7)": 0.5245355977668318,
        "(19, 8)": 0.4453305553293915,
        "(19, 9)": 0.29817685482851103
    },
    "matching_probabilities": {
        "(0, 10)": 0.0002521836594749768,
        "(0, 11)": 0.08828541984239004,
        "(0, 12)": 0.0001826165826706443,
        "(0, 13)": 0.0018183313094469725,
        "(0, 14)": 0.015481026721277274,
        "(0, 15)": 0.0010860784424437243,
        "(0, 16)": 0.09175232176386654,
        "(0, 17)": 0.04465638437605427,
        "(0, 18)": 0.10449474964337518,
        "(0, 19)": 0.0005975728678023302,
        "(10, 1)": 0.0020106772434013076,
        "(10, 2)": 0.004334057903266696,
        "(10, 3)": 0.000360278099040713,
        "(10, 4)": 0.04568460989815659,
        "(10, 5)": 0.004372877973406476,
        "(10, 6)": 0.03907003041215985,
        "(10, 7)": 0.011654606264600022,
        "(10, 8)": 0.08764648039902145,
        "(10, 9)": 0.26497207398100636,
        "(11, 1)": 0.25251861558182553,
        "(11, 2)": 0.04460328095189399,
        "(11, 3)": 7.30987807123545e-05,
        "(11, 4)": 8.537850800293154e-05,
        "(11, 5)": 0.002568892387791999,
        "(11, 6)": 0.00595446722898233,
        "(11, 7)": 0.0004843152292686369,
        "(11, 8)": 0.005938977214074596,
        "(11, 9)": 0.15634020229969975,
        "(12, 1)": 0.0007217622443341411,
        "(12, 2)": 0.016667086170484267,
        "(12, 3)": 0.20787262317846325,
        "(12, 4)": 0.00222298524643215,
        "(12, 5)": 6.0640082135255644e-05,
        "(12, 6)": 0.01459167925303905,
        "(12, 7)": 0.020977352753933174,
        "(12, 8)": 0.10142704804576123,
        "(12, 9)": 0.05333853307428027,
        "(13, 1)": 0.030685046759719302,
        "(13, 2)": 0.00040394444059291235,
        "(13, 3)": 0.000907945985249139,
        "(13, 4)": 0.07431042547136021,
        "(13, 5)": 0.00044942652922938786,
        "(13, 6)": 0.10187571249475597,
        "(13, 7)": 0.37767013934549654,
        "(13, 8)": 0.000986028549425622,
        "(13, 9)": 0.004144939699427969,
        "(14, 1)": 0.11014497632550203,
        "(14, 2)": 0.15334459627327632,
        "(14, 3)": 0.03907574811867774,
        "(14, 4)": 0.029292910600050986,
        "(14, 5)": 0.018260056840878454,
        "(14, 6)": 0.00205358858665584,
        "(14, 7)": 0.029360204644639946,
        "(14, 8)": 0.00954001380272116,
        "(14, 9)": 0.025029719957135748,
        "(15, 1)": 0.003975790934479755,
        "(15, 2)": 0.01452015410596182,
        "(15, 3)": 0.08380159453913699,
        "(15, 4)": 0.00626145219047711,
        "(15, 5)": 0.35725760020878045,
        "(15, 6)": 0.0455180797280839,
        "(15, 7)": 0.002084728472542791,
        "(15, 8)": 0.0005827470219752798,
        "(15, 9)": 0.0012813074433172984,
        "(16, 1)": 0.004912262810010189,
        "(16, 2)": 0.0013912805659015636,
        "(16, 3)": 0.001969659616235577,
        "(16, 4)": 0.015045255991217778,
        "(16, 5)": 0.00012178659626945008,
        "(16, 6)": 0.019802728233555483,
        "(16, 7)": 0.12890660873729998,
        "(16, 8)": 0.023816174226685628,
        "(16, 9)": 0.028212090445454918,
        "(17, 1)": 0.0015272391195048408,
        "(17, 2)": 0.09348342125356275,
        "(17, 3)": 0.08731987714880851,
        "(17, 4)": 0.0035842615043966495,
        "(17, 5)": 0.00018396387174109867,
        "(17, 6)": 0.007333738729983108,
        "(17, 7)": 0.005661679862198075,
        "(17, 8)": 0.02682875160624173,
        "(17, 9)": 0.0024397763270107356,
        "(18, 1)": 0.0002321980545189217,
        "(18, 2)": 0.024772955610357247,
        "(18, 3)": 0.0031054192669992724,
        "(18, 4)": 0.015691499334676003,
        "(18, 5)": 0.0007528764250937492,
        "(18, 6)": 0.00041484056325807465,
        "(18, 7)": 0.0008707287012274355,
        "(18, 8)": 0.36180767068109326,
        "(18, 9)": 0.017033080951157884,
        "(19, 1)": 0.012765347608326332,
        "(19, 2)": 0.01556402888255609,
        "(19, 3)": 0.010885558900098785,
        "(19, 4)": 0.3670541415325342,