{
    "min_scaled_matching_probability": 0.6116137682763939,
    "scaled_matching_probabilities": {
        "(0, 1)": 0.7886498889147137,
        "(0, 2)": 0.7840796238943305,
        "(0, 3)": 0.8259132218207181,
        "(0, 4)": 0.8443137210935487,
        "(0, 5)": 0.7463479087402324,
        "(0, 6)": 0.8090907679104582,
        "(0, 7)": 0.7259704935292705,
        "(0, 8)": 0.7980421760729034,
        "(0, 9)": 0.7966720837299309,
        "(1, 2)": 0.777715942462262,
        "(1, 3)": 1.053138571852554,
        "(1, 4)": 0.7862342078156997,
        "(1, 5)": 0.8408583936638867,
        "(1, 6)": 0.8255361635432987,
        "(1, 7)": 0.8031268090334411,
        "(1, 8)": 0.8066548772799325,
        "(1, 9)": 0.8105212909581581,
        "(2, 3)": 0.7868390692122071,
        "(2, 4)": 0.8990569706259306,
        "(2, 5)": 0.7485062404723978,
        "(2, 6)": 0.8489276741588747,
        "(2, 7)": 0.7248381098393365,
        "(2, 8)": 0.7231794863679042,
        "(2, 9)": 0.7540268687318926,
        "(3, 4)": 0.8564155247913795,
        "(3, 5)": 0.7091331953429879,
        "(3, 6)": 0.6116137682763939,
        "(3, 7)": 0.7680874836468091,
        "(3, 8)": 0.8070947581687161,
        "(3, 9)": 0.8023455459338923,
        "(4, 5)": 0.8541613306995152,
        "(4, 6)": 0.7895063197395754,
        "(4, 7)": 0.769963101452816,
        "(4, 8)": 0.8157733180568744,
        "(4, 9)": 0.7793496629272615,
        "(5, 6)": 0.7933846885388056,
        "(5, 7)": 0.8200623821997265,
        "(5, 8)": 0.853519165102768,
        "(5, 9)": 0.7910879724646476,
        "(6, 7)": 0.750266266257141,
        "(6, 8)": 0.8154639218996682,
        "(6, 9)": 0.8577205573793897,
        "(7, 8)": 0.7042072822330797,
        "(7, 9)": 0.8448038432971804,
        "(8, 9)": 0.7717625802719094
    },
    "matching_probabilities": {
        "(0, 1)": 0.042298070415222926,
        "(0, 2)": 0.05012948962305571,
        "(0, 3)": 0.10460568260871898,
        "(0, 4)": 0.024701553969363233,
        "(0, 5)": 0.05837691932590285,
        "(0, 6)": 0.02409885888598156,
        "(0, 7)": 0.0032527609916323443,
        "(0, 8)": 0.3993293473952752,
        "(0, 9)": 0.07764591306087176,
        "(1, 2)": 0.10324384668921095,
        "(1, 3)": 0.001984488741168775,
        "(1, 4)": 0.18575423384065082,
        "(1, 5)": 0.04237872610126205,
        "(1, 6)": 0.017664986732177923,
        "(1, 7)": 0.2031438768108649,
        "(1, 8)": 0.001700085038816302,
        "(1, 9)": 0.1989771077800688,
        "(2, 3)": 0.21073500597474018,
        "(2, 4)": 0.002987889904496697,
        "(2, 5)": 0.0728195704625582,
        "(2, 6)": 0.06518221904448503,
        "(2, 7)": 0.17138181609196082,
        "(2, 8)": 0.002761953719420319,
        "(2, 9)": 0.007566965569289041,
        "(3, 4)": 0.014578136147074065,
        "(3, 5)": 0.020719144828516393,
        "(3, 6)": 0.006577335794056411,
        "(3, 7)": 0.009504022367469212,
        "(3, 8)": 0.13091116842397876,
        "(3, 9)": 0.20686028853822727,
        "(4, 5)": 0.1087205090350404,
        "(4, 6)": 0.35799492739315325,
        "(4, 7)": 0.00030830426707754196,
        "(4, 8)": 0.00781700659010997,
        "(4, 9)": 0.09385961541761129,
        "(5, 6)": 0.05395772416597114,
        "(5, 7)": 0.36117568870909306,
        "(5, 8)": 0.0017594597697854104,
        "(5, 9)": 0.06769942517866627,
        "(6, 7)": 0.001260175263481218,
        "(6, 8)": 0.2163410508879572,
        "(6, 9)": 0.043342056835409565,
        "(7, 8)": 0.0002829825585417021,
        "(7, 9)": 0.04279198158842127,
        "(8, 9)": 0.03994084357439355
    },
    "matching_counts": {
        "(0, 1)": 422.98070415222924,
        "(0, 2)": 501.29489623055713,
        "(0, 3)": 1046.0568260871898,
        "(0, 4)": 247.01553969363235,
        "(0, 5)": 583.7691932590285,
        "(0, 6)": 240.9885888598156,
        "(0, 7)": 32.52760991632344,
        "(0, 8)": 3993.2934739527523,
        "(0, 9)": 776.4591306087176,
        "(1, 2)": 1032.4384668921095,
        "(1, 3)": 19.844887411687754,
        "(1, 4)": 1857.5423384065082,
        "(1, 5)": 423.78726101262055,
        "(1, 6)": 176.64986732177923,
        "(1, 7)": 2031.4387681086491,
        "(1, 8)": 17.00085038816302,
        "(1, 9)": 1989.771077800688,
        "(2, 3)": 2107.3500597474017,
        "(2, 4)": 29.878899044966968,
        "(2, 5)": 728.195704625582,
        "(2, 6)": 651.8221904448503,
        "(2, 7)": 1713.818160919608,
        "(2, 8)": 27.61953719420319,
        "(2, 9)": 75.66965569289042,
        "(3, 4)": 145.78136147074065,
        "(3, 5)": 207.19144828516391,
        "(3, 6)": 65.77335794056411,
        "(3, 7)": 95.04022367469213,
        "(3, 8)": 1309.1116842397876,
        "(3, 9)": 2068.6028853822727,
        "(4, 5)": 1087.205090350404,
        "(4, 6)": 3579.9492739315324,
        "(4, 7)": 3.0830426707754195,
        "(4, 8)": 78.17006590109969,
        "(4, 9)": 938.5961541761129,
        "(5, 6)": 539.5772416597114,
        "(5, 7)": 3611.7568870909304,
        "(5, 8)": 17.594597697854105,
        "(5, 9)": 676.9942517866627,
        "(6, 7)": 12.60175263481218,
        "(6, 8)": 2163.410508879572,
        "(6, 9)": 433.4205683540957,
        "(7, 8)": 2.8298255854170207,
        "(7, 9)": 427.9198158842127,
        "(8, 9)": 399.4084357439355
    },
    "average_num_matching_probability_capped": 0.0,
    "average_num_matching_probability_exceeds_one": 2.0654,
    "average_num_proposal_matching_probability_exceeds_one": 0.1401,
    "simulation_parameters": {
        "graph_file": "nonuniform_complete_10_order_0.json",
        "c_guarantee": 0.8,
        "experiment_name": "nonuniform_complete_10_order_0_mc_c80_r90_sim10000",
        "average_edge_weight": 0.1111111111111111,
        "r": 0.9,
        "num_sim_instances": 10000,
        "rounding_scheme_class": "SimulatedRecursiveRoundingScheme",
        "parallel": true
    }
}