{
    "min_scaled_matching_probability": 1.4400620591326765e-05,
    "scaled_matching_probabilities": {
        "(0, 10)": 0.5760571271835145,
        "(0, 11)": 0.9794194946532397,
        "(0, 12)": 62.938085168009074,
        "(0, 13)": 0.030164934470744517,
        "(0, 14)": 0.1611348713539071,
        "(0, 15)": 2.3891817031783527,
        "(0, 16)": 0.025830665182293735,
        "(0, 17)": 1.8982648527674812,
        "(0, 18)": 1.1838302513310475,
        "(0, 19)": 0.8471467659179736,
        "(10, 1)": 1.323374843387861,
        "(10, 2)": 7.866572364435909,
        "(10, 3)": 0.9086603792575417,
        "(10, 4)": 1.6235424642758258,
        "(10, 5)": 0.7013793994703497,
        "(10, 6)": 0.23725892211759214,
        "(10, 7)": 2.1050334949651144,
        "(10, 8)": 1.3650092720550784,
        "(10, 9)": 0.8858732061124466,
        "(11, 1)": 0.9441162934926024,
        "(11, 2)": 0.9534849821709576,
        "(11, 3)": 0.5123101365118359,
        "(11, 4)": 1.2470028786307148,
        "(11, 5)": 14.812004774659366,
        "(11, 6)": 5.263539936874372,
        "(11, 7)": 20.821172562806897,
        "(11, 8)": 0.10060289950896353,
        "(11, 9)": 0.5484194953889457,
        "(12, 1)": 1.6119509580148705,
        "(12, 2)": 2.143424893583045,
        "(12, 3)": 0.9325165345672218,
        "(12, 4)": 0.5809789001431367,
        "(12, 5)": 102.25959728143629,
        "(12, 6)": 0.2551403407153992,
        "(12, 7)": 0.9866545539807853,
        "(12, 8)": 0.31236290809524225,
        "(12, 9)": 1.1364475719507783,
        "(13, 1)": 1.2152584087417675,
        "(13, 2)": 1.129776326770188,
        "(13, 3)": 4.3329687171036335,
        "(13, 4)": 0.49995608919031237,
        "(13, 5)": 0.20219231960233114,
        "(13, 6)": 1.5475402705609398,
        "(13, 7)": 0.9389159703699425,
        "(13, 8)": 2.613268878024264,
        "(13, 9)": 1.9533856326951728,
        "(14, 1)": 1.2112173370515928,
        "(14, 2)": 3.0962009882844947,
        "(14, 3)": 0.977448352937956,
        "(14, 4)": 1.284458328291554,
        "(14, 5)": 0.0001874373990830553,
        "(14, 6)": 0.27944915432200884,
        "(14, 7)": 0.8133843130572441,
        "(14, 8)": 2.3447231952136933,
        "(14, 9)": 0.15491916867904848,
        "(15, 1)": 0.7583523806222493,
        "(15, 2)": 0.7670242174994832,
        "(15, 3)": 0.001510284900109429,
        "(15, 4)": 2.005209324142106,
        "(15, 5)": 1.2183402034313842,
        "(15, 6)": 1.4143201929878295,
        "(15, 7)": 0.026999995868699264,
        "(15, 8)": 352.76567488824367,
        "(15, 9)": 28.699823353477154,
        "(16, 1)": 0.08174072533848474,
        "(16, 2)": 1.06108109504349,
        "(16, 3)": 27.24947568983974,
        "(16, 4)": 0.0619595620154453,
        "(16, 5)": 1.1884399863237132,
        "(16, 6)": 0.8772989967754544,
        "(16, 7)": 1.212106887500927,
        "(16, 8)": 0.0018405186860126076,
        "(16, 9)": 1.431142325351601,
        "(17, 1)": 8.263797068034995,
        "(17, 2)": 0.4076235019051196,
        "(17, 3)": 2.543827625514464,
        "(17, 4)": 0.7096826550344527,
        "(17, 5)": 24.776500994263383,
        "(17, 6)": 1.7746835049239178,
        "(17, 7)": 5.117860668024782,
        "(17, 8)": 0.7146791292327963,
        "(17, 9)": 4.808300161256224,
        "(18, 1)": 0.700599182212722,
        "(18, 2)": 2.4499676240364123,
        "(18, 3)": 4.792193231927106,
        "(18, 4)": 0.7062494862172835,
        "(18, 5)": 6.953330761263538,
        "(18, 6)": 30.835423578316366,
        "(18, 7)": 0.49485060662923175,
        "(18, 8)": 0.28314751347560585,
        "(18, 9)": 1.7539355477503962,
        "(19, 1)": 0.5461606308297915,
        "(19, 2)": 0.192794781949205,
        "(19, 3)": 2.848135920530252,
        "(19, 4)": 1.0624020350352523,
        "(19, 5)": 0.9000976988779059,
        "(19, 6)": 1.4400620591326765e-05,
        "(19, 7)": 0.1694204759350191,
        "(19, 8)": 6.507833299370527,
        "(19, 9)": 10.171533125396943
    },
    "matching_probabilities": {
        "(0, 10)": 0.0007496183267137044,
        "(0, 11)": 0.19822457385872824,
        "(0, 12)": 0.04920474756439356,
        "(0, 13)": 0.00019825421136802573,
        "(0, 14)": 0.00616050535593766,
        "(0, 15)": 0.011106204253147171,
        "(0, 16)": 0.0031226077523763326,
        "(0, 17)": 0.2847124040360656,
        "(0, 18)": 0.556005479601519,
        "(0, 19)": 0.004137522477268542,
        "(10, 1)": 0.011094108511099704,
        "(10, 2)": 0.05383146694379873,
        "(10, 3)": 0.001445402215517119,
        "(10, 4)": 0.24894079531683874,
        "(10, 5)": 0.009767740498062673,
        "(10, 6)": 0.04564642217900819,
        "(10, 7)": 0.10654188430508159,
        "(10, 8)": 0.4592407467726749,
        "(10, 9)": 0.16624012167122784,
        "(11, 1)": 0.5842206605998672,
        "(11, 2)": 0.04256925281371146,
        "(11, 3)": 8.437391439470294e-05,
        "(11, 4)": 0.0004004876313525246,
        "(11, 5)": 0.10567030188876886,
        "(11, 6)": 0.09140231504653333,
        "(11, 7)": 0.031107038787508406,
        "(11, 8)": 0.0018422813681071837,
        "(11, 9)": 0.04898622939091423,
        "(12, 1)": 0.002825075742761783,
        "(12, 2)": 0.3251847964073945,
        "(12, 3)": 0.4427513138623472,
        "(12, 4)": 0.005732742525356742,
        "(12, 5)": 0.019240734967985538,
        "(12, 6)": 0.01067452335547432,
        "(12, 7)": 0.041588728744507725,
        "(12, 8)": 0.04682253002638365,
        "(12, 9)": 0.12079805901894865,
        "(13, 1)": 0.11822367195755648,
        "(13, 2)": 0.0010362178481228852,
        "(13, 3)": 0.0056373764165907015,
        "(13, 4)": 0.057402734124204595,
        "(13, 5)": 0.0005562265527481204,
        "(13, 6)": 0.5989854158483702,
        "(13, 7)": 0.25188542488326576,
        "(13, 8)": 0.011542582391238483,
        "(13, 9)": 0.04782244587697604,
        "(14, 1)": 0.1983773466260135,
        "(14, 2)": 0.11432919227005903,
        "(14, 3)": 0.0895724141306369,
        "(14, 4)": 0.32034580059917955,
        "(14, 5)": 1.7959680835832548e-05,
        "(14, 6)": 0.0025153630316223368,
        "(14, 7)": 0.010781281711343748,
        "(14, 8)": 0.024403512737903785,
        "(14, 9)": 0.04272886702419623,
        "(15, 1)": 0.013086011701978765,
        "(15, 2)": 0.03882470084158673,
        "(15, 3)": 0.00043876196525210434,
        "(15, 4)": 0.02407228539784067,
        "(15, 5)": 0.624153796401453,
        "(15, 6)": 0.13448614655879956,
        "(15, 7)": 0.0003487852208535003,
        "(15, 8)": 0.19393645902811624,
        "(15, 9)": 0.0609078403241185,
        "(16, 1)": 0.0013772066579767139,
        "(16, 2)": 0.0015160616668438323,
        "(16, 3)": 0.1831625562705958,
        "(16, 4)": 0.0021796365256823275,
        "(16, 5)": 0.00023846908539369003,
        "(16, 6)": 0.10998986294151977,
        "(16, 7)": 0.6274618965003008,
        "(16, 8)": 7.580552911305156e-05,
        "(16, 9)": 0.1635609613462266,
        "(17, 1)": 0.06989550398575382,
        "(17, 2)": 0.2560566669731296,
        "(17, 3)": 0.25720584486905507,
        "(17, 4)": 0.01994410169317644,
        "(17, 5)": 0.007586843656910463,
        "(17, 6)": 0.028531121253933447,
        "(17, 7)": 0.022692356068248234,
        "(17, 8)": 0.03904774071029607,
        "(17, 9)": 0.022514917017667113,
        "(18, 1)": 0.0004933936410369232,
        "(18, 2)": 0.15503394809965454,
        "(18, 3)": 0.027847624510302375,
        "(18, 4)": 0.007721765848636228,
        "(18, 5)": 0.018689145840141613,
        "(18, 6)": 0.09117322215869599,
        "(18, 7)": 0.0005999051697643602,
        "(18, 8)": 0.106970577601364,
        "(18, 9)": 0.10556719233107557,
        "(19, 1)": 0.035947117090654845,
        "(19, 2)": 0.0028865688358082967,
        "(19, 3)": 0.06806272230440202,
        "(19, 4)": 0.3074330362315918,
        "(19, 5)": 0.32814601371537205,
        "(19, 6)": 1.507866077339242e-06,