{
    "min_scaled_matching_probability": 0.527998465422261,
    "scaled_matching_probabilities": {
        "(0, 10)": 0.8724711067740373,
        "(0, 11)": 0.7334330259491791,
        "(0, 12)": 0.7324591229677023,
        "(0, 13)": 0.8478754773051272,
        "(0, 14)": 0.724916360563543,
        "(0, 15)": 0.7008538192148347,
        "(0, 16)": 0.6580087885851194,
        "(0, 17)": 0.6982066371927483,
        "(0, 18)": 0.7344844534247729,
        "(0, 19)": 0.841068774974725,
        "(10, 1)": 0.6736810920591317,
        "(10, 2)": 0.7181649762005577,
        "(10, 3)": 0.7771234312083481,
        "(10, 4)": 0.682008212130567,
        "(10, 5)": 0.6598257760873788,
        "(10, 6)": 0.725880567714376,
        "(10, 7)": 0.5640959681774648,
        "(10, 8)": 0.7629803017672865,
        "(10, 9)": 0.7102144554969683,
        "(11, 1)": 0.6856371684661515,
        "(11, 2)": 0.7262535256657628,
        "(11, 3)": 0.7723604291018963,
        "(11, 4)": 0.7234134278460772,
        "(11, 5)": 0.6799923001185884,
        "(11, 6)": 0.7378277817191491,
        "(11, 7)": 0.6582367528575434,
        "(11, 8)": 0.7320456856230402,
        "(11, 9)": 0.685131828672586,
        "(12, 1)": 0.6067624150377395,
        "(12, 2)": 0.7083669450473626,
        "(12, 3)": 0.6910414038189236,
        "(12, 4)": 0.6903039064116562,
        "(12, 5)": 0.6234212078037421,
        "(12, 6)": 0.7005260624501857,
        "(12, 7)": 0.7341297546181146,
        "(12, 8)": 0.6570835844152872,
        "(12, 9)": 0.7246605942706973,
        "(13, 1)": 0.7606196166600127,
        "(13, 2)": 0.7830853394988081,
        "(13, 3)": 0.7383679018789197,
        "(13, 4)": 0.6659181702886547,
        "(13, 5)": 0.6740365055967866,
        "(13, 6)": 0.7116300562482921,
        "(13, 7)": 0.703076571769785,
        "(13, 8)": 0.5472543605398975,
        "(13, 9)": 0.7316773553503692,
        "(14, 1)": 0.6635489854979579,
        "(14, 2)": 0.5973702818690348,
        "(14, 3)": 0.7806693863730837,
        "(14, 4)": 0.7342351242968735,
        "(14, 5)": 0.6964607812487497,
        "(14, 6)": 0.6708769963260992,
        "(14, 7)": 0.6908864145753861,
        "(14, 8)": 0.8244223613346771,
        "(14, 9)": 0.6845625553732065,
        "(15, 1)": 0.5656615489279287,
        "(15, 2)": 0.7527523814421476,
        "(15, 3)": 0.6613196823559188,
        "(15, 4)": 0.6926600047804986,
        "(15, 5)": 0.6915022597116438,
        "(15, 6)": 0.8248207767833539,
        "(15, 7)": 0.8412127906377683,
        "(15, 8)": 0.6440917872319765,
        "(15, 9)": 0.5655121852188999,
        "(16, 1)": 0.7408581346780644,
        "(16, 2)": 0.6828460464546531,
        "(16, 3)": 0.5651450204713399,
        "(16, 4)": 0.7673217026861405,
        "(16, 5)": 0.6622018648087037,
        "(16, 6)": 0.6210519101546162,
        "(16, 7)": 0.7232078807127351,
        "(16, 8)": 0.661897009006095,
        "(16, 9)": 0.5853811237208724,
        "(17, 1)": 0.8177562565241355,
        "(17, 2)": 0.7048656010540444,
        "(17, 3)": 0.819130409471699,
        "(17, 4)": 0.6310949191249131,
        "(17, 5)": 0.6052133339980686,
        "(17, 6)": 0.7468639516420399,
        "(17, 7)": 0.7808444354220158,
        "(17, 8)": 0.74108494888666,
        "(17, 9)": 0.527998465422261,
        "(18, 1)": 0.9456365479130521,
        "(18, 2)": 0.6353796053238204,
        "(18, 3)": 0.8706457543600626,
        "(18, 4)": 0.652149005231058,
        "(18, 5)": 0.7474936230933572,
        "(18, 6)": 0.7982403594236445,
        "(18, 7)": 0.866876366702735,
        "(18, 8)": 0.6835013256119221,
        "(18, 9)": 0.5971691937674228,
        "(19, 1)": 0.7896801561842182,
        "(19, 2)": 0.8290568487256974,
        "(19, 3)": 0.5674768460071233,
        "(19, 4)": 0.747938935702209,
        "(19, 5)": 0.7117938050109593,
        "(19, 6)": 0.6182913098657189,
        "(19, 7)": 0.6794591890120673,
        "(19, 8)": 0.5639914711009956,
        "(19, 9)": 0.7876338247122753
    },
    "matching_probabilities": {
        "(0, 10)": 0.0011353393618505762,
        "(0, 11)": 0.14843940703280212,
        "(0, 12)": 0.0005726336629189662,
        "(0, 13)": 0.005572526081713963,
        "(0, 14)": 0.027714988595175096,
        "(0, 15)": 0.003257946290750232,
        "(0, 16)": 0.07954511933266434,
        "(0, 17)": 0.10472094549887029,
        "(0, 18)": 0.34496278527021806,
        "(0, 19)": 0.004107837155720893,
        "(10, 1)": 0.005647599525200944,
        "(10, 2)": 0.004914449697470815,
        "(10, 3)": 0.0012361669495445748,
        "(10, 4)": 0.1045735916837433,
        "(10, 5)": 0.009189045129670623,
        "(10, 6)": 0.1396527074712347,
        "(10, 7)": 0.028550542080339882,
        "(10, 8)": 0.25669543110789295,
        "(10, 9)": 0.1332765645013699,
        "(11, 1)": 0.4242733678616003,
        "(11, 2)": 0.032424286191192433,
        "(11, 3)": 0.00012720238793361037,
        "(11, 4)": 0.00023233156488364654,
        "(11, 5)": 0.0048511320870285105,
        "(11, 6)": 0.012812511762725532,
        "(11, 7)": 0.0009834122521552575,
        "(11, 8)": 0.013405519461259811,
        "(11, 9)": 0.061197724013383685,
        "(12, 1)": 0.0010634007020000555,
        "(12, 2)": 0.10746826795591191,
        "(12, 3)": 0.3281008734243025,
        "(12, 4)": 0.00681149446000708,
        "(12, 5)": 0.00011730030776241644,
        "(12, 6)": 0.029308504463761743,
        "(12, 7)": 0.030944491265865452,
        "(12, 8)": 0.09849542011482253,
        "(12, 9)": 0.07702739254847871,
        "(13, 1)": 0.0739951630020802,
        "(13, 2)": 0.0007182368634965152,
        "(13, 3)": 0.0009606480149254731,
        "(13, 4)": 0.07645776199958551,
        "(13, 5)": 0.001854259363915855,
        "(13, 6)": 0.2754409906357891,
        "(13, 7)": 0.1886161771600552,
        "(13, 8)": 0.0024171751321172877,
        "(13, 9)": 0.017912797217298004,
        "(14, 1)": 0.10867833796030034,
        "(14, 2)": 0.022058277893020544,
        "(14, 3)": 0.07153978147811013,
        "(14, 4)": 0.18311932239465453,
        "(14, 5)": 0.06673275134574197,
        "(14, 6)": 0.006038662737837458,
        "(14, 7)": 0.009157591247463912,
        "(14, 8)": 0.008580459150705813,
        "(14, 9)": 0.18881189879662458,
        "(15, 1)": 0.00976096843337731,
        "(15, 2)": 0.038102298924222754,
        "(15, 3)": 0.1921239651335694,
        "(15, 4)": 0.008315296122951895,
        "(15, 5)": 0.354255535033334,
        "(15, 6)": 0.07843129753870634,
        "(15, 7)": 0.010866764217083495,
        "(15, 8)": 0.0003540959038728267,
        "(15, 9)": 0.0012001511456858139,
        "(16, 1)": 0.012482330582090638,
        "(16, 2)": 0.0009756433511270236,
        "(16, 3)": 0.0037987302137972834,
        "(16, 4)": 0.02699312835211053,
        "(16, 5)": 0.00013287559730753955,
        "(16, 6)": 0.07786332222942136,
        "(16, 7)": 0.3743773697479539,
        "(16, 8)": 0.027261583034919313,
        "(16, 9)": 0.0669014518358247,
        "(17, 1)": 0.006916612934306846,
        "(17, 2)": 0.4427750991450954,
        "(17, 3)": 0.08282209333405378,
        "(17, 4)": 0.01773556272762956,
        "(17, 5)": 0.00018532313925941394,
        "(17, 6)": 0.012007135866969392,
        "(17, 7)": 0.0034622278940128516,
        "(17, 8)": 0.04049046872194764,
        "(17, 9)": 0.0024723584709262303,
        "(18, 1)": 0.0006659600400885756,
        "(18, 2)": 0.040206820608127414,
        "(18, 3)": 0.005059356932307604,
        "(18, 4)": 0.007130259228628997,
        "(18, 5)": 0.0020091115777770095,
        "(18, 6)": 0.0023602122876932767,
        "(18, 7)": 0.0010509103292282314,
        "(18, 8)": 0.25822063805022377,
        "(18, 9)": 0.035942868718007386,
        "(19, 1)": 0.05197504806487469,
        "(19, 2)": 0.012412834198363011,
        "(19, 3)": 0.013561157213581967,
        "(19, 4)": 0.2164351444518135,
        "(19, 5)": 0.2594966079713599,
        "(19, 6)": 0.06474029963831358,