{
    "min_scaled_matching_probability": 0.3997714565427983,
    "scaled_matching_probabilities": {
        "(0, 1)": 0.8678833226233084,
        "(0, 2)": 0.9429696667733487,
        "(0, 3)": 1.013387300089028,
        "(0, 4)": 1.0660621168990847,
        "(0, 5)": 0.3997714565427983,
        "(0, 6)": 0.9091851956607202,
        "(0, 7)": 0.9453685862928132,
        "(0, 8)": 0.5436430071002779,
        "(0, 9)": 1.0448761621248117,
        "(1, 2)": 1.029975631686925,
        "(1, 3)": 1.0201969519787295,
        "(1, 4)": 0.970755063581603,
        "(1, 5)": 1.026741775805309,
        "(1, 6)": 0.70806114198215,
        "(1, 7)": 0.4980896972620686,
        "(1, 8)": 1.0121782495396516,
        "(1, 9)": 1.0109240871520777,
        "(2, 3)": 0.9188721991853571,
        "(2, 4)": 1.0258326318392452,
        "(2, 5)": 0.9357748834590017,
        "(2, 6)": 1.027487827039528,
        "(2, 7)": 0.48979432551316654,
        "(2, 8)": 1.0743914562541068,
        "(2, 9)": 0.9939479584962391,
        "(3, 4)": 1.1040865064829317,
        "(3, 5)": 1.0215327847980022,
        "(3, 6)": 0.8075154382658507,
        "(3, 7)": 1.0108175269345347,
        "(3, 8)": 1.0863493752421984,
        "(3, 9)": 0.4270081105897062,
        "(4, 5)": 1.0843704413136004,
        "(4, 6)": 0.7607257682192183,
        "(4, 7)": 0.9377467580197211,
        "(4, 8)": 1.0011504287647228,
        "(4, 9)": 0.9423624733298837,
        "(5, 6)": 0.9306582616213508,
        "(5, 7)": 0.9817159863352469,
        "(5, 8)": 0.9745810187635945,
        "(5, 9)": 0.7189930407690094,
        "(6, 7)": 0.9001892454806298,
        "(6, 8)": 0.9731797165613727,
        "(6, 9)": 0.92951291400281,
        "(7, 8)": 0.9852017876014847,
        "(7, 9)": 1.0532464766103407,
        "(8, 9)": 0.9945434652586684
    },
    "matching_probabilities": {
        "(0, 1)": 0.046547638449598784,
        "(0, 2)": 0.060287994592423545,
        "(0, 3)": 0.12835013106961785,
        "(0, 4)": 0.03118910691297252,
        "(0, 5)": 0.031268830252085884,
        "(0, 6)": 0.027080182595626945,
        "(0, 7)": 0.004235789315979816,
        "(0, 8)": 0.27203149626709316,
        "(0, 9)": 0.10183658408598562,
        "(1, 2)": 0.13673198709909187,
        "(1, 3)": 0.0019224149785104846,
        "(1, 4)": 0.2293487885543667,
        "(1, 5)": 0.05174712986330668,
        "(1, 6)": 0.01515123289693341,
        "(1, 7)": 0.12598741688518766,
        "(1, 8)": 0.002133240803626198,
        "(1, 9)": 0.24817454308811085,
        "(2, 3)": 0.2460967508632002,
        "(2, 4)": 0.0034092110561601318,
        "(2, 5)": 0.09103828582662007,
        "(2, 6)": 0.07889239407113315,
        "(2, 7)": 0.11580770916776102,
        "(2, 8)": 0.004103295979284489,
        "(2, 9)": 0.009974671051517206,
        "(3, 4)": 0.01879405842575819,
        "(3, 5)": 0.029846699963143625,
        "(3, 6)": 0.00868407559124618,
        "(3, 7)": 0.012507471596599087,
        "(3, 8)": 0.17620640524577247,
        "(3, 9)": 0.11009099684343204,
        "(4, 5)": 0.13802229406196292,
        "(4, 6)": 0.34494463103167033,
        "(4, 7)": 0.00037548724918128843,
        "(4, 8)": 0.00959335066018872,
        "(4, 9)": 0.11349177851506567,
        "(5, 6)": 0.06329363611217574,
        "(5, 7)": 0.4323719209388186,
        "(5, 8)": 0.0020090188539639434,
        "(5, 9)": 0.06152971257529582,
        "(6, 7)": 0.001511991503050887,
        "(6, 8)": 0.2581827557659082,
        "(6, 9)": 0.04696984490035614,
        "(7, 8)": 0.00039589894846195394,
        "(7, 9)": 0.053350258989440486,
        "(8, 9)": 0.051470369242100994
    },
    "matching_counts": {
        "(0, 1)": 465.4763844959879,
        "(0, 2)": 602.8799459242355,
        "(0, 3)": 1283.5013106961785,
        "(0, 4)": 311.8910691297252,
        "(0, 5)": 312.6883025208588,
        "(0, 6)": 270.80182595626945,
        "(0, 7)": 42.35789315979816,
        "(0, 8)": 2720.314962670932,
        "(0, 9)": 1018.3658408598561,
        "(1, 2)": 1367.3198709909186,
        "(1, 3)": 19.224149785104846,
        "(1, 4)": 2293.487885543667,
        "(1, 5)": 517.4712986330668,
        "(1, 6)": 151.5123289693341,
        "(1, 7)": 1259.8741688518767,
        "(1, 8)": 21.332408036261977,
        "(1, 9)": 2481.7454308811084,
        "(2, 3)": 2460.967508632002,
        "(2, 4)": 34.09211056160132,
        "(2, 5)": 910.3828582662007,
        "(2, 6)": 788.9239407113314,
        "(2, 7)": 1158.0770916776103,
        "(2, 8)": 41.03295979284489,
        "(2, 9)": 99.74671051517207,
        "(3, 4)": 187.94058425758192,
        "(3, 5)": 298.46699963143624,
        "(3, 6)": 86.8407559124618,
        "(3, 7)": 125.07471596599088,
        "(3, 8)": 1762.0640524577248,
        "(3, 9)": 1100.9099684343205,
        "(4, 5)": 1380.2229406196293,
        "(4, 6)": 3449.446310316703,
        "(4, 7)": 3.7548724918128844,
        "(4, 8)": 95.9335066018872,
        "(4, 9)": 1134.9177851506568,
        "(5, 6)": 632.9363611217574,
        "(5, 7)": 4323.719209388186,
        "(5, 8)": 20.090188539639435,
        "(5, 9)": 615.2971257529582,
        "(6, 7)": 15.11991503050887,
        "(6, 8)": 2581.8275576590822,
        "(6, 9)": 469.6984490035614,
        "(7, 8)": 3.9589894846195395,
        "(7, 9)": 533.5025898944049,
        "(8, 9)": 514.7036924210099
    },
    "average_num_matching_probability_capped": 0.0,
    "average_num_matching_probability_exceeds_one": 9.005,
    "average_num_proposal_matching_probability_exceeds_one": 0.3247,
    "simulation_parameters": {
        "graph_file": "nonuniform_complete_10_order_0.json",
        "c_guarantee": 1.0,
        "experiment_name": "nonuniform_complete_10_order_0_mc_c100_r50_sim10000",
        "average_edge_weight": 0.1111111111111111,
        "r": 0.5,
        "num_sim_instances": 10000,
        "rounding_scheme_class": "SimulatedRecursiveRoundingScheme",
        "parallel": true
    }
}