{
    "min_scaled_matching_probability": 0.7262515750981686,
    "scaled_matching_probabilities": {
        "(0, 1)": 0.8079451530038199,
        "(0, 2)": 0.7926964888155363,
        "(0, 3)": 0.8014896452439267,
        "(1, 4)": 0.7768573632384633,
        "(1, 5)": 0.8066858407855362,
        "(1, 6)": 0.8081535414140509,
        "(2, 7)": 0.8031814373640227,
        "(2, 8)": 0.8086324869313368,
        "(2, 9)": 0.7949599674447276,
        "(3, 10)": 0.8132434286527298,
        "(3, 11)": 0.8172990870934829,
        "(3, 12)": 0.7838626475949495,
        "(4, 13)": 0.7998954645367925,
        "(4, 14)": 0.7941188551883915,
        "(4, 15)": 0.7942880570391,
        "(5, 16)": 0.7669112735195366,
        "(5, 17)": 0.7964555542453047,
        "(5, 18)": 0.7914858553706821,
        "(6, 19)": 0.8098466691478753,
        "(6, 20)": 0.8228343010613662,
        "(6, 21)": 0.8142972790138888,
        "(7, 22)": 0.7538059103557094,
        "(7, 23)": 0.8191714079161848,
        "(7, 24)": 0.817726817909424,
        "(8, 25)": 0.8063984723087136,
        "(8, 26)": 0.8257618066814357,
        "(8, 27)": 0.784468774440433,
        "(9, 28)": 0.8019327448438649,
        "(9, 29)": 0.8058928560992762,
        "(9, 30)": 0.7901272962093022,
        "(10, 31)": 0.8188518027980397,
        "(10, 32)": 0.7950972806914215,
        "(10, 33)": 0.8118378796262693,
        "(11, 34)": 0.8097890258323001,
        "(11, 35)": 0.7546865753107275,
        "(11, 36)": 0.8001572731343048,
        "(12, 37)": 0.8067841426782008,
        "(12, 38)": 0.8603132851784527,
        "(12, 39)": 0.842893268088308,
        "(13, 40)": 0.7873329141272756,
        "(13, 41)": 0.8162468588054713,
        "(13, 42)": 0.7934549469770966,
        "(14, 43)": 0.7703147223685956,
        "(14, 44)": 0.8031811390126594,
        "(14, 45)": 0.8146592778086287,
        "(15, 46)": 0.8306152790810916,
        "(15, 47)": 0.7909226850872701,
        "(15, 48)": 0.8079218374234042,
        "(16, 49)": 0.8096775957058563,
        "(16, 50)": 0.7887104577371248,
        "(16, 51)": 0.8629350681015102,
        "(17, 52)": 0.7616562051330531,
        "(17, 53)": 0.7918619797422799,
        "(17, 54)": 0.8791675950692419,
        "(18, 55)": 0.7411351625058267,
        "(18, 56)": 0.7937387353084387,
        "(18, 57)": 0.8527422532030575,
        "(19, 58)": 0.7979944425888412,
        "(19, 59)": 0.7912612541225312,
        "(19, 60)": 0.7865740100154711,
        "(20, 61)": 0.7984146812397063,
        "(20, 62)": 0.7595695573088586,
        "(20, 63)": 0.7467015000768003,
        "(21, 64)": 0.8132199023577543,
        "(21, 65)": 0.7938862781805673,
        "(21, 66)": 0.7753878939591334,
        "(22, 67)": 0.8019544171258807,
        "(22, 68)": 0.7993962974205793,
        "(22, 69)": 0.8287859335683929,
        "(23, 70)": 0.7824704975764497,
        "(23, 71)": 0.806083858758138,
        "(23, 72)": 0.8021930323678494,
        "(24, 73)": 0.7922713657177681,
        "(24, 74)": 0.7830899891270154,
        "(24, 75)": 0.8188781054455155,
        "(25, 76)": 0.810995546816217,
        "(25, 77)": 0.7999898731078939,
        "(25, 78)": 0.7901437758224387,
        "(26, 79)": 0.7860737916701176,
        "(26, 80)": 0.7848569090688202,
        "(26, 81)": 0.7844104819345685,
        "(27, 82)": 0.7262515750981686,
        "(27, 83)": 0.8039048248362365,
        "(27, 84)": 0.7805138387557633,
        "(28, 85)": 0.7506665242857438,
        "(28, 86)": 0.7868289257712421,
        "(28, 87)": 0.8107375992382423,
        "(29, 88)": 0.7949494502568552,
        "(29, 89)": 0.783984287722242,
        "(29, 90)": 0.809591241270804,
        "(30, 91)": 0.7776293982392585,
        "(30, 92)": 0.7999481817689962,
        "(30, 93)": 0.8044611377724177,
        "(31, 94)": 0.7886413825469347,
        "(31, 95)": 0.8064356859802706,
        "(31, 96)": 0.791683975441694,
        "(32, 97)": 0.7862544044498136,
        "(32, 98)": 0.8444779874768706,
        "(32, 99)": 0.7980154037401268,
        "(33, 100)": 0.7956537395848658,
        "(33, 101)": 0.7919391179216717,
        "(33, 102)": 0.8192275813033513,
        "(34, 103)": 0.777126015466042,
        "(34, 104)": 0.7948285888512822,
        "(34, 105)": 0.8215289172679406,
        "(35, 106)": 0.8379335845575524,
        "(35, 107)": 0.8029051232753299,
        "(35, 108)": 0.8032912852745315,
        "(36, 109)": 0.7459914336547407,
        "(36, 110)": 0.8182554470363185,
        "(36, 111)": 0.7748104534955542,
        "(37, 112)": 0.8168704726529398,
        "(37, 113)": 0.810703716716653,
        "(37, 114)": 0.8036795448699896,
        "(38, 115)": 0.8077777557245928,
        "(38, 116)": 0.7836945674256814,
        "(38, 117)": 0.7857173526277479,
        "(39, 118)": 0.7945889355157415,
        "(39, 119)": 0.7944615799866268,
        "(39, 120)": 0.8054351533066335
    },
    "matching_probabilities": {
        "(0, 1)": 0.3353,
        "(0, 2)": 0.0984,
        "(0, 3)": 0.0674,
        "(1, 4)": 0.0238,
        "(1, 5)": 0.3098,
        "(1, 6)": 0.0656,
        "(2, 7)": 0.1134,
        "(2, 8)": 0.3339,
        "(2, 9)": 0.1315,
        "(3, 10)": 0.1193,
        "(3, 11)": 0.147,
        "(3, 12)": 0.2369,
        "(4, 13)": 0.2006,
        "(4, 14)": 0.1062,
        "(4, 15)": 0.067,
        "(5, 16)": 0.0936,
        "(5, 17)": 0.1096,
        "(5, 18)": 0.0825,
        "(6, 19)": 0.0889,
        "(6, 20)": 0.2959,
        "(6, 21)": 0.0869,
        "(7, 22)": 0.0636,
        "(7, 23)": 0.1926,
        "(7, 24)": 0.054,
        "(8, 25)": 0.0163,
        "(8, 26)": 0.1498,
        "(8, 27)": 0.0678,
        "(9, 28)": 0.1014,
        "(9, 29)": 0.3215,
        "(9, 30)": 0.1111,
        "(10, 31)": 0.1121,
        "(10, 32)": 0.1046,
        "(10, 33)": 0.2894,
        "(11, 34)": 0.0204,
        "(11, 35)": 0.0922,
        "(11, 36)": 0.4324,
        "(12, 37)": 0.4471,
        "(12, 38)": 0.0781,
        "(12, 39)": 0.024,
        "(13, 40)": 0.0181,
        "(13, 41)": 0.2134,
        "(13, 42)": 0.3316,
        "(14, 43)": 0.1692,
        "(14, 44)": 0.4258,
        "(14, 45)": 0.0388,
        "(15, 46)": 0.1524,
        "(15, 47)": 0.0366,
        "(15, 48)": 0.496,
        "(16, 49)": 0.5805,
        "(16, 50)": 0.0403,
        "(16, 51)": 0.061,
        "(17, 52)": 0.0171,
        "(17, 53)": 0.6091,
        "(17, 54)": 0.0465,
        "(18, 55)": 0.0474,
        "(18, 56)": 0.5541,
        "(18, 57)": 0.0915,
        "(19, 58)": 0.3772,
        "(19, 59)": 0.0413,
        "(19, 60)": 0.2227,
        "(20, 61)": 0.3354,
        "(20, 62)": 0.028,
        "(20, 63)": 0.12,
        "(21, 64)": 0.3592,
        "(21, 65)": 0.2138,
        "(21, 66)": 0.0729,
        "(22, 67)": 0.0728,
        "(22, 68)": 0.4067,
        "(22, 69)": 0.2012,
        "(23, 70)": 0.1563,
        "(23, 71)": 0.1429,
        "(23, 72)": 0.2235,
        "(24, 73)": 0.493,
        "(24, 74)": 0.0318,
        "(24, 75)": 0.2103,
        "(25, 76)": 0.5187,
        "(25, 77)": 0.0597,
        "(25, 78)": 0.2044,
        "(26, 79)": 0.4607,
        "(26, 80)": 0.0287,
        "(26, 81)": 0.1353,
        "(27, 82)": 0.0384,
        "(27, 83)": 0.5811,
        "(27, 84)": 0.0957,
        "(28, 85)": 0.0372,
        "(28, 86)": 0.1792,
        "(28, 87)": 0.4279,
        "(29, 88)": 0.1393,
        "(29, 89)": 0.246,
        "(29, 90)": 0.0401,
        "(30, 91)": 0.1237,
        "(30, 92)": 0.2872,
        "(30, 93)": 0.1522,
        "(31, 94)": 0.2068,
        "(31, 95)": 0.1365,
        "(31, 96)": 0.2489,
        "(32, 97)": 0.0865,
        "(32, 98)": 0.0393,
        "(32, 99)": 0.5585,
        "(33, 100)": 0.3892,
        "(33, 101)": 0.0952,
        "(33, 102)": 0.0188,
        "(34, 103)": 0.279,
        "(34, 104)": 0.0304,
        "(34, 105)": 0.4148,
        "(35, 106)": 0.0569,
        "(35, 107)": 0.3551,
        "(35, 108)": 0.2762,
        "(36, 109)": 0.0249,
        "(36, 110)": 0.1758,
        "(36, 111)": 0.143,