{
    "min_scaled_matching_probability": 0.7052151071518284,
    "scaled_matching_probabilities": {
        "(0, 2)": 0.8595126455369064,
        "(0, 3)": 0.8278491949517716,
        "(0, 4)": 0.8101400308733929,
        "(0, 5)": 0.7052151071518284,
        "(0, 6)": 0.8277492078762521,
        "(0, 7)": 0.8327823164855618,
        "(0, 8)": 0.7193350561228871,
        "(0, 9)": 0.896925606998761,
        "(0, 10)": 0.8055608263706345,
        "(0, 11)": 0.7725619163442716,
        "(0, 12)": 0.926441094218506,
        "(0, 13)": 0.8116236340390731,
        "(0, 14)": 0.7573028344458722,
        "(0, 15)": 0.7878982969003336,
        "(0, 16)": 0.723639771755309,
        "(0, 19)": 0.8906707218942533,
        "(0, 20)": 0.7860874112184458
    },
    "matching_probabilities": {
        "(0, 2)": 2.5908268993659374e-06,
        "(0, 3)": 0.0001603396780196757,
        "(0, 4)": 5.422944174224167e-06,
        "(0, 5)": 8.80197754556164e-07,
        "(0, 6)": 0.03397330911438265,
        "(0, 7)": 0.12621986217355866,
        "(0, 8)": 0.00013670347675975538,
        "(0, 9)": 0.018036056140149193,
        "(0, 10)": 0.2840831807104259,
        "(0, 11)": 0.012952262665693076,
        "(0, 12)": 1.69179336122381e-05,
        "(0, 13)": 0.006288696263622701,
        "(0, 14)": 2.0169973362904993e-05,
        "(0, 15)": 0.03638160038140026,
        "(0, 16)": 0.0035849459585488306,
        "(0, 19)": 0.0014153158696378339,
        "(0, 20)": 0.2806006572199204
    },
    "matching_counts": {
        "(0, 2)": 0.025908268993659375,
        "(0, 3)": 1.603396780196757,
        "(0, 4)": 0.05422944174224167,
        "(0, 5)": 0.00880197754556164,
        "(0, 6)": 339.73309114382647,
        "(0, 7)": 1262.1986217355866,
        "(0, 8)": 1.3670347675975538,
        "(0, 9)": 180.36056140149194,
        "(0, 10)": 2840.8318071042586,
        "(0, 11)": 129.52262665693075,
        "(0, 12)": 0.169179336122381,
        "(0, 13)": 62.886962636227004,
        "(0, 14)": 0.20169973362904992,
        "(0, 15)": 363.8160038140026,
        "(0, 16)": 35.849459585488304,
        "(0, 19)": 14.15315869637834,
        "(0, 20)": 2806.006572199204
    },
    "average_num_matching_probability_capped": 0.0,
    "average_num_matching_probability_exceeds_one": 0.0,
    "average_num_proposal_matching_probability_exceeds_one": 0.0,
    "simulation_parameters": {
        "graph_file": "nonuniform_star_20_order_0.json",
        "c_guarantee": 0.8,
        "experiment_name": "nonuniform_star_20_order_0_tr_c80_r40_sim10000",
        "average_edge_weight": 0.05,
        "r": 0.4,
        "num_sim_instances": 10000,
        "rounding_scheme_class": "SimpleRecursiveRoundingSchemeForTree",
        "parallel": true
    }
}