{
    "min_scaled_matching_probability": 0.7059332861508097,
    "scaled_matching_probabilities": {
        "(0, 1)": 0.7990295637818869,
        "(0, 2)": 0.7701400846622487,
        "(0, 3)": 0.806246260349232,
        "(1, 4)": 0.7344239778514884,
        "(1, 5)": 0.8126747931219038,
        "(1, 6)": 0.801993834543517,
        "(2, 7)": 0.7868911612975567,
        "(2, 8)": 0.803546748019819,
        "(2, 9)": 0.8517860031403963,
        "(3, 10)": 0.7934747283753374,
        "(3, 11)": 0.7667043817019816,
        "(3, 12)": 0.8238995325079883,
        "(4, 13)": 0.8050792337486461,
        "(4, 14)": 0.8128128018736173,
        "(4, 15)": 0.7836185159743957,
        "(5, 16)": 0.761175825961164,
        "(5, 17)": 0.8247965821792161,
        "(5, 18)": 0.7607857979502435,
        "(6, 19)": 0.8353536508533201,
        "(6, 20)": 0.8178288879423717,
        "(6, 21)": 0.8114861261519306,
        "(7, 22)": 0.8249196754836065,
        "(7, 23)": 0.793226726772422,
        "(7, 24)": 0.8116695822212061,
        "(8, 25)": 0.8558707712233586,
        "(8, 26)": 0.7959946921548687,
        "(8, 27)": 0.8492626555151591,
        "(9, 28)": 0.8319854512581321,
        "(9, 29)": 0.7948635292972953,
        "(9, 30)": 0.7837266250428903,
        "(10, 31)": 0.823965061156279,
        "(10, 32)": 0.8384247615703995,
        "(10, 33)": 0.8003363754574107,
        "(11, 34)": 0.7780325934467196,
        "(11, 35)": 0.7833351980177506,
        "(11, 36)": 0.8097798860397127,
        "(12, 37)": 0.7983030747502483,
        "(12, 38)": 0.8195558055989356,
        "(12, 39)": 0.7656280518468798,
        "(13, 40)": 0.7438338580981443,
        "(13, 41)": 0.8047719732552538,
        "(13, 42)": 0.8027868959916041,
        "(14, 43)": 0.7798753660859363,
        "(14, 44)": 0.8026152528179581,
        "(14, 45)": 0.7432716091346766,
        "(15, 46)": 0.8240750012930514,
        "(15, 47)": 0.8103716035730226,
        "(15, 48)": 0.7834887173400351,
        "(16, 49)": 0.7994956035462478,
        "(16, 50)": 0.8063243389272838,
        "(16, 51)": 0.8445446486173798,
        "(17, 52)": 0.7928351141151079,
        "(17, 53)": 0.7981022317579801,
        "(17, 54)": 0.8035402750632857,
        "(18, 55)": 0.7489530439668586,
        "(18, 56)": 0.8047688530883971,
        "(18, 57)": 0.8108041096029072,
        "(19, 58)": 0.7956673113935928,
        "(19, 59)": 0.7835977068671071,
        "(19, 60)": 0.787633606795914,
        "(20, 61)": 0.7822273829915549,
        "(20, 62)": 0.8382392614587045,
        "(20, 63)": 0.7971038513319842,
        "(21, 64)": 0.801673628688421,
        "(21, 65)": 0.8068825455969939,
        "(21, 66)": 0.763687939454949,
        "(22, 67)": 0.79975124565026,
        "(22, 68)": 0.7876028924918272,
        "(22, 69)": 0.8011871972119903,
        "(23, 70)": 0.8125077527617262,
        "(23, 71)": 0.7587003429179117,
        "(23, 72)": 0.8179856468753149,
        "(24, 73)": 0.8064133292437649,
        "(24, 74)": 0.7560019706352005,
        "(24, 75)": 0.7853909361310533,
        "(25, 76)": 0.8039597265720045,
        "(25, 77)": 0.7517492777446038,
        "(25, 78)": 0.8017407979724744,
        "(26, 79)": 0.8038188913735455,
        "(26, 80)": 0.803999760509523,
        "(26, 81)": 0.8168768433450162,
        "(27, 82)": 0.775424858828774,
        "(27, 83)": 0.7951892846599015,
        "(27, 84)": 0.7837761745499359,
        "(28, 85)": 0.7587382073425798,
        "(28, 86)": 0.8008794423028714,
        "(28, 87)": 0.8010746832389083,
        "(29, 88)": 0.7949494502568552,
        "(29, 89)": 0.7922703005193064,
        "(29, 90)": 0.7348908025500566,
        "(30, 91)": 0.7675711360146601,
        "(30, 92)": 0.8241805953532241,
        "(30, 93)": 0.8150322433936058,
        "(31, 94)": 0.8016074400936445,
        "(31, 95)": 0.8052540952315815,
        "(31, 96)": 0.7980454376790721,
        "(32, 97)": 0.8071605909265139,
        "(32, 98)": 0.8509243843278391,
        "(32, 99)": 0.7898709314011496,
        "(33, 100)": 0.8050576635367939,
        "(33, 101)": 0.8027534125991734,
        "(33, 102)": 0.784366833162783,
        "(34, 103)": 0.8066512332579417,
        "(34, 104)": 0.7059332861508097,
        "(34, 105)": 0.8050904167536592,
        "(35, 106)": 0.79375430944907,
        "(35, 107)": 0.8022268029796875,
        "(35, 108)": 0.801255427563843,
        "(36, 109)": 0.7819428280477404,
        "(36, 110)": 0.777296130006059,
        "(36, 111)": 0.8040690300611207,
        "(37, 112)": 0.7900304428372003,
        "(37, 113)": 0.8193078835214288,
        "(37, 114)": 0.7984025944768839,
        "(38, 115)": 0.7924225334095516,
        "(38, 116)": 0.8008836440467159,
        "(38, 117)": 0.7733747737217783,
        "(39, 118)": 0.8177637361226772,
        "(39, 119)": 0.7488192630035531,
        "(39, 120)": 0.7989489393766416
    },
    "matching_probabilities": {
        "(0, 1)": 0.3316,
        "(0, 2)": 0.0956,
        "(0, 3)": 0.0678,
        "(1, 4)": 0.0225,
        "(1, 5)": 0.3121,
        "(1, 6)": 0.0651,
        "(2, 7)": 0.1111,
        "(2, 8)": 0.3318,
        "(2, 9)": 0.1409,
        "(3, 10)": 0.1164,
        "(3, 11)": 0.1379,
        "(3, 12)": 0.249,
        "(4, 13)": 0.2019,
        "(4, 14)": 0.1087,
        "(4, 15)": 0.0661,
        "(5, 16)": 0.0929,
        "(5, 17)": 0.1135,
        "(5, 18)": 0.0793,
        "(6, 19)": 0.0917,
        "(6, 20)": 0.2941,
        "(6, 21)": 0.0866,
        "(7, 22)": 0.0696,
        "(7, 23)": 0.1865,
        "(7, 24)": 0.0536,
        "(8, 25)": 0.0173,
        "(8, 26)": 0.1444,
        "(8, 27)": 0.0734,
        "(9, 28)": 0.1052,
        "(9, 29)": 0.3171,
        "(9, 30)": 0.1102,
        "(10, 31)": 0.1128,
        "(10, 32)": 0.1103,
        "(10, 33)": 0.2853,
        "(11, 34)": 0.0196,
        "(11, 35)": 0.0957,
        "(11, 36)": 0.4376,
        "(12, 37)": 0.4424,
        "(12, 38)": 0.0744,
        "(12, 39)": 0.0218,
        "(13, 40)": 0.0171,
        "(13, 41)": 0.2104,
        "(13, 42)": 0.3355,
        "(14, 43)": 0.1713,
        "(14, 44)": 0.4255,
        "(14, 45)": 0.0354,
        "(15, 46)": 0.1512,
        "(15, 47)": 0.0375,
        "(15, 48)": 0.481,
        "(16, 49)": 0.5732,
        "(16, 50)": 0.0412,
        "(16, 51)": 0.0597,
        "(17, 52)": 0.0178,
        "(17, 53)": 0.6139,
        "(17, 54)": 0.0425,
        "(18, 55)": 0.0479,
        "(18, 56)": 0.5618,
        "(18, 57)": 0.087,
        "(19, 58)": 0.3761,
        "(19, 59)": 0.0409,
        "(19, 60)": 0.223,
        "(20, 61)": 0.3286,
        "(20, 62)": 0.0309,
        "(20, 63)": 0.1281,
        "(21, 64)": 0.3541,
        "(21, 65)": 0.2173,
        "(21, 66)": 0.0718,
        "(22, 67)": 0.0726,
        "(22, 68)": 0.4007,
        "(22, 69)": 0.1945,
        "(23, 70)": 0.1623,
        "(23, 71)": 0.1345,
        "(23, 72)": 0.2279,
        "(24, 73)": 0.5018,
        "(24, 74)": 0.0307,
        "(24, 75)": 0.2017,
        "(25, 76)": 0.5142,
        "(25, 77)": 0.0561,
        "(25, 78)": 0.2074,
        "(26, 79)": 0.4711,
        "(26, 80)": 0.0294,
        "(26, 81)": 0.1409,
        "(27, 82)": 0.041,
        "(27, 83)": 0.5748,
        "(27, 84)": 0.0961,
        "(28, 85)": 0.0376,
        "(28, 86)": 0.1824,
        "(28, 87)": 0.4228,
        "(29, 88)": 0.1393,
        "(29, 89)": 0.2486,
        "(29, 90)": 0.0364,
        "(30, 91)": 0.1221,
        "(30, 92)": 0.2959,
        "(30, 93)": 0.1542,
        "(31, 94)": 0.2102,
        "(31, 95)": 0.1363,
        "(31, 96)": 0.2509,
        "(32, 97)": 0.0888,
        "(32, 98)": 0.0396,
        "(32, 99)": 0.5528,
        "(33, 100)": 0.3938,
        "(33, 101)": 0.0965,
        "(33, 102)": 0.018,
        "(34, 103)": 0.2896,
        "(34, 104)": 0.027,
        "(34, 105)": 0.4065,
        "(35, 106)": 0.0539,
        "(35, 107)": 0.3548,
        "(35, 108)": 0.2755,
        "(36, 109)": 0.0261,
        "(36, 110)": 0.167,
        "(36, 111)": 0.1484,