{
    "min_scaled_matching_probability": 0.2844281839008876,
    "scaled_matching_probabilities": {
        "(0, 10)": 1.0623614942549848,
        "(0, 11)": 0.40813624794810294,
        "(0, 12)": 0.9204950447697365,
        "(0, 13)": 1.0428289440348082,
        "(0, 14)": 0.8929377939856753,
        "(0, 15)": 1.1014006372397387,
        "(0, 16)": 0.969104982122025,
        "(0, 17)": 1.0217592271609903,
        "(0, 18)": 0.7371626878910903,
        "(0, 19)": 0.9960123075448432,
        "(10, 1)": 1.1525590229913405,
        "(10, 2)": 0.9972272956181044,
        "(10, 3)": 1.050221565630457,
        "(10, 4)": 0.6176962361655948,
        "(10, 5)": 0.7676008946953463,
        "(10, 6)": 0.9908491698883922,
        "(10, 7)": 1.0558172689101957,
        "(10, 8)": 0.9920111023716802,
        "(10, 9)": 1.0414645994252583,
        "(11, 1)": 1.0328355699957972,
        "(11, 2)": 0.9690077030025069,
        "(11, 3)": 1.3242673482481222,
        "(11, 4)": 0.8323080126850684,
        "(11, 5)": 0.9804588201946428,
        "(11, 6)": 0.8939675735326074,
        "(11, 7)": 1.0771912012640419,
        "(11, 8)": 0.950284264525913,
        "(11, 9)": 0.8953337647101859,
        "(12, 1)": 0.8660038064598676,
        "(12, 2)": 1.124419746364132,
        "(12, 3)": 0.6395288244741061,
        "(12, 4)": 1.0619502263159935,
        "(12, 5)": 0.8608271022430081,
        "(12, 6)": 1.0928575353927703,
        "(12, 7)": 0.9996932670491628,
        "(12, 8)": 0.9693305060384073,
        "(12, 9)": 1.0066313054674134,
        "(13, 1)": 0.8307850048673705,
        "(13, 2)": 1.1873846864511572,
        "(13, 3)": 1.0806917309590607,
        "(13, 4)": 0.5800083168109927,
        "(13, 5)": 0.6593502780314551,
        "(13, 6)": 1.0361013961095638,
        "(13, 7)": 0.9466722121742339,
        "(13, 8)": 0.740403065789312,
        "(13, 9)": 1.0686268780246928,
        "(14, 1)": 0.4238835889644934,
        "(14, 2)": 0.9594818807945534,
        "(14, 3)": 0.9557309238155396,
        "(14, 4)": 1.0134498330832433,
        "(14, 5)": 0.5247005162763585,
        "(14, 6)": 0.9957682398667532,
        "(14, 7)": 1.0215521902165885,
        "(14, 8)": 1.0299574045607454,
        "(14, 9)": 0.9958154405614755,
        "(15, 1)": 0.9011879578071891,
        "(15, 2)": 1.0273530157834734,
        "(15, 3)": 1.0415425244944867,
        "(15, 4)": 1.1554335885026397,
        "(15, 5)": 0.9823987361647462,
        "(15, 6)": 0.5216944023221513,
        "(15, 7)": 0.8210119036796918,
        "(15, 8)": 0.9479366301446905,
        "(15, 9)": 0.8042646248709037,
        "(16, 1)": 1.0181395633417518,
        "(16, 2)": 1.1397121173097151,
        "(16, 3)": 1.0132012738065261,
        "(16, 4)": 1.0126208970280044,
        "(16, 5)": 1.114770531721473,
        "(16, 6)": 0.5529104555908025,
        "(16, 7)": 1.0112508818912092,
        "(16, 8)": 0.9588881667556233,
        "(16, 9)": 0.653408321958528,
        "(17, 1)": 0.9725584808723523,
        "(17, 2)": 0.6284501884158454,
        "(17, 3)": 0.9527249825276527,
        "(17, 4)": 0.9838850647172286,
        "(17, 5)": 1.0074500833669005,
        "(17, 6)": 0.8384868176692429,
        "(17, 7)": 0.9911153779092852,
        "(17, 8)": 1.0734877995495862,
        "(17, 9)": 0.990338853056803,
        "(18, 1)": 1.0884625410725395,
        "(18, 2)": 0.9803954427559927,
        "(18, 3)": 0.9601241719115223,
        "(18, 4)": 1.0648014789325382,
        "(18, 5)": 0.988582287359276,
        "(18, 6)": 0.9434665538951199,
        "(18, 7)": 1.0113506559339451,
        "(18, 8)": 1.0143907561510868,
        "(18, 9)": 0.980632171930182,
        "(19, 1)": 0.9234679066071596,
        "(19, 2)": 0.9433244859556873,
        "(19, 3)": 0.9877639029647897,
        "(19, 4)": 1.001919756975895,
        "(19, 5)": 1.0298185781770852,
        "(19, 6)": 0.9733861345398024,
        "(19, 7)": 0.2844281839008876,
        "(19, 8)": 1.0837282595122608,
        "(19, 9)": 0.9867364477414717
    },
    "matching_probabilities": {
        "(0, 10)": 0.0013824421365674629,
        "(0, 11)": 0.08260263785586203,
        "(0, 12)": 0.0007196394073836864,
        "(0, 13)": 0.006853826587685246,
        "(0, 14)": 0.034138780861939895,
        "(0, 15)": 0.005119903783566621,
        "(0, 16)": 0.11715279915110746,
        "(0, 17)": 0.15324917673470265,
        "(0, 18)": 0.3462206624339887,
        "(0, 19)": 0.00486459191712469,
        "(10, 1)": 0.009662126290521779,
        "(10, 2)": 0.006824091321172153,
        "(10, 3)": 0.0016705829949210046,
        "(10, 4)": 0.09471251641321828,
        "(10, 5)": 0.010689972290499011,
        "(10, 6)": 0.19063021580292244,
        "(10, 7)": 0.05343799116764243,
        "(10, 8)": 0.33375005487990006,
        "(10, 9)": 0.1954379029979999,
        "(11, 1)": 0.6391202896857039,
        "(11, 2)": 0.04326227959419662,
        "(11, 3)": 0.00021809761688017267,
        "(11, 4)": 0.0002673041660673516,
        "(11, 5)": 0.006994689854321673,
        "(11, 6)": 0.01552390725203356,
        "(11, 7)": 0.0016093343628081477,
        "(11, 8)": 0.01740199341655699,
        "(11, 9)": 0.07997349756579795,
        "(12, 1)": 0.0015177424192743785,
        "(12, 2)": 0.17058876538783088,
        "(12, 3)": 0.3036431170844204,
        "(12, 4)": 0.010478671808415125,
        "(12, 5)": 0.00016196960058362624,
        "(12, 6)": 0.04572280985847306,
        "(12, 7)": 0.04213832687770479,
        "(12, 8)": 0.145300564017781,
        "(12, 9)": 0.10699931158235658,
        "(13, 1)": 0.08082104445949782,
        "(13, 2)": 0.0010890555728016798,
        "(13, 3)": 0.0014060258625143175,
        "(13, 4)": 0.06659397479016439,
        "(13, 5)": 0.0018138578800830111,
        "(13, 6)": 0.40102970980187186,
        "(13, 7)": 0.25396621200801933,
        "(13, 8)": 0.0032702962414108503,
        "(13, 9)": 0.026161936579059818,
        "(14, 1)": 0.06942511396161274,
        "(14, 2)": 0.035429479172725736,
        "(14, 3)": 0.08758225009858464,
        "(14, 4)": 0.2527558823788205,
        "(14, 5)": 0.05027520576373522,
        "(14, 6)": 0.00896305671313033,
        "(14, 7)": 0.013540514328544887,
        "(14, 8)": 0.010719635773213628,
        "(14, 9)": 0.2746597848620344,
        "(15, 1)": 0.015550760389082938,
        "(15, 2)": 0.0520018437312537,
        "(15, 3)": 0.30258479370860913,
        "(15, 4)": 0.013870834713271864,
        "(15, 5)": 0.5032813486990448,
        "(15, 6)": 0.04960734506758606,
        "(15, 7)": 0.01060580970237272,
        "(15, 8)": 0.0005211376460919754,
        "(15, 9)": 0.0017068405176800198,
        "(16, 1)": 0.017154100108328664,
        "(16, 2)": 0.0016284088561768794,
        "(16, 3)": 0.006810425912019396,
        "(16, 4)": 0.035622354678382706,
        "(16, 5)": 0.00022368677609526912,
        "(16, 6)": 0.0693202037764682,
        "(16, 7)": 0.5234863383189665,
        "(16, 8)": 0.03949377172509517,
        "(16, 9)": 0.07467607616517485,
        "(17, 1)": 0.008225935924677321,
        "(17, 2)": 0.39477326467268553,
        "(17, 3)": 0.0963298108728269,
        "(17, 4)": 0.027649969526400885,
        "(17, 5)": 0.00030849256222320457,
        "(17, 6)": 0.013480132653721574,
        "(17, 7)": 0.0043945594691060874,
        "(17, 8)": 0.05865187821767855,
        "(17, 9)": 0.004637272289199202,
        "(18, 1)": 0.0007665445662895749,
        "(18, 2)": 0.06203942235732639,
        "(18, 3)": 0.005579319557593286,
        "(18, 4)": 0.011641987507328267,
        "(18, 5)": 0.0026571091147231628,
        "(18, 6)": 0.0027896125862875458,
        "(18, 7)": 0.0012260558617318883,
        "(18, 8)": 0.3832276814548634,
        "(18, 9)": 0.0590230269481523,
        "(19, 1)": 0.060780669814728676,
        "(19, 2)": 0.01412367614768734,
        "(19, 3)": 0.02360487775361797,
        "(19, 4)": 0.2899309515510268,
        "(19, 5)": 0.37543797934393064,
        "(19, 6)": 0.10192171393703202,