{
    "min_scaled_matching_probability": 0.742202215064183,
    "scaled_matching_probabilities": {
        "(0, 2)": 0.7684569794690219,
        "(0, 3)": 0.789154420828232,
        "(0, 4)": 0.8737944175789545,
        "(0, 5)": 0.742202215064183,
        "(0, 6)": 0.7937384041328542,
        "(0, 7)": 0.8200504906767629,
        "(0, 8)": 0.816971660618971,
        "(0, 9)": 0.7912952666519097,
        "(0, 10)": 0.8610997682726156,
        "(0, 11)": 0.7867087246207696,
        "(0, 12)": 0.8600000000000011,
        "(0, 13)": 0.7828697334439528,
        "(0, 14)": 0.7902253908291271,
        "(0, 15)": 0.8092243822291317,
        "(0, 16)": 0.7757793627703637,
        "(0, 19)": 0.8363889998907788,
        "(0, 20)": 0.8363535224818138
    },
    "matching_probabilities": {
        "(0, 2)": 2.316358024226825e-06,
        "(0, 3)": 0.00015284518788566783,
        "(0, 4)": 5.8490361736240634e-06,
        "(0, 5)": 9.263623488789739e-07,
        "(0, 6)": 0.03257740376308958,
        "(0, 7)": 0.12429017506686539,
        "(0, 8)": 0.0001552584786048923,
        "(0, 9)": 0.015911961640301217,
        "(0, 10)": 0.30366913716748317,
        "(0, 11)": 0.013189438706605699,
        "(0, 12)": 1.57046389644426e-05,
        "(0, 13)": 0.006065902668594877,
        "(0, 14)": 2.1046831411079182e-05,
        "(0, 15)": 0.03736634310414042,
        "(0, 16)": 0.0038432479803357333,
        "(0, 19)": 0.0013290597699432173,
        "(0, 20)": 0.29854357763194966
    },
    "matching_counts": {
        "(0, 2)": 0.02316358024226825,
        "(0, 3)": 1.5284518788566783,
        "(0, 4)": 0.058490361736240636,
        "(0, 5)": 0.009263623488789738,
        "(0, 6)": 325.7740376308958,
        "(0, 7)": 1242.901750668654,
        "(0, 8)": 1.5525847860489228,
        "(0, 9)": 159.11961640301217,
        "(0, 10)": 3036.6913716748318,
        "(0, 11)": 131.894387066057,
        "(0, 12)": 0.157046389644426,
        "(0, 13)": 60.65902668594877,
        "(0, 14)": 0.2104683141107918,
        "(0, 15)": 373.66343104140424,
        "(0, 16)": 38.43247980335733,
        "(0, 19)": 13.290597699432173,
        "(0, 20)": 2985.4357763194967
    },
    "average_num_matching_probability_capped": 0.0,
    "average_num_matching_probability_exceeds_one": 0.0,
    "average_num_proposal_matching_probability_exceeds_one": 0.0,
    "simulation_parameters": {
        "graph_file": "nonuniform_star_20_order_0.json",
        "c_guarantee": 0.8,
        "experiment_name": "nonuniform_star_20_order_0_mc_c80_r0_sim10000",
        "average_edge_weight": 0.05,
        "r": 0,
        "num_sim_instances": 10000,
        "rounding_scheme_class": "SimulatedRecursiveRoundingScheme",
        "parallel": true
    }
}