{
    "min_scaled_matching_probability": 0.0,
    "scaled_matching_probabilities": {
        "(0, 2)": 0.0,
        "(0, 3)": 0.0,
        "(0, 4)": 0.0,
        "(0, 5)": 0.0,
        "(0, 6)": 0.4897303062912128,
        "(0, 7)": 0.5245307118903784,
        "(0, 8)": 0.0,
        "(0, 9)": 0.5221606542088024,
        "(0, 10)": 0.5041787921781119,
        "(0, 11)": 0.5368218222994465,
        "(0, 12)": 0.0,
        "(0, 13)": 0.5549610730217643,
        "(0, 14)": 0.0,
        "(0, 15)": 0.5284187128336607,
        "(0, 16)": 0.6459364510349139,
        "(0, 19)": 0.8181014311376428,
        "(0, 20)": 0.49837713083529317
    },
    "matching_probabilities": {
        "(0, 2)": 0.0,
        "(0, 3)": 0.0,
        "(0, 4)": 0.0,
        "(0, 5)": 0.0,
        "(0, 6)": 0.0201,
        "(0, 7)": 0.0795,
        "(0, 8)": 0.0,
        "(0, 9)": 0.0105,
        "(0, 10)": 0.1778,
        "(0, 11)": 0.009,
        "(0, 12)": 0.0,
        "(0, 13)": 0.0043,
        "(0, 14)": 0.0,
        "(0, 15)": 0.0244,
        "(0, 16)": 0.0032,
        "(0, 19)": 0.0013,
        "(0, 20)": 0.1779
    },
    "matching_counts": {
        "(0, 2)": 0,
        "(0, 3)": 0,
        "(0, 4)": 0,
        "(0, 5)": 0,
        "(0, 6)": 201.0,
        "(0, 7)": 795.0,
        "(0, 8)": 0,
        "(0, 9)": 105.0,
        "(0, 10)": 1778.0,
        "(0, 11)": 90.0,
        "(0, 12)": 0,
        "(0, 13)": 43.0,
        "(0, 14)": 0,
        "(0, 15)": 244.0,
        "(0, 16)": 32.0,
        "(0, 19)": 13.0,
        "(0, 20)": 1779.0
    },
    "average_num_matching_probability_capped": 0.0,
    "average_num_matching_probability_exceeds_one": 0.0,
    "average_num_proposal_matching_probability_exceeds_one": 0.0,
    "simulation_parameters": {
        "graph_file": "nonuniform_star_20_order_0.json",
        "c_guarantee": 0.5,
        "experiment_name": "nonuniform_star_20_order_0_tr_c50_r100_sim10000",
        "average_edge_weight": 0.05,
        "r": 1.0,
        "num_sim_instances": 10000,
        "rounding_scheme_class": "SimpleRecursiveRoundingSchemeForTree",
        "parallel": true
    }
}