{
    "min_scaled_matching_probability": 0.06163913601896449,
    "scaled_matching_probabilities": {
        "(0, 10)": 8.449716249161249,
        "(0, 11)": 0.8384692307394628,
        "(0, 12)": 193.0327305634852,
        "(0, 13)": 0.631856785214542,
        "(0, 14)": 1.009276375747787,
        "(0, 15)": 28.53881185080432,
        "(0, 16)": 0.15141039598513903,
        "(0, 17)": 1.0326758257152095,
        "(0, 18)": 0.7017356601565727,
        "(0, 19)": 0.7744434417792359,
        "(10, 1)": 0.493720853287877,
        "(10, 2)": 0.500132687972839,
        "(10, 3)": 0.7322611251118578,
        "(10, 4)": 1.1664312636284457,
        "(10, 5)": 0.6357977728167455,
        "(10, 6)": 1.224950782418295,
        "(10, 7)": 0.8183579459500904,
        "(10, 8)": 0.7560410903422593,
        "(10, 9)": 1.0970197492004143,
        "(11, 1)": 0.604846873574341,
        "(11, 2)": 0.82361248296901,
        "(11, 3)": 479.95573563360284,
        "(11, 4)": 0.5745940537452706,
        "(11, 5)": 1.3919053037646598,
        "(11, 6)": 0.762584587411635,
        "(11, 7)": 108.74705080763022,
        "(11, 8)": 1.423168384536358,
        "(11, 9)": 0.7868493426450479,
        "(12, 1)": 0.5514964348804857,
        "(12, 2)": 0.34131501832170036,
        "(12, 3)": 0.7235999792287925,
        "(12, 4)": 0.8680243780694825,
        "(12, 5)": 786.3441229802269,
        "(12, 6)": 0.7249075124313478,
        "(12, 7)": 0.6817944052084488,
        "(12, 8)": 0.9249278023066282,
        "(12, 9)": 0.7270980699104416,
        "(13, 1)": 1.0589939603302314,
        "(13, 2)": 0.7606264336826044,
        "(13, 3)": 0.9853044519147771,
        "(13, 4)": 1.4102949748689873,
        "(13, 5)": 2.145191511424135,
        "(13, 6)": 0.7506492052945707,
        "(13, 7)": 0.7248771966221141,
        "(13, 8)": 0.6998447591458011,
        "(13, 9)": 8.912300366518709,
        "(14, 1)": 1.3579507873624894,
        "(14, 2)": 0.7364758152147997,
        "(14, 3)": 0.9528456221287251,
        "(14, 4)": 0.7042300188906343,
        "(14, 5)": 0.3213303571757367,
        "(14, 6)": 0.9811238626082269,
        "(14, 7)": 0.85546007286861,
        "(14, 8)": 0.7894643416007733,
        "(14, 9)": 0.6184481672626022,
        "(15, 1)": 0.7047764647132546,
        "(15, 2)": 0.8048305505085893,
        "(15, 3)": 0.41315804117167115,
        "(15, 4)": 0.9157931458204844,
        "(15, 5)": 0.8180570351213333,
        "(15, 6)": 0.7322417286875733,
        "(15, 7)": 2.0541848754821554,
        "(15, 8)": 1.180627089052959,
        "(15, 9)": 2.082029425124628,
        "(16, 1)": 0.33837487653784193,
        "(16, 2)": 0.604438809589617,
        "(16, 3)": 2.5898298722284814,
        "(16, 4)": 3.1098756190869943,
        "(16, 5)": 0.7951872540397364,
        "(16, 6)": 1.7037069663293198,
        "(16, 7)": 0.7624450396076753,
        "(16, 8)": 1.1751963846842783,
        "(16, 9)": 0.8375992308777729,
        "(17, 1)": 6.80904052637664,
        "(17, 2)": 0.9112180865058538,
        "(17, 3)": 0.6482340953892759,
        "(17, 4)": 0.798561625580897,
        "(17, 5)": 0.4003382626946467,
        "(17, 6)": 0.29439058608983654,
        "(17, 7)": 5.552295501965392,
        "(17, 8)": 0.7052337822494841,
        "(17, 9)": 9.597780313860397,
        "(18, 1)": 0.7424198291794377,
        "(18, 2)": 1.5898247230535876,
        "(18, 3)": 2.6231562738325107,
        "(18, 4)": 0.802212390069137,
        "(18, 5)": 26.145677491252496,
        "(18, 6)": 36.0460827510072,
        "(18, 7)": 0.6173175480060251,
        "(18, 8)": 0.6000081690338341,
        "(18, 9)": 0.9473546364708059,
        "(19, 1)": 0.6252251574341381,
        "(19, 2)": 0.3301798903808365,
        "(19, 3)": 3.0976997029749045,
        "(19, 4)": 0.7858062844047267,
        "(19, 5)": 0.9011818650626656,
        "(19, 6)": 0.06163913601896449,
        "(19, 7)": 1.5124351586817482,
        "(19, 8)": 31.382303622938707,
        "(19, 9)": 1.088305067059489
    },
    "matching_probabilities": {
        "(0, 10)": 0.010995545158638428,
        "(0, 11)": 0.1696976697567472,
        "(0, 12)": 0.1509122299111462,
        "(0, 13)": 0.004152777748340099,
        "(0, 14)": 0.03858663532091391,
        "(0, 15)": 0.13266377904012805,
        "(0, 16)": 0.018303643090757674,
        "(0, 17)": 0.1548865093828508,
        "(0, 18)": 0.32958177225168456,
        "(0, 19)": 0.0037824344926379134,
        "(10, 1)": 0.004138957868162456,
        "(10, 2)": 0.0034224405513434385,
        "(10, 3)": 0.001164804669307312,
        "(10, 4)": 0.1788510820255076,
        "(10, 5)": 0.008854419817305616,
        "(10, 6)": 0.2356692008195968,
        "(10, 7)": 0.041419482305674035,
        "(10, 8)": 0.2543608179282732,
        "(10, 9)": 0.20586320403923372,
        "(11, 1)": 0.3742802051791246,
        "(11, 2)": 0.03677097034943141,
        "(11, 3)": 0.07904536971944282,
        "(11, 4)": 0.00018453671239826813,
        "(11, 5)": 0.009929989619029989,
        "(11, 6)": 0.013242418133834808,
        "(11, 7)": 0.1624691749369982,
        "(11, 8)": 0.02606164048260784,
        "(11, 9)": 0.07028339203653576,
        "(12, 1)": 0.0009665425568028294,
        "(12, 2)": 0.05178182593475046,
        "(12, 3)": 0.3435594218852109,
        "(12, 4)": 0.00856513078870726,
        "(12, 5)": 0.14795519702914153,
        "(12, 6)": 0.030328571915794175,
        "(12, 7)": 0.028738490552073573,
        "(12, 8)": 0.13864469395493753,
        "(12, 9)": 0.0772864826582685,
        "(13, 1)": 0.10302183771823499,
        "(13, 2)": 0.0006976378134858001,
        "(13, 3)": 0.0012819229593005487,
        "(13, 4)": 0.16192379536813717,
        "(13, 5)": 0.005901373908419319,
        "(13, 6)": 0.2905436032541108,
        "(13, 7)": 0.19446468738561454,
        "(13, 8)": 0.00309115371229009,
        "(13, 9)": 0.21818938093096166,
        "(14, 1)": 0.2224098564353705,
        "(14, 2)": 0.02719483825453921,
        "(14, 3)": 0.0873178438649393,
        "(14, 4)": 0.17563600487340078,
        "(14, 5)": 0.03078889637805487,
        "(14, 6)": 0.00883124051470025,
        "(14, 7)": 0.011338989319497787,
        "(14, 8)": 0.008216621542236869,
        "(14, 9)": 0.17057662860990708,
        "(15, 1)": 0.012161513961292482,
        "(15, 2)": 0.04073835563306264,
        "(15, 3)": 0.12002903166883122,
        "(15, 4)": 0.010993981379479515,
        "(15, 5)": 0.41908935017152055,
        "(15, 6)": 0.06962805800906297,
        "(15, 7)": 0.02653590500358398,
        "(15, 8)": 0.0006490615538377992,
        "(15, 9)": 0.004418560846655631,
        "(16, 1)": 0.005701101023146402,
        "(16, 2)": 0.0008636159040548904,
        "(16, 3)": 0.01740803621701203,
        "(16, 4)": 0.10940036161006485,
        "(16, 5)": 0.0001595600782284046,
        "(16, 6)": 0.21359935028745636,
        "(16, 7)": 0.39468896304667933,
        "(16, 8)": 0.04840286840322074,
        "(16, 9)": 0.09572670236803384,
        "(17, 1)": 0.057591118868518455,
        "(17, 2)": 0.5723994446488793,
        "(17, 3)": 0.06554280506479165,
        "(17, 4)": 0.022441853631156472,
        "(17, 5)": 0.00012258808496190305,
        "(17, 6)": 0.004732840241339677,
        "(17, 7)": 0.024618619907712122,
        "(17, 8)": 0.03853167770406406,
        "(17, 9)": 0.0449417091431973,
        "(18, 1)": 0.0005228456327053384,
        "(18, 2)": 0.10060410643115271,
        "(18, 3)": 0.015243264912370049,
        "(18, 4)": 0.008770974503877968,
        "(18, 5)": 0.0702742896175029,
        "(18, 6)": 0.10657993726797252,
        "(18, 7)": 0.0007483712932225329,
        "(18, 8)": 0.22667767630816824,
        "(18, 9)": 0.057020093607386184,
        "(19, 1)": 0.04115097404249249,
        "(19, 2)": 0.004943531003007275,
        "(19, 3)": 0.07402661970807797,
        "(19, 4)": 0.22739302442732495,
        "(19, 5)": 0.3285412650443971,
        "(19, 6)": 0.0064541358929679875,
        "(19, 7)": 0.11745532238216436,