{
    "min_scaled_matching_probability": 0.2488518323751403,
    "scaled_matching_probabilities": {
        "(0, 1)": 0.7383442151011906,
        "(0, 2)": 0.725746358525947,
        "(0, 3)": 0.7145419322424545,
        "(0, 4)": 0.7041201811067866,
        "(0, 5)": 0.698060060170646,
        "(0, 6)": 0.6546895041338103,
        "(0, 7)": 0.42405327082252453,
        "(0, 8)": 0.8303585156491672,
        "(0, 9)": 0.7808105176677932,
        "(1, 2)": 0.8195693714765132,
        "(1, 3)": 0.7429591158704301,
        "(1, 4)": 0.7110866018071418,
        "(1, 5)": 0.6547702006097326,
        "(1, 6)": 1.7898702978425698,
        "(1, 7)": 1.185255598781346,
        "(1, 8)": 0.3795833073581178,
        "(1, 9)": 0.7165180792411793,
        "(2, 3)": 0.6829091592697364,
        "(2, 4)": 0.6018006013359951,
        "(2, 5)": 0.7349424866670149,
        "(2, 6)": 0.7358511921363411,
        "(2, 7)": 0.6868506339945942,
        "(2, 8)": 0.7069577594526643,
        "(2, 9)": 0.7373892186402877,
        "(3, 4)": 9.422950148816398,
        "(3, 5)": 0.6879423520789537,
        "(3, 6)": 0.901984289389945,
        "(3, 7)": 0.6142099260726156,
        "(3, 8)": 0.6960521343919011,
        "(3, 9)": 0.5038409602602489,
        "(4, 5)": 0.7141547225055914,
        "(4, 6)": 0.7725362641830065,
        "(4, 7)": 0.9989652219236548,
        "(4, 8)": 0.7513832593464485,
        "(4, 9)": 0.7057851351092096,
        "(5, 6)": 0.7778321023067084,
        "(5, 7)": 0.7129482854481818,
        "(5, 8)": 0.3880823783572459,
        "(5, 9)": 2.5263614749383945,
        "(6, 7)": 0.4762932826880223,
        "(6, 8)": 0.7500995293864835,
        "(6, 9)": 0.7064875581407063,
        "(7, 8)": 0.2488518323751403,
        "(7, 9)": 0.6968963474329882,
        "(8, 9)": 0.9738611046923745
    },
    "matching_probabilities": {
        "(0, 1)": 0.0396,
        "(0, 2)": 0.0464,
        "(0, 3)": 0.0905,
        "(0, 4)": 0.0206,
        "(0, 5)": 0.0546,
        "(0, 6)": 0.0195,
        "(0, 7)": 0.0019,
        "(0, 8)": 0.4155,
        "(0, 9)": 0.0761,
        "(1, 2)": 0.1088,
        "(1, 3)": 0.0014,
        "(1, 4)": 0.168,
        "(1, 5)": 0.033,
        "(1, 6)": 0.0383,
        "(1, 7)": 0.2998,
        "(1, 8)": 0.0008,
        "(1, 9)": 0.1759,
        "(2, 3)": 0.1829,
        "(2, 4)": 0.002,
        "(2, 5)": 0.0715,
        "(2, 6)": 0.0565,
        "(2, 7)": 0.1624,
        "(2, 8)": 0.0027,
        "(2, 9)": 0.0074,
        "(3, 4)": 0.1604,
        "(3, 5)": 0.0201,
        "(3, 6)": 0.0097,
        "(3, 7)": 0.0076,
        "(3, 8)": 0.1129,
        "(3, 9)": 0.1299,
        "(4, 5)": 0.0909,
        "(4, 6)": 0.3503,
        "(4, 7)": 0.0004,
        "(4, 8)": 0.0072,
        "(4, 9)": 0.085,
        "(5, 6)": 0.0529,
        "(5, 7)": 0.314,
        "(5, 8)": 0.0008,
        "(5, 9)": 0.2162,
        "(6, 7)": 0.0008,
        "(6, 8)": 0.199,
        "(6, 9)": 0.0357,
        "(7, 8)": 0.0001,
        "(7, 9)": 0.0353,
        "(8, 9)": 0.0504
    },
    "matching_counts": {
        "(0, 1)": 396.0,
        "(0, 2)": 464.0,
        "(0, 3)": 905.0,
        "(0, 4)": 206.0,
        "(0, 5)": 546.0,
        "(0, 6)": 195.0,
        "(0, 7)": 19.0,
        "(0, 8)": 4155.0,
        "(0, 9)": 761.0,
        "(1, 2)": 1088.0,
        "(1, 3)": 14.0,
        "(1, 4)": 1680.0,
        "(1, 5)": 330.0,
        "(1, 6)": 383.0,
        "(1, 7)": 2998.0,
        "(1, 8)": 8.0,
        "(1, 9)": 1759.0,
        "(2, 3)": 1829.0,
        "(2, 4)": 20.0,
        "(2, 5)": 715.0,
        "(2, 6)": 565.0,
        "(2, 7)": 1624.0,
        "(2, 8)": 27.0,
        "(2, 9)": 74.0,
        "(3, 4)": 1604.0,
        "(3, 5)": 201.0,
        "(3, 6)": 97.0,
        "(3, 7)": 76.0,
        "(3, 8)": 1129.0,
        "(3, 9)": 1299.0,
        "(4, 5)": 909.0,
        "(4, 6)": 3503.0,
        "(4, 7)": 4.0,
        "(4, 8)": 72.0,
        "(4, 9)": 850.0,
        "(5, 6)": 529.0,
        "(5, 7)": 3140.0,
        "(5, 8)": 8.0,
        "(5, 9)": 2162.0,
        "(6, 7)": 8.0,
        "(6, 8)": 1990.0,
        "(6, 9)": 357.0,
        "(7, 8)": 1.0,
        "(7, 9)": 353.0,
        "(8, 9)": 504.0
    },
    "average_num_matching_probability_capped": 0.939,
    "average_num_matching_probability_exceeds_one": 1.0616,
    "average_num_proposal_matching_probability_exceeds_one": 0.7618,
    "simulation_parameters": {
        "graph_file": "nonuniform_complete_10_order_0.json",
        "c_guarantee": 0.7,
        "experiment_name": "nonuniform_complete_10_order_0_si_c70_r100_sim10000",
        "average_edge_weight": 0.1111111111111111,
        "r": 1.0,
        "num_sim_instances": 10000,
        "rounding_scheme_class": "SimpleRecursiveRoundingScheme",
        "parallel": true
    }
}