{
    "min_scaled_matching_probability": 0.4971570726564796,
    "scaled_matching_probabilities": {
        "(0, 1)": 0.5714321478984109,
        "(0, 2)": 0.6426558570535644,
        "(0, 3)": 0.6241712674463538,
        "(0, 4)": 0.6074498355607656,
        "(0, 5)": 1.9377775977376317,
        "(0, 6)": 0.5846833012113777,
        "(0, 7)": 0.5836429446690543,
        "(0, 8)": 0.7013308141561578,
        "(0, 9)": 0.6051359931138914,
        "(1, 2)": 0.6186672865058743,
        "(1, 3)": 0.5636270697304019,
        "(1, 4)": 0.6316247527169095,
        "(1, 5)": 0.5820220017602227,
        "(1, 6)": 5.850813313121497,
        "(1, 7)": 0.8701852939123141,
        "(1, 8)": 0.630895708539355,
        "(1, 9)": 0.6587305689552181,
        "(2, 3)": 0.6034372880833883,
        "(2, 4)": 0.6321322671303208,
        "(2, 5)": 0.6213186329174304,
        "(2, 6)": 0.6602201852167453,
        "(2, 7)": 1.1262348829514168,
        "(2, 8)": 0.6053752032622811,
        "(2, 9)": 0.6118337163546307,
        "(3, 4)": 3.3219761204067604,
        "(3, 5)": 0.6093994077686031,
        "(3, 6)": 0.6122625054686591,
        "(3, 7)": 0.5373022340771072,
        "(3, 8)": 0.556585377954541,
        "(3, 9)": 0.9481612625703848,
        "(4, 5)": 0.654375405889275,
        "(4, 6)": 0.6185936674567138,
        "(4, 7)": 0.6486808016377709,
        "(4, 8)": 0.6283628678306508,
        "(4, 9)": 0.4971570726564796,
        "(5, 6)": 0.6535788377520727,
        "(5, 7)": 0.6064249988270808,
        "(5, 8)": 0.6217418117126544,
        "(5, 9)": 1.3940238178987645,
        "(6, 7)": 0.5428247066051745,
        "(6, 8)": 0.6432054417829304,
        "(6, 9)": 0.6530509152588776,
        "(7, 8)": 0.567988925585265,
        "(7, 9)": 0.6185819955997311,
        "(8, 9)": 0.6652448192573046
    },
    "matching_probabilities": {
        "(0, 1)": 0.030647918130808124,
        "(0, 2)": 0.04108767673027089,
        "(0, 3)": 0.07905414245825951,
        "(0, 4)": 0.017771776677217525,
        "(0, 5)": 0.15156669586655688,
        "(0, 6)": 0.017414857427272237,
        "(0, 7)": 0.0026150525680895195,
        "(0, 8)": 0.35093630978670365,
        "(0, 9)": 0.058978264295819996,
        "(1, 2)": 0.08212971728137364,
        "(1, 3)": 0.0010620744543905368,
        "(1, 4)": 0.14922649110075675,
        "(1, 5)": 0.029333537232149137,
        "(1, 6)": 0.1251968649139867,
        "(1, 7)": 0.22010573194772884,
        "(1, 8)": 0.001329659542576537,
        "(1, 9)": 0.16171358467595748,
        "(2, 3)": 0.16161546304119512,
        "(2, 4)": 0.0021008030424927776,
        "(2, 5)": 0.06044593020477242,
        "(2, 6)": 0.05069291300113106,
        "(2, 7)": 0.2662886746243428,
        "(2, 8)": 0.002312037780126524,
        "(2, 9)": 0.006139999591223886,
        "(3, 4)": 0.05654757388058284,
        "(3, 5)": 0.0178051664636329,
        "(3, 6)": 0.006584312357660671,
        "(3, 7)": 0.006648373472400118,
        "(3, 8)": 0.09027842321892439,
        "(3, 9)": 0.24445441661645367,
        "(4, 5)": 0.08329108878065197,
        "(4, 6)": 0.28049603851186233,
        "(4, 7)": 0.00025974109504578767,
        "(4, 8)": 0.0060211783961168315,
        "(4, 9)": 0.059874243694948225,
        "(5, 6)": 0.044449593189265904,
        "(5, 7)": 0.26708451863658095,
        "(5, 8)": 0.0012816697616511005,
        "(5, 9)": 0.11929723929829252,
        "(6, 7)": 0.0009117486663539298,
        "(6, 8)": 0.17064119880130352,
        "(6, 9)": 0.03299975690456343,
        "(7, 8)": 0.00022824381888779125,
        "(7, 9)": 0.03133313085239006,
        "(8, 9)": 0.03442825545554482
    },
    "matching_counts": {
        "(0, 1)": 306.47918130808125,
        "(0, 2)": 410.8767673027089,
        "(0, 3)": 790.541424582595,
        "(0, 4)": 177.71776677217525,
        "(0, 5)": 1515.666958665569,
        "(0, 6)": 174.14857427272236,
        "(0, 7)": 26.150525680895196,
        "(0, 8)": 3509.3630978670362,
        "(0, 9)": 589.7826429582,
        "(1, 2)": 821.2971728137364,
        "(1, 3)": 10.620744543905369,
        "(1, 4)": 1492.2649110075677,
        "(1, 5)": 293.3353723214914,
        "(1, 6)": 1251.9686491398672,
        "(1, 7)": 2201.0573194772883,
        "(1, 8)": 13.29659542576537,
        "(1, 9)": 1617.1358467595749,
        "(2, 3)": 1616.154630411951,
        "(2, 4)": 21.008030424927775,
        "(2, 5)": 604.4593020477242,
        "(2, 6)": 506.9291300113106,
        "(2, 7)": 2662.886746243428,
        "(2, 8)": 23.120377801265242,
        "(2, 9)": 61.39999591223886,
        "(3, 4)": 565.4757388058284,
        "(3, 5)": 178.051664636329,
        "(3, 6)": 65.84312357660671,
        "(3, 7)": 66.48373472400118,
        "(3, 8)": 902.7842321892439,
        "(3, 9)": 2444.544166164537,
        "(4, 5)": 832.9108878065197,
        "(4, 6)": 2804.9603851186234,
        "(4, 7)": 2.5974109504578764,
        "(4, 8)": 60.211783961168315,
        "(4, 9)": 598.7424369494822,
        "(5, 6)": 444.49593189265903,
        "(5, 7)": 2670.8451863658097,
        "(5, 8)": 12.816697616511005,
        "(5, 9)": 1192.9723929829252,
        "(6, 7)": 9.117486663539298,
        "(6, 8)": 1706.4119880130352,
        "(6, 9)": 329.9975690456343,
        "(7, 8)": 2.2824381888779124,
        "(7, 9)": 313.33130852390065,
        "(8, 9)": 344.2825545554482
    },
    "average_num_matching_probability_capped": 0.8472,
    "average_num_matching_probability_exceeds_one": 0.4236,
    "average_num_proposal_matching_probability_exceeds_one": 0.7234,
    "simulation_parameters": {
        "graph_file": "nonuniform_complete_10_order_0.json",
        "c_guarantee": 0.6,
        "experiment_name": "nonuniform_complete_10_order_0_si_c60_r40_sim10000",
        "average_edge_weight": 0.1111111111111111,
        "r": 0.4,
        "num_sim_instances": 10000,
        "rounding_scheme_class": "SimpleRecursiveRoundingScheme",
        "parallel": true
    }
}