{
    "min_scaled_matching_probability": 0.0,
    "scaled_matching_probabilities": {
        "(0, 10)": 0.6147737926407696,
        "(0, 11)": 0.7060630428480311,
        "(0, 12)": 1.1511953511615642,
        "(0, 13)": 0.6999029055067209,
        "(0, 14)": 0.74283359595496,
        "(0, 15)": 0.7959490119457255,
        "(0, 16)": 0.6501906240971888,
        "(0, 17)": 0.6994004484261405,
        "(0, 18)": 0.7100782335847787,
        "(0, 19)": 0.6961409925735533,
        "(10, 1)": 0.7157176308833568,
        "(10, 2)": 0.7014400590032998,
        "(10, 3)": 0.8172524438895975,
        "(10, 4)": 0.6795717213091828,
        "(10, 5)": 0.6462512590793282,
        "(10, 6)": 0.6829850156490183,
        "(10, 7)": 0.6401527970124019,
        "(10, 8)": 0.7201925111028167,
        "(10, 9)": 0.679431852213843,
        "(11, 1)": 0.6992548325401381,
        "(11, 2)": 0.792904881759635,
        "(11, 3)": 0.6071901963860991,
        "(11, 4)": 0.3113711338398501,
        "(11, 5)": 0.47658438874200304,
        "(11, 6)": 0.6967967190300992,
        "(11, 7)": 0.6693395891854552,
        "(11, 8)": 0.6880580544085445,
        "(11, 9)": 0.687396385383497,
        "(12, 1)": 0.5705868106881389,
        "(12, 2)": 0.7039621198891443,
        "(12, 3)": 0.6878802855102161,
        "(12, 4)": 0.7195422038877596,
        "(12, 5)": 1.0629489720801726,
        "(12, 6)": 0.7242245921652285,
        "(12, 7)": 0.7283294229379468,
        "(12, 8)": 0.7231591120438106,
        "(12, 9)": 0.727225238759964,
        "(13, 1)": 0.7246917338775696,
        "(13, 2)": 0.43611537045681453,
        "(13, 3)": 0.7686144044509394,
        "(13, 4)": 0.6906729875794245,
        "(13, 5)": 0.654312839770172,
        "(13, 6)": 0.6794874806443665,
        "(13, 7)": 0.7041345361093392,
        "(13, 8)": 0.7244878248411082,
        "(13, 9)": 0.7148159811839199,
        "(14, 1)": 0.7082522953735315,
        "(14, 2)": 0.6716201084328349,
        "(14, 3)": 0.6973011764720567,
        "(14, 4)": 0.7125058125016474,
        "(14, 5)": 0.7169921021822528,
        "(14, 6)": 0.8554464946921183,
        "(14, 7)": 0.7921632618239596,
        "(14, 8)": 0.7590429066966896,
        "(14, 9)": 0.6979342549342451,
        "(15, 1)": 0.6780310957492612,
        "(15, 2)": 0.6973899164917606,
        "(15, 3)": 0.7139020997472235,
        "(15, 4)": 0.741365545062273,
        "(15, 5)": 0.6898322663020637,
        "(15, 6)": 0.738256542314836,
        "(15, 7)": 0.7044448781514291,
        "(15, 8)": 0.9094877689736021,
        "(15, 9)": 0.6596811261251944,
        "(16, 1)": 0.6053959974877218,
        "(16, 2)": 0.4199358581181476,
        "(16, 3)": 0.416561842578957,
        "(16, 4)": 0.7419331386442429,
        "(16, 5)": 0.0,
        "(16, 6)": 0.6875467565793045,
        "(16, 7)": 0.7128200835500896,
        "(16, 8)": 0.7138166569363638,
        "(16, 9)": 0.6921172204147311,
        "(17, 1)": 0.7212075060691733,
        "(17, 2)": 0.6907370917828581,
        "(17, 3)": 0.7150643773990821,
        "(17, 4)": 0.6689714142007448,
        "(17, 5)": 0.6531438399075419,
        "(17, 6)": 0.7090990843321119,
        "(17, 7)": 0.9021294488122072,
        "(17, 8)": 0.6698788624926314,
        "(17, 9)": 0.8542425730431472,
        "(18, 1)": 0.7099799469854665,
        "(18, 2)": 0.6510746023536577,
        "(18, 3)": 0.6195104946404011,
        "(18, 4)": 0.6585276477481536,
        "(18, 5)": 0.8929243727762595,
        "(18, 6)": 0.9469796501104673,
        "(18, 7)": 0.4949288303252395,
        "(18, 8)": 0.6823879108705533,
        "(18, 9)": 0.6728831951987115,
        "(19, 1)": 0.6821857859258698,
        "(19, 2)": 0.6812610014655098,
        "(19, 3)": 0.6988240884655148,
        "(19, 4)": 0.7129147293808312,
        "(19, 5)": 0.7120774071977041,
        "(19, 6)": 0.6685231908470626,
        "(19, 7)": 0.7172313406494524,
        "(19, 8)": 0.5262891331333839,
        "(19, 9)": 0.7006447260370559
    },
    "matching_probabilities": {
        "(0, 10)": 0.0008,
        "(0, 11)": 0.1429,
        "(0, 12)": 0.0009,
        "(0, 13)": 0.0046,
        "(0, 14)": 0.0284,
        "(0, 15)": 0.0037,
        "(0, 16)": 0.0786,
        "(0, 17)": 0.1049,
        "(0, 18)": 0.3335,
        "(0, 19)": 0.0034,
        "(10, 1)": 0.006,
        "(10, 2)": 0.0048,
        "(10, 3)": 0.0013,
        "(10, 4)": 0.1042,
        "(10, 5)": 0.009,
        "(10, 6)": 0.1314,
        "(10, 7)": 0.0324,
        "(10, 8)": 0.2423,
        "(10, 9)": 0.1275,
        "(11, 1)": 0.4327,
        "(11, 2)": 0.0354,
        "(11, 3)": 0.0001,
        "(11, 4)": 0.0001,
        "(11, 5)": 0.0034,
        "(11, 6)": 0.0121,
        "(11, 7)": 0.001,
        "(11, 8)": 0.0126,
        "(11, 9)": 0.0614,
        "(12, 1)": 0.001,
        "(12, 2)": 0.1068,
        "(12, 3)": 0.3266,
        "(12, 4)": 0.0071,
        "(12, 5)": 0.0002,
        "(12, 6)": 0.0303,
        "(12, 7)": 0.0307,
        "(12, 8)": 0.1084,
        "(12, 9)": 0.0773,
        "(13, 1)": 0.0705,
        "(13, 2)": 0.0004,
        "(13, 3)": 0.001,
        "(13, 4)": 0.0793,
        "(13, 5)": 0.0018,
        "(13, 6)": 0.263,
        "(13, 7)": 0.1889,
        "(13, 8)": 0.0032,
        "(13, 9)": 0.0175,
        "(14, 1)": 0.116,
        "(14, 2)": 0.0248,
        "(14, 3)": 0.0639,
        "(14, 4)": 0.1777,
        "(14, 5)": 0.0687,
        "(14, 6)": 0.0077,
        "(14, 7)": 0.0105,
        "(14, 8)": 0.0079,
        "(14, 9)": 0.1925,
        "(15, 1)": 0.0117,
        "(15, 2)": 0.0353,
        "(15, 3)": 0.2074,
        "(15, 4)": 0.0089,
        "(15, 5)": 0.3534,
        "(15, 6)": 0.0702,
        "(15, 7)": 0.0091,
        "(15, 8)": 0.0005,
        "(15, 9)": 0.0014,
        "(16, 1)": 0.0102,
        "(16, 2)": 0.0006,
        "(16, 3)": 0.0028,
        "(16, 4)": 0.0261,
        "(16, 5)": 0.0,
        "(16, 6)": 0.0862,
        "(16, 7)": 0.369,
        "(16, 8)": 0.0294,
        "(16, 9)": 0.0791,
        "(17, 1)": 0.0061,
        "(17, 2)": 0.4339,
        "(17, 3)": 0.0723,
        "(17, 4)": 0.0188,
        "(17, 5)": 0.0002,
        "(17, 6)": 0.0114,
        "(17, 7)": 0.004,
        "(17, 8)": 0.0366,
        "(17, 9)": 0.004,
        "(18, 1)": 0.0005,
        "(18, 2)": 0.0412,
        "(18, 3)": 0.0036,
        "(18, 4)": 0.0072,
        "(18, 5)": 0.0024,
        "(18, 6)": 0.0028,
        "(18, 7)": 0.0006,
        "(18, 8)": 0.2578,
        "(18, 9)": 0.0405,
        "(19, 1)": 0.0449,
        "(19, 2)": 0.0102,
        "(19, 3)": 0.0167,
        "(19, 4)": 0.2063,
        "(19, 5)": 0.2596,
        "(19, 6)": 0.07,
        "(19, 7)": 0.0557,
        "(19, 8)": 0.0021,
        "(19, 9)": 0.0225
    },
    "matching_counts": {
        "(0, 10)": 8.0,
        "(0, 11)": 1429.0,
        "(0, 12)": 9.0,
        "(0, 13)": 46.0,
        "(0, 14)": 284.0,
        "(0, 15)": 37.0,
        "(0, 16)": 786.0,
        "(0, 17)": 1049.0,
        "(0, 18)": 3335.0,
        "(0, 19)": 34.0,
        "(10, 1)": 60.0,
        "(10, 2)": 48.0,
        "(10, 3)": 13.0,
        "(10, 4)": 1042.0,
        "(10, 5)": 90.0,
        "(10, 6)": 1314.0,
        "(10, 7)": 324.0,
        "(10, 8)": 2423.0,
        "(10, 9)": 1275.0,
        "(11, 1)": 4327.0,
        "(11, 2)": 354.0,
        "(11, 3)": 1.0,
        "(11, 4)": 1.0,
        "(11, 5)": 34.0,
        "(11, 6)": 121.0,
        "(11, 7)": 10.0,
        "(11, 8)": 126.0,
        "(11, 9)": 614.0,
        "(12, 1)": 10.0,
        "(12, 2)": 1068.0,
        "(12, 3)": 3266.0,
        "(12, 4)": 71.0,
        "(12, 5)": 2.0,
        "(12, 6)": 303.0,
        "(12, 7)": 307.0,
        "(12, 8)": 1084.0,
        "(12, 9)": 773.0,
        "(13, 1)": 705.0,
        "(13, 2)": 4.0,
        "(13, 3)": 10.0,
        "(13, 4)": 793.0,
        "(13, 5)": 18.0,
        "(13, 6)": 2630.0,
        "(13, 7)": 1889.0,
        "(13, 8)": 32.0,
        "(13, 9)": 175.0,
        "(14, 1)": 1160.0,
        "(14, 2)": 248.0,
        "(14, 3)": 639.0,