{
    "min_scaled_matching_probability": 0.7790047222910059,
    "scaled_matching_probabilities": {
        "(0, 2)": 1.074163117860181,
        "(0, 3)": 0.873414424631848,
        "(0, 4)": 0.8419277747607968,
        "(0, 5)": 0.7947217169490716,
        "(0, 6)": 0.9272148359367851,
        "(0, 7)": 0.934302764125674,
        "(0, 8)": 0.7790047222910059,
        "(0, 9)": 0.941720471908905,
        "(0, 10)": 0.9129523665435026,
        "(0, 11)": 0.8965968286094965,
        "(0, 12)": 1.0990633894874715,
        "(0, 13)": 0.8492310406021596,
        "(0, 14)": 0.8376867169619798,
        "(0, 15)": 0.9451815854558012,
        "(0, 16)": 0.8028290488337791,
        "(0, 19)": 0.8229053298376698,
        "(0, 20)": 0.8798121624334069
    },
    "matching_probabilities": {
        "(0, 2)": 3.2378473016188373e-06,
        "(0, 3)": 0.0001691648533056427,
        "(0, 4)": 5.635726105688639e-06,
        "(0, 5)": 9.919133377342575e-07,
        "(0, 6)": 0.038055676691666866,
        "(0, 7)": 0.14160671256083524,
        "(0, 8)": 0.00014804318661101876,
        "(0, 9)": 0.018936825046740206,
        "(0, 10)": 0.32195509468016403,
        "(0, 11)": 0.015031750056137366,
        "(0, 12)": 2.0070225268531716e-05,
        "(0, 13)": 0.006580089401056198,
        "(0, 14)": 2.2310914470491273e-05,
        "(0, 15)": 0.04364423538570123,
        "(0, 16)": 0.003977253415799617,
        "(0, 19)": 0.001307633611276478,
        "(0, 20)": 0.31405651265453094
    },
    "matching_counts": {
        "(0, 2)": 0.032378473016188375,
        "(0, 3)": 1.691648533056427,
        "(0, 4)": 0.05635726105688639,
        "(0, 5)": 0.009919133377342576,
        "(0, 6)": 380.55676691666866,
        "(0, 7)": 1416.0671256083524,
        "(0, 8)": 1.4804318661101876,
        "(0, 9)": 189.36825046740205,
        "(0, 10)": 3219.5509468016403,
        "(0, 11)": 150.31750056137366,
        "(0, 12)": 0.20070225268531716,
        "(0, 13)": 65.80089401056198,
        "(0, 14)": 0.22310914470491272,
        "(0, 15)": 436.44235385701234,
        "(0, 16)": 39.77253415799617,
        "(0, 19)": 13.07633611276478,
        "(0, 20)": 3140.5651265453093
    },
    "average_num_matching_probability_capped": 0.0,
    "average_num_matching_probability_exceeds_one": 0.0,
    "average_num_proposal_matching_probability_exceeds_one": 0.0,
    "simulation_parameters": {
        "graph_file": "nonuniform_star_20_order_0.json",
        "c_guarantee": 0.9,
        "experiment_name": "nonuniform_star_20_order_0_tr_c90_r70_sim10000",
        "average_edge_weight": 0.05,
        "r": 0.7,
        "num_sim_instances": 10000,
        "rounding_scheme_class": "SimpleRecursiveRoundingSchemeForTree",
        "parallel": true
    }
}