{
    "min_scaled_matching_probability": 0.0835173748405956,
    "scaled_matching_probabilities": {
        "(0, 10)": 0.302707420311022,
        "(0, 11)": 0.37122156496466097,
        "(0, 12)": 0.10630768624546401,
        "(0, 13)": 0.5315621226392374,
        "(0, 14)": 0.15036707142484929,
        "(0, 15)": 0.31676088085996584,
        "(0, 16)": 0.32636473011682776,
        "(0, 17)": 0.2746644701475393,
        "(0, 18)": 0.393341069568425,
        "(0, 19)": 0.22418177496657404,
        "(10, 1)": 0.2513050437167618,
        "(10, 2)": 0.990214242691537,
        "(10, 3)": 0.23750378294337582,
        "(10, 4)": 0.25758746104312613,
        "(10, 5)": 0.6272363074023348,
        "(10, 6)": 0.2618317614197029,
        "(10, 7)": 0.35714469115868314,
        "(10, 8)": 0.36690644129434485,
        "(10, 9)": 1.6591750289090976,
        "(11, 1)": 0.40481469379694274,
        "(11, 2)": 0.8153021475599727,
        "(11, 3)": 0.3867474583128174,
        "(11, 4)": 1.4388983068573808,
        "(11, 5)": 0.1619733844049852,
        "(11, 6)": 0.47810301155723683,
        "(11, 7)": 0.29959890908154724,
        "(11, 8)": 0.5101502384942702,
        "(11, 9)": 2.2610061661353544,
        "(12, 1)": 0.15355388043689955,
        "(12, 2)": 0.17703722012336776,
        "(12, 3)": 0.537686042360361,
        "(12, 4)": 0.3688945085683242,
        "(12, 5)": 0.2139756492310064,
        "(12, 6)": 0.29474516133199025,
        "(12, 7)": 1.2906665342592998,
        "(12, 8)": 0.5690046746650149,
        "(12, 9)": 0.240873071688447,
        "(13, 1)": 0.3449868067155178,
        "(13, 2)": 0.42058731307296876,
        "(13, 3)": 0.3910986717439605,
        "(13, 4)": 0.8166385159190714,
        "(13, 5)": 0.17228043961399342,
        "(13, 6)": 0.24369305270027572,
        "(13, 7)": 1.9749862738938173,
        "(13, 8)": 0.404854521073786,
        "(13, 9)": 0.1901754691322151,
        "(14, 1)": 0.6727089260819711,
        "(14, 2)": 5.0734370655411585,
        "(14, 3)": 0.3263158038830012,
        "(14, 4)": 0.2049997952548191,
        "(14, 5)": 0.20398195067740524,
        "(14, 6)": 0.0835173748405956,
        "(14, 7)": 2.083107009117283,
        "(14, 8)": 0.9868095273596312,
        "(14, 9)": 0.11238374351522994,
        "(15, 1)": 0.33910569512373845,
        "(15, 2)": 1.3903102476468132,
        "(15, 3)": 0.3918006295790469,
        "(15, 4)": 0.7538085476269117,
        "(15, 5)": 0.8630046817325697,
        "(15, 6)": 0.7503653808746206,
        "(15, 7)": 0.3240352148079046,
        "(15, 8)": 0.31575668361154907,
        "(15, 9)": 0.3798809286426689,
        "(16, 1)": 0.4508047592045944,
        "(16, 2)": 0.8337894687525143,
        "(16, 3)": 0.3398623111609912,
        "(16, 4)": 0.3913345705993203,
        "(16, 5)": 0.3207176847163222,
        "(16, 6)": 0.12147612010346195,
        "(16, 7)": 0.23583478047729903,
        "(16, 8)": 0.6298657123672856,
        "(16, 9)": 0.5555882441603598,
        "(17, 1)": 0.43457640022605754,
        "(17, 2)": 0.13841182025719356,
        "(17, 3)": 0.30785905070965075,
        "(17, 4)": 0.20482098401464646,
        "(17, 5)": 0.7034256868742852,
        "(17, 6)": 0.47371795178772963,
        "(17, 7)": 0.5426135377407291,
        "(17, 8)": 0.27577012342229135,
        "(17, 9)": 0.38518600529618363,
        "(18, 1)": 0.5835787295553364,
        "(18, 2)": 0.3792052416299951,
        "(18, 3)": 0.7385864405078114,
        "(18, 4)": 2.411060297515113,
        "(18, 5)": 0.39359767025085,
        "(18, 6)": 0.31838699773026113,
        "(18, 7)": 0.5790083222831967,
        "(18, 8)": 1.213680315946557,
        "(18, 9)": 0.18132537521380104,
        "(19, 1)": 0.28500293690056844,
        "(19, 2)": 0.39460078130920545,
        "(19, 3)": 0.36364523724781445,
        "(19, 4)": 1.6048632546781345,
        "(19, 5)": 0.43722669617648807,
        "(19, 6)": 0.11065302993518837,
        "(19, 7)": 0.3095909676040471,
        "(19, 8)": 0.4510234232769115,
        "(19, 9)": 0.3320028568858352
    },
    "matching_probabilities": {
        "(0, 10)": 0.00039391063696549324,
        "(0, 11)": 0.0751314803554556,
        "(0, 12)": 8.31109311937187e-05,
        "(0, 13)": 0.003493607105931656,
        "(0, 14)": 0.005748831032575763,
        "(0, 15)": 0.001472475298784329,
        "(0, 16)": 0.039453456934728466,
        "(0, 17)": 0.041195716964884915,
        "(0, 18)": 0.18473914633155392,
        "(0, 19)": 0.0010949190509073731,
        "(10, 1)": 0.002106739022817656,
        "(10, 2)": 0.006776100543321005,
        "(10, 3)": 0.00037779626128361655,
        "(10, 4)": 0.039496366018565016,
        "(10, 5)": 0.008735188809787783,
        "(10, 6)": 0.05037400918357675,
        "(10, 7)": 0.0180761343972026,
        "(10, 8)": 0.12344120406012933,
        "(10, 9)": 0.31135545897151845,
        "(11, 1)": 0.25049997490847875,
        "(11, 2)": 0.0363999474433458,
        "(11, 3)": 6.369461506702146e-05,
        "(11, 4)": 0.00046211679583549987,
        "(11, 5)": 0.0011555340879515757,
        "(11, 6)": 0.00830234454590288,
        "(11, 7)": 0.00044760374841437445,
        "(11, 8)": 0.009342079442051192,
        "(11, 9)": 0.20195884289275126,
        "(12, 1)": 0.00026911572009824514,
        "(12, 2)": 0.02685879619794476,
        "(12, 3)": 0.25528898724672905,
        "(12, 4)": 0.0036400241663151417,
        "(12, 5)": 4.026075660287997e-05,
        "(12, 6)": 0.01233150390772948,
        "(12, 7)": 0.05440321556957942,
        "(12, 8)": 0.0852925804383018,
        "(12, 9)": 0.025603468429212073,
        "(13, 1)": 0.033561262998417093,
        "(13, 2)": 0.00038575784442765164,
        "(13, 3)": 0.000508835990425319,
        "(13, 4)": 0.09376280161084959,
        "(13, 5)": 0.0004739396393537268,
        "(13, 6)": 0.09432296353627291,
        "(13, 7)": 0.5298346949433118,
        "(13, 8)": 0.0017882073694202479,
        "(13, 9)": 0.0046558426188256456,
        "(14, 1)": 0.11017858457395252,
        "(14, 2)": 0.18733989296272452,
        "(14, 3)": 0.029903262136485684,
        "(14, 4)": 0.05112725114322787,
        "(14, 5)": 0.01954492939167079,
        "(14, 6)": 0.0007517522022274893,
        "(14, 7)": 0.02761125723675907,
        "(14, 8)": 0.010270559407593877,
        "(14, 9)": 0.030997003619946936,
        "(15, 1)": 0.005851555567025132,
        "(15, 2)": 0.07037376162365597,
        "(15, 3)": 0.11382436135636308,
        "(15, 4)": 0.009049376678701709,
        "(15, 5)": 0.4421159598103562,
        "(15, 6)": 0.07135141609748766,
        "(15, 7)": 0.004185878194600299,
        "(15, 8)": 0.0001735903958158199,
        "(15, 9)": 0.0008061975385344056,
        "(16, 1)": 0.007595373215165864,
        "(16, 2)": 0.001191309747858584,
        "(16, 3)": 0.0022844494477921415,
        "(16, 4)": 0.013766513127188669,
        "(16, 5)": 6.435432484939198e-05,
        "(16, 6)": 0.015229861027946864,
        "(16, 7)": 0.12208274711161146,
        "(16, 8)": 0.025942308523698495,
        "(16, 9)": 0.06349651304261796,
        "(17, 1)": 0.00367566341042032,
        "(17, 2)": 0.08694608921982709,
        "(17, 3)": 0.031127560076853467,
        "(17, 4)": 0.005756052377926953,
        "(17, 5)": 0.000215396867854977,
        "(17, 6)": 0.007615839266619059,
        "(17, 7)": 0.002405923178564511,
        "(17, 8)": 0.015067181668785509,
        "(17, 9)": 0.0018036375963984093,
        "(18, 1)": 0.00041098254396703575,
        "(18, 2)": 0.02399610720288762,
        "(18, 3)": 0.004291955033580995,
        "(18, 4)": 0.026361283693206162,
        "(18, 5)": 0.001057910879579874,
        "(18, 6)": 0.000941396780322299,
        "(18, 7)": 0.0007019291907921849,
        "(18, 8)": 0.4585174802581987,
        "(18, 9)": 0.010913748104513525,
        "(19, 1)": 0.018758279827639328,
        "(19, 2)": 0.0059080557388366305,
        "(19, 3)": 0.008690134702387527,
        "(19, 4)": 0.464407980078692,
        "(19, 5)": 0.1593984715427189,