{
    "min_scaled_matching_probability": 0.45547441964737284,
    "scaled_matching_probabilities": {
        "(0, 10)": 0.5165711952801507,
        "(0, 11)": 0.6094294561854174,
        "(0, 12)": 0.6413541515212222,
        "(0, 13)": 9.64591474850955,
        "(0, 14)": 0.7095313399667952,
        "(0, 15)": 0.5875390365501133,
        "(0, 16)": 0.6379890098334083,
        "(0, 17)": 0.5894960646679457,
        "(0, 18)": 0.6205877147073995,
        "(0, 19)": 16.176429970474853,
        "(10, 1)": 0.6871442096518204,
        "(10, 2)": 25.927058701715815,
        "(10, 3)": 3.099677021667056,
        "(10, 4)": 1.1786454811944929,
        "(10, 5)": 0.5159472818493392,
        "(10, 6)": 0.6185228930486726,
        "(10, 7)": 0.5765712723878466,
        "(10, 8)": 0.6247598074514528,
        "(10, 9)": 0.6661074286384477,
        "(11, 1)": 0.6195368325061105,
        "(11, 2)": 0.45547441964737284,
        "(11, 3)": 0.537705099804403,
        "(11, 4)": 27.905403233484392,
        "(11, 5)": 22.7113225861782,
        "(11, 6)": 0.8476468995191763,
        "(11, 7)": 0.6704656223305253,
        "(11, 8)": 3.956005249577662,
        "(11, 9)": 1.0757267992824575,
        "(12, 1)": 1.5047691086158659,
        "(12, 2)": 0.6128780977523897,
        "(12, 3)": 0.6084244518126147,
        "(12, 4)": 0.5581735090901948,
        "(12, 5)": 260.7602568299082,
        "(12, 6)": 0.9107071265559573,
        "(12, 7)": 4.036379053013913,
        "(12, 8)": 0.6191976500574558,
        "(12, 9)": 0.8011343112249147,
        "(13, 1)": 1.1099277348189969,
        "(13, 2)": 0.673041707450558,
        "(13, 3)": 0.8832441519178694,
        "(13, 4)": 1.6220931160104923,
        "(13, 5)": 0.5897825652535754,
        "(13, 6)": 0.5797138684224631,
        "(13, 7)": 0.6028373613290747,
        "(13, 8)": 0.9861351084136035,
        "(13, 9)": 6.567575843379142,
        "(14, 1)": 0.6263755605301873,
        "(14, 2)": 0.82646761549309,
        "(14, 3)": 1.8208139706639346,
        "(14, 4)": 0.5861272825400287,
        "(14, 5)": 0.6356299737671887,
        "(14, 6)": 0.7734270959794414,
        "(14, 7)": 0.8245320451926196,
        "(14, 8)": 12.825593196870761,
        "(14, 9)": 0.6710262307038988,
        "(15, 1)": 2.6240602522690857,
        "(15, 2)": 0.6552917298705793,
        "(15, 3)": 0.6056164143618274,
        "(15, 4)": 9.555939579178435,
        "(15, 5)": 0.6113254049891353,
        "(15, 6)": 1.1896481433106951,
        "(15, 7)": 11.126527429482787,
        "(15, 8)": 1.352270789936864,
        "(15, 9)": 15.485842433471788,
        "(16, 1)": 1.3299870718099824,
        "(16, 2)": 0.6823666848275818,
        "(16, 3)": 24.476621207800655,
        "(16, 4)": 0.6182525064212873,
        "(16, 5)": 0.550986954594035,
        "(16, 6)": 0.9918836481174653,
        "(16, 7)": 0.6403393238520028,
        "(16, 8)": 0.6189045227278315,
        "(16, 9)": 0.6445970948105236,
        "(17, 1)": 0.6393203827399072,
        "(17, 2)": 0.6118594568413668,
        "(17, 3)": 0.4942660391302734,
        "(17, 4)": 1.3520149157226244,
        "(17, 5)": 1.6852773848088838,
        "(17, 6)": 0.6658783718145682,
        "(17, 7)": 0.6286553884397653,
        "(17, 8)": 0.6079506575109084,
        "(17, 9)": 0.9055591504621662,
        "(18, 1)": 0.5880311013878586,
        "(18, 2)": 1.9900611065438296,
        "(18, 3)": 14.177679471758271,
        "(18, 4)": 2.3842791899791043,
        "(18, 5)": 0.6314103731466457,
        "(18, 6)": 0.6204552228602072,
        "(18, 7)": 0.5479367337764959,
        "(18, 8)": 0.809319301053276,
        "(18, 9)": 0.5683693376817168,
        "(19, 1)": 0.6164694586050806,
        "(19, 2)": 0.5566520952348655,
        "(19, 3)": 0.6231648225994458,
        "(19, 4)": 0.6347038901022448,
        "(19, 5)": 0.8236583646439082,
        "(19, 6)": 1.3935569790601268,
        "(19, 7)": 0.6169469400284282,
        "(19, 8)": 13.024921256097208,
        "(19, 9)": 0.5715120210697102
    },
    "matching_probabilities": {
        "(0, 10)": 0.0006722097805258897,
        "(0, 11)": 0.12334234197786832,
        "(0, 12)": 0.0005014081543907228,
        "(0, 13)": 0.06339623324040888,
        "(0, 14)": 0.027126788778517732,
        "(0, 15)": 0.0027311981076793565,
        "(0, 16)": 0.07712497583694812,
        "(0, 17)": 0.08841592441472085,
        "(0, 18)": 0.2914692960099126,
        "(0, 19)": 0.07900678524372817,
        "(10, 1)": 0.005760463456548329,
        "(10, 2)": 0.17742055100912116,
        "(10, 3)": 0.0049306431058057845,
        "(10, 4)": 0.18072391079467745,
        "(10, 5)": 0.007185325322629745,
        "(10, 6)": 0.11899808382964834,
        "(10, 7)": 0.029181953609435398,
        "(10, 8)": 0.2101928290169011,
        "(10, 9)": 0.12499958145128558,
        "(11, 1)": 0.38337037507710925,
        "(11, 2)": 0.020335092930358376,
        "(11, 3)": 8.855628812927803e-05,
        "(11, 4)": 0.008962103483824289,
        "(11, 5)": 0.16202481368899344,
        "(11, 6)": 0.014719540439941402,
        "(11, 7)": 0.0010016823047123815,
        "(11, 8)": 0.0724439832152331,
        "(11, 9)": 0.09608666394004085,
        "(12, 1)": 0.0026372307954351153,
        "(12, 2)": 0.0929813962862984,
        "(12, 3)": 0.2888750123353387,
        "(12, 4)": 0.005507712950161533,
        "(12, 5)": 0.04906355124829839,
        "(12, 6)": 0.03810202833922818,
        "(12, 7)": 0.17013844700612182,
        "(12, 8)": 0.09281639980519511,
        "(12, 9)": 0.08515612351859868,
        "(13, 1)": 0.1079768150328577,
        "(13, 2)": 0.0006173061103034017,
        "(13, 3)": 0.001149138172278746,
        "(13, 4)": 0.18624151575761444,
        "(13, 5)": 0.001622478656890375,
        "(13, 6)": 0.22438198162315454,
        "(13, 7)": 0.1617247439449261,
        "(13, 8)": 0.004355673399502072,
        "(13, 9)": 0.16078624469024458,
        "(14, 1)": 0.10258994640205317,
        "(14, 2)": 0.03051784276092497,
        "(14, 3)": 0.1668576171262031,
        "(14, 4)": 0.14618100832282302,
        "(14, 5)": 0.060904128601832086,
        "(14, 6)": 0.006961731301716408,
        "(14, 7)": 0.010929043155306614,
        "(14, 8)": 0.1334867704596928,
        "(14, 9)": 0.18507839169273949,
        "(15, 1)": 0.04528037894430413,
        "(15, 2)": 0.033169103133576405,
        "(15, 3)": 0.17594127315652502,
        "(15, 4)": 0.11471785116145942,
        "(15, 5)": 0.31318105672453395,
        "(15, 6)": 0.11312232926314635,
        "(15, 7)": 0.14373218224539086,
        "(15, 8)": 0.0007434243956149968,
        "(15, 9)": 0.03286463497023869,
        "(16, 1)": 0.02240825540432641,
        "(16, 2)": 0.0009749584442044957,
        "(16, 3)": 0.16452428517585954,
        "(16, 4)": 0.02174911670218979,
        "(16, 5)": 0.0001105595205798676,
        "(16, 6)": 0.12435571784689749,
        "(16, 7)": 0.3314794517637708,
        "(16, 8)": 0.02549084949389236,
        "(16, 9)": 0.07366906745790773,
        "(17, 1)": 0.0054073956550576814,
        "(17, 2)": 0.38435147248025275,
        "(17, 3)": 0.04997512917522192,
        "(17, 4)": 0.037995465689596636,
        "(17, 5)": 0.0005160509161496339,
        "(17, 6)": 0.010705151940558379,
        "(17, 7)": 0.002787428741041487,
        "(17, 8)": 0.033216444510732725,
        "(17, 9)": 0.0042402904235325535,
        "(18, 1)": 0.0004141181056483387,
        "(18, 2)": 0.12593106426392178,
        "(18, 3)": 0.08238705645810904,
        "(18, 4)": 0.026068472943469794,
        "(18, 5)": 0.0016971032953668299,
        "(18, 6)": 0.0018345427209612403,
        "(18, 7)": 0.000664261243479903,
        "(18, 8)": 0.3057535347385621,
        "(18, 9)": 0.03420944131219048,
        "(19, 1)": 0.04057469279252314,
        "(19, 2)": 0.008334326138119737,
        "(19, 3)": 0.014891948788231127,
        "(19, 4)": 0.18366770545169464,
        "(19, 5)": 0.30027874680510996,
        "(19, 6)": 0.14591713476776766,
        "(19, 7)": 0.04791193944267261,