{
    "min_scaled_matching_probability": 0.5264227060082945,
    "scaled_matching_probabilities": {
        "(0, 1)": 0.735365902303466,
        "(0, 2)": 0.89301895471972,
        "(0, 3)": 0.8140131668933804,
        "(0, 4)": 0.8594166998681285,
        "(0, 5)": 0.6438898892647323,
        "(0, 6)": 0.7932698895381036,
        "(0, 7)": 0.7913842684656076,
        "(0, 8)": 0.7017963979705985,
        "(0, 9)": 0.8710203924980962,
        "(1, 2)": 0.9748558726528898,
        "(1, 3)": 0.8152499764554099,
        "(1, 4)": 0.8038913594830205,
        "(1, 5)": 0.802035430330757,
        "(1, 6)": 0.7196599842460537,
        "(1, 7)": 0.8766017229438111,
        "(1, 8)": 0.7832338746175822,
        "(1, 9)": 0.8117636932904043,
        "(2, 3)": 0.7799184605419318,
        "(2, 4)": 0.9689134378610244,
        "(2, 5)": 0.8583148037705924,
        "(2, 6)": 0.796501055662653,
        "(2, 7)": 0.5919611094413139,
        "(2, 8)": 0.8259941097747456,
        "(2, 9)": 0.8165579969233414,
        "(3, 4)": 4.34840592532408,
        "(3, 5)": 0.7639020887255917,
        "(3, 6)": 0.8671459419602285,
        "(3, 7)": 0.6999097642973404,
        "(3, 8)": 0.778979146469078,
        "(3, 9)": 0.5264227060082945,
        "(4, 5)": 0.8469736005344335,
        "(4, 6)": 0.9026843772549842,
        "(4, 7)": 0.832278938058759,
        "(4, 8)": 0.8468259363641403,
        "(4, 9)": 0.8008634581991111,
        "(5, 6)": 0.8705266818977873,
        "(5, 7)": 0.7931169026702861,
        "(5, 8)": 0.8220105301324218,
        "(5, 9)": 1.5774970375616735,
        "(6, 7)": 0.6802425092704069,
        "(6, 8)": 0.8419332495971585,
        "(6, 9)": 0.836390340963045,
        "(7, 8)": 0.7809600997033832,
        "(7, 9)": 0.7823408475494646,
        "(8, 9)": 1.4380784172307415
    },
    "matching_probabilities": {
        "(0, 1)": 0.03944026259788095,
        "(0, 2)": 0.057094436661253425,
        "(0, 3)": 0.1030984862884915,
        "(0, 4)": 0.025143412292849006,
        "(0, 5)": 0.05036298444758485,
        "(0, 6)": 0.023627632256697062,
        "(0, 7)": 0.0035458519331028958,
        "(0, 8)": 0.35116928153475496,
        "(0, 9)": 0.08489210937769008,
        "(1, 2)": 0.12941469341826659,
        "(1, 3)": 0.0015362217686775406,
        "(1, 4)": 0.18992587970287228,
        "(1, 5)": 0.040422073540103576,
        "(1, 6)": 0.015399427226568903,
        "(1, 7)": 0.2217287113503325,
        "(1, 8)": 0.0016507235369623678,
        "(1, 9)": 0.19928210855614628,
        "(2, 3)": 0.20888149543294732,
        "(2, 4)": 0.0032200480880545486,
        "(2, 5)": 0.08350246391103312,
        "(2, 6)": 0.06115680741684755,
        "(2, 7)": 0.13996417767596614,
        "(2, 8)": 0.0031546214276203014,
        "(2, 9)": 0.008194490812294323,
        "(3, 4)": 0.07401973897841244,
        "(3, 5)": 0.02231935850000146,
        "(3, 6)": 0.009325346057527445,
        "(3, 7)": 0.008660417200797414,
        "(3, 8)": 0.126350802319129,
        "(3, 9)": 0.13572201330188785,
        "(4, 5)": 0.10780563071607667,
        "(4, 6)": 0.4093145552032153,
        "(4, 7)": 0.00033325642166244117,
        "(4, 8)": 0.008114562929077094,
        "(4, 9)": 0.09645059177449397,
        "(5, 6)": 0.05920411530435208,
        "(5, 7)": 0.3493082352837362,
        "(5, 8)": 0.0016945073025206561,
        "(5, 9)": 0.13499844060484276,
        "(6, 7)": 0.0011425607439708087,
        "(6, 8)": 0.22336331394164669,
        "(6, 9)": 0.042264205262102957,
        "(7, 8)": 0.0003138253362451026,
        "(7, 9)": 0.03962803366701767,
        "(8, 9)": 0.07442452715197435
    },
    "matching_counts": {
        "(0, 1)": 394.4026259788095,
        "(0, 2)": 570.9443666125343,
        "(0, 3)": 1030.984862884915,
        "(0, 4)": 251.43412292849007,
        "(0, 5)": 503.62984447584853,
        "(0, 6)": 236.27632256697063,
        "(0, 7)": 35.45851933102896,
        "(0, 8)": 3511.6928153475496,
        "(0, 9)": 848.9210937769008,
        "(1, 2)": 1294.146934182666,
        "(1, 3)": 15.362217686775406,
        "(1, 4)": 1899.258797028723,
        "(1, 5)": 404.22073540103577,
        "(1, 6)": 153.99427226568903,
        "(1, 7)": 2217.287113503325,
        "(1, 8)": 16.50723536962368,
        "(1, 9)": 1992.821085561463,
        "(2, 3)": 2088.814954329473,
        "(2, 4)": 32.200480880545484,
        "(2, 5)": 835.0246391103312,
        "(2, 6)": 611.5680741684755,
        "(2, 7)": 1399.6417767596613,
        "(2, 8)": 31.546214276203013,
        "(2, 9)": 81.94490812294323,
        "(3, 4)": 740.1973897841243,
        "(3, 5)": 223.19358500001462,
        "(3, 6)": 93.25346057527445,
        "(3, 7)": 86.60417200797413,
        "(3, 8)": 1263.5080231912902,
        "(3, 9)": 1357.2201330188784,
        "(4, 5)": 1078.0563071607667,
        "(4, 6)": 4093.145552032153,
        "(4, 7)": 3.3325642166244114,
        "(4, 8)": 81.14562929077093,
        "(4, 9)": 964.5059177449398,
        "(5, 6)": 592.0411530435208,
        "(5, 7)": 3493.082352837362,
        "(5, 8)": 16.94507302520656,
        "(5, 9)": 1349.9844060484277,
        "(6, 7)": 11.425607439708086,
        "(6, 8)": 2233.6331394164667,
        "(6, 9)": 422.64205262102956,
        "(7, 8)": 3.1382533624510263,
        "(7, 9)": 396.2803366701767,
        "(8, 9)": 744.2452715197435
    },
    "average_num_matching_probability_capped": 1.3438,
    "average_num_matching_probability_exceeds_one": 1.184,
    "average_num_proposal_matching_probability_exceeds_one": 0.9195,
    "simulation_parameters": {
        "graph_file": "nonuniform_complete_10_order_0.json",
        "c_guarantee": 0.8,
        "experiment_name": "nonuniform_complete_10_order_0_si_c80_r60_sim10000",
        "average_edge_weight": 0.1111111111111111,
        "r": 0.6,
        "num_sim_instances": 10000,
        "rounding_scheme_class": "SimpleRecursiveRoundingScheme",
        "parallel": true
    }
}