{
    "min_scaled_matching_probability": 0.5446572449569195,
    "scaled_matching_probabilities": {
        "(0, 2)": 0.6893306752043707,
        "(0, 3)": 0.5759005643451878,
        "(0, 4)": 0.5483697415152536,
        "(0, 5)": 0.5500637936663212,
        "(0, 6)": 0.5843138263091653,
        "(0, 7)": 0.6265350810502033,
        "(0, 8)": 0.5843149454606024,
        "(0, 9)": 0.6282671465865053,
        "(0, 10)": 0.6056530206104551,
        "(0, 11)": 0.5472392891181382,
        "(0, 12)": 0.7197371346081793,
        "(0, 13)": 0.5955757909841279,
        "(0, 14)": 0.55437785350114,
        "(0, 15)": 0.6350195143323757,
        "(0, 16)": 0.5446572449569195,
        "(0, 19)": 0.6622906221265399,
        "(0, 20)": 0.5929813446379787
    },
    "matching_probabilities": {
        "(0, 2)": 2.0778477956679254e-06,
        "(0, 3)": 0.00011154170544773729,
        "(0, 4)": 3.670696894048053e-06,
        "(0, 5)": 6.865492686382615e-07,
        "(0, 6)": 0.02398199122647386,
        "(0, 7)": 0.09496019549356884,
        "(0, 8)": 0.00011104405921446614,
        "(0, 9)": 0.012633669323771694,
        "(0, 10)": 0.21358515815258025,
        "(0, 11)": 0.009174652365968696,
        "(0, 12)": 1.3143269591074263e-05,
        "(0, 13)": 0.004614694661892645,
        "(0, 14)": 1.4765277547500916e-05,
        "(0, 15)": 0.02932234565770843,
        "(0, 16)": 0.0026982579804401465,
        "(0, 19)": 0.0010524096108317958,
        "(0, 20)": 0.21166978716356843
    },
    "matching_counts": {
        "(0, 2)": 0.020778477956679253,
        "(0, 3)": 1.115417054477373,
        "(0, 4)": 0.036706968940480526,
        "(0, 5)": 0.006865492686382615,
        "(0, 6)": 239.81991226473863,
        "(0, 7)": 949.6019549356884,
        "(0, 8)": 1.1104405921446614,
        "(0, 9)": 126.33669323771693,
        "(0, 10)": 2135.8515815258024,
        "(0, 11)": 91.74652365968696,
        "(0, 12)": 0.13143269591074264,
        "(0, 13)": 46.14694661892645,
        "(0, 14)": 0.14765277547500916,
        "(0, 15)": 293.2234565770843,
        "(0, 16)": 26.982579804401464,
        "(0, 19)": 10.524096108317957,
        "(0, 20)": 2116.6978716356844
    },
    "average_num_matching_probability_capped": 0.0,
    "average_num_matching_probability_exceeds_one": 0.0,
    "average_num_proposal_matching_probability_exceeds_one": 0.0,
    "simulation_parameters": {
        "graph_file": "nonuniform_star_20_order_0.json",
        "c_guarantee": 0.6,
        "experiment_name": "nonuniform_star_20_order_0_tr_c60_r50_sim10000",
        "average_edge_weight": 0.05,
        "r": 0.5,
        "num_sim_instances": 10000,
        "rounding_scheme_class": "SimpleRecursiveRoundingSchemeForTree",
        "parallel": true
    }
}