{
    "min_scaled_matching_probability": 0.6579689697739276,
    "scaled_matching_probabilities": {
        "(0, 1)": 0.7425922329168652,
        "(0, 2)": 0.7361115894216433,
        "(0, 3)": 0.7722346094572217,
        "(0, 4)": 0.7208061202893391,
        "(0, 5)": 0.7169544486695563,
        "(0, 6)": 0.7701484315366546,
        "(0, 7)": 0.7629659456949331,
        "(0, 8)": 0.7536938534327214,
        "(0, 9)": 0.7385423312469427,
        "(1, 2)": 0.7632616176572671,
        "(1, 3)": 0.9035143861728024,
        "(1, 4)": 0.7365820000638413,
        "(1, 5)": 0.7210146956411394,
        "(1, 6)": 0.7420270465609201,
        "(1, 7)": 0.7453526732648563,
        "(1, 8)": 0.7537940375771572,
        "(1, 9)": 0.8043652278405121,
        "(2, 3)": 0.7151983065162414,
        "(2, 4)": 0.8255934856199176,
        "(2, 5)": 0.7167684747949968,
        "(2, 6)": 0.7969617628654124,
        "(2, 7)": 0.7359588945171756,
        "(2, 8)": 0.7502655100813898,
        "(2, 9)": 0.7368549725564166,
        "(3, 4)": 0.7104349051684068,
        "(3, 5)": 0.7624634966854302,
        "(3, 6)": 0.6579689697739276,
        "(3, 7)": 0.7027775663772792,
        "(3, 8)": 0.7868077822661628,
        "(3, 9)": 0.7244188479575754,
        "(4, 5)": 0.8226044233783476,
        "(4, 6)": 0.7531877836675139,
        "(4, 7)": 0.6713148135799858,
        "(4, 8)": 0.775415445560885,
        "(4, 9)": 0.7358131354361739,
        "(5, 6)": 0.7169227127071398,
        "(5, 7)": 0.7589030465362149,
        "(5, 8)": 0.7801483678561016,
        "(5, 9)": 0.7659355217768149,
        "(6, 7)": 0.6657554408298888,
        "(6, 8)": 0.724882711086614,
        "(6, 9)": 0.7294365545098093,
        "(7, 8)": 0.7419980487374924,
        "(7, 9)": 0.7270087165677716,
        "(8, 9)": 0.8085203001254283
    },
    "matching_probabilities": {
        "(0, 1)": 0.03982783615292179,
        "(0, 2)": 0.04706269256181615,
        "(0, 3)": 0.09780704112990361,
        "(0, 4)": 0.021088169997656198,
        "(0, 5)": 0.05607785795363842,
        "(0, 6)": 0.022938957047790545,
        "(0, 7)": 0.0034185216730165885,
        "(0, 8)": 0.3771380556704113,
        "(0, 9)": 0.0719804230810896,
        "(1, 2)": 0.10132499687183644,
        "(1, 3)": 0.001702543401947466,
        "(1, 4)": 0.17402349544519644,
        "(1, 5)": 0.036338680248430254,
        "(1, 6)": 0.01587804206681289,
        "(1, 7)": 0.18853041628705006,
        "(1, 8)": 0.0015886768948266536,
        "(1, 9)": 0.1974658388619967,
        "(2, 3)": 0.19154783397794953,
        "(2, 4)": 0.002743744302638127,
        "(2, 5)": 0.06973191355456629,
        "(2, 6)": 0.061192181358255916,
        "(2, 7)": 0.17401123119663595,
        "(2, 8)": 0.0028654001602416647,
        "(2, 9)": 0.007394638623781434,
        "(3, 4)": 0.012093214650331776,
        "(3, 5)": 0.022277326344371177,
        "(3, 6)": 0.007075842763429673,
        "(3, 7)": 0.008695902292917135,
        "(3, 8)": 0.12762061091222102,
        "(3, 9)": 0.18676927001147847,
        "(4, 5)": 0.10470384039854382,
        "(4, 6)": 0.3415265960333333,
        "(4, 7)": 0.0002688040779987396,
        "(4, 8)": 0.007430284263844854,
        "(4, 9)": 0.08861636977151273,
        "(5, 6)": 0.04875758070377678,
        "(5, 7)": 0.3342396096269049,
        "(5, 8)": 0.0016082118877099702,
        "(5, 9)": 0.06554693833438283,
        "(6, 7)": 0.0011182277223354695,
        "(6, 8)": 0.19231002534319885,
        "(6, 9)": 0.03685965123651025,
        "(7, 8)": 0.00029816860967249854,
        "(7, 9)": 0.036825286557137626,
        "(8, 9)": 0.041843157027195994
    },
    "matching_counts": {
        "(0, 1)": 398.27836152921793,
        "(0, 2)": 470.6269256181615,
        "(0, 3)": 978.0704112990361,
        "(0, 4)": 210.88169997656198,
        "(0, 5)": 560.7785795363842,
        "(0, 6)": 229.38957047790547,
        "(0, 7)": 34.185216730165884,
        "(0, 8)": 3771.380556704113,
        "(0, 9)": 719.8042308108959,
        "(1, 2)": 1013.2499687183644,
        "(1, 3)": 17.02543401947466,
        "(1, 4)": 1740.2349544519643,
        "(1, 5)": 363.38680248430256,
        "(1, 6)": 158.7804206681289,
        "(1, 7)": 1885.3041628705005,
        "(1, 8)": 15.886768948266536,
        "(1, 9)": 1974.6583886199671,
        "(2, 3)": 1915.4783397794952,
        "(2, 4)": 27.43744302638127,
        "(2, 5)": 697.3191355456629,
        "(2, 6)": 611.9218135825591,
        "(2, 7)": 1740.1123119663594,
        "(2, 8)": 28.65400160241665,
        "(2, 9)": 73.94638623781434,
        "(3, 4)": 120.93214650331777,
        "(3, 5)": 222.77326344371178,
        "(3, 6)": 70.75842763429674,
        "(3, 7)": 86.95902292917135,
        "(3, 8)": 1276.2061091222101,
        "(3, 9)": 1867.6927001147847,
        "(4, 5)": 1047.0384039854382,
        "(4, 6)": 3415.265960333333,
        "(4, 7)": 2.688040779987396,
        "(4, 8)": 74.30284263844854,
        "(4, 9)": 886.1636977151272,
        "(5, 6)": 487.57580703776785,
        "(5, 7)": 3342.396096269049,
        "(5, 8)": 16.082118877099703,
        "(5, 9)": 655.4693833438283,
        "(6, 7)": 11.182277223354696,
        "(6, 8)": 1923.1002534319884,
        "(6, 9)": 368.5965123651025,
        "(7, 8)": 2.9816860967249856,
        "(7, 9)": 368.2528655713763,
        "(8, 9)": 418.43157027195997
    },
    "average_num_matching_probability_capped": 0.0,
    "average_num_matching_probability_exceeds_one": 0.0,
    "average_num_proposal_matching_probability_exceeds_one": 0.1167,
    "simulation_parameters": {
        "graph_file": "nonuniform_complete_10_order_0.json",
        "c_guarantee": 0.75,
        "experiment_name": "nonuniform_complete_10_order_0_mc_c75_r60_sim10000",
        "average_edge_weight": 0.1111111111111111,
        "r": 0.6,
        "num_sim_instances": 10000,
        "rounding_scheme_class": "SimulatedRecursiveRoundingScheme",
        "parallel": true
    }
}