{
    "min_scaled_matching_probability": 0.05382741217024235,
    "scaled_matching_probabilities": {
        "(0, 10)": 4.497933042106251,
        "(0, 11)": 0.8912909673432355,
        "(0, 12)": 0.17289104789939433,
        "(0, 13)": 0.33695802009137765,
        "(0, 14)": 0.21330374714734276,
        "(0, 15)": 0.45278431289998305,
        "(0, 16)": 0.6166182359636921,
        "(0, 17)": 0.9789814676772827,
        "(0, 18)": 1.1162201279481856,
        "(0, 19)": 0.2120555954695315,
        "(10, 1)": 0.5768109256097296,
        "(10, 2)": 0.9807349822281796,
        "(10, 3)": 1.7923350569515477,
        "(10, 4)": 0.16192060903794,
        "(10, 5)": 0.7605607797369967,
        "(10, 6)": 0.6437588888661397,
        "(10, 7)": 0.14231034080415148,
        "(10, 8)": 1.7263607328904855,
        "(10, 9)": 1.919906903369453,
        "(11, 1)": 1.2113229425432228,
        "(11, 2)": 0.5630751346395504,
        "(11, 3)": 0.41846386853032325,
        "(11, 4)": 0.21854078871745103,
        "(11, 5)": 0.3532523655774517,
        "(11, 6)": 0.8946631715654393,
        "(11, 7)": 0.8723976132763277,
        "(11, 8)": 1.133253703027402,
        "(11, 9)": 0.7951956311181492,
        "(12, 1)": 0.5156398128118033,
        "(12, 2)": 1.417036587811239,
        "(12, 3)": 0.979982332572271,
        "(12, 4)": 1.570163992796064,
        "(12, 5)": 0.4197336097123146,
        "(12, 6)": 0.7505296724314808,
        "(12, 7)": 0.09814629189675782,
        "(12, 8)": 0.6751336608945583,
        "(12, 9)": 3.0349065157275223,
        "(13, 1)": 0.8572212668432304,
        "(13, 2)": 0.26810338634556785,
        "(13, 3)": 0.6713112061341123,
        "(13, 4)": 0.5064851521464281,
        "(13, 5)": 0.2175422334110459,
        "(13, 6)": 1.5408806332823122,
        "(13, 7)": 1.1890427791248075,
        "(13, 8)": 0.5868178950134512,
        "(13, 9)": 0.9771556916139031,
        "(14, 1)": 1.3139394516515213,
        "(14, 2)": 0.4456859843151357,
        "(14, 3)": 2.4802791919751015,
        "(14, 4)": 0.4300615197432789,
        "(14, 5)": 1.393812194406739,
        "(14, 6)": 0.5324162891180251,
        "(14, 7)": 1.564223236521753,
        "(14, 8)": 0.21542546211476588,
        "(14, 9)": 0.34849034236448023,
        "(15, 1)": 0.3773324919999745,
        "(15, 2)": 0.15803869046168026,
        "(15, 3)": 0.1974476186652507,
        "(15, 4)": 0.40025948661405325,
        "(15, 5)": 1.0813026865979027,
        "(15, 6)": 2.0192528980443623,
        "(15, 7)": 0.5803991894473963,
        "(15, 8)": 0.8638773361567441,
        "(15, 9)": 0.5503942960107631,
        "(16, 1)": 0.5648003913771935,
        "(16, 2)": 0.401086899195736,
        "(16, 3)": 0.4111775848724355,
        "(16, 4)": 4.042176375450245,
        "(16, 5)": 0.48572510767363275,
        "(16, 6)": 0.21952456989961783,
        "(16, 7)": 1.5244942458127428,
        "(16, 8)": 0.4508451952557245,
        "(16, 9)": 0.18824920606501697,
        "(17, 1)": 0.3369238935321549,
        "(17, 2)": 1.076042051948384,
        "(17, 3)": 2.5170441493887905,
        "(17, 4)": 2.1096306848127706,
        "(17, 5)": 0.31160915442769854,
        "(17, 6)": 0.8179568493927232,
        "(17, 7)": 1.0227603469598878,
        "(17, 8)": 0.48429221493004226,
        "(17, 9)": 0.4004112179711136,
        "(18, 1)": 0.36622731569920924,
        "(18, 2)": 1.550464860428572,
        "(18, 3)": 0.37274195238835395,
        "(18, 4)": 0.3295016507682887,
        "(18, 5)": 0.42074236193422737,
        "(18, 6)": 0.6324671144483814,
        "(18, 7)": 0.6342603320713558,
        "(18, 8)": 0.26561505131101176,
        "(18, 9)": 0.7871802053041325,
        "(19, 1)": 0.2824905034585181,
        "(19, 2)": 0.05382741217024235,
        "(19, 3)": 0.27043515374265964,
        "(19, 4)": 1.7807283306656911,
        "(19, 5)": 0.6955493336667637,
        "(19, 6)": 1.4781751021452616,
        "(19, 7)": 0.40795273624816275,
        "(19, 8)": 0.3157445951711771,
        "(19, 9)": 0.8029520181257491
    },
    "matching_probabilities": {
        "(0, 10)": 0.005853122687986182,
        "(0, 11)": 0.18038825360352667,
        "(0, 12)": 0.00013516554158462456,
        "(0, 13)": 0.0022146027402160187,
        "(0, 14)": 0.008155024829210655,
        "(0, 15)": 0.002104785523427691,
        "(0, 16)": 0.0745415137507452,
        "(0, 17)": 0.1468331285609577,
        "(0, 18)": 0.5242512656547648,
        "(0, 19)": 0.0010356939647110759,
        "(10, 1)": 0.004835518093059815,
        "(10, 2)": 0.006711233346701569,
        "(10, 3)": 0.00285105978141532,
        "(10, 4)": 0.02482758910163227,
        "(10, 5)": 0.010591928327357782,
        "(10, 6)": 0.1238532560141568,
        "(10, 7)": 0.007202741382328412,
        "(10, 8)": 0.580813045304837,
        "(10, 9)": 0.3602835654260159,
        "(11, 1)": 0.7495685590537069,
        "(11, 2)": 0.02513903019742364,
        "(11, 3)": 6.891808712014039e-05,
        "(11, 4)": 7.018659245074876e-05,
        "(11, 5)": 0.002520137191513261,
        "(11, 6)": 0.01553598643663274,
        "(11, 7)": 0.0013033707065467047,
        "(11, 8)": 0.020752604473788922,
        "(11, 9)": 0.07102890383023325,
        "(12, 1)": 0.0009037008973094411,
        "(12, 2)": 0.21498245900230026,
        "(12, 3)": 0.46528769112885165,
        "(12, 4)": 0.015493412740235933,
        "(12, 5)": 7.897530751469721e-05,
        "(12, 6)": 0.0314005480077451,
        "(12, 7)": 0.004136989480771229,
        "(12, 8)": 0.10120108786866319,
        "(12, 9)": 0.3225936905954547,
        "(13, 1)": 0.08339283655008208,
        "(13, 2)": 0.0002459013412572362,
        "(13, 3)": 0.000873404404401794,
        "(13, 4)": 0.05815237208852477,
        "(13, 5)": 0.0005984538226048323,
        "(13, 6)": 0.5964077604033896,
        "(13, 7)": 0.3189875932201091,
        "(13, 8)": 0.0025919238386854595,
        "(13, 9)": 0.023922554969911164,
        "(14, 1)": 0.21520152830735537,
        "(14, 2)": 0.016457238656547336,
        "(14, 3)": 0.22729036708223627,
        "(14, 4)": 0.10725797701222818,
        "(14, 5)": 0.13355084032906536,
        "(14, 6)": 0.00479235750177955,
        "(14, 7)": 0.020733534076878647,
        "(14, 8)": 0.002242114557282474,
        "(14, 9)": 0.09611849602006238,
        "(15, 1)": 0.00651119127732795,
        "(15, 2)": 0.007999493025883495,
        "(15, 3)": 0.05736169724906635,
        "(15, 4)": 0.004805064727638304,
        "(15, 5)": 0.5539496890920592,
        "(15, 6)": 0.19200852998640008,
        "(15, 7)": 0.007497581127754264,
        "(15, 8)": 0.0004749252082475329,
        "(15, 9)": 0.0011680673948352932,
        "(16, 1)": 0.009516025900326857,
        "(16, 2)": 0.0005730688029259337,
        "(16, 3)": 0.002763808683279956,
        "(16, 4)": 0.142197184495676,
        "(16, 5)": 9.746425861855202e-05,
        "(16, 6)": 0.027522517914989823,
        "(16, 7)": 0.7891730181103584,
        "(16, 8)": 0.018568982121273135,
        "(16, 9)": 0.02151443680424558,
        "(17, 1)": 0.0028497148646550842,
        "(17, 2)": 0.6759368389140712,
        "(17, 3)": 0.2544977735609448,
        "(17, 4)": 0.05928662426011914,
        "(17, 5)": 9.541823267346731e-05,
        "(17, 6)": 0.013150077738232908,
        "(17, 7)": 0.004534871789437801,
        "(17, 8)": 0.026460149825423877,
        "(17, 9)": 0.0018749298178604786,
        "(18, 1)": 0.0002579138447882853,
        "(18, 2)": 0.09811341437483781,
        "(18, 3)": 0.0021660182356990935,
        "(18, 4)": 0.0036026002760008347,
        "(18, 5)": 0.0011308703171608544,
        "(18, 6)": 0.0018700591087135693,
        "(18, 7)": 0.0007689109543138419,
        "(18, 8)": 0.10034697147641645,
        "(18, 9)": 0.04737939443621048,
        "(19, 1)": 0.018592916866587664,
        "(19, 2)": 0.0008059166794450192,
        "(19, 3)": 0.006462666559504671,
        "(19, 4)": 0.5152990104937082,
        "(19, 5)": 0.25357440805555453,
        "(19, 6)": 0.1547773638474115,