{
    "min_scaled_matching_probability": 0.6268498904451555,
    "scaled_matching_probabilities": {
        "(0, 1)": 0.8143723451818649,
        "(0, 2)": 0.7801905485348167,
        "(0, 3)": 0.7692033231095746,
        "(0, 4)": 0.7648797727321737,
        "(0, 5)": 0.6667757735593314,
        "(0, 6)": 0.8714837652202645,
        "(0, 7)": 0.7476358719683415,
        "(0, 8)": 0.793936674015448,
        "(0, 9)": 0.8417592670213327,
        "(1, 2)": 0.8553813213630074,
        "(1, 3)": 0.7767562084712498,
        "(1, 4)": 0.7610626496511059,
        "(1, 5)": 0.715998940337585,
        "(1, 6)": 0.8287848178353937,
        "(1, 7)": 0.6991113431241651,
        "(1, 8)": 0.8696327521421849,
        "(1, 9)": 0.9023989176770401,
        "(2, 3)": 0.7589388723251527,
        "(2, 4)": 0.8700337400334308,
        "(2, 5)": 0.7143004420599927,
        "(2, 6)": 0.8083439827479469,
        "(2, 7)": 0.785454197848357,
        "(2, 8)": 0.8130751204846991,
        "(2, 9)": 0.7603236176980558,
        "(3, 4)": 0.8106861364210196,
        "(3, 5)": 0.8518076766283416,
        "(3, 6)": 0.6611073515615685,
        "(3, 7)": 0.7366053702482565,
        "(3, 8)": 0.8470266378757674,
        "(3, 9)": 0.7536506939100931,
        "(4, 5)": 0.8568164514223378,
        "(4, 6)": 0.8153341511572624,
        "(4, 7)": 0.6873235061978643,
        "(4, 8)": 0.8147055389396434,
        "(4, 9)": 0.8217402075218299,
        "(5, 6)": 0.7069152592216563,
        "(5, 7)": 0.8160784791274092,
        "(5, 8)": 0.8140137756918169,
        "(5, 9)": 0.8090152199567062,
        "(6, 7)": 0.7247788706615326,
        "(6, 8)": 0.7469810048867702,
        "(6, 9)": 0.6268498904451555,
        "(7, 8)": 0.8012335069262045,
        "(7, 9)": 0.833755418715077,
        "(8, 9)": 0.7557427042867783
    },
    "matching_probabilities": {
        "(0, 1)": 0.0436776563147882,
        "(0, 2)": 0.049880844769986166,
        "(0, 3)": 0.09742311486598078,
        "(0, 4)": 0.022377605046791222,
        "(0, 5)": 0.052153044291690015,
        "(0, 6)": 0.025957241279251992,
        "(0, 7)": 0.0033498342177258247,
        "(0, 8)": 0.3972750105362871,
        "(0, 9)": 0.08204023738263443,
        "(1, 2)": 0.11355413099031632,
        "(1, 3)": 0.0014636857784370997,
        "(1, 4)": 0.17980724825421912,
        "(1, 5)": 0.03608588938399696,
        "(1, 6)": 0.01773450208171873,
        "(1, 7)": 0.17683407771633752,
        "(1, 8)": 0.001832815585479327,
        "(1, 9)": 0.2215323998348998,
        "(2, 3)": 0.2032626416911815,
        "(2, 4)": 0.0028914352631152548,
        "(2, 5)": 0.06949180722821541,
        "(2, 6)": 0.062066129012667066,
        "(2, 7)": 0.18571397537878243,
        "(2, 8)": 0.0031052814626553065,
        "(2, 9)": 0.007630156000029985,
        "(3, 4)": 0.013799718159207806,
        "(3, 5)": 0.024887745678819153,
        "(3, 6)": 0.007109593133251199,
        "(3, 7)": 0.009114474671034373,
        "(3, 8)": 0.1373881390360504,
        "(3, 9)": 0.194305808500272,
        "(4, 5)": 0.10905846167485184,
        "(4, 6)": 0.36970633793151014,
        "(4, 7)": 0.0002752141880872776,
        "(4, 8)": 0.007806774781577596,
        "(4, 9)": 0.0989648466151779,
        "(5, 6)": 0.04807697844036785,
        "(5, 7)": 0.35942107958772984,
        "(5, 8)": 0.0016780226489799205,
        "(5, 9)": 0.06923359633597367,
        "(6, 7)": 0.0012173656811973496,
        "(6, 8)": 0.19817266129209476,
        "(6, 9)": 0.031675775222123684,
        "(7, 8)": 0.0003219721146028603,
        "(7, 9)": 0.04223234400503481,
        "(8, 9)": 0.03911177077770798
    },
    "matching_counts": {
        "(0, 1)": 436.776563147882,
        "(0, 2)": 498.8084476998617,
        "(0, 3)": 974.2311486598078,
        "(0, 4)": 223.77605046791223,
        "(0, 5)": 521.5304429169001,
        "(0, 6)": 259.5724127925199,
        "(0, 7)": 33.498342177258245,
        "(0, 8)": 3972.750105362871,
        "(0, 9)": 820.4023738263443,
        "(1, 2)": 1135.5413099031632,
        "(1, 3)": 14.636857784370997,
        "(1, 4)": 1798.0724825421912,
        "(1, 5)": 360.85889383996965,
        "(1, 6)": 177.3450208171873,
        "(1, 7)": 1768.3407771633752,
        "(1, 8)": 18.32815585479327,
        "(1, 9)": 2215.323998348998,
        "(2, 3)": 2032.6264169118149,
        "(2, 4)": 28.91435263115255,
        "(2, 5)": 694.9180722821541,
        "(2, 6)": 620.6612901266707,
        "(2, 7)": 1857.1397537878242,
        "(2, 8)": 31.052814626553065,
        "(2, 9)": 76.30156000029984,
        "(3, 4)": 137.99718159207805,
        "(3, 5)": 248.87745678819152,
        "(3, 6)": 71.095931332512,
        "(3, 7)": 91.14474671034374,
        "(3, 8)": 1373.881390360504,
        "(3, 9)": 1943.05808500272,
        "(4, 5)": 1090.5846167485183,
        "(4, 6)": 3697.0633793151014,
        "(4, 7)": 2.752141880872776,
        "(4, 8)": 78.06774781577596,
        "(4, 9)": 989.6484661517791,
        "(5, 6)": 480.76978440367856,
        "(5, 7)": 3594.2107958772986,
        "(5, 8)": 16.780226489799205,
        "(5, 9)": 692.3359633597368,
        "(6, 7)": 12.173656811973496,
        "(6, 8)": 1981.7266129209477,
        "(6, 9)": 316.75775222123684,
        "(7, 8)": 3.2197211460286033,
        "(7, 9)": 422.3234400503481,
        "(8, 9)": 391.1177077770798
    },
    "average_num_matching_probability_capped": 0.0,
    "average_num_matching_probability_exceeds_one": 2.0253,
    "average_num_proposal_matching_probability_exceeds_one": 0.2539,
    "simulation_parameters": {
        "graph_file": "nonuniform_complete_10_order_0.json",
        "c_guarantee": 0.8,
        "experiment_name": "nonuniform_complete_10_order_0_mc_c80_r40_sim10000",
        "average_edge_weight": 0.1111111111111111,
        "r": 0.4,
        "num_sim_instances": 10000,
        "rounding_scheme_class": "SimulatedRecursiveRoundingScheme",
        "parallel": true
    }
}