{
    "min_scaled_matching_probability": 0.588763458735716,
    "scaled_matching_probabilities": {
        "(0, 2)": 0.8932581933398941,
        "(0, 3)": 0.7540466192843136,
        "(0, 4)": 0.588763458735716,
        "(0, 5)": 0.6345589030132106,
        "(0, 6)": 0.6986989085750169,
        "(0, 7)": 0.7296715816343693,
        "(0, 8)": 0.6576185724808803,
        "(0, 9)": 0.8172235646313614,
        "(0, 10)": 0.7182244652553502,
        "(0, 11)": 0.6450662536362503,
        "(0, 12)": 0.7375755762046619,
        "(0, 13)": 0.6430770570353629,
        "(0, 14)": 0.6064717270837707,
        "(0, 15)": 0.7312058809403249,
        "(0, 16)": 0.6987469375343693,
        "(0, 19)": 1.0231447300099878,
        "(0, 20)": 0.6888233136827152
    },
    "matching_probabilities": {
        "(0, 2)": 2.692546022913219e-06,
        "(0, 3)": 0.00014604543059912667,
        "(0, 4)": 3.941085796124413e-06,
        "(0, 5)": 7.920098646519793e-07,
        "(0, 6)": 0.028676697933427097,
        "(0, 7)": 0.11059198141300758,
        "(0, 8)": 0.0001249747867488412,
        "(0, 9)": 0.016433347398860067,
        "(0, 10)": 0.25328377929329565,
        "(0, 11)": 0.010814754619807188,
        "(0, 12)": 1.3469021085215021e-05,
        "(0, 13)": 0.004982748303760062,
        "(0, 14)": 1.615274369015841e-05,
        "(0, 15)": 0.033763799543110005,
        "(0, 16)": 0.0034616256700291453,
        "(0, 19)": 0.0016258230317032674,
        "(0, 20)": 0.24588140169829217
    },
    "matching_counts": {
        "(0, 2)": 0.02692546022913219,
        "(0, 3)": 1.4604543059912667,
        "(0, 4)": 0.039410857961244126,
        "(0, 5)": 0.007920098646519793,
        "(0, 6)": 286.76697933427096,
        "(0, 7)": 1105.9198141300758,
        "(0, 8)": 1.2497478674884122,
        "(0, 9)": 164.33347398860067,
        "(0, 10)": 2532.8377929329563,
        "(0, 11)": 108.14754619807188,
        "(0, 12)": 0.13469021085215022,
        "(0, 13)": 49.827483037600615,
        "(0, 14)": 0.16152743690158408,
        "(0, 15)": 337.6379954311,
        "(0, 16)": 34.61625670029145,
        "(0, 19)": 16.258230317032673,
        "(0, 20)": 2458.8140169829217
    },
    "average_num_matching_probability_capped": 0.0,
    "average_num_matching_probability_exceeds_one": 0.0,
    "average_num_proposal_matching_probability_exceeds_one": 0.0,
    "simulation_parameters": {
        "graph_file": "nonuniform_star_20_order_0.json",
        "c_guarantee": 0.7,
        "experiment_name": "nonuniform_star_20_order_0_tr_c70_r90_sim10000",
        "average_edge_weight": 0.05,
        "r": 0.9,
        "num_sim_instances": 10000,
        "rounding_scheme_class": "SimpleRecursiveRoundingSchemeForTree",
        "parallel": true
    }
}