{
    "min_scaled_matching_probability": 0.0012480044941211564,
    "scaled_matching_probabilities": {
        "(0, 10)": 0.46968383595310487,
        "(0, 11)": 0.9426743158919696,
        "(0, 12)": 100.52234082884932,
        "(0, 13)": 0.5770600924501474,
        "(0, 14)": 0.9336717432630962,
        "(0, 15)": 11.25487297601207,
        "(0, 16)": 0.07237854801997759,
        "(0, 17)": 1.3349605814419447,
        "(0, 18)": 0.9009989172568517,
        "(0, 19)": 0.9072388827314876,
        "(10, 1)": 0.8399576731044465,
        "(10, 2)": 10.399063063304574,
        "(10, 3)": 0.9593266819013929,
        "(10, 4)": 1.8742311778149943,
        "(10, 5)": 1.1098584610412954,
        "(10, 6)": 0.7664245899598214,
        "(10, 7)": 0.8555047740816439,
        "(10, 8)": 0.8822392559883373,
        "(10, 9)": 0.709166286290423,
        "(11, 1)": 0.7356519461789959,
        "(11, 2)": 0.8690655340864708,
        "(11, 3)": 21.278929704369986,
        "(11, 4)": 0.9125230492110403,
        "(11, 5)": 9.205941279186895,
        "(11, 6)": 1.8069381952690602,
        "(11, 7)": 72.89578750533204,
        "(11, 8)": 0.7486812424912728,
        "(11, 9)": 0.932440844301974,
        "(12, 1)": 0.927176936377103,
        "(12, 2)": 0.6585992902975636,
        "(12, 3)": 0.9245388102340782,
        "(12, 4)": 1.262805010402659,
        "(12, 5)": 282.9632605316976,
        "(12, 6)": 0.9846762441455634,
        "(12, 7)": 1.0113453243714743,
        "(12, 8)": 0.642977562240013,
        "(12, 9)": 1.028234402665066,
        "(13, 1)": 1.5173636560238184,
        "(13, 2)": 0.9415027986366735,
        "(13, 3)": 1.2631664412008203,
        "(13, 4)": 0.6216432288800728,
        "(13, 5)": 0.3129600704869122,
        "(13, 6)": 0.8954513721937951,
        "(13, 7)": 0.9405382927511129,
        "(13, 8)": 1.1133807988194706,
        "(13, 9)": 3.7954103296413764,
        "(14, 1)": 1.147844286577699,
        "(14, 2)": 1.1279379505527052,
        "(14, 3)": 0.6742207738494574,
        "(14, 4)": 0.8738383171153258,
        "(14, 5)": 0.00525808967015655,
        "(14, 6)": 1.0112970049964038,
        "(14, 7)": 0.8573459652610691,
        "(14, 8)": 2.102209841691286,
        "(14, 9)": 0.30332592299301975,
        "(15, 1)": 0.9561485585069939,
        "(15, 2)": 0.7302386096478555,
        "(15, 3)": 0.042074505441161814,
        "(15, 4)": 0.8444728396498966,
        "(15, 5)": 0.9177206790844085,
        "(15, 6)": 0.8928303537792937,
        "(15, 7)": 0.6577764264593278,
        "(15, 8)": 3.468535133174359,
        "(15, 9)": 84.76673155242958,
        "(16, 1)": 0.1315609678353788,
        "(16, 2)": 0.870746178003677,
        "(16, 3)": 31.28441462901381,
        "(16, 4)": 0.3114886248164576,
        "(16, 5)": 0.7593689348228455,
        "(16, 6)": 1.180842242451078,
        "(16, 7)": 0.8831590860391193,
        "(16, 8)": 0.4895907661078752,
        "(16, 9)": 1.1161085628423666,
        "(17, 1)": 8.088381085501892,
        "(17, 2)": 0.5808963812045181,
        "(17, 3)": 0.8570654196759189,
        "(17, 4)": 1.035183810385946,
        "(17, 5)": 23.595990928437853,
        "(17, 6)": 6.074646242428312,
        "(17, 7)": 9.247196594867377,
        "(17, 8)": 1.0654597467149505,
        "(17, 9)": 4.187702910371188,
        "(18, 1)": 0.7762349661777515,
        "(18, 2)": 1.2408950260990952,
        "(18, 3)": 10.639236044643978,
        "(18, 4)": 0.9588064753672957,
        "(18, 5)": 8.584231083467687,
        "(18, 6)": 34.68622090154341,
        "(18, 7)": 0.9538930643008998,
        "(18, 8)": 0.43572600747738355,
        "(18, 9)": 1.3212325242179372,
        "(19, 1)": 0.48677988599409444,
        "(19, 2)": 1.9519537353613168,
        "(19, 3)": 3.900053533083545,
        "(19, 4)": 0.9570577034497407,
        "(19, 5)": 1.034466015950785,
        "(19, 6)": 0.0012480044941211564,
        "(19, 7)": 0.48224588491323367,
        "(19, 8)": 16.06439253816912,
        "(19, 9)": 2.9217290292949585
    },
    "matching_probabilities": {
        "(0, 10)": 0.0006111956515720311,
        "(0, 11)": 0.1907877222940222,
        "(0, 12)": 0.07858797089015293,
        "(0, 13)": 0.0037926352418109635,
        "(0, 14)": 0.03569612044078804,
        "(0, 15)": 0.052318715629091364,
        "(0, 16)": 0.008749670732747862,
        "(0, 17)": 0.20022487161451757,
        "(0, 18)": 0.4231690603839419,
        "(0, 19)": 0.004431016466770044,
        "(10, 1)": 0.007041528420092847,
        "(10, 2)": 0.07116146570640491,
        "(10, 3)": 0.0015259968884721801,
        "(10, 4)": 0.28737936350866733,
        "(10, 5)": 0.01545641267082704,
        "(10, 6)": 0.1474530023547015,
        "(10, 7)": 0.04329959161251351,
        "(10, 8)": 0.2968186539438428,
        "(10, 9)": 0.1330798684333256,
        "(11, 1)": 0.45522259167709034,
        "(11, 2)": 0.0388002654724319,
        "(11, 3)": 0.003504491645454562,
        "(11, 4)": 0.00029306603921749067,
        "(11, 5)": 0.06567609239542185,
        "(11, 6)": 0.03137780584442043,
        "(11, 7)": 0.10890703117387945,
        "(11, 8)": 0.013710156570289674,
        "(11, 9)": 0.08328799664577885,
        "(12, 1)": 0.0016249533270124303,
        "(12, 2)": 0.0999178822503351,
        "(12, 3)": 0.43896355482623506,
        "(12, 4)": 0.012460583306184303,
        "(12, 5)": 0.053241174875580985,
        "(12, 6)": 0.041196737200555736,
        "(12, 7)": 0.04262947572948671,
        "(12, 8)": 0.09638095764268667,
        "(12, 9)": 0.10929560071586635,
        "(13, 1)": 0.14761329921247804,
        "(13, 2)": 0.0008635355343247679,
        "(13, 3)": 0.0016434332142176867,
        "(13, 4)": 0.07137431018253179,
        "(13, 5)": 0.000860946160057491,
        "(13, 6)": 0.3465902133526243,
        "(13, 7)": 0.2523206495201603,
        "(13, 8)": 0.004917706597766069,
        "(13, 9)": 0.09291857277549384,
        "(14, 1)": 0.18799789017667773,
        "(14, 2)": 0.041649826773321665,
        "(14, 3)": 0.06178493440517923,
        "(14, 4)": 0.21793656448386428,
        "(14, 5)": 0.0005038141413835732,
        "(14, 6)": 0.00910283341715592,
        "(14, 7)": 0.011363986527870245,
        "(14, 8)": 0.02187947163835026,
        "(14, 9)": 0.08366151935278984,
        "(15, 1)": 0.016499152036927825,
        "(15, 2)": 0.03696271240949875,
        "(15, 3)": 0.01222331805941841,
        "(15, 4)": 0.010137790086067149,
        "(15, 5)": 0.4701468803815211,
        "(15, 6)": 0.08489825317196768,
        "(15, 7)": 0.008497138195521338,
        "(15, 8)": 0.0019068618905610777,
        "(15, 9)": 0.1798951333812748,
        "(16, 1)": 0.0022166018234173732,
        "(16, 2)": 0.0012441131108532704,
        "(16, 3)": 0.210284169137828,
        "(16, 4)": 0.010957662738404532,
        "(16, 5)": 0.00015237287321823542,
        "(16, 6)": 0.1480460787942677,
        "(16, 7)": 0.4571780597502415,
        "(16, 8)": 0.020164797758221466,
        "(16, 9)": 0.1275566980806076,
        "(17, 1)": 0.06841182905940149,
        "(17, 2)": 0.36490141155453654,
        "(17, 3)": 0.08665769377011687,
        "(17, 4)": 0.029091610227482453,
        "(17, 5)": 0.0072253581789206095,
        "(17, 6)": 0.09766049441300441,
        "(17, 7)": 0.04100163943009616,
        "(17, 8)": 0.05821325154918758,
        "(17, 9)": 0.019608963741776283,
        "(18, 1)": 0.0005466597820639864,
        "(18, 2)": 0.07852383565641248,
        "(18, 3)": 0.06182502167772078,
        "(18, 4)": 0.010483093073238222,
        "(18, 5)": 0.02307267583733515,
        "(18, 6)": 0.10255914001213448,
        "(18, 7)": 0.0011564002812372695,
        "(18, 8)": 0.16461335691654438,
        "(18, 9)": 0.0795233372041997,
        "(19, 1)": 0.032038804284775714,
        "(19, 2)": 0.029225110578553218,
        "(19, 3)": 0.09320069968611171,
        "(19, 4)": 0.27694897592193063,
        "(19, 5)": 0.37713228228607903,
        "(19, 6)": 0.0001306765655770142,
        "(19, 7)": 0.03745109041853137,