{
    "min_scaled_matching_probability": 0.20185095459089245,
    "scaled_matching_probabilities": {
        "(0, 1)": 1.016731684425741,
        "(0, 2)": 0.6452298567005623,
        "(0, 3)": 1.283754921882464,
        "(1, 4)": 1.4574150300843385,
        "(1, 5)": 0.8961454127851207,
        "(1, 6)": 0.9041589103083476,
        "(2, 7)": 1.0158849105488532,
        "(2, 8)": 0.9241092785188599,
        "(2, 9)": 1.3268626077469055,
        "(3, 10)": 0.8618299124819051,
        "(3, 11)": 0.7667272079763715,
        "(3, 12)": 0.6509511045051412,
        "(4, 13)": 0.872245297497482,
        "(4, 14)": 1.13085483375809,
        "(4, 15)": 0.8098801139824677,
        "(5, 16)": 1.0892742695897337,
        "(5, 17)": 0.9573526170028072,
        "(5, 18)": 0.5161742513802835,
        "(6, 19)": 1.1459188301672312,
        "(6, 20)": 0.9953553057785539,
        "(6, 21)": 1.0329878636024024,
        "(7, 22)": 1.3187382303655661,
        "(7, 23)": 0.9136300240535713,
        "(7, 24)": 1.4179731677201013,
        "(8, 25)": 0.7373892789253499,
        "(8, 26)": 0.4659529525265488,
        "(8, 27)": 0.46653119515507224,
        "(9, 28)": 0.7874191877461844,
        "(9, 29)": 0.6505040931764483,
        "(9, 30)": 0.9458442018354496,
        "(10, 31)": 1.0732248620347704,
        "(10, 32)": 0.328058979902136,
        "(10, 33)": 1.033913580967767,
        "(11, 34)": 0.7293787164906845,
        "(11, 35)": 0.20185095459089245,
        "(11, 36)": 1.1011614715295035,
        "(12, 37)": 1.069925479696334,
        "(12, 38)": 0.8964958724478621,
        "(12, 39)": 0.3630548576839631,
        "(13, 40)": 1.1992128576501622,
        "(13, 41)": 1.1879608873179552,
        "(13, 42)": 0.8687638138341343,
        "(14, 43)": 0.8696764462036739,
        "(14, 44)": 0.986305441989173,
        "(14, 45)": 0.8826649856745389,
        "(15, 46)": 1.080300962018168,
        "(15, 47)": 1.12733848861531,
        "(15, 48)": 0.9964473876719673,
        "(16, 49)": 0.9700878637306093,
        "(16, 50)": 0.7746279003243598,
        "(16, 51)": 1.0811870592114432,
        "(17, 52)": 1.1043233771838328,
        "(17, 53)": 0.993590959372892,
        "(17, 54)": 1.080918543180396,
        "(18, 55)": 1.0121031099582034,
        "(18, 56)": 0.9744828932375127,
        "(18, 57)": 1.0724323839069196,
        "(19, 58)": 0.9590864483473451,
        "(19, 59)": 0.9442300937170057,
        "(19, 60)": 0.9295730719354611,
        "(20, 61)": 0.9490816023684345,
        "(20, 62)": 1.7290613489930051,
        "(20, 63)": 0.9810875453145912,
        "(21, 64)": 1.1400651654696865,
        "(21, 65)": 0.8112803227845656,
        "(21, 66)": 0.9477244798763785,
        "(22, 67)": 1.057060437597528,
        "(22, 68)": 0.9526750133978907,
        "(22, 69)": 1.0035490551186221,
        "(23, 70)": 0.9923791301651939,
        "(23, 71)": 0.9221270341875559,
        "(23, 72)": 1.1088947573216477,
        "(24, 73)": 0.8909622358644814,
        "(24, 74)": 0.7478090352426721,
        "(24, 75)": 1.0965063156633772,
        "(25, 76)": 0.9288893023556575,
        "(25, 77)": 1.0981366017200223,
        "(25, 78)": 1.1414524195846194,
        "(26, 79)": 1.0151458672483888,
        "(26, 80)": 1.1476637331314223,
        "(26, 81)": 0.9803180247356018,
        "(27, 82)": 1.0831205296008477,
        "(27, 83)": 0.9549541385966247,
        "(27, 84)": 1.028332502012635,
        "(28, 85)": 1.3151287278209973,
        "(28, 86)": 1.0353361567552024,
        "(28, 87)": 0.9960956838150468,
        "(29, 88)": 0.9473925388965689,
        "(29, 89)": 0.9690460099804293,
        "(29, 90)": 1.3149041658992682,
        "(30, 91)": 0.9027276565214768,
        "(30, 92)": 0.9076988655215588,
        "(30, 93)": 1.1395953065342046,
        "(31, 94)": 0.963925518561706,
        "(31, 95)": 0.923943509045266,
        "(31, 96)": 0.9427724364953426,
        "(32, 97)": 1.0643636688021592,
        "(32, 98)": 1.1071153305836579,
        "(32, 99)": 0.9909191689281,
        "(33, 100)": 0.9973120705821759,
        "(33, 101)": 0.8318812049322251,
        "(33, 102)": 0.956596670210016,
        "(34, 103)": 0.867324527128362,
        "(34, 104)": 1.0064880305647173,
        "(34, 105)": 1.0845210709992672,
        "(35, 106)": 0.9832519351902487,
        "(35, 107)": 0.974283508932446,
        "(35, 108)": 1.1402717778566165,
        "(36, 109)": 0.9022612431193447,
        "(36, 110)": 0.7494972494387699,
        "(36, 111)": 0.9951164056594329,
        "(37, 112)": 0.8950798431337601,
        "(37, 113)": 0.9655532125417812,
        "(37, 114)": 0.8614805097173129,
        "(38, 115)": 1.0802168262739882,
        "(38, 116)": 0.883059027169937,
        "(38, 117)": 1.1322583313214394,
        "(39, 118)": 0.9522781246125155,
        "(39, 119)": 0.9284990859806971,
        "(39, 120)": 1.124234203618936
    },
    "matching_probabilities": {
        "(0, 1)": 0.42194712415873503,
        "(0, 2)": 0.08009448609291098,
        "(0, 3)": 0.10795533323271429,
        "(1, 4)": 0.04464973797945445,
        "(1, 5)": 0.3441560950301091,
        "(1, 6)": 0.07339301441709474,
        "(2, 7)": 0.14343128899283528,
        "(2, 8)": 0.38158260159494184,
        "(2, 9)": 0.2194858106875043,
        "(3, 10)": 0.1264274692381139,
        "(3, 11)": 0.13790410555008356,
        "(3, 12)": 0.19673129869169892,
        "(4, 13)": 0.21874409149115354,
        "(4, 14)": 0.15123275635687833,
        "(4, 15)": 0.06831522538447814,
        "(5, 16)": 0.13294376436233443,
        "(5, 17)": 0.1317409945404072,
        "(5, 18)": 0.053803078665163956,
        "(6, 19)": 0.12579194047813677,
        "(6, 20)": 0.3579403952897543,
        "(6, 21)": 0.11023817426450923,
        "(7, 22)": 0.11126438556534031,
        "(7, 23)": 0.21480869685178522,
        "(7, 24)": 0.09363830240109217,
        "(8, 25)": 0.014905094266946722,
        "(8, 26)": 0.08452770729247897,
        "(8, 27)": 0.04032131814816514,
        "(9, 28)": 0.099564840257282,
        "(9, 29)": 0.25950976531607944,
        "(9, 30)": 0.13299539368917362,
        "(10, 31)": 0.14692341962611574,
        "(10, 32)": 0.043158202311952214,
        "(10, 33)": 0.36856446076378657,
        "(11, 34)": 0.018374323856904597,
        "(11, 35)": 0.024660115367253894,
        "(11, 36)": 0.5950607915169669,
        "(12, 37)": 0.5929264801663736,
        "(12, 38)": 0.08138468723478415,
        "(12, 39)": 0.010337390170616762,
        "(13, 40)": 0.027568709924349885,
        "(13, 41)": 0.31058110744174827,
        "(13, 42)": 0.3630730160104661,
        "(14, 43)": 0.19102485052499193,
        "(14, 44)": 0.5228818715977972,
        "(14, 45)": 0.04203892642859848,
        "(15, 46)": 0.19821194090446714,
        "(15, 47)": 0.05216766374423521,
        "(15, 48)": 0.6117397517827985,
        "(16, 49)": 0.6955064681080759,
        "(16, 50)": 0.03958043674561802,
        "(16, 51)": 0.0764280106926189,
        "(17, 52)": 0.024793246116264128,
        "(17, 53)": 0.7642698713114073,
        "(17, 54)": 0.05717079717198835,
        "(18, 55)": 0.06473001125707847,
        "(18, 56)": 0.6802754447067303,
        "(18, 57)": 0.11507294585075135,
        "(19, 58)": 0.4533457741171459,
        "(19, 59)": 0.04928423155732264,
        "(19, 60)": 0.2631868336406836,
        "(20, 61)": 0.39869253022766477,
        "(20, 62)": 0.06373835984598052,
        "(20, 63)": 0.15766742858510668,
        "(21, 64)": 0.5035678618408405,
        "(21, 65)": 0.21848435698984203,
        "(21, 66)": 0.08910264800526962,
        "(22, 67)": 0.09595807219679019,
        "(22, 68)": 0.4846819145886974,
        "(22, 69)": 0.24362632341081408,
        "(23, 70)": 0.19822965661355837,
        "(23, 71)": 0.163471767550849,
        "(23, 72)": 0.3089505496324742,
        "(24, 73)": 0.5544115328253096,
        "(24, 74)": 0.030367298332120367,
        "(24, 75)": 0.281599027560459,
        "(25, 76)": 0.5941029923325406,
        "(25, 77)": 0.08194948127030038,