{
    "min_scaled_matching_probability": 0.8119999999999999,
    "scaled_matching_probabilities": {
        "(0, 1)": 0.97,
        "(0, 2)": 0.888,
        "(0, 3)": 0.8119999999999999,
        "(0, 4)": 0.8359999999999999,
        "(0, 5)": 0.8939999999999999,
        "(0, 6)": 0.874,
        "(0, 7)": 0.872,
        "(0, 8)": 0.908,
        "(0, 9)": 0.938,
        "(0, 10)": 0.9159999999999999,
        "(0, 11)": 0.9859999999999999,
        "(0, 12)": 0.898,
        "(0, 13)": 0.848,
        "(0, 14)": 0.96,
        "(0, 15)": 0.9359999999999999,
        "(0, 16)": 0.97,
        "(0, 17)": 0.874,
        "(0, 18)": 0.868,
        "(0, 19)": 0.882,
        "(0, 20)": 0.8939999999999999
    },
    "matching_probabilities": {
        "(0, 1)": 0.0485,
        "(0, 2)": 0.0444,
        "(0, 3)": 0.0406,
        "(0, 4)": 0.0418,
        "(0, 5)": 0.0447,
        "(0, 6)": 0.0437,
        "(0, 7)": 0.0436,
        "(0, 8)": 0.0454,
        "(0, 9)": 0.0469,
        "(0, 10)": 0.0458,
        "(0, 11)": 0.0493,
        "(0, 12)": 0.0449,
        "(0, 13)": 0.0424,
        "(0, 14)": 0.048,
        "(0, 15)": 0.0468,
        "(0, 16)": 0.0485,
        "(0, 17)": 0.0437,
        "(0, 18)": 0.0434,
        "(0, 19)": 0.0441,
        "(0, 20)": 0.0447
    },
    "matching_counts": {
        "(0, 1)": 485.0,
        "(0, 2)": 444.0,
        "(0, 3)": 406.0,
        "(0, 4)": 418.0,
        "(0, 5)": 447.0,
        "(0, 6)": 437.0,
        "(0, 7)": 436.0,
        "(0, 8)": 454.0,
        "(0, 9)": 469.0,
        "(0, 10)": 458.0,
        "(0, 11)": 493.0,
        "(0, 12)": 449.0,
        "(0, 13)": 424.0,
        "(0, 14)": 480.0,
        "(0, 15)": 468.0,
        "(0, 16)": 485.0,
        "(0, 17)": 437.0,
        "(0, 18)": 434.0,
        "(0, 19)": 441.0,
        "(0, 20)": 447.0
    },
    "simulation_parameters": {
        "graph_file": "uniform_star_20_order_0.json",
        "c_guarantee": 0.9,
        "experiment_name": "uniform_star_20_order_0_mc_c90_r100_sim10000",
        "average_edge_weight": 0.05,
        "r": 1,
        "num_sim_instances": 10000,
        "rounding_scheme_class": "SimulatedRecursiveRoundingScheme",
        "parallel": true
    }
}