{
    "min_scaled_matching_probability": 0.691,
    "scaled_matching_probabilities": {
        "(0, 10)": 0.742,
        "(0, 11)": 0.747,
        "(0, 12)": 0.7439999999999999,
        "(0, 13)": 0.7969999999999999,
        "(0, 14)": 0.718,
        "(0, 15)": 0.732,
        "(0, 16)": 0.738,
        "(0, 17)": 0.742,
        "(0, 18)": 0.772,
        "(0, 19)": 0.7679999999999999,
        "(10, 1)": 0.7689999999999999,
        "(10, 2)": 0.791,
        "(10, 3)": 0.714,
        "(10, 4)": 0.747,
        "(10, 5)": 0.776,
        "(10, 6)": 0.691,
        "(10, 7)": 0.767,
        "(10, 8)": 0.733,
        "(10, 9)": 0.7839999999999999,
        "(11, 1)": 0.7489999999999999,
        "(11, 2)": 0.7449999999999999,
        "(11, 3)": 0.751,
        "(11, 4)": 0.7929999999999999,
        "(11, 5)": 0.7779999999999999,
        "(11, 6)": 0.732,
        "(11, 7)": 0.698,
        "(11, 8)": 0.7489999999999999,
        "(11, 9)": 0.7599999999999999,
        "(12, 1)": 0.7739999999999999,
        "(12, 2)": 0.7349999999999999,
        "(12, 3)": 0.7349999999999999,
        "(12, 4)": 0.728,
        "(12, 5)": 0.7049999999999998,
        "(12, 6)": 0.792,
        "(12, 7)": 0.7439999999999999,
        "(12, 8)": 0.7739999999999999,
        "(12, 9)": 0.729,
        "(13, 1)": 0.767,
        "(13, 2)": 0.7679999999999999,
        "(13, 3)": 0.7549999999999999,
        "(13, 4)": 0.728,
        "(13, 5)": 0.7499999999999999,
        "(13, 6)": 0.752,
        "(13, 7)": 0.7779999999999999,
        "(13, 8)": 0.702,
        "(13, 9)": 0.7749999999999999,
        "(14, 1)": 0.7199999999999999,
        "(14, 2)": 0.729,
        "(14, 3)": 0.7539999999999999,
        "(14, 4)": 0.7649999999999999,
        "(14, 5)": 0.7729999999999999,
        "(14, 6)": 0.7989999999999999,
        "(14, 7)": 0.7399999999999999,
        "(14, 8)": 0.7899999999999999,
        "(14, 9)": 0.701,
        "(15, 1)": 0.7349999999999999,
        "(15, 2)": 0.732,
        "(15, 3)": 0.751,
        "(15, 4)": 0.722,
        "(15, 5)": 0.7789999999999999,
        "(15, 6)": 0.7499999999999999,
        "(15, 7)": 0.7929999999999999,
        "(15, 8)": 0.7679999999999999,
        "(15, 9)": 0.762,
        "(16, 1)": 0.728,
        "(16, 2)": 0.7389999999999999,
        "(16, 3)": 0.751,
        "(16, 4)": 0.748,
        "(16, 5)": 0.757,
        "(16, 6)": 0.7699999999999999,
        "(16, 7)": 0.7299999999999999,
        "(16, 8)": 0.7489999999999999,
        "(16, 9)": 0.7589999999999999,
        "(17, 1)": 0.7779999999999999,
        "(17, 2)": 0.743,
        "(17, 3)": 0.7699999999999999,
        "(17, 4)": 0.742,
        "(17, 5)": 0.7049999999999998,
        "(17, 6)": 0.727,
        "(17, 7)": 0.8019999999999999,
        "(17, 8)": 0.7539999999999999,
        "(17, 9)": 0.7879999999999999,
        "(18, 1)": 0.777,
        "(18, 2)": 0.7149999999999999,
        "(18, 3)": 0.729,
        "(18, 4)": 0.8099999999999999,
        "(18, 5)": 0.763,
        "(18, 6)": 0.7839999999999999,
        "(18, 7)": 0.7439999999999999,
        "(18, 8)": 0.7299999999999999,
        "(18, 9)": 0.7389999999999999,
        "(19, 1)": 0.704,
        "(19, 2)": 0.772,
        "(19, 3)": 0.741,
        "(19, 4)": 0.7789999999999999,
        "(19, 5)": 0.771,
        "(19, 6)": 0.7389999999999999,
        "(19, 7)": 0.702,
        "(19, 8)": 0.7489999999999999,
        "(19, 9)": 0.709
    },
    "matching_probabilities": {
        "(0, 10)": 0.0742,
        "(0, 11)": 0.0747,
        "(0, 12)": 0.0744,
        "(0, 13)": 0.0797,
        "(0, 14)": 0.0718,
        "(0, 15)": 0.0732,
        "(0, 16)": 0.0738,
        "(0, 17)": 0.0742,
        "(0, 18)": 0.0772,
        "(0, 19)": 0.0768,
        "(10, 1)": 0.0769,
        "(10, 2)": 0.0791,
        "(10, 3)": 0.0714,
        "(10, 4)": 0.0747,
        "(10, 5)": 0.0776,
        "(10, 6)": 0.0691,
        "(10, 7)": 0.0767,
        "(10, 8)": 0.0733,
        "(10, 9)": 0.0784,
        "(11, 1)": 0.0749,
        "(11, 2)": 0.0745,
        "(11, 3)": 0.0751,
        "(11, 4)": 0.0793,
        "(11, 5)": 0.0778,
        "(11, 6)": 0.0732,
        "(11, 7)": 0.0698,
        "(11, 8)": 0.0749,
        "(11, 9)": 0.076,
        "(12, 1)": 0.0774,
        "(12, 2)": 0.0735,
        "(12, 3)": 0.0735,
        "(12, 4)": 0.0728,
        "(12, 5)": 0.0705,
        "(12, 6)": 0.0792,
        "(12, 7)": 0.0744,
        "(12, 8)": 0.0774,
        "(12, 9)": 0.0729,
        "(13, 1)": 0.0767,
        "(13, 2)": 0.0768,
        "(13, 3)": 0.0755,
        "(13, 4)": 0.0728,
        "(13, 5)": 0.075,
        "(13, 6)": 0.0752,
        "(13, 7)": 0.0778,
        "(13, 8)": 0.0702,
        "(13, 9)": 0.0775,
        "(14, 1)": 0.072,
        "(14, 2)": 0.0729,
        "(14, 3)": 0.0754,
        "(14, 4)": 0.0765,
        "(14, 5)": 0.0773,
        "(14, 6)": 0.0799,
        "(14, 7)": 0.074,
        "(14, 8)": 0.079,
        "(14, 9)": 0.0701,
        "(15, 1)": 0.0735,
        "(15, 2)": 0.0732,
        "(15, 3)": 0.0751,
        "(15, 4)": 0.0722,
        "(15, 5)": 0.0779,
        "(15, 6)": 0.075,
        "(15, 7)": 0.0793,
        "(15, 8)": 0.0768,
        "(15, 9)": 0.0762,
        "(16, 1)": 0.0728,
        "(16, 2)": 0.0739,
        "(16, 3)": 0.0751,
        "(16, 4)": 0.0748,
        "(16, 5)": 0.0757,
        "(16, 6)": 0.077,
        "(16, 7)": 0.073,
        "(16, 8)": 0.0749,
        "(16, 9)": 0.0759,
        "(17, 1)": 0.0778,
        "(17, 2)": 0.0743,
        "(17, 3)": 0.077,
        "(17, 4)": 0.0742,
        "(17, 5)": 0.0705,
        "(17, 6)": 0.0727,
        "(17, 7)": 0.0802,
        "(17, 8)": 0.0754,
        "(17, 9)": 0.0788,
        "(18, 1)": 0.0777,
        "(18, 2)": 0.0715,
        "(18, 3)": 0.0729,
        "(18, 4)": 0.081,
        "(18, 5)": 0.0763,
        "(18, 6)": 0.0784,
        "(18, 7)": 0.0744,
        "(18, 8)": 0.073,
        "(18, 9)": 0.0739,
        "(19, 1)": 0.0704,
        "(19, 2)": 0.0772,
        "(19, 3)": 0.0741,
        "(19, 4)": 0.0779,
        "(19, 5)": 0.0771,
        "(19, 6)": 0.0739,
        "(19, 7)": 0.0702,
        "(19, 8)": 0.0749,
        "(19, 9)": 0.0709
    },
    "matching_counts": {
        "(0, 10)": 742.0,
        "(0, 11)": 747.0,
        "(0, 12)": 744.0,
        "(0, 13)": 797.0,
        "(0, 14)": 718.0,
        "(0, 15)": 732.0,
        "(0, 16)": 738.0,
        "(0, 17)": 742.0,
        "(0, 18)": 772.0,
        "(0, 19)": 768.0,
        "(10, 1)": 769.0,
        "(10, 2)": 791.0,
        "(10, 3)": 714.0,
        "(10, 4)": 747.0,
        "(10, 5)": 776.0,
        "(10, 6)": 691.0,
        "(10, 7)": 767.0,
        "(10, 8)": 733.0,
        "(10, 9)": 784.0,
        "(11, 1)": 749.0,
        "(11, 2)": 745.0,
        "(11, 3)": 751.0,
        "(11, 4)": 793.0,
        "(11, 5)": 778.0,
        "(11, 6)": 732.0,
        "(11, 7)": 698.0,
        "(11, 8)": 749.0,
        "(11, 9)": 760.0,
        "(12, 1)": 774.0,
        "(12, 2)": 735.0,
        "(12, 3)": 735.0,
        "(12, 4)": 728.0,
        "(12, 5)": 705.0,
        "(12, 6)": 792.0,
        "(12, 7)": 744.0,
        "(12, 8)": 774.0,
        "(12, 9)": 729.0,
        "(13, 1)": 767.0,
        "(13, 2)": 768.0,
        "(13, 3)": 755.0,
        "(13, 4)": 728.0,
        "(13, 5)": 750.0,
        "(13, 6)": 752.0,
        "(13, 7)": 778.0,
        "(13, 8)": 702.0,
        "(13, 9)": 775.0,
        "(14, 1)": 720.0,
        "(14, 2)": 729.0,
        "(14, 3)": 754.0,
        "(14, 4)": 765.0,
        "(14, 5)": 773.0,
        "(14, 6)": 799.0,
        "(14, 7)": 740.0,
        "(14, 8)": 790.0,
        "(14, 9)": 701.0,
        "(15, 1)": 735.0,
        "(15, 2)": 732.0,
        "(15, 3)": 751.0,
        "(15, 4)": 722.0,
        "(15, 5)": 779.0,
        "(15, 6)": 750.0,
        "(15, 7)": 793.0,
        "(15, 8)": 768.0,
        "(15, 9)": 762.0,
        "(16, 1)": 728.0,
        "(16, 2)": 739.0,
        "(16, 3)": 751.0,
        "(16, 4)": 748.0,
        "(16, 5)": 757.0,
        "(16, 6)": 770.0,
        "(16, 7)": 730.0,