{
    "min_scaled_matching_probability": 0.6930000000000001,
    "scaled_matching_probabilities": {
        "(0, 1)": 0.7227,
        "(0, 2)": 0.7200000000000001,
        "(0, 3)": 0.7398,
        "(0, 4)": 0.7245,
        "(0, 5)": 0.7677,
        "(0, 6)": 0.7722000000000001,
        "(0, 7)": 0.7821000000000001,
        "(0, 8)": 0.7587,
        "(0, 9)": 0.7668,
        "(1, 2)": 0.7479,
        "(1, 3)": 0.7308,
        "(1, 4)": 0.7380000000000001,
        "(1, 5)": 0.6930000000000001,
        "(1, 6)": 0.7947000000000001,
        "(1, 7)": 0.7542000000000001,
        "(1, 8)": 0.7263,
        "(1, 9)": 0.8019000000000001,
        "(2, 3)": 0.7272,
        "(2, 4)": 0.7794,
        "(2, 5)": 0.7605000000000001,
        "(2, 6)": 0.7677,
        "(2, 7)": 0.7677,
        "(2, 8)": 0.7272,
        "(2, 9)": 0.7362,
        "(3, 4)": 0.7965,
        "(3, 5)": 0.7956000000000001,
        "(3, 6)": 0.7614,
        "(3, 7)": 0.7290000000000001,
        "(3, 8)": 0.7263,
        "(3, 9)": 0.7488,
        "(4, 5)": 0.7686000000000001,
        "(4, 6)": 0.7236,
        "(4, 7)": 0.7614,
        "(4, 8)": 0.7803,
        "(4, 9)": 0.7371000000000001,
        "(5, 6)": 0.7425,
        "(5, 7)": 0.7200000000000001,
        "(5, 8)": 0.7695000000000001,
        "(5, 9)": 0.7650000000000001,
        "(6, 7)": 0.7281000000000001,
        "(6, 8)": 0.7488,
        "(6, 9)": 0.7371000000000001,
        "(7, 8)": 0.7416,
        "(7, 9)": 0.7416,
        "(8, 9)": 0.7308
    },
    "matching_probabilities": {
        "(0, 1)": 0.0803,
        "(0, 2)": 0.08,
        "(0, 3)": 0.0822,
        "(0, 4)": 0.0805,
        "(0, 5)": 0.0853,
        "(0, 6)": 0.0858,
        "(0, 7)": 0.0869,
        "(0, 8)": 0.0843,
        "(0, 9)": 0.0852,
        "(1, 2)": 0.0831,
        "(1, 3)": 0.0812,
        "(1, 4)": 0.082,
        "(1, 5)": 0.077,
        "(1, 6)": 0.0883,
        "(1, 7)": 0.0838,
        "(1, 8)": 0.0807,
        "(1, 9)": 0.0891,
        "(2, 3)": 0.0808,
        "(2, 4)": 0.0866,
        "(2, 5)": 0.0845,
        "(2, 6)": 0.0853,
        "(2, 7)": 0.0853,
        "(2, 8)": 0.0808,
        "(2, 9)": 0.0818,
        "(3, 4)": 0.0885,
        "(3, 5)": 0.0884,
        "(3, 6)": 0.0846,
        "(3, 7)": 0.081,
        "(3, 8)": 0.0807,
        "(3, 9)": 0.0832,
        "(4, 5)": 0.0854,
        "(4, 6)": 0.0804,
        "(4, 7)": 0.0846,
        "(4, 8)": 0.0867,
        "(4, 9)": 0.0819,
        "(5, 6)": 0.0825,
        "(5, 7)": 0.08,
        "(5, 8)": 0.0855,
        "(5, 9)": 0.085,
        "(6, 7)": 0.0809,
        "(6, 8)": 0.0832,
        "(6, 9)": 0.0819,
        "(7, 8)": 0.0824,
        "(7, 9)": 0.0824,
        "(8, 9)": 0.0812
    },
    "matching_counts": {
        "(0, 1)": 803.0,
        "(0, 2)": 800.0,
        "(0, 3)": 822.0,
        "(0, 4)": 805.0,
        "(0, 5)": 853.0,
        "(0, 6)": 858.0,
        "(0, 7)": 869.0,
        "(0, 8)": 843.0,
        "(0, 9)": 852.0,
        "(1, 2)": 831.0,
        "(1, 3)": 812.0,
        "(1, 4)": 820.0,
        "(1, 5)": 770.0,
        "(1, 6)": 883.0,
        "(1, 7)": 838.0,
        "(1, 8)": 807.0,
        "(1, 9)": 891.0,
        "(2, 3)": 808.0,
        "(2, 4)": 866.0,
        "(2, 5)": 845.0,
        "(2, 6)": 853.0,
        "(2, 7)": 853.0,
        "(2, 8)": 808.0,
        "(2, 9)": 818.0,
        "(3, 4)": 885.0,
        "(3, 5)": 884.0,
        "(3, 6)": 846.0,
        "(3, 7)": 810.0,
        "(3, 8)": 807.0,
        "(3, 9)": 832.0,
        "(4, 5)": 854.0,
        "(4, 6)": 804.0,
        "(4, 7)": 846.0,
        "(4, 8)": 867.0,
        "(4, 9)": 819.0,
        "(5, 6)": 825.0,
        "(5, 7)": 800.0,
        "(5, 8)": 855.0,
        "(5, 9)": 850.0,
        "(6, 7)": 809.0,
        "(6, 8)": 832.0,
        "(6, 9)": 819.0,
        "(7, 8)": 824.0,
        "(7, 9)": 824.0,
        "(8, 9)": 812.0
    },
    "simulation_parameters": {
        "graph_file": "uniform_complete_10_order_0.json",
        "c_guarantee": 0.75,
        "experiment_name": "uniform_complete_10_order_0_mc_c75_r100_sim10000",
        "average_edge_weight": 0.1111111111111111,
        "r": 1,
        "num_sim_instances": 10000,
        "rounding_scheme_class": "SimulatedRecursiveRoundingScheme",
        "parallel": true
    }
}