{
    "min_scaled_matching_probability": 0.13999999999999999,
    "scaled_matching_probabilities": {
        "(0, 10)": 0.581,
        "(0, 11)": 1.502,
        "(0, 12)": 0.814,
        "(0, 13)": 0.818,
        "(0, 14)": 0.411,
        "(0, 15)": 0.748,
        "(0, 16)": 0.887,
        "(0, 17)": 1.032,
        "(0, 18)": 1.33,
        "(0, 19)": 0.8459999999999999,
        "(10, 1)": 0.8119999999999999,
        "(10, 2)": 0.8809999999999999,
        "(10, 3)": 1.5879999999999999,
        "(10, 4)": 0.43299999999999994,
        "(10, 5)": 0.8049999999999999,
        "(10, 6)": 1.092,
        "(10, 7)": 0.68,
        "(10, 8)": 0.824,
        "(10, 9)": 1.075,
        "(11, 1)": 0.8949999999999999,
        "(11, 2)": 0.912,
        "(11, 3)": 0.7989999999999999,
        "(11, 4)": 0.842,
        "(11, 5)": 0.612,
        "(11, 6)": 0.834,
        "(11, 7)": 0.824,
        "(11, 8)": 0.8260000000000001,
        "(11, 9)": 0.9099999999999999,
        "(12, 1)": 1.0359999999999998,
        "(12, 2)": 0.8359999999999999,
        "(12, 3)": 0.8309999999999998,
        "(12, 4)": 0.484,
        "(12, 5)": 0.817,
        "(12, 6)": 0.295,
        "(12, 7)": 1.3159999999999998,
        "(12, 8)": 1.7599999999999998,
        "(12, 9)": 1.128,
        "(13, 1)": 1.173,
        "(13, 2)": 1.043,
        "(13, 3)": 0.7049999999999998,
        "(13, 4)": 0.8699999999999999,
        "(13, 5)": 0.83,
        "(13, 6)": 1.179,
        "(13, 7)": 1.3139999999999998,
        "(13, 8)": 0.811,
        "(13, 9)": 0.262,
        "(14, 1)": 0.817,
        "(14, 2)": 0.7739999999999999,
        "(14, 3)": 1.7109999999999999,
        "(14, 4)": 0.852,
        "(14, 5)": 1.3389999999999997,
        "(14, 6)": 0.858,
        "(14, 7)": 1.0199999999999998,
        "(14, 8)": 0.176,
        "(14, 9)": 0.855,
        "(15, 1)": 0.8069999999999999,
        "(15, 2)": 0.187,
        "(15, 3)": 0.944,
        "(15, 4)": 1.736,
        "(15, 5)": 0.7849999999999999,
        "(15, 6)": 0.9359999999999998,
        "(15, 7)": 0.9039999999999999,
        "(15, 8)": 1.113,
        "(15, 9)": 0.8069999999999999,
        "(16, 1)": 0.7699999999999999,
        "(16, 2)": 0.7939999999999999,
        "(16, 3)": 0.273,
        "(16, 4)": 0.955,
        "(16, 5)": 0.8089999999999999,
        "(16, 6)": 1.027,
        "(16, 7)": 0.767,
        "(16, 8)": 0.6859999999999999,
        "(16, 9)": 1.6239999999999999,
        "(17, 1)": 0.948,
        "(17, 2)": 1.686,
        "(17, 3)": 0.616,
        "(17, 4)": 0.7849999999999999,
        "(17, 5)": 1.899,
        "(17, 6)": 0.9109999999999999,
        "(17, 7)": 0.193,
        "(17, 8)": 0.879,
        "(17, 9)": 0.756,
        "(18, 1)": 2.149,
        "(18, 2)": 0.182,
        "(18, 3)": 0.978,
        "(18, 4)": 1.3800000000000001,
        "(18, 5)": 0.159,
        "(18, 6)": 0.766,
        "(18, 7)": 0.786,
        "(18, 8)": 0.85,
        "(18, 9)": 0.786,
        "(19, 1)": 0.13999999999999999,
        "(19, 2)": 1.916,
        "(19, 3)": 0.786,
        "(19, 4)": 0.8659999999999999,
        "(19, 5)": 0.577,
        "(19, 6)": 0.8649999999999999,
        "(19, 7)": 0.85,
        "(19, 8)": 1.676,
        "(19, 9)": 0.8599999999999999
    },
    "matching_probabilities": {
        "(0, 10)": 0.0581,
        "(0, 11)": 0.1502,
        "(0, 12)": 0.0814,
        "(0, 13)": 0.0818,
        "(0, 14)": 0.0411,
        "(0, 15)": 0.0748,
        "(0, 16)": 0.0887,
        "(0, 17)": 0.1032,
        "(0, 18)": 0.133,
        "(0, 19)": 0.0846,
        "(10, 1)": 0.0812,
        "(10, 2)": 0.0881,
        "(10, 3)": 0.1588,
        "(10, 4)": 0.0433,
        "(10, 5)": 0.0805,
        "(10, 6)": 0.1092,
        "(10, 7)": 0.068,
        "(10, 8)": 0.0824,
        "(10, 9)": 0.1075,
        "(11, 1)": 0.0895,
        "(11, 2)": 0.0912,
        "(11, 3)": 0.0799,
        "(11, 4)": 0.0842,
        "(11, 5)": 0.0612,
        "(11, 6)": 0.0834,
        "(11, 7)": 0.0824,
        "(11, 8)": 0.0826,
        "(11, 9)": 0.091,
        "(12, 1)": 0.1036,
        "(12, 2)": 0.0836,
        "(12, 3)": 0.0831,
        "(12, 4)": 0.0484,
        "(12, 5)": 0.0817,
        "(12, 6)": 0.0295,
        "(12, 7)": 0.1316,
        "(12, 8)": 0.176,
        "(12, 9)": 0.1128,
        "(13, 1)": 0.1173,
        "(13, 2)": 0.1043,
        "(13, 3)": 0.0705,
        "(13, 4)": 0.087,
        "(13, 5)": 0.083,
        "(13, 6)": 0.1179,
        "(13, 7)": 0.1314,
        "(13, 8)": 0.0811,
        "(13, 9)": 0.0262,
        "(14, 1)": 0.0817,
        "(14, 2)": 0.0774,
        "(14, 3)": 0.1711,
        "(14, 4)": 0.0852,
        "(14, 5)": 0.1339,
        "(14, 6)": 0.0858,
        "(14, 7)": 0.102,
        "(14, 8)": 0.0176,
        "(14, 9)": 0.0855,
        "(15, 1)": 0.0807,
        "(15, 2)": 0.0187,
        "(15, 3)": 0.0944,
        "(15, 4)": 0.1736,
        "(15, 5)": 0.0785,
        "(15, 6)": 0.09359999999999999,
        "(15, 7)": 0.0904,
        "(15, 8)": 0.1113,
        "(15, 9)": 0.0807,
        "(16, 1)": 0.077,
        "(16, 2)": 0.0794,
        "(16, 3)": 0.0273,
        "(16, 4)": 0.0955,
        "(16, 5)": 0.0809,
        "(16, 6)": 0.1027,
        "(16, 7)": 0.0767,
        "(16, 8)": 0.0686,
        "(16, 9)": 0.1624,
        "(17, 1)": 0.0948,
        "(17, 2)": 0.1686,
        "(17, 3)": 0.0616,
        "(17, 4)": 0.0785,
        "(17, 5)": 0.1899,
        "(17, 6)": 0.0911,
        "(17, 7)": 0.0193,
        "(17, 8)": 0.0879,
        "(17, 9)": 0.0756,
        "(18, 1)": 0.2149,
        "(18, 2)": 0.0182,
        "(18, 3)": 0.0978,
        "(18, 4)": 0.138,
        "(18, 5)": 0.0159,
        "(18, 6)": 0.0766,
        "(18, 7)": 0.0786,
        "(18, 8)": 0.085,
        "(18, 9)": 0.0786,
        "(19, 1)": 0.014,
        "(19, 2)": 0.1916,
        "(19, 3)": 0.0786,
        "(19, 4)": 0.0866,
        "(19, 5)": 0.0577,
        "(19, 6)": 0.0865,
        "(19, 7)": 0.085,
        "(19, 8)": 0.1676,
        "(19, 9)": 0.086
    },
    "matching_counts": {
        "(0, 10)": 581.0,
        "(0, 11)": 1502.0,
        "(0, 12)": 814.0,
        "(0, 13)": 818.0,
        "(0, 14)": 411.0,
        "(0, 15)": 748.0,
        "(0, 16)": 887.0,
        "(0, 17)": 1032.0,
        "(0, 18)": 1330.0,
        "(0, 19)": 846.0,
        "(10, 1)": 812.0,
        "(10, 2)": 881.0,
        "(10, 3)": 1588.0,
        "(10, 4)": 433.0,
        "(10, 5)": 805.0,
        "(10, 6)": 1092.0,
        "(10, 7)": 680.0,
        "(10, 8)": 824.0,
        "(10, 9)": 1075.0,
        "(11, 1)": 895.0,
        "(11, 2)": 912.0,
        "(11, 3)": 799.0,
        "(11, 4)": 842.0,
        "(11, 5)": 612.0,
        "(11, 6)": 834.0,
        "(11, 7)": 824.0,
        "(11, 8)": 826.0,
        "(11, 9)": 910.0,
        "(12, 1)": 1036.0,
        "(12, 2)": 836.0,
        "(12, 3)": 831.0,
        "(12, 4)": 484.0,
        "(12, 5)": 817.0,
        "(12, 6)": 295.0,
        "(12, 7)": 1316.0,
        "(12, 8)": 1760.0,
        "(12, 9)": 1128.0,
        "(13, 1)": 1173.0,
        "(13, 2)": 1043.0,
        "(13, 3)": 705.0,
        "(13, 4)": 870.0,
        "(13, 5)": 830.0,
        "(13, 6)": 1179.0,
        "(13, 7)": 1314.0,
        "(13, 8)": 811.0,
        "(13, 9)": 262.0,
        "(14, 1)": 817.0,
        "(14, 2)": 774.0,
        "(14, 3)": 1711.0,
        "(14, 4)": 852.0,
        "(14, 5)": 1339.0,
        "(14, 6)": 858.0,
        "(14, 7)": 1020.0,
        "(14, 8)": 176.0,
        "(14, 9)": 855.0,
        "(15, 1)": 807.0,
        "(15, 2)": 187.0,
        "(15, 3)": 944.0,
        "(15, 4)": 1736.0,
        "(15, 5)": 785.0,
        "(15, 6)": 935.9999999999999,
        "(15, 7)": 904.0,
        "(15, 8)": 1113.0,
        "(15, 9)": 807.0,
        "(16, 1)": 770.0,
        "(16, 2)": 794.0,
        "(16, 3)": 273.0,
        "(16, 4)": 955.0,
        "(16, 5)": 809.0,
        "(16, 6)": 1027.0,
        "(16, 7)": 767.0,
        "(16, 8)": 686.0,
        "(16, 9)": 1623.9999999999998,
        "(17, 1)": 948.0,
        "(17, 2)": 1686.0,
        "(17, 3)": 616.0,