{
    "min_scaled_matching_probability": 0.459,
    "scaled_matching_probabilities": {
        "(0, 1)": 0.5463,
        "(0, 2)": 0.48690000000000005,
        "(0, 3)": 0.5292,
        "(0, 4)": 0.48150000000000004,
        "(0, 5)": 0.522,
        "(0, 6)": 0.4941,
        "(0, 7)": 0.531,
        "(0, 8)": 0.5058,
        "(0, 9)": 0.48510000000000003,
        "(1, 2)": 0.49950000000000006,
        "(1, 3)": 0.4878,
        "(1, 4)": 0.5346000000000001,
        "(1, 5)": 0.5004,
        "(1, 6)": 0.4941,
        "(1, 7)": 0.4716,
        "(1, 8)": 0.4752,
        "(1, 9)": 0.5166000000000001,
        "(2, 3)": 0.5454,
        "(2, 4)": 0.5175000000000001,
        "(2, 5)": 0.5211,
        "(2, 6)": 0.5139,
        "(2, 7)": 0.48150000000000004,
        "(2, 8)": 0.5067,
        "(2, 9)": 0.49500000000000005,
        "(3, 4)": 0.5373000000000001,
        "(3, 5)": 0.49140000000000006,
        "(3, 6)": 0.5193000000000001,
        "(3, 7)": 0.4635,
        "(3, 8)": 0.459,
        "(3, 9)": 0.5049,
        "(4, 5)": 0.5112000000000001,
        "(4, 6)": 0.4788,
        "(4, 7)": 0.5112000000000001,
        "(4, 8)": 0.49590000000000006,
        "(4, 9)": 0.49770000000000003,
        "(5, 6)": 0.4932,
        "(5, 7)": 0.4932,
        "(5, 8)": 0.504,
        "(5, 9)": 0.5148,
        "(6, 7)": 0.5229,
        "(6, 8)": 0.5238,
        "(6, 9)": 0.504,
        "(7, 8)": 0.5193000000000001,
        "(7, 9)": 0.4986,
        "(8, 9)": 0.49140000000000006
    },
    "matching_probabilities": {
        "(0, 1)": 0.0607,
        "(0, 2)": 0.0541,
        "(0, 3)": 0.0588,
        "(0, 4)": 0.0535,
        "(0, 5)": 0.058,
        "(0, 6)": 0.0549,
        "(0, 7)": 0.059,
        "(0, 8)": 0.0562,
        "(0, 9)": 0.0539,
        "(1, 2)": 0.0555,
        "(1, 3)": 0.0542,
        "(1, 4)": 0.0594,
        "(1, 5)": 0.0556,
        "(1, 6)": 0.0549,
        "(1, 7)": 0.0524,
        "(1, 8)": 0.0528,
        "(1, 9)": 0.0574,
        "(2, 3)": 0.0606,
        "(2, 4)": 0.0575,
        "(2, 5)": 0.0579,
        "(2, 6)": 0.0571,
        "(2, 7)": 0.0535,
        "(2, 8)": 0.0563,
        "(2, 9)": 0.055,
        "(3, 4)": 0.0597,
        "(3, 5)": 0.0546,
        "(3, 6)": 0.0577,
        "(3, 7)": 0.0515,
        "(3, 8)": 0.051,
        "(3, 9)": 0.0561,
        "(4, 5)": 0.0568,
        "(4, 6)": 0.0532,
        "(4, 7)": 0.0568,
        "(4, 8)": 0.0551,
        "(4, 9)": 0.0553,
        "(5, 6)": 0.0548,
        "(5, 7)": 0.0548,
        "(5, 8)": 0.056,
        "(5, 9)": 0.0572,
        "(6, 7)": 0.0581,
        "(6, 8)": 0.0582,
        "(6, 9)": 0.056,
        "(7, 8)": 0.0577,
        "(7, 9)": 0.0554,
        "(8, 9)": 0.0546
    },
    "matching_counts": {
        "(0, 1)": 607.0,
        "(0, 2)": 541.0,
        "(0, 3)": 588.0,
        "(0, 4)": 535.0,
        "(0, 5)": 580.0,
        "(0, 6)": 549.0,
        "(0, 7)": 590.0,
        "(0, 8)": 562.0,
        "(0, 9)": 539.0,
        "(1, 2)": 555.0,
        "(1, 3)": 542.0,
        "(1, 4)": 594.0,
        "(1, 5)": 556.0,
        "(1, 6)": 549.0,
        "(1, 7)": 524.0,
        "(1, 8)": 528.0,
        "(1, 9)": 574.0,
        "(2, 3)": 606.0,
        "(2, 4)": 575.0,
        "(2, 5)": 579.0,
        "(2, 6)": 571.0,
        "(2, 7)": 535.0,
        "(2, 8)": 563.0,
        "(2, 9)": 550.0,
        "(3, 4)": 597.0,
        "(3, 5)": 546.0,
        "(3, 6)": 577.0,
        "(3, 7)": 515.0,
        "(3, 8)": 510.0,
        "(3, 9)": 561.0,
        "(4, 5)": 568.0,
        "(4, 6)": 532.0,
        "(4, 7)": 568.0,
        "(4, 8)": 551.0,
        "(4, 9)": 553.0,
        "(5, 6)": 548.0,
        "(5, 7)": 548.0,
        "(5, 8)": 560.0,
        "(5, 9)": 572.0,
        "(6, 7)": 581.0,
        "(6, 8)": 582.0,
        "(6, 9)": 560.0,
        "(7, 8)": 577.0,
        "(7, 9)": 554.0,
        "(8, 9)": 546.0
    },
    "simulation_parameters": {
        "graph_file": "uniform_complete_10_order_0.json",
        "c_guarantee": 0.5,
        "experiment_name": "uniform_complete_10_order_0_mc_c50_r100_sim10000",
        "average_edge_weight": 0.1111111111111111,
        "r": 1,
        "num_sim_instances": 10000,
        "rounding_scheme_class": "SimulatedRecursiveRoundingScheme",
        "parallel": true
    }
}