{
    "min_scaled_matching_probability": 0.162,
    "scaled_matching_probabilities": {
        "(0, 1)": 0.6606000000000001,
        "(0, 2)": 0.9882,
        "(0, 3)": 0.9990000000000001,
        "(0, 4)": 0.9756,
        "(0, 5)": 1.0134,
        "(0, 6)": 0.6444,
        "(0, 7)": 1.0089000000000001,
        "(0, 8)": 1.0386000000000002,
        "(0, 9)": 0.46080000000000004,
        "(1, 2)": 1.0134,
        "(1, 3)": 0.9603,
        "(1, 4)": 0.7056,
        "(1, 5)": 1.0089000000000001,
        "(1, 6)": 1.0386000000000002,
        "(1, 7)": 0.5822999999999999,
        "(1, 8)": 0.7011000000000001,
        "(1, 9)": 0.9963000000000001,
        "(2, 3)": 0.9936,
        "(2, 4)": 1.026,
        "(2, 5)": 0.162,
        "(2, 6)": 1.0107,
        "(2, 7)": 0.4203,
        "(2, 8)": 1.0395,
        "(2, 9)": 0.9846,
        "(3, 4)": 1.0575,
        "(3, 5)": 1.0143,
        "(3, 6)": 0.5912999999999999,
        "(3, 7)": 1.0053,
        "(3, 8)": 0.9693,
        "(3, 9)": 1.0143,
        "(4, 5)": 1.0107,
        "(4, 6)": 0.9729000000000001,
        "(4, 7)": 0.8901000000000001,
        "(4, 8)": 0.4356,
        "(4, 9)": 0.9405,
        "(5, 6)": 0.9981,
        "(5, 7)": 0.9945,
        "(5, 8)": 1.0161,
        "(5, 9)": 1.0125000000000002,
        "(6, 7)": 0.9963000000000001,
        "(6, 8)": 0.9963000000000001,
        "(6, 9)": 0.5049,
        "(7, 8)": 0.9837,
        "(7, 9)": 1.0242,
        "(8, 9)": 0.9747
    },
    "matching_probabilities": {
        "(0, 1)": 0.0734,
        "(0, 2)": 0.1098,
        "(0, 3)": 0.111,
        "(0, 4)": 0.1084,
        "(0, 5)": 0.1126,
        "(0, 6)": 0.0716,
        "(0, 7)": 0.1121,
        "(0, 8)": 0.1154,
        "(0, 9)": 0.0512,
        "(1, 2)": 0.1126,
        "(1, 3)": 0.1067,
        "(1, 4)": 0.0784,
        "(1, 5)": 0.1121,
        "(1, 6)": 0.1154,
        "(1, 7)": 0.0647,
        "(1, 8)": 0.0779,
        "(1, 9)": 0.1107,
        "(2, 3)": 0.1104,
        "(2, 4)": 0.114,
        "(2, 5)": 0.018,
        "(2, 6)": 0.1123,
        "(2, 7)": 0.0467,
        "(2, 8)": 0.1155,
        "(2, 9)": 0.1094,
        "(3, 4)": 0.1175,
        "(3, 5)": 0.1127,
        "(3, 6)": 0.0657,
        "(3, 7)": 0.1117,
        "(3, 8)": 0.1077,
        "(3, 9)": 0.1127,
        "(4, 5)": 0.1123,
        "(4, 6)": 0.1081,
        "(4, 7)": 0.0989,
        "(4, 8)": 0.0484,
        "(4, 9)": 0.1045,
        "(5, 6)": 0.1109,
        "(5, 7)": 0.1105,
        "(5, 8)": 0.1129,
        "(5, 9)": 0.1125,
        "(6, 7)": 0.1107,
        "(6, 8)": 0.1107,
        "(6, 9)": 0.0561,
        "(7, 8)": 0.1093,
        "(7, 9)": 0.1138,
        "(8, 9)": 0.1083
    },
    "matching_counts": {
        "(0, 1)": 734.0,
        "(0, 2)": 1098.0,
        "(0, 3)": 1110.0,
        "(0, 4)": 1084.0,
        "(0, 5)": 1126.0,
        "(0, 6)": 716.0,
        "(0, 7)": 1121.0,
        "(0, 8)": 1154.0,
        "(0, 9)": 512.0,
        "(1, 2)": 1126.0,
        "(1, 3)": 1067.0,
        "(1, 4)": 784.0,
        "(1, 5)": 1121.0,
        "(1, 6)": 1154.0,
        "(1, 7)": 647.0,
        "(1, 8)": 779.0,
        "(1, 9)": 1107.0,
        "(2, 3)": 1104.0,
        "(2, 4)": 1140.0,
        "(2, 5)": 180.0,
        "(2, 6)": 1123.0,
        "(2, 7)": 467.0,
        "(2, 8)": 1155.0,
        "(2, 9)": 1094.0,
        "(3, 4)": 1175.0,
        "(3, 5)": 1127.0,
        "(3, 6)": 657.0,
        "(3, 7)": 1117.0,
        "(3, 8)": 1077.0,
        "(3, 9)": 1127.0,
        "(4, 5)": 1123.0,
        "(4, 6)": 1081.0,
        "(4, 7)": 989.0,
        "(4, 8)": 484.0,
        "(4, 9)": 1045.0,
        "(5, 6)": 1109.0,
        "(5, 7)": 1105.0,
        "(5, 8)": 1129.0,
        "(5, 9)": 1125.0,
        "(6, 7)": 1107.0,
        "(6, 8)": 1107.0,
        "(6, 9)": 561.0,
        "(7, 8)": 1093.0,
        "(7, 9)": 1138.0,
        "(8, 9)": 1083.0
    },
    "simulation_parameters": {
        "graph_file": "uniform_complete_10_order_0.json",
        "c_guarantee": 1.0,
        "experiment_name": "uniform_complete_10_order_0_mc_c100_r100_sim10000",
        "average_edge_weight": 0.1111111111111111,
        "r": 1,
        "num_sim_instances": 10000,
        "rounding_scheme_class": "SimulatedRecursiveRoundingScheme",
        "parallel": true
    }
}