{
    "min_scaled_matching_probability": 0.236,
    "scaled_matching_probabilities": {
        "(0, 10)": 0.595,
        "(0, 11)": 0.954,
        "(0, 12)": 1.049,
        "(0, 13)": 1.023,
        "(0, 14)": 0.421,
        "(0, 15)": 0.694,
        "(0, 16)": 0.9569999999999999,
        "(0, 17)": 1.013,
        "(0, 18)": 1.068,
        "(0, 19)": 0.978,
        "(10, 1)": 0.963,
        "(10, 2)": 1.048,
        "(10, 3)": 1.002,
        "(10, 4)": 0.482,
        "(10, 5)": 0.974,
        "(10, 6)": 0.951,
        "(10, 7)": 0.637,
        "(10, 8)": 1.0739999999999998,
        "(10, 9)": 1.0059999999999998,
        "(11, 1)": 1.0,
        "(11, 2)": 1.015,
        "(11, 3)": 1.0059999999999998,
        "(11, 4)": 1.015,
        "(11, 5)": 0.487,
        "(11, 6)": 0.993,
        "(11, 7)": 0.9869999999999999,
        "(11, 8)": 1.008,
        "(11, 9)": 0.611,
        "(12, 1)": 0.9869999999999999,
        "(12, 2)": 0.97,
        "(12, 3)": 0.9819999999999999,
        "(12, 4)": 0.6719999999999999,
        "(12, 5)": 1.0159999999999998,
        "(12, 6)": 0.306,
        "(12, 7)": 1.048,
        "(12, 8)": 0.989,
        "(12, 9)": 0.994,
        "(13, 1)": 0.9520000000000001,
        "(13, 2)": 0.985,
        "(13, 3)": 0.7599999999999999,
        "(13, 4)": 1.034,
        "(13, 5)": 0.975,
        "(13, 6)": 0.8809999999999999,
        "(13, 7)": 0.995,
        "(13, 8)": 0.9909999999999999,
        "(13, 9)": 0.298,
        "(14, 1)": 1.024,
        "(14, 2)": 1.031,
        "(14, 3)": 1.0539999999999998,
        "(14, 4)": 0.978,
        "(14, 5)": 1.015,
        "(14, 6)": 1.028,
        "(14, 7)": 0.979,
        "(14, 8)": 0.325,
        "(14, 9)": 0.976,
        "(15, 1)": 1.001,
        "(15, 2)": 0.27399999999999997,
        "(15, 3)": 0.97,
        "(15, 4)": 1.0059999999999998,
        "(15, 5)": 0.998,
        "(15, 6)": 1.001,
        "(15, 7)": 1.015,
        "(15, 8)": 0.94,
        "(15, 9)": 1.045,
        "(16, 1)": 0.998,
        "(16, 2)": 1.028,
        "(16, 3)": 0.318,
        "(16, 4)": 0.827,
        "(16, 5)": 1.01,
        "(16, 6)": 0.7749999999999999,
        "(16, 7)": 1.0,
        "(16, 8)": 0.941,
        "(16, 9)": 1.0,
        "(17, 1)": 1.0399999999999998,
        "(17, 2)": 1.001,
        "(17, 3)": 0.939,
        "(17, 4)": 1.0159999999999998,
        "(17, 5)": 1.031,
        "(17, 6)": 1.002,
        "(17, 7)": 0.32099999999999995,
        "(17, 8)": 0.969,
        "(17, 9)": 0.985,
        "(18, 1)": 0.981,
        "(18, 2)": 0.5029999999999999,
        "(18, 3)": 0.9420000000000001,
        "(18, 4)": 1.003,
        "(18, 5)": 0.32199999999999995,
        "(18, 6)": 1.015,
        "(18, 7)": 0.9819999999999999,
        "(18, 8)": 1.0,
        "(18, 9)": 0.969,
        "(19, 1)": 0.236,
        "(19, 2)": 0.9349999999999999,
        "(19, 3)": 1.0159999999999998,
        "(19, 4)": 0.989,
        "(19, 5)": 0.878,
        "(19, 6)": 0.984,
        "(19, 7)": 0.959,
        "(19, 8)": 1.015,
        "(19, 9)": 1.039
    },
    "matching_probabilities": {
        "(0, 10)": 0.0595,
        "(0, 11)": 0.0954,
        "(0, 12)": 0.1049,
        "(0, 13)": 0.1023,
        "(0, 14)": 0.0421,
        "(0, 15)": 0.0694,
        "(0, 16)": 0.0957,
        "(0, 17)": 0.1013,
        "(0, 18)": 0.1068,
        "(0, 19)": 0.0978,
        "(10, 1)": 0.0963,
        "(10, 2)": 0.1048,
        "(10, 3)": 0.1002,
        "(10, 4)": 0.0482,
        "(10, 5)": 0.0974,
        "(10, 6)": 0.0951,
        "(10, 7)": 0.0637,
        "(10, 8)": 0.1074,
        "(10, 9)": 0.1006,
        "(11, 1)": 0.1,
        "(11, 2)": 0.1015,
        "(11, 3)": 0.1006,
        "(11, 4)": 0.1015,
        "(11, 5)": 0.0487,
        "(11, 6)": 0.0993,
        "(11, 7)": 0.0987,
        "(11, 8)": 0.1008,
        "(11, 9)": 0.0611,
        "(12, 1)": 0.0987,
        "(12, 2)": 0.097,
        "(12, 3)": 0.0982,
        "(12, 4)": 0.0672,
        "(12, 5)": 0.1016,
        "(12, 6)": 0.0306,
        "(12, 7)": 0.1048,
        "(12, 8)": 0.0989,
        "(12, 9)": 0.0994,
        "(13, 1)": 0.0952,
        "(13, 2)": 0.0985,
        "(13, 3)": 0.076,
        "(13, 4)": 0.1034,
        "(13, 5)": 0.0975,
        "(13, 6)": 0.0881,
        "(13, 7)": 0.0995,
        "(13, 8)": 0.0991,
        "(13, 9)": 0.0298,
        "(14, 1)": 0.1024,
        "(14, 2)": 0.1031,
        "(14, 3)": 0.1054,
        "(14, 4)": 0.0978,
        "(14, 5)": 0.1015,
        "(14, 6)": 0.1028,
        "(14, 7)": 0.0979,
        "(14, 8)": 0.0325,
        "(14, 9)": 0.0976,
        "(15, 1)": 0.1001,
        "(15, 2)": 0.0274,
        "(15, 3)": 0.097,
        "(15, 4)": 0.1006,
        "(15, 5)": 0.0998,
        "(15, 6)": 0.1001,
        "(15, 7)": 0.1015,
        "(15, 8)": 0.094,
        "(15, 9)": 0.1045,
        "(16, 1)": 0.0998,
        "(16, 2)": 0.1028,
        "(16, 3)": 0.0318,
        "(16, 4)": 0.0827,
        "(16, 5)": 0.101,
        "(16, 6)": 0.0775,
        "(16, 7)": 0.1,
        "(16, 8)": 0.0941,
        "(16, 9)": 0.1,
        "(17, 1)": 0.104,
        "(17, 2)": 0.1001,
        "(17, 3)": 0.0939,
        "(17, 4)": 0.1016,
        "(17, 5)": 0.1031,
        "(17, 6)": 0.1002,
        "(17, 7)": 0.0321,
        "(17, 8)": 0.0969,
        "(17, 9)": 0.0985,
        "(18, 1)": 0.0981,
        "(18, 2)": 0.0503,
        "(18, 3)": 0.0942,
        "(18, 4)": 0.1003,
        "(18, 5)": 0.0322,
        "(18, 6)": 0.1015,
        "(18, 7)": 0.0982,
        "(18, 8)": 0.1,
        "(18, 9)": 0.0969,
        "(19, 1)": 0.0236,
        "(19, 2)": 0.0935,
        "(19, 3)": 0.1016,
        "(19, 4)": 0.0989,
        "(19, 5)": 0.0878,
        "(19, 6)": 0.0984,
        "(19, 7)": 0.0959,
        "(19, 8)": 0.1015,
        "(19, 9)": 0.1039
    },
    "matching_counts": {
        "(0, 10)": 595.0,
        "(0, 11)": 954.0,
        "(0, 12)": 1049.0,
        "(0, 13)": 1023.0,
        "(0, 14)": 421.0,
        "(0, 15)": 694.0,
        "(0, 16)": 957.0,
        "(0, 17)": 1013.0,
        "(0, 18)": 1068.0,
        "(0, 19)": 978.0,
        "(10, 1)": 963.0,
        "(10, 2)": 1048.0,
        "(10, 3)": 1002.0,
        "(10, 4)": 482.0,
        "(10, 5)": 974.0,
        "(10, 6)": 951.0,
        "(10, 7)": 637.0,
        "(10, 8)": 1074.0,
        "(10, 9)": 1006.0,
        "(11, 1)": 1000.0,
        "(11, 2)": 1015.0,
        "(11, 3)": 1006.0,
        "(11, 4)": 1015.0,
        "(11, 5)": 487.0,
        "(11, 6)": 993.0,
        "(11, 7)": 987.0,
        "(11, 8)": 1008.0,
        "(11, 9)": 611.0,
        "(12, 1)": 987.0,
        "(12, 2)": 970.0,
        "(12, 3)": 982.0,
        "(12, 4)": 672.0,
        "(12, 5)": 1016.0,
        "(12, 6)": 306.0,
        "(12, 7)": 1048.0,
        "(12, 8)": 989.0,
        "(12, 9)": 994.0,
        "(13, 1)": 952.0,
        "(13, 2)": 985.0,
        "(13, 3)": 760.0,
        "(13, 4)": 1034.0,
        "(13, 5)": 975.0,
        "(13, 6)": 881.0,
        "(13, 7)": 995.0,
        "(13, 8)": 991.0,
        "(13, 9)": 298.0,
        "(14, 1)": 1024.0,
        "(14, 2)": 1031.0,
        "(14, 3)": 1054.0,
        "(14, 4)": 978.0,
        "(14, 5)": 1015.0,
        "(14, 6)": 1028.0,
        "(14, 7)": 979.0,
        "(14, 8)": 325.0,
        "(14, 9)": 976.0,
        "(15, 1)": 1001.0,
        "(15, 2)": 274.0,
        "(15, 3)": 970.0,
        "(15, 4)": 1006.0,
        "(15, 5)": 998.0,
        "(15, 6)": 1001.0,
        "(15, 7)": 1015.0,
        "(15, 8)": 940.0,
        "(15, 9)": 1045.0,
        "(16, 1)": 998.0,
        "(16, 2)": 1028.0,
        "(16, 3)": 318.0,
        "(16, 4)": 827.0,
        "(16, 5)": 1010.0,
        "(16, 6)": 775.0,
        "(16, 7)": 1000.0,
        "(16, 8)": 941.0,
        "(16, 9)": 1000.0,
        "(17, 1)": 1040.0,
        "(17, 2)": 1001.0,
        "(17, 3)": 939.0,
        "(17, 4)": 1016.0,
        "(17, 5)": 1031.0,
        "(17, 6)": 1002.0,
        "(17, 7)": 321.0,
        "(17, 8)": 969.0,
        "(17, 9)": 985.0,
        "(18, 1)": 981.0,
        "(18, 2)": 503.0,