{
    "min_scaled_matching_probability": 0.45499999999999996,
    "scaled_matching_probabilities": {
        "(0, 10)": 0.46399999999999997,
        "(0, 11)": 0.878,
        "(0, 12)": 0.902,
        "(0, 13)": 0.908,
        "(0, 14)": 0.9159999999999999,
        "(0, 15)": 0.877,
        "(0, 16)": 0.9420000000000001,
        "(0, 17)": 0.9329999999999999,
        "(0, 18)": 0.882,
        "(0, 19)": 0.8939999999999999,
        "(10, 1)": 0.8909999999999999,
        "(10, 2)": 0.9059999999999999,
        "(10, 3)": 0.897,
        "(10, 4)": 0.9299999999999999,
        "(10, 5)": 0.9039999999999999,
        "(10, 6)": 0.7979999999999999,
        "(10, 7)": 0.912,
        "(10, 8)": 0.9059999999999999,
        "(10, 9)": 0.9279999999999999,
        "(11, 1)": 0.9049999999999999,
        "(11, 2)": 0.9149999999999999,
        "(11, 3)": 0.9299999999999999,
        "(11, 4)": 0.45499999999999996,
        "(11, 5)": 0.938,
        "(11, 6)": 0.867,
        "(11, 7)": 0.8999999999999999,
        "(11, 8)": 0.893,
        "(11, 9)": 0.8809999999999999,
        "(12, 1)": 0.939,
        "(12, 2)": 0.868,
        "(12, 3)": 0.9009999999999999,
        "(12, 4)": 0.8899999999999999,
        "(12, 5)": 0.8809999999999999,
        "(12, 6)": 0.8949999999999999,
        "(12, 7)": 0.884,
        "(12, 8)": 0.945,
        "(12, 9)": 0.834,
        "(13, 1)": 0.5,
        "(13, 2)": 0.902,
        "(13, 3)": 0.858,
        "(13, 4)": 0.9149999999999999,
        "(13, 5)": 0.892,
        "(13, 6)": 0.893,
        "(13, 7)": 0.913,
        "(13, 8)": 0.9109999999999999,
        "(13, 9)": 0.6809999999999999,
        "(14, 1)": 0.844,
        "(14, 2)": 0.719,
        "(14, 3)": 0.889,
        "(14, 4)": 0.9229999999999999,
        "(14, 5)": 0.932,
        "(14, 6)": 0.9569999999999999,
        "(14, 7)": 0.873,
        "(14, 8)": 0.882,
        "(14, 9)": 0.8809999999999999,
        "(15, 1)": 0.9149999999999999,
        "(15, 2)": 0.599,
        "(15, 3)": 0.9049999999999999,
        "(15, 4)": 0.941,
        "(15, 5)": 0.9289999999999999,
        "(15, 6)": 0.9099999999999999,
        "(15, 7)": 0.9099999999999999,
        "(15, 8)": 0.8849999999999999,
        "(15, 9)": 0.7929999999999999,
        "(16, 1)": 0.892,
        "(16, 2)": 0.8909999999999999,
        "(16, 3)": 0.893,
        "(16, 4)": 0.858,
        "(16, 5)": 0.8989999999999999,
        "(16, 6)": 0.8939999999999999,
        "(16, 7)": 0.9520000000000001,
        "(16, 8)": 0.838,
        "(16, 9)": 0.844,
        "(17, 1)": 0.8909999999999999,
        "(17, 2)": 0.83,
        "(17, 3)": 0.9149999999999999,
        "(17, 4)": 0.9209999999999999,
        "(17, 5)": 0.908,
        "(17, 6)": 0.892,
        "(17, 7)": 0.9109999999999999,
        "(17, 8)": 0.6469999999999999,
        "(17, 9)": 0.941,
        "(18, 1)": 0.908,
        "(18, 2)": 0.877,
        "(18, 3)": 0.9470000000000001,
        "(18, 4)": 0.874,
        "(18, 5)": 0.883,
        "(18, 6)": 0.9149999999999999,
        "(18, 7)": 0.5329999999999999,
        "(18, 8)": 0.908,
        "(18, 9)": 1.0,
        "(19, 1)": 0.94,
        "(19, 2)": 0.9099999999999999,
        "(19, 3)": 0.893,
        "(19, 4)": 0.878,
        "(19, 5)": 0.63,
        "(19, 6)": 0.893,
        "(19, 7)": 0.884,
        "(19, 8)": 0.6389999999999999,
        "(19, 9)": 0.897
    },
    "matching_probabilities": {
        "(0, 10)": 0.0464,
        "(0, 11)": 0.0878,
        "(0, 12)": 0.0902,
        "(0, 13)": 0.0908,
        "(0, 14)": 0.0916,
        "(0, 15)": 0.0877,
        "(0, 16)": 0.0942,
        "(0, 17)": 0.0933,
        "(0, 18)": 0.0882,
        "(0, 19)": 0.0894,
        "(10, 1)": 0.0891,
        "(10, 2)": 0.0906,
        "(10, 3)": 0.0897,
        "(10, 4)": 0.093,
        "(10, 5)": 0.0904,
        "(10, 6)": 0.0798,
        "(10, 7)": 0.0912,
        "(10, 8)": 0.0906,
        "(10, 9)": 0.0928,
        "(11, 1)": 0.0905,
        "(11, 2)": 0.0915,
        "(11, 3)": 0.093,
        "(11, 4)": 0.0455,
        "(11, 5)": 0.0938,
        "(11, 6)": 0.0867,
        "(11, 7)": 0.09,
        "(11, 8)": 0.0893,
        "(11, 9)": 0.0881,
        "(12, 1)": 0.0939,
        "(12, 2)": 0.0868,
        "(12, 3)": 0.0901,
        "(12, 4)": 0.089,
        "(12, 5)": 0.0881,
        "(12, 6)": 0.0895,
        "(12, 7)": 0.0884,
        "(12, 8)": 0.0945,
        "(12, 9)": 0.0834,
        "(13, 1)": 0.05,
        "(13, 2)": 0.0902,
        "(13, 3)": 0.0858,
        "(13, 4)": 0.0915,
        "(13, 5)": 0.0892,
        "(13, 6)": 0.0893,
        "(13, 7)": 0.0913,
        "(13, 8)": 0.0911,
        "(13, 9)": 0.0681,
        "(14, 1)": 0.0844,
        "(14, 2)": 0.0719,
        "(14, 3)": 0.0889,
        "(14, 4)": 0.0923,
        "(14, 5)": 0.0932,
        "(14, 6)": 0.0957,
        "(14, 7)": 0.0873,
        "(14, 8)": 0.0882,
        "(14, 9)": 0.0881,
        "(15, 1)": 0.0915,
        "(15, 2)": 0.0599,
        "(15, 3)": 0.0905,
        "(15, 4)": 0.0941,
        "(15, 5)": 0.0929,
        "(15, 6)": 0.091,
        "(15, 7)": 0.091,
        "(15, 8)": 0.0885,
        "(15, 9)": 0.0793,
        "(16, 1)": 0.0892,
        "(16, 2)": 0.0891,
        "(16, 3)": 0.0893,
        "(16, 4)": 0.0858,
        "(16, 5)": 0.0899,
        "(16, 6)": 0.0894,
        "(16, 7)": 0.0952,
        "(16, 8)": 0.0838,
        "(16, 9)": 0.0844,
        "(17, 1)": 0.0891,
        "(17, 2)": 0.083,
        "(17, 3)": 0.0915,
        "(17, 4)": 0.0921,
        "(17, 5)": 0.0908,
        "(17, 6)": 0.0892,
        "(17, 7)": 0.0911,
        "(17, 8)": 0.0647,
        "(17, 9)": 0.0941,
        "(18, 1)": 0.0908,
        "(18, 2)": 0.0877,
        "(18, 3)": 0.0947,
        "(18, 4)": 0.0874,
        "(18, 5)": 0.0883,
        "(18, 6)": 0.0915,
        "(18, 7)": 0.0533,
        "(18, 8)": 0.0908,
        "(18, 9)": 0.1,
        "(19, 1)": 0.094,
        "(19, 2)": 0.091,
        "(19, 3)": 0.0893,
        "(19, 4)": 0.0878,
        "(19, 5)": 0.063,
        "(19, 6)": 0.0893,
        "(19, 7)": 0.0884,
        "(19, 8)": 0.0639,
        "(19, 9)": 0.0897
    },
    "matching_counts": {
        "(0, 10)": 464.0,
        "(0, 11)": 878.0,
        "(0, 12)": 902.0,
        "(0, 13)": 908.0,
        "(0, 14)": 916.0,
        "(0, 15)": 877.0,
        "(0, 16)": 942.0,
        "(0, 17)": 933.0,
        "(0, 18)": 882.0,
        "(0, 19)": 894.0,
        "(10, 1)": 891.0,
        "(10, 2)": 906.0,
        "(10, 3)": 897.0,
        "(10, 4)": 930.0,
        "(10, 5)": 904.0,
        "(10, 6)": 798.0,
        "(10, 7)": 912.0,
        "(10, 8)": 906.0,
        "(10, 9)": 928.0,
        "(11, 1)": 905.0,
        "(11, 2)": 915.0,
        "(11, 3)": 930.0,
        "(11, 4)": 455.0,
        "(11, 5)": 938.0,
        "(11, 6)": 867.0,
        "(11, 7)": 900.0,
        "(11, 8)": 893.0,
        "(11, 9)": 881.0,
        "(12, 1)": 939.0,
        "(12, 2)": 868.0,
        "(12, 3)": 901.0,
        "(12, 4)": 890.0,
        "(12, 5)": 881.0,
        "(12, 6)": 895.0,
        "(12, 7)": 884.0,
        "(12, 8)": 945.0,
        "(12, 9)": 834.0,
        "(13, 1)": 500.0,
        "(13, 2)": 902.0,
        "(13, 3)": 858.0,
        "(13, 4)": 915.0,
        "(13, 5)": 892.0,
        "(13, 6)": 893.0,
        "(13, 7)": 913.0,
        "(13, 8)": 911.0,
        "(13, 9)": 681.0,
        "(14, 1)": 844.0,
        "(14, 2)": 719.0,
        "(14, 3)": 889.0,
        "(14, 4)": 923.0,
        "(14, 5)": 932.0,
        "(14, 6)": 957.0,
        "(14, 7)": 873.0,
        "(14, 8)": 882.0,
        "(14, 9)": 881.0,
        "(15, 1)": 915.0,
        "(15, 2)": 599.0,
        "(15, 3)": 905.0,
        "(15, 4)": 941.0,
        "(15, 5)": 929.0,
        "(15, 6)": 910.0,
        "(15, 7)": 910.0,
        "(15, 8)": 885.0,
        "(15, 9)": 793.0,
        "(16, 1)": 892.0,
        "(16, 2)": 891.0,
        "(16, 3)": 893.0,
        "(16, 4)": 858.0,
        "(16, 5)": 899.0,
        "(16, 6)": 894.0,
        "(16, 7)": 952.0,
        "(16, 8)": 838.0,
        "(16, 9)": 844.0,