{
    "min_scaled_matching_probability": 0.223,
    "scaled_matching_probabilities": {
        "(0, 10)": 0.995,
        "(0, 11)": 0.6289999999999999,
        "(0, 12)": 0.96,
        "(0, 13)": 0.417,
        "(0, 14)": 1.039,
        "(0, 15)": 1.032,
        "(0, 16)": 0.912,
        "(0, 17)": 1.0199999999999998,
        "(0, 18)": 0.748,
        "(0, 19)": 1.012,
        "(10, 1)": 0.976,
        "(10, 2)": 0.9869999999999999,
        "(10, 3)": 0.9909999999999999,
        "(10, 4)": 0.411,
        "(10, 5)": 1.01,
        "(10, 6)": 0.966,
        "(10, 7)": 1.034,
        "(10, 8)": 0.46699999999999997,
        "(10, 9)": 0.9569999999999999,
        "(11, 1)": 0.9969999999999999,
        "(11, 2)": 1.01,
        "(11, 3)": 0.9919999999999999,
        "(11, 4)": 0.994,
        "(11, 5)": 0.9859999999999999,
        "(11, 6)": 1.032,
        "(11, 7)": 0.40800000000000003,
        "(11, 8)": 0.978,
        "(11, 9)": 0.9769999999999999,
        "(12, 1)": 0.472,
        "(12, 2)": 0.985,
        "(12, 3)": 1.063,
        "(12, 4)": 0.9819999999999999,
        "(12, 5)": 0.27499999999999997,
        "(12, 6)": 0.993,
        "(12, 7)": 0.9869999999999999,
        "(12, 8)": 1.031,
        "(12, 9)": 1.029,
        "(13, 1)": 0.40199999999999997,
        "(13, 2)": 0.98,
        "(13, 3)": 0.974,
        "(13, 4)": 0.979,
        "(13, 5)": 1.014,
        "(13, 6)": 1.028,
        "(13, 7)": 0.96,
        "(13, 8)": 0.994,
        "(13, 9)": 1.001,
        "(14, 1)": 0.96,
        "(14, 2)": 1.022,
        "(14, 3)": 0.94,
        "(14, 4)": 0.9969999999999999,
        "(14, 5)": 0.9869999999999999,
        "(14, 6)": 0.22399999999999998,
        "(14, 7)": 0.5299999999999999,
        "(14, 8)": 0.96,
        "(14, 9)": 1.048,
        "(15, 1)": 0.951,
        "(15, 2)": 1.012,
        "(15, 3)": 0.989,
        "(15, 4)": 1.009,
        "(15, 5)": 0.975,
        "(15, 6)": 0.9969999999999999,
        "(15, 7)": 0.6759999999999999,
        "(15, 8)": 1.043,
        "(15, 9)": 0.40800000000000003,
        "(16, 1)": 1.0259999999999998,
        "(16, 2)": 0.441,
        "(16, 3)": 0.737,
        "(16, 4)": 0.8509999999999999,
        "(16, 5)": 1.033,
        "(16, 6)": 1.011,
        "(16, 7)": 1.044,
        "(16, 8)": 0.9109999999999999,
        "(16, 9)": 1.0159999999999998,
        "(17, 1)": 1.003,
        "(17, 2)": 0.239,
        "(17, 3)": 1.004,
        "(17, 4)": 0.96,
        "(17, 5)": 1.008,
        "(17, 6)": 0.981,
        "(17, 7)": 1.0639999999999998,
        "(17, 8)": 1.013,
        "(17, 9)": 0.966,
        "(18, 1)": 1.067,
        "(18, 2)": 0.958,
        "(18, 3)": 0.376,
        "(18, 4)": 0.878,
        "(18, 5)": 0.927,
        "(18, 6)": 1.008,
        "(18, 7)": 0.989,
        "(18, 8)": 0.984,
        "(18, 9)": 0.983,
        "(19, 1)": 1.025,
        "(19, 2)": 0.968,
        "(19, 3)": 1.027,
        "(19, 4)": 0.983,
        "(19, 5)": 1.012,
        "(19, 6)": 1.013,
        "(19, 7)": 0.983,
        "(19, 8)": 0.975,
        "(19, 9)": 0.223
    },
    "matching_probabilities": {
        "(0, 10)": 0.0995,
        "(0, 11)": 0.0629,
        "(0, 12)": 0.096,
        "(0, 13)": 0.0417,
        "(0, 14)": 0.1039,
        "(0, 15)": 0.1032,
        "(0, 16)": 0.0912,
        "(0, 17)": 0.102,
        "(0, 18)": 0.0748,
        "(0, 19)": 0.1012,
        "(10, 1)": 0.0976,
        "(10, 2)": 0.0987,
        "(10, 3)": 0.0991,
        "(10, 4)": 0.0411,
        "(10, 5)": 0.101,
        "(10, 6)": 0.0966,
        "(10, 7)": 0.1034,
        "(10, 8)": 0.0467,
        "(10, 9)": 0.0957,
        "(11, 1)": 0.0997,
        "(11, 2)": 0.101,
        "(11, 3)": 0.0992,
        "(11, 4)": 0.0994,
        "(11, 5)": 0.0986,
        "(11, 6)": 0.1032,
        "(11, 7)": 0.0408,
        "(11, 8)": 0.0978,
        "(11, 9)": 0.0977,
        "(12, 1)": 0.0472,
        "(12, 2)": 0.0985,
        "(12, 3)": 0.1063,
        "(12, 4)": 0.0982,
        "(12, 5)": 0.0275,
        "(12, 6)": 0.0993,
        "(12, 7)": 0.0987,
        "(12, 8)": 0.1031,
        "(12, 9)": 0.1029,
        "(13, 1)": 0.0402,
        "(13, 2)": 0.098,
        "(13, 3)": 0.0974,
        "(13, 4)": 0.0979,
        "(13, 5)": 0.1014,
        "(13, 6)": 0.1028,
        "(13, 7)": 0.096,
        "(13, 8)": 0.0994,
        "(13, 9)": 0.1001,
        "(14, 1)": 0.096,
        "(14, 2)": 0.1022,
        "(14, 3)": 0.094,
        "(14, 4)": 0.0997,
        "(14, 5)": 0.0987,
        "(14, 6)": 0.0224,
        "(14, 7)": 0.053,
        "(14, 8)": 0.096,
        "(14, 9)": 0.1048,
        "(15, 1)": 0.0951,
        "(15, 2)": 0.1012,
        "(15, 3)": 0.0989,
        "(15, 4)": 0.1009,
        "(15, 5)": 0.0975,
        "(15, 6)": 0.0997,
        "(15, 7)": 0.0676,
        "(15, 8)": 0.1043,
        "(15, 9)": 0.0408,
        "(16, 1)": 0.1026,
        "(16, 2)": 0.0441,
        "(16, 3)": 0.0737,
        "(16, 4)": 0.0851,
        "(16, 5)": 0.1033,
        "(16, 6)": 0.1011,
        "(16, 7)": 0.1044,
        "(16, 8)": 0.0911,
        "(16, 9)": 0.1016,
        "(17, 1)": 0.1003,
        "(17, 2)": 0.0239,
        "(17, 3)": 0.1004,
        "(17, 4)": 0.096,
        "(17, 5)": 0.1008,
        "(17, 6)": 0.0981,
        "(17, 7)": 0.1064,
        "(17, 8)": 0.1013,
        "(17, 9)": 0.0966,
        "(18, 1)": 0.1067,
        "(18, 2)": 0.0958,
        "(18, 3)": 0.0376,
        "(18, 4)": 0.0878,
        "(18, 5)": 0.0927,
        "(18, 6)": 0.1008,
        "(18, 7)": 0.0989,
        "(18, 8)": 0.0984,
        "(18, 9)": 0.0983,
        "(19, 1)": 0.1025,
        "(19, 2)": 0.0968,
        "(19, 3)": 0.1027,
        "(19, 4)": 0.0983,
        "(19, 5)": 0.1012,
        "(19, 6)": 0.1013,
        "(19, 7)": 0.0983,
        "(19, 8)": 0.0975,
        "(19, 9)": 0.0223
    },
    "matching_counts": {
        "(0, 10)": 995.0,
        "(0, 11)": 629.0,
        "(0, 12)": 960.0,
        "(0, 13)": 417.0,
        "(0, 14)": 1039.0,
        "(0, 15)": 1032.0,
        "(0, 16)": 912.0,
        "(0, 17)": 1020.0,
        "(0, 18)": 748.0,
        "(0, 19)": 1012.0,
        "(10, 1)": 976.0,
        "(10, 2)": 987.0,
        "(10, 3)": 991.0,
        "(10, 4)": 411.0,
        "(10, 5)": 1010.0,
        "(10, 6)": 966.0,
        "(10, 7)": 1034.0,
        "(10, 8)": 467.0,
        "(10, 9)": 957.0,
        "(11, 1)": 997.0,
        "(11, 2)": 1010.0,
        "(11, 3)": 992.0,
        "(11, 4)": 994.0,
        "(11, 5)": 986.0,
        "(11, 6)": 1032.0,
        "(11, 7)": 408.0,
        "(11, 8)": 978.0,
        "(11, 9)": 977.0,
        "(12, 1)": 472.0,
        "(12, 2)": 985.0,
        "(12, 3)": 1063.0,
        "(12, 4)": 982.0,
        "(12, 5)": 275.0,
        "(12, 6)": 993.0,
        "(12, 7)": 987.0,
        "(12, 8)": 1031.0,
        "(12, 9)": 1029.0,
        "(13, 1)": 402.0,
        "(13, 2)": 980.0,
        "(13, 3)": 974.0,
        "(13, 4)": 979.0,
        "(13, 5)": 1014.0,
        "(13, 6)": 1028.0,
        "(13, 7)": 960.0,
        "(13, 8)": 994.0,
        "(13, 9)": 1001.0,
        "(14, 1)": 960.0,
        "(14, 2)": 1022.0,
        "(14, 3)": 940.0,
        "(14, 4)": 997.0,
        "(14, 5)": 987.0,
        "(14, 6)": 224.0,
        "(14, 7)": 530.0,
        "(14, 8)": 960.0,
        "(14, 9)": 1048.0,
        "(15, 1)": 951.0,
        "(15, 2)": 1012.0,
        "(15, 3)": 989.0,
        "(15, 4)": 1009.0,
        "(15, 5)": 975.0,
        "(15, 6)": 997.0,
        "(15, 7)": 676.0,
        "(15, 8)": 1043.0,
        "(15, 9)": 408.0,
        "(16, 1)": 1026.0,
        "(16, 2)": 441.0,
        "(16, 3)": 737.0,
        "(16, 4)": 851.0,
        "(16, 5)": 1033.0,
        "(16, 6)": 1011.0,
        "(16, 7)": 1044.0,
        "(16, 8)": 911.0,
        "(16, 9)": 1016.0,
        "(17, 1)": 1003.0,
        "(17, 2)": 239.0,
        "(17, 3)": 1004.0,
        "(17, 4)": 960.0,
        "(17, 5)": 1008.0,
        "(17, 6)": 981.0,
        "(17, 7)": 1064.0,
        "(17, 8)": 1013.0,
        "(17, 9)": 966.0,
        "(18, 1)": 1067.0,