{
    "min_scaled_matching_probability": 0.06599999999999999,
    "scaled_matching_probabilities": {
        "(0, 10)": 0.8659999999999999,
        "(0, 11)": 0.122,
        "(0, 12)": 1.193,
        "(0, 13)": 0.7149999999999999,
        "(0, 14)": 0.9520000000000001,
        "(0, 15)": 0.913,
        "(0, 16)": 1.6569999999999998,
        "(0, 17)": 2.104,
        "(0, 18)": 0.33599999999999997,
        "(0, 19)": 0.941,
        "(10, 1)": 0.829,
        "(10, 2)": 1.089,
        "(10, 3)": 1.2349999999999999,
        "(10, 4)": 1.0059999999999998,
        "(10, 5)": 0.8809999999999999,
        "(10, 6)": 2.167,
        "(10, 7)": 0.4179999999999999,
        "(10, 8)": 0.9039999999999999,
        "(10, 9)": 0.251,
        "(11, 1)": 1.275,
        "(11, 2)": 1.441,
        "(11, 3)": 0.888,
        "(11, 4)": 0.541,
        "(11, 5)": 0.927,
        "(11, 6)": 1.2,
        "(11, 7)": 0.579,
        "(11, 8)": 1.2149999999999999,
        "(11, 9)": 0.9229999999999999,
        "(12, 1)": 0.922,
        "(12, 2)": 0.9259999999999999,
        "(12, 3)": 0.42999999999999994,
        "(12, 4)": 0.346,
        "(12, 5)": 1.275,
        "(12, 6)": 0.9299999999999999,
        "(12, 7)": 2.3449999999999998,
        "(12, 8)": 0.06599999999999999,
        "(12, 9)": 0.9099999999999999,
        "(13, 1)": 0.6379999999999999,
        "(13, 2)": 1.2989999999999997,
        "(13, 3)": 0.8799999999999999,
        "(13, 4)": 0.883,
        "(13, 5)": 0.5529999999999999,
        "(13, 6)": 0.257,
        "(13, 7)": 1.0999999999999999,
        "(13, 8)": 0.949,
        "(13, 9)": 0.9969999999999999,
        "(14, 1)": 0.907,
        "(14, 2)": 0.237,
        "(14, 3)": 1.0799999999999998,
        "(14, 4)": 1.355,
        "(14, 5)": 0.907,
        "(14, 6)": 1.2069999999999999,
        "(14, 7)": 1.014,
        "(14, 8)": 1.138,
        "(14, 9)": 0.442,
        "(15, 1)": 1.013,
        "(15, 2)": 0.7539999999999999,
        "(15, 3)": 0.484,
        "(15, 4)": 0.969,
        "(15, 5)": 1.8279999999999998,
        "(15, 6)": 0.5369999999999999,
        "(15, 7)": 0.94,
        "(15, 8)": 0.592,
        "(15, 9)": 0.9349999999999999,
        "(16, 1)": 1.002,
        "(16, 2)": 0.5569999999999999,
        "(16, 3)": 1.0699999999999998,
        "(16, 4)": 0.291,
        "(16, 5)": 0.908,
        "(16, 6)": 0.9349999999999999,
        "(16, 7)": 0.9099999999999999,
        "(16, 8)": 2.231,
        "(16, 9)": 0.21,
        "(17, 1)": 0.9229999999999999,
        "(17, 2)": 1.265,
        "(17, 3)": 0.758,
        "(17, 4)": 0.9009999999999999,
        "(17, 5)": 0.111,
        "(17, 6)": 1.4899999999999998,
        "(17, 7)": 0.884,
        "(17, 8)": 0.9959999999999999,
        "(17, 9)": 0.383,
        "(18, 1)": 0.411,
        "(18, 2)": 0.963,
        "(18, 3)": 1.0759999999999998,
        "(18, 4)": 1.5809999999999997,
        "(18, 5)": 0.946,
        "(18, 6)": 0.893,
        "(18, 7)": 0.357,
        "(18, 8)": 0.8959999999999999,
        "(18, 9)": 1.494,
        "(19, 1)": 1.2679999999999998,
        "(19, 2)": 0.8509999999999999,
        "(19, 3)": 0.9329999999999999,
        "(19, 4)": 0.714,
        "(19, 5)": 1.293,
        "(19, 6)": 0.128,
        "(19, 7)": 1.0,
        "(19, 8)": 0.6189999999999999,
        "(19, 9)": 1.388
    },
    "matching_probabilities": {
        "(0, 10)": 0.0866,
        "(0, 11)": 0.0122,
        "(0, 12)": 0.1193,
        "(0, 13)": 0.0715,
        "(0, 14)": 0.0952,
        "(0, 15)": 0.0913,
        "(0, 16)": 0.1657,
        "(0, 17)": 0.2104,
        "(0, 18)": 0.0336,
        "(0, 19)": 0.0941,
        "(10, 1)": 0.0829,
        "(10, 2)": 0.1089,
        "(10, 3)": 0.1235,
        "(10, 4)": 0.1006,
        "(10, 5)": 0.0881,
        "(10, 6)": 0.2167,
        "(10, 7)": 0.0418,
        "(10, 8)": 0.0904,
        "(10, 9)": 0.0251,
        "(11, 1)": 0.1275,
        "(11, 2)": 0.1441,
        "(11, 3)": 0.0888,
        "(11, 4)": 0.0541,
        "(11, 5)": 0.0927,
        "(11, 6)": 0.12,
        "(11, 7)": 0.0579,
        "(11, 8)": 0.1215,
        "(11, 9)": 0.0923,
        "(12, 1)": 0.0922,
        "(12, 2)": 0.0926,
        "(12, 3)": 0.043,
        "(12, 4)": 0.0346,
        "(12, 5)": 0.1275,
        "(12, 6)": 0.093,
        "(12, 7)": 0.2345,
        "(12, 8)": 0.0066,
        "(12, 9)": 0.091,
        "(13, 1)": 0.0638,
        "(13, 2)": 0.1299,
        "(13, 3)": 0.088,
        "(13, 4)": 0.0883,
        "(13, 5)": 0.0553,
        "(13, 6)": 0.0257,
        "(13, 7)": 0.11,
        "(13, 8)": 0.0949,
        "(13, 9)": 0.0997,
        "(14, 1)": 0.0907,
        "(14, 2)": 0.0237,
        "(14, 3)": 0.108,
        "(14, 4)": 0.1355,
        "(14, 5)": 0.0907,
        "(14, 6)": 0.1207,
        "(14, 7)": 0.1014,
        "(14, 8)": 0.1138,
        "(14, 9)": 0.0442,
        "(15, 1)": 0.1013,
        "(15, 2)": 0.0754,
        "(15, 3)": 0.0484,
        "(15, 4)": 0.0969,
        "(15, 5)": 0.1828,
        "(15, 6)": 0.0537,
        "(15, 7)": 0.094,
        "(15, 8)": 0.0592,
        "(15, 9)": 0.0935,
        "(16, 1)": 0.1002,
        "(16, 2)": 0.0557,
        "(16, 3)": 0.107,
        "(16, 4)": 0.0291,
        "(16, 5)": 0.0908,
        "(16, 6)": 0.0935,
        "(16, 7)": 0.091,
        "(16, 8)": 0.2231,
        "(16, 9)": 0.021,
        "(17, 1)": 0.0923,
        "(17, 2)": 0.1265,
        "(17, 3)": 0.0758,
        "(17, 4)": 0.0901,
        "(17, 5)": 0.0111,
        "(17, 6)": 0.149,
        "(17, 7)": 0.0884,
        "(17, 8)": 0.0996,
        "(17, 9)": 0.0383,
        "(18, 1)": 0.0411,
        "(18, 2)": 0.0963,
        "(18, 3)": 0.1076,
        "(18, 4)": 0.1581,
        "(18, 5)": 0.0946,
        "(18, 6)": 0.0893,
        "(18, 7)": 0.0357,
        "(18, 8)": 0.0896,
        "(18, 9)": 0.1494,
        "(19, 1)": 0.1268,
        "(19, 2)": 0.0851,
        "(19, 3)": 0.0933,
        "(19, 4)": 0.0714,
        "(19, 5)": 0.1293,
        "(19, 6)": 0.0128,
        "(19, 7)": 0.1,
        "(19, 8)": 0.0619,
        "(19, 9)": 0.1388
    },
    "matching_counts": {
        "(0, 10)": 866.0,
        "(0, 11)": 122.0,
        "(0, 12)": 1193.0,
        "(0, 13)": 715.0,
        "(0, 14)": 952.0,
        "(0, 15)": 913.0,
        "(0, 16)": 1657.0,
        "(0, 17)": 2104.0,
        "(0, 18)": 336.0,
        "(0, 19)": 941.0,
        "(10, 1)": 829.0,
        "(10, 2)": 1089.0,
        "(10, 3)": 1235.0,
        "(10, 4)": 1006.0,
        "(10, 5)": 881.0,
        "(10, 6)": 2167.0,
        "(10, 7)": 418.0,
        "(10, 8)": 904.0,
        "(10, 9)": 251.0,
        "(11, 1)": 1275.0,
        "(11, 2)": 1441.0,
        "(11, 3)": 888.0,
        "(11, 4)": 541.0,
        "(11, 5)": 927.0,
        "(11, 6)": 1200.0,
        "(11, 7)": 579.0,
        "(11, 8)": 1215.0,
        "(11, 9)": 923.0,
        "(12, 1)": 922.0,
        "(12, 2)": 926.0,
        "(12, 3)": 430.0,
        "(12, 4)": 346.0,
        "(12, 5)": 1275.0,
        "(12, 6)": 930.0,
        "(12, 7)": 2345.0,
        "(12, 8)": 66.0,
        "(12, 9)": 910.0,
        "(13, 1)": 638.0,
        "(13, 2)": 1299.0,
        "(13, 3)": 880.0,
        "(13, 4)": 883.0,
        "(13, 5)": 553.0,
        "(13, 6)": 257.0,
        "(13, 7)": 1100.0,
        "(13, 8)": 949.0,
        "(13, 9)": 997.0,
        "(14, 1)": 907.0,
        "(14, 2)": 237.0,
        "(14, 3)": 1080.0,
        "(14, 4)": 1355.0,
        "(14, 5)": 907.0,
        "(14, 6)": 1207.0,
        "(14, 7)": 1014.0,
        "(14, 8)": 1138.0,
        "(14, 9)": 442.0,
        "(15, 1)": 1013.0,
        "(15, 2)": 754.0,
        "(15, 3)": 484.0,
        "(15, 4)": 969.0,
        "(15, 5)": 1828.0,
        "(15, 6)": 537.0,
        "(15, 7)": 940.0,
        "(15, 8)": 592.0,
        "(15, 9)": 935.0,
        "(16, 1)": 1002.0,
        "(16, 2)": 557.0,
        "(16, 3)": 1070.0,
        "(16, 4)": 291.0,
        "(16, 5)": 908.0,
        "(16, 6)": 935.0,
        "(16, 7)": 910.0,
        "(16, 8)": 2231.0,
        "(16, 9)": 210.0,
        "(17, 1)": 923.0,