{
    "min_scaled_matching_probability": 0.04499999999999999,
    "scaled_matching_probabilities": {
        "(0, 10)": 0.9359999999999999,
        "(0, 11)": 0.11199999999999999,
        "(0, 12)": 0.879,
        "(0, 13)": 0.9279999999999999,
        "(0, 14)": 1.3489999999999998,
        "(0, 15)": 1.011,
        "(0, 16)": 2.0989999999999998,
        "(0, 17)": 0.5249999999999999,
        "(0, 18)": 1.2289999999999999,
        "(0, 19)": 0.655,
        "(10, 1)": 0.801,
        "(10, 2)": 1.4499999999999997,
        "(10, 3)": 1.694,
        "(10, 4)": 0.917,
        "(10, 5)": 0.294,
        "(10, 6)": 1.464,
        "(10, 7)": 0.824,
        "(10, 8)": 0.416,
        "(10, 9)": 0.897,
        "(11, 1)": 0.97,
        "(11, 2)": 0.922,
        "(11, 3)": 0.35999999999999993,
        "(11, 4)": 0.37999999999999995,
        "(11, 5)": 1.2469999999999999,
        "(11, 6)": 1.01,
        "(11, 7)": 0.888,
        "(11, 8)": 1.035,
        "(11, 9)": 2.048,
        "(12, 1)": 0.907,
        "(12, 2)": 0.943,
        "(12, 3)": 1.272,
        "(12, 4)": 0.247,
        "(12, 5)": 2.285,
        "(12, 6)": 0.43499999999999994,
        "(12, 7)": 1.002,
        "(12, 8)": 0.97,
        "(12, 9)": 0.207,
        "(13, 1)": 1.102,
        "(13, 2)": 0.381,
        "(13, 3)": 1.263,
        "(13, 4)": 0.369,
        "(13, 5)": 0.97,
        "(13, 6)": 1.4979999999999998,
        "(13, 7)": 0.849,
        "(13, 8)": 0.9289999999999999,
        "(13, 9)": 0.9099999999999999,
        "(14, 1)": 0.888,
        "(14, 2)": 0.27499999999999997,
        "(14, 3)": 0.963,
        "(14, 4)": 0.9039999999999999,
        "(14, 5)": 0.882,
        "(14, 6)": 1.7019999999999997,
        "(14, 7)": 0.8799999999999999,
        "(14, 8)": 1.509,
        "(14, 9)": 0.123,
        "(15, 1)": 0.04499999999999999,
        "(15, 2)": 1.4499999999999997,
        "(15, 3)": 0.9139999999999999,
        "(15, 4)": 2.519,
        "(15, 5)": 0.19499999999999998,
        "(15, 6)": 0.9420000000000001,
        "(15, 7)": 0.963,
        "(15, 8)": 0.723,
        "(15, 9)": 1.16,
        "(16, 1)": 1.121,
        "(16, 2)": 0.975,
        "(16, 3)": 0.9520000000000001,
        "(16, 4)": 0.913,
        "(16, 5)": 0.11699999999999999,
        "(16, 6)": 0.8909999999999999,
        "(16, 7)": 0.965,
        "(16, 8)": 0.9049999999999999,
        "(16, 9)": 0.902,
        "(17, 1)": 0.6719999999999999,
        "(17, 2)": 0.9869999999999999,
        "(17, 3)": 0.874,
        "(17, 4)": 0.9349999999999999,
        "(17, 5)": 1.1139999999999999,
        "(17, 6)": 0.077,
        "(17, 7)": 0.33,
        "(17, 8)": 1.627,
        "(17, 9)": 0.969,
        "(18, 1)": 1.4869999999999999,
        "(18, 2)": 0.061,
        "(18, 3)": 0.8749999999999999,
        "(18, 4)": 0.9289999999999999,
        "(18, 5)": 0.9139999999999999,
        "(18, 6)": 0.958,
        "(18, 7)": 2.363,
        "(18, 8)": 0.23099999999999998,
        "(18, 9)": 0.879,
        "(19, 1)": 1.332,
        "(19, 2)": 1.115,
        "(19, 3)": 0.38499999999999995,
        "(19, 4)": 0.8809999999999999,
        "(19, 5)": 0.8799999999999999,
        "(19, 6)": 0.94,
        "(19, 7)": 0.713,
        "(19, 8)": 0.7000000000000001,
        "(19, 9)": 1.2839999999999998
    },
    "matching_probabilities": {
        "(0, 10)": 0.0936,
        "(0, 11)": 0.0112,
        "(0, 12)": 0.0879,
        "(0, 13)": 0.0928,
        "(0, 14)": 0.1349,
        "(0, 15)": 0.1011,
        "(0, 16)": 0.2099,
        "(0, 17)": 0.0525,
        "(0, 18)": 0.1229,
        "(0, 19)": 0.0655,
        "(10, 1)": 0.0801,
        "(10, 2)": 0.145,
        "(10, 3)": 0.1694,
        "(10, 4)": 0.0917,
        "(10, 5)": 0.0294,
        "(10, 6)": 0.1464,
        "(10, 7)": 0.0824,
        "(10, 8)": 0.0416,
        "(10, 9)": 0.0897,
        "(11, 1)": 0.097,
        "(11, 2)": 0.0922,
        "(11, 3)": 0.036,
        "(11, 4)": 0.038,
        "(11, 5)": 0.1247,
        "(11, 6)": 0.101,
        "(11, 7)": 0.0888,
        "(11, 8)": 0.1035,
        "(11, 9)": 0.2048,
        "(12, 1)": 0.0907,
        "(12, 2)": 0.0943,
        "(12, 3)": 0.1272,
        "(12, 4)": 0.0247,
        "(12, 5)": 0.2285,
        "(12, 6)": 0.0435,
        "(12, 7)": 0.1002,
        "(12, 8)": 0.097,
        "(12, 9)": 0.0207,
        "(13, 1)": 0.1102,
        "(13, 2)": 0.0381,
        "(13, 3)": 0.1263,
        "(13, 4)": 0.0369,
        "(13, 5)": 0.097,
        "(13, 6)": 0.1498,
        "(13, 7)": 0.0849,
        "(13, 8)": 0.0929,
        "(13, 9)": 0.091,
        "(14, 1)": 0.0888,
        "(14, 2)": 0.0275,
        "(14, 3)": 0.0963,
        "(14, 4)": 0.0904,
        "(14, 5)": 0.0882,
        "(14, 6)": 0.1702,
        "(14, 7)": 0.088,
        "(14, 8)": 0.1509,
        "(14, 9)": 0.0123,
        "(15, 1)": 0.0045,
        "(15, 2)": 0.145,
        "(15, 3)": 0.0914,
        "(15, 4)": 0.2519,
        "(15, 5)": 0.0195,
        "(15, 6)": 0.0942,
        "(15, 7)": 0.0963,
        "(15, 8)": 0.0723,
        "(15, 9)": 0.116,
        "(16, 1)": 0.1121,
        "(16, 2)": 0.0975,
        "(16, 3)": 0.0952,
        "(16, 4)": 0.0913,
        "(16, 5)": 0.0117,
        "(16, 6)": 0.0891,
        "(16, 7)": 0.0965,
        "(16, 8)": 0.0905,
        "(16, 9)": 0.0902,
        "(17, 1)": 0.0672,
        "(17, 2)": 0.0987,
        "(17, 3)": 0.0874,
        "(17, 4)": 0.0935,
        "(17, 5)": 0.1114,
        "(17, 6)": 0.0077,
        "(17, 7)": 0.033,
        "(17, 8)": 0.1627,
        "(17, 9)": 0.0969,
        "(18, 1)": 0.1487,
        "(18, 2)": 0.0061,
        "(18, 3)": 0.0875,
        "(18, 4)": 0.0929,
        "(18, 5)": 0.0914,
        "(18, 6)": 0.0958,
        "(18, 7)": 0.2363,
        "(18, 8)": 0.0231,
        "(18, 9)": 0.0879,
        "(19, 1)": 0.1332,
        "(19, 2)": 0.1115,
        "(19, 3)": 0.0385,
        "(19, 4)": 0.0881,
        "(19, 5)": 0.088,
        "(19, 6)": 0.094,
        "(19, 7)": 0.0713,
        "(19, 8)": 0.07,
        "(19, 9)": 0.1284
    },
    "matching_counts": {
        "(0, 10)": 936.0,
        "(0, 11)": 112.0,
        "(0, 12)": 879.0,
        "(0, 13)": 928.0,
        "(0, 14)": 1349.0,
        "(0, 15)": 1011.0,
        "(0, 16)": 2099.0,
        "(0, 17)": 525.0,
        "(0, 18)": 1229.0,
        "(0, 19)": 655.0,
        "(10, 1)": 801.0,
        "(10, 2)": 1450.0,
        "(10, 3)": 1694.0,
        "(10, 4)": 917.0,
        "(10, 5)": 294.0,
        "(10, 6)": 1464.0,
        "(10, 7)": 824.0,
        "(10, 8)": 416.0,
        "(10, 9)": 897.0,
        "(11, 1)": 970.0,
        "(11, 2)": 922.0,
        "(11, 3)": 360.0,
        "(11, 4)": 380.0,
        "(11, 5)": 1247.0,
        "(11, 6)": 1010.0,
        "(11, 7)": 888.0,
        "(11, 8)": 1035.0,
        "(11, 9)": 2048.0,
        "(12, 1)": 907.0,
        "(12, 2)": 943.0,
        "(12, 3)": 1272.0,
        "(12, 4)": 247.0,
        "(12, 5)": 2285.0,
        "(12, 6)": 435.0,
        "(12, 7)": 1002.0,
        "(12, 8)": 970.0,
        "(12, 9)": 207.0,
        "(13, 1)": 1102.0,
        "(13, 2)": 381.0,
        "(13, 3)": 1263.0,
        "(13, 4)": 369.0,
        "(13, 5)": 970.0,
        "(13, 6)": 1498.0,
        "(13, 7)": 849.0,
        "(13, 8)": 929.0,
        "(13, 9)": 910.0,
        "(14, 1)": 888.0,
        "(14, 2)": 275.0,
        "(14, 3)": 963.0,
        "(14, 4)": 904.0,
        "(14, 5)": 882.0,
        "(14, 6)": 1702.0,
        "(14, 7)": 880.0,
        "(14, 8)": 1509.0,
        "(14, 9)": 123.0,
        "(15, 1)": 45.0,
        "(15, 2)": 1450.0,
        "(15, 3)": 914.0,
        "(15, 4)": 2519.0,
        "(15, 5)": 195.0,
        "(15, 6)": 942.0,
        "(15, 7)": 963.0,
        "(15, 8)": 723.0,
        "(15, 9)": 1160.0,
        "(16, 1)": 1121.0,
        "(16, 2)": 975.0,
        "(16, 3)": 952.0,
        "(16, 4)": 913.0,
        "(16, 5)": 117.0,
        "(16, 6)": 891.0,
        "(16, 7)": 965.0,
        "(16, 8)": 905.0,
        "(16, 9)": 902.0,
        "(17, 1)": 672.0,
        "(17, 2)": 987.0,
        "(17, 3)": 874.0,