{
    "min_scaled_matching_probability": 0.36450000000000005,
    "scaled_matching_probabilities": {
        "(0, 1)": 0.6030000000000001,
        "(0, 2)": 0.8694000000000001,
        "(0, 3)": 0.9054,
        "(0, 4)": 0.8811000000000001,
        "(0, 5)": 0.9090000000000001,
        "(0, 6)": 0.7308,
        "(0, 7)": 0.9306000000000001,
        "(0, 8)": 0.9315,
        "(0, 9)": 0.7272,
        "(1, 2)": 0.9090000000000001,
        "(1, 3)": 0.8784000000000001,
        "(1, 4)": 0.8928,
        "(1, 5)": 0.8829000000000001,
        "(1, 6)": 0.9342,
        "(1, 7)": 0.6291000000000001,
        "(1, 8)": 0.8928,
        "(1, 9)": 0.8928,
        "(2, 3)": 0.8793,
        "(2, 4)": 0.9225,
        "(2, 5)": 0.36450000000000005,
        "(2, 6)": 0.9153,
        "(2, 7)": 0.7722000000000001,
        "(2, 8)": 0.9135000000000001,
        "(2, 9)": 0.8964,
        "(3, 4)": 0.9603,
        "(3, 5)": 0.9054,
        "(3, 6)": 0.9198000000000001,
        "(3, 7)": 0.8829000000000001,
        "(3, 8)": 0.8766,
        "(3, 9)": 0.9018,
        "(4, 5)": 0.9108,
        "(4, 6)": 0.8793,
        "(4, 7)": 0.8829000000000001,
        "(4, 8)": 0.7443,
        "(4, 9)": 0.8586,
        "(5, 6)": 0.8973,
        "(5, 7)": 0.8757,
        "(5, 8)": 0.9243,
        "(5, 9)": 0.9225,
        "(6, 7)": 0.8784000000000001,
        "(6, 8)": 0.9162,
        "(6, 9)": 0.7506,
        "(7, 8)": 0.8820000000000001,
        "(7, 9)": 0.9045000000000001,
        "(8, 9)": 0.8775000000000001
    },
    "matching_probabilities": {
        "(0, 1)": 0.067,
        "(0, 2)": 0.0966,
        "(0, 3)": 0.1006,
        "(0, 4)": 0.0979,
        "(0, 5)": 0.101,
        "(0, 6)": 0.0812,
        "(0, 7)": 0.1034,
        "(0, 8)": 0.1035,
        "(0, 9)": 0.0808,
        "(1, 2)": 0.101,
        "(1, 3)": 0.0976,
        "(1, 4)": 0.0992,
        "(1, 5)": 0.0981,
        "(1, 6)": 0.1038,
        "(1, 7)": 0.0699,
        "(1, 8)": 0.0992,
        "(1, 9)": 0.0992,
        "(2, 3)": 0.0977,
        "(2, 4)": 0.1025,
        "(2, 5)": 0.0405,
        "(2, 6)": 0.1017,
        "(2, 7)": 0.0858,
        "(2, 8)": 0.1015,
        "(2, 9)": 0.0996,
        "(3, 4)": 0.1067,
        "(3, 5)": 0.1006,
        "(3, 6)": 0.1022,
        "(3, 7)": 0.0981,
        "(3, 8)": 0.0974,
        "(3, 9)": 0.1002,
        "(4, 5)": 0.1012,
        "(4, 6)": 0.0977,
        "(4, 7)": 0.0981,
        "(4, 8)": 0.0827,
        "(4, 9)": 0.0954,
        "(5, 6)": 0.0997,
        "(5, 7)": 0.0973,
        "(5, 8)": 0.1027,
        "(5, 9)": 0.1025,
        "(6, 7)": 0.0976,
        "(6, 8)": 0.1018,
        "(6, 9)": 0.0834,
        "(7, 8)": 0.098,
        "(7, 9)": 0.1005,
        "(8, 9)": 0.0975
    },
    "matching_counts": {
        "(0, 1)": 670.0,
        "(0, 2)": 966.0,
        "(0, 3)": 1006.0,
        "(0, 4)": 979.0,
        "(0, 5)": 1010.0,
        "(0, 6)": 812.0,
        "(0, 7)": 1034.0,
        "(0, 8)": 1035.0,
        "(0, 9)": 808.0,
        "(1, 2)": 1010.0,
        "(1, 3)": 976.0,
        "(1, 4)": 992.0,
        "(1, 5)": 981.0,
        "(1, 6)": 1038.0,
        "(1, 7)": 699.0,
        "(1, 8)": 992.0,
        "(1, 9)": 992.0,
        "(2, 3)": 977.0,
        "(2, 4)": 1025.0,
        "(2, 5)": 405.0,
        "(2, 6)": 1017.0,
        "(2, 7)": 858.0,
        "(2, 8)": 1015.0,
        "(2, 9)": 996.0,
        "(3, 4)": 1067.0,
        "(3, 5)": 1006.0,
        "(3, 6)": 1022.0,
        "(3, 7)": 981.0,
        "(3, 8)": 974.0,
        "(3, 9)": 1002.0,
        "(4, 5)": 1012.0,
        "(4, 6)": 977.0,
        "(4, 7)": 981.0,
        "(4, 8)": 827.0,
        "(4, 9)": 954.0,
        "(5, 6)": 997.0,
        "(5, 7)": 973.0,
        "(5, 8)": 1027.0,
        "(5, 9)": 1025.0,
        "(6, 7)": 976.0,
        "(6, 8)": 1018.0,
        "(6, 9)": 834.0,
        "(7, 8)": 980.0,
        "(7, 9)": 1005.0,
        "(8, 9)": 975.0
    },
    "simulation_parameters": {
        "graph_file": "uniform_complete_10_order_0.json",
        "c_guarantee": 0.9,
        "experiment_name": "uniform_complete_10_order_0_mc_c90_r100_sim10000",
        "average_edge_weight": 0.1111111111111111,
        "r": 1,
        "num_sim_instances": 10000,
        "rounding_scheme_class": "SimulatedRecursiveRoundingScheme",
        "parallel": true
    }
}