{
    "min_scaled_matching_probability": 0.6719999999999999,
    "scaled_matching_probabilities": {
        "(0, 1)": 0.83,
        "(0, 2)": 0.7399999999999999,
        "(0, 3)": 0.6719999999999999,
        "(0, 4)": 0.698,
        "(0, 5)": 0.698,
        "(0, 6)": 0.696,
        "(0, 7)": 0.746,
        "(0, 8)": 0.782,
        "(0, 9)": 0.7939999999999999,
        "(0, 10)": 0.7499999999999999,
        "(0, 11)": 0.7979999999999999,
        "(0, 12)": 0.732,
        "(0, 13)": 0.756,
        "(0, 14)": 0.792,
        "(0, 15)": 0.7839999999999999,
        "(0, 16)": 0.82,
        "(0, 17)": 0.7439999999999999,
        "(0, 18)": 0.702,
        "(0, 19)": 0.7439999999999999,
        "(0, 20)": 0.7779999999999999
    },
    "matching_probabilities": {
        "(0, 1)": 0.0415,
        "(0, 2)": 0.037,
        "(0, 3)": 0.0336,
        "(0, 4)": 0.0349,
        "(0, 5)": 0.0349,
        "(0, 6)": 0.0348,
        "(0, 7)": 0.0373,
        "(0, 8)": 0.0391,
        "(0, 9)": 0.0397,
        "(0, 10)": 0.0375,
        "(0, 11)": 0.0399,
        "(0, 12)": 0.0366,
        "(0, 13)": 0.0378,
        "(0, 14)": 0.0396,
        "(0, 15)": 0.0392,
        "(0, 16)": 0.041,
        "(0, 17)": 0.0372,
        "(0, 18)": 0.0351,
        "(0, 19)": 0.0372,
        "(0, 20)": 0.0389
    },
    "matching_counts": {
        "(0, 1)": 415.0,
        "(0, 2)": 370.0,
        "(0, 3)": 336.0,
        "(0, 4)": 349.0,
        "(0, 5)": 349.0,
        "(0, 6)": 348.0,
        "(0, 7)": 373.0,
        "(0, 8)": 391.0,
        "(0, 9)": 397.0,
        "(0, 10)": 375.0,
        "(0, 11)": 399.0,
        "(0, 12)": 366.0,
        "(0, 13)": 378.0,
        "(0, 14)": 396.0,
        "(0, 15)": 392.0,
        "(0, 16)": 410.0,
        "(0, 17)": 372.0,
        "(0, 18)": 351.0,
        "(0, 19)": 372.0,
        "(0, 20)": 389.0
    },
    "simulation_parameters": {
        "graph_file": "uniform_star_20_order_0.json",
        "c_guarantee": 0.75,
        "experiment_name": "uniform_star_20_order_0_mc_c75_r100_sim10000",
        "average_edge_weight": 0.05,
        "r": 1,
        "num_sim_instances": 10000,
        "rounding_scheme_class": "SimulatedRecursiveRoundingScheme",
        "parallel": true
    }
}