{
    "min_scaled_matching_probability": 0.7479,
    "scaled_matching_probabilities": {
        "(0, 1)": 0.7506,
        "(0, 2)": 0.7650000000000001,
        "(0, 3)": 0.7902000000000001,
        "(0, 4)": 0.7965,
        "(0, 5)": 0.8082000000000001,
        "(0, 6)": 0.783,
        "(0, 7)": 0.8280000000000001,
        "(0, 8)": 0.8064,
        "(0, 9)": 0.7947000000000001,
        "(1, 2)": 0.81,
        "(1, 3)": 0.7866000000000001,
        "(1, 4)": 0.774,
        "(1, 5)": 0.7479,
        "(1, 6)": 0.8532,
        "(1, 7)": 0.801,
        "(1, 8)": 0.783,
        "(1, 9)": 0.8595,
        "(2, 3)": 0.7758,
        "(2, 4)": 0.8253,
        "(2, 5)": 0.7497,
        "(2, 6)": 0.8073,
        "(2, 7)": 0.7947000000000001,
        "(2, 8)": 0.7695000000000001,
        "(2, 9)": 0.7686000000000001,
        "(3, 4)": 0.8496,
        "(3, 5)": 0.8226,
        "(3, 6)": 0.8181,
        "(3, 7)": 0.7767000000000001,
        "(3, 8)": 0.7875,
        "(3, 9)": 0.7911000000000001,
        "(4, 5)": 0.81,
        "(4, 6)": 0.774,
        "(4, 7)": 0.8082000000000001,
        "(4, 8)": 0.8316,
        "(4, 9)": 0.7713,
        "(5, 6)": 0.801,
        "(5, 7)": 0.7767000000000001,
        "(5, 8)": 0.8235,
        "(5, 9)": 0.8181,
        "(6, 7)": 0.7902000000000001,
        "(6, 8)": 0.792,
        "(6, 9)": 0.7965,
        "(7, 8)": 0.8064,
        "(7, 9)": 0.7947000000000001,
        "(8, 9)": 0.783
    },
    "matching_probabilities": {
        "(0, 1)": 0.0834,
        "(0, 2)": 0.085,
        "(0, 3)": 0.0878,
        "(0, 4)": 0.0885,
        "(0, 5)": 0.0898,
        "(0, 6)": 0.087,
        "(0, 7)": 0.092,
        "(0, 8)": 0.0896,
        "(0, 9)": 0.0883,
        "(1, 2)": 0.09,
        "(1, 3)": 0.0874,
        "(1, 4)": 0.086,
        "(1, 5)": 0.0831,
        "(1, 6)": 0.0948,
        "(1, 7)": 0.089,
        "(1, 8)": 0.087,
        "(1, 9)": 0.0955,
        "(2, 3)": 0.0862,
        "(2, 4)": 0.0917,
        "(2, 5)": 0.0833,
        "(2, 6)": 0.0897,
        "(2, 7)": 0.0883,
        "(2, 8)": 0.0855,
        "(2, 9)": 0.0854,
        "(3, 4)": 0.0944,
        "(3, 5)": 0.0914,
        "(3, 6)": 0.0909,
        "(3, 7)": 0.0863,
        "(3, 8)": 0.0875,
        "(3, 9)": 0.0879,
        "(4, 5)": 0.09,
        "(4, 6)": 0.086,
        "(4, 7)": 0.0898,
        "(4, 8)": 0.0924,
        "(4, 9)": 0.0857,
        "(5, 6)": 0.089,
        "(5, 7)": 0.0863,
        "(5, 8)": 0.0915,
        "(5, 9)": 0.0909,
        "(6, 7)": 0.0878,
        "(6, 8)": 0.088,
        "(6, 9)": 0.0885,
        "(7, 8)": 0.0896,
        "(7, 9)": 0.0883,
        "(8, 9)": 0.087
    },
    "matching_counts": {
        "(0, 1)": 834.0,
        "(0, 2)": 850.0,
        "(0, 3)": 878.0,
        "(0, 4)": 885.0,
        "(0, 5)": 898.0,
        "(0, 6)": 870.0,
        "(0, 7)": 920.0,
        "(0, 8)": 896.0,
        "(0, 9)": 883.0,
        "(1, 2)": 900.0,
        "(1, 3)": 874.0,
        "(1, 4)": 860.0,
        "(1, 5)": 831.0,
        "(1, 6)": 948.0,
        "(1, 7)": 890.0,
        "(1, 8)": 870.0,
        "(1, 9)": 955.0,
        "(2, 3)": 862.0,
        "(2, 4)": 917.0,
        "(2, 5)": 833.0,
        "(2, 6)": 897.0,
        "(2, 7)": 883.0,
        "(2, 8)": 855.0,
        "(2, 9)": 854.0,
        "(3, 4)": 944.0,
        "(3, 5)": 914.0,
        "(3, 6)": 909.0,
        "(3, 7)": 863.0,
        "(3, 8)": 875.0,
        "(3, 9)": 879.0,
        "(4, 5)": 900.0,
        "(4, 6)": 860.0,
        "(4, 7)": 898.0,
        "(4, 8)": 924.0,
        "(4, 9)": 857.0,
        "(5, 6)": 890.0,
        "(5, 7)": 863.0,
        "(5, 8)": 915.0,
        "(5, 9)": 909.0,
        "(6, 7)": 878.0,
        "(6, 8)": 880.0,
        "(6, 9)": 885.0,
        "(7, 8)": 896.0,
        "(7, 9)": 883.0,
        "(8, 9)": 870.0
    },
    "simulation_parameters": {
        "graph_file": "uniform_complete_10_order_0.json",
        "c_guarantee": 0.8,
        "experiment_name": "uniform_complete_10_order_0_mc_c80_r100_sim10000",
        "average_edge_weight": 0.1111111111111111,
        "r": 1,
        "num_sim_instances": 10000,
        "rounding_scheme_class": "SimulatedRecursiveRoundingScheme",
        "parallel": true
    }
}