{
    "min_scaled_matching_probability": 0.5549999999999999,
    "scaled_matching_probabilities": {
        "(0, 10)": 0.612,
        "(0, 11)": 0.612,
        "(0, 12)": 0.5559999999999999,
        "(0, 13)": 0.635,
        "(0, 14)": 0.586,
        "(0, 15)": 0.59,
        "(0, 16)": 0.6,
        "(0, 17)": 0.632,
        "(0, 18)": 0.616,
        "(0, 19)": 0.596,
        "(10, 1)": 0.614,
        "(10, 2)": 0.594,
        "(10, 3)": 0.599,
        "(10, 4)": 0.597,
        "(10, 5)": 0.586,
        "(10, 6)": 0.576,
        "(10, 7)": 0.589,
        "(10, 8)": 0.625,
        "(10, 9)": 0.6279999999999999,
        "(11, 1)": 0.59,
        "(11, 2)": 0.599,
        "(11, 3)": 0.631,
        "(11, 4)": 0.63,
        "(11, 5)": 0.612,
        "(11, 6)": 0.571,
        "(11, 7)": 0.584,
        "(11, 8)": 0.583,
        "(11, 9)": 0.587,
        "(12, 1)": 0.57,
        "(12, 2)": 0.583,
        "(12, 3)": 0.602,
        "(12, 4)": 0.6439999999999999,
        "(12, 5)": 0.592,
        "(12, 6)": 0.632,
        "(12, 7)": 0.6439999999999999,
        "(12, 8)": 0.6419999999999999,
        "(12, 9)": 0.5579999999999999,
        "(13, 1)": 0.5609999999999999,
        "(13, 2)": 0.568,
        "(13, 3)": 0.622,
        "(13, 4)": 0.585,
        "(13, 5)": 0.612,
        "(13, 6)": 0.627,
        "(13, 7)": 0.578,
        "(13, 8)": 0.577,
        "(13, 9)": 0.598,
        "(14, 1)": 0.596,
        "(14, 2)": 0.631,
        "(14, 3)": 0.569,
        "(14, 4)": 0.618,
        "(14, 5)": 0.608,
        "(14, 6)": 0.623,
        "(14, 7)": 0.599,
        "(14, 8)": 0.587,
        "(14, 9)": 0.589,
        "(15, 1)": 0.605,
        "(15, 2)": 0.5549999999999999,
        "(15, 3)": 0.589,
        "(15, 4)": 0.592,
        "(15, 5)": 0.615,
        "(15, 6)": 0.601,
        "(15, 7)": 0.6279999999999999,
        "(15, 8)": 0.589,
        "(15, 9)": 0.5599999999999999,
        "(16, 1)": 0.593,
        "(16, 2)": 0.601,
        "(16, 3)": 0.586,
        "(16, 4)": 0.6289999999999999,
        "(16, 5)": 0.65,
        "(16, 6)": 0.583,
        "(16, 7)": 0.606,
        "(16, 8)": 0.623,
        "(16, 9)": 0.584,
        "(17, 1)": 0.601,
        "(17, 2)": 0.605,
        "(17, 3)": 0.5619999999999999,
        "(17, 4)": 0.604,
        "(17, 5)": 0.571,
        "(17, 6)": 0.564,
        "(17, 7)": 0.607,
        "(17, 8)": 0.608,
        "(17, 9)": 0.616,
        "(18, 1)": 0.602,
        "(18, 2)": 0.645,
        "(18, 3)": 0.57,
        "(18, 4)": 0.573,
        "(18, 5)": 0.606,
        "(18, 6)": 0.6429999999999999,
        "(18, 7)": 0.6239999999999999,
        "(18, 8)": 0.5589999999999999,
        "(18, 9)": 0.57,
        "(19, 1)": 0.615,
        "(19, 2)": 0.579,
        "(19, 3)": 0.656,
        "(19, 4)": 0.605,
        "(19, 5)": 0.572,
        "(19, 6)": 0.609,
        "(19, 7)": 0.613,
        "(19, 8)": 0.589,
        "(19, 9)": 0.611
    },
    "matching_probabilities": {
        "(0, 10)": 0.0612,
        "(0, 11)": 0.0612,
        "(0, 12)": 0.0556,
        "(0, 13)": 0.0635,
        "(0, 14)": 0.0586,
        "(0, 15)": 0.059,
        "(0, 16)": 0.06,
        "(0, 17)": 0.0632,
        "(0, 18)": 0.0616,
        "(0, 19)": 0.0596,
        "(10, 1)": 0.0614,
        "(10, 2)": 0.0594,
        "(10, 3)": 0.0599,
        "(10, 4)": 0.0597,
        "(10, 5)": 0.0586,
        "(10, 6)": 0.0576,
        "(10, 7)": 0.0589,
        "(10, 8)": 0.0625,
        "(10, 9)": 0.0628,
        "(11, 1)": 0.059,
        "(11, 2)": 0.0599,
        "(11, 3)": 0.0631,
        "(11, 4)": 0.063,
        "(11, 5)": 0.0612,
        "(11, 6)": 0.0571,
        "(11, 7)": 0.0584,
        "(11, 8)": 0.0583,
        "(11, 9)": 0.0587,
        "(12, 1)": 0.057,
        "(12, 2)": 0.0583,
        "(12, 3)": 0.0602,
        "(12, 4)": 0.0644,
        "(12, 5)": 0.0592,
        "(12, 6)": 0.0632,
        "(12, 7)": 0.0644,
        "(12, 8)": 0.0642,
        "(12, 9)": 0.0558,
        "(13, 1)": 0.0561,
        "(13, 2)": 0.0568,
        "(13, 3)": 0.0622,
        "(13, 4)": 0.0585,
        "(13, 5)": 0.0612,
        "(13, 6)": 0.0627,
        "(13, 7)": 0.0578,
        "(13, 8)": 0.0577,
        "(13, 9)": 0.0598,
        "(14, 1)": 0.0596,
        "(14, 2)": 0.0631,
        "(14, 3)": 0.0569,
        "(14, 4)": 0.0618,
        "(14, 5)": 0.0608,
        "(14, 6)": 0.0623,
        "(14, 7)": 0.0599,
        "(14, 8)": 0.0587,
        "(14, 9)": 0.0589,
        "(15, 1)": 0.0605,
        "(15, 2)": 0.0555,
        "(15, 3)": 0.0589,
        "(15, 4)": 0.0592,
        "(15, 5)": 0.0615,
        "(15, 6)": 0.0601,
        "(15, 7)": 0.0628,
        "(15, 8)": 0.0589,
        "(15, 9)": 0.056,
        "(16, 1)": 0.0593,
        "(16, 2)": 0.0601,
        "(16, 3)": 0.0586,
        "(16, 4)": 0.0629,
        "(16, 5)": 0.065,
        "(16, 6)": 0.0583,
        "(16, 7)": 0.0606,
        "(16, 8)": 0.0623,
        "(16, 9)": 0.0584,
        "(17, 1)": 0.0601,
        "(17, 2)": 0.0605,
        "(17, 3)": 0.0562,
        "(17, 4)": 0.0604,
        "(17, 5)": 0.0571,
        "(17, 6)": 0.0564,
        "(17, 7)": 0.0607,
        "(17, 8)": 0.0608,
        "(17, 9)": 0.0616,
        "(18, 1)": 0.0602,
        "(18, 2)": 0.0645,
        "(18, 3)": 0.057,
        "(18, 4)": 0.0573,
        "(18, 5)": 0.0606,
        "(18, 6)": 0.0643,
        "(18, 7)": 0.0624,
        "(18, 8)": 0.0559,
        "(18, 9)": 0.057,
        "(19, 1)": 0.0615,
        "(19, 2)": 0.0579,
        "(19, 3)": 0.0656,
        "(19, 4)": 0.0605,
        "(19, 5)": 0.0572,
        "(19, 6)": 0.0609,
        "(19, 7)": 0.0613,
        "(19, 8)": 0.0589,
        "(19, 9)": 0.0611
    },
    "matching_counts": {
        "(0, 10)": 612.0,
        "(0, 11)": 612.0,
        "(0, 12)": 556.0,
        "(0, 13)": 635.0,
        "(0, 14)": 586.0,
        "(0, 15)": 590.0,
        "(0, 16)": 600.0,
        "(0, 17)": 632.0,
        "(0, 18)": 616.0,
        "(0, 19)": 596.0,
        "(10, 1)": 614.0,
        "(10, 2)": 594.0,
        "(10, 3)": 599.0,
        "(10, 4)": 597.0,
        "(10, 5)": 586.0,
        "(10, 6)": 576.0,
        "(10, 7)": 589.0,
        "(10, 8)": 625.0,
        "(10, 9)": 628.0,
        "(11, 1)": 590.0,
        "(11, 2)": 599.0,
        "(11, 3)": 631.0,
        "(11, 4)": 630.0,
        "(11, 5)": 612.0,
        "(11, 6)": 571.0,
        "(11, 7)": 584.0,
        "(11, 8)": 583.0,
        "(11, 9)": 587.0,
        "(12, 1)": 570.0,
        "(12, 2)": 583.0,
        "(12, 3)": 602.0,
        "(12, 4)": 644.0,
        "(12, 5)": 592.0,
        "(12, 6)": 632.0,
        "(12, 7)": 644.0,
        "(12, 8)": 642.0,
        "(12, 9)": 558.0,
        "(13, 1)": 561.0,
        "(13, 2)": 568.0,
        "(13, 3)": 622.0,
        "(13, 4)": 585.0,
        "(13, 5)": 612.0,
        "(13, 6)": 627.0,
        "(13, 7)": 578.0,
        "(13, 8)": 577.0,
        "(13, 9)": 598.0,
        "(14, 1)": 596.0,
        "(14, 2)": 631.0,
        "(14, 3)": 569.0,
        "(14, 4)": 618.0,
        "(14, 5)": 608.0,
        "(14, 6)": 623.0,
        "(14, 7)": 599.0,
        "(14, 8)": 587.0,
        "(14, 9)": 589.0,
        "(15, 1)": 605.0,
        "(15, 2)": 555.0,
        "(15, 3)": 589.0,
        "(15, 4)": 592.0,
        "(15, 5)": 615.0,
        "(15, 6)": 601.0,
        "(15, 7)": 628.0,
        "(15, 8)": 589.0,
        "(15, 9)": 560.0,
        "(16, 1)": 593.0,
        "(16, 2)": 601.0,
        "(16, 3)": 586.0,
        "(16, 4)": 629.0,
        "(16, 5)": 650.0,
        "(16, 6)": 583.0,
        "(16, 7)": 606.0,
        "(16, 8)": 623.0,
        "(16, 9)": 584.0,
        "(17, 1)": 601.0,
        "(17, 2)": 605.0,
        "(17, 3)": 562.0,
        "(17, 4)": 604.0,
        "(17, 5)": 571.0,
        "(17, 6)": 564.0,
        "(17, 7)": 607.0,
        "(17, 8)": 608.0,
        "(17, 9)": 616.0,
        "(18, 1)": 602.0,
        "(18, 2)": 645.0,
        "(18, 3)": 570.0,
        "(18, 4)": 573.0,
        "(18, 5)": 606.0,
        "(18, 6)": 643.0,
        "(18, 7)": 624.0,
        "(18, 8)": 559.0,