{
    "min_scaled_matching_probability": 0.44699999999999995,
    "scaled_matching_probabilities": {
        "(0, 10)": 0.46699999999999997,
        "(0, 11)": 0.49799999999999994,
        "(0, 12)": 0.5279999999999999,
        "(0, 13)": 0.49599999999999994,
        "(0, 14)": 0.509,
        "(0, 15)": 0.4809999999999999,
        "(0, 16)": 0.48599999999999993,
        "(0, 17)": 0.5079999999999999,
        "(0, 18)": 0.473,
        "(0, 19)": 0.489,
        "(10, 1)": 0.504,
        "(10, 2)": 0.47100000000000003,
        "(10, 3)": 0.4809999999999999,
        "(10, 4)": 0.5519999999999999,
        "(10, 5)": 0.473,
        "(10, 6)": 0.524,
        "(10, 7)": 0.473,
        "(10, 8)": 0.5129999999999999,
        "(10, 9)": 0.499,
        "(11, 1)": 0.516,
        "(11, 2)": 0.49799999999999994,
        "(11, 3)": 0.48,
        "(11, 4)": 0.531,
        "(11, 5)": 0.507,
        "(11, 6)": 0.505,
        "(11, 7)": 0.494,
        "(11, 8)": 0.456,
        "(11, 9)": 0.504,
        "(12, 1)": 0.514,
        "(12, 2)": 0.492,
        "(12, 3)": 0.49299999999999994,
        "(12, 4)": 0.49099999999999994,
        "(12, 5)": 0.514,
        "(12, 6)": 0.5319999999999999,
        "(12, 7)": 0.495,
        "(12, 8)": 0.46299999999999997,
        "(12, 9)": 0.49,
        "(13, 1)": 0.5399999999999999,
        "(13, 2)": 0.49599999999999994,
        "(13, 3)": 0.489,
        "(13, 4)": 0.5299999999999999,
        "(13, 5)": 0.501,
        "(13, 6)": 0.482,
        "(13, 7)": 0.5369999999999999,
        "(13, 8)": 0.526,
        "(13, 9)": 0.49599999999999994,
        "(14, 1)": 0.5369999999999999,
        "(14, 2)": 0.5319999999999999,
        "(14, 3)": 0.46699999999999997,
        "(14, 4)": 0.44699999999999995,
        "(14, 5)": 0.488,
        "(14, 6)": 0.497,
        "(14, 7)": 0.5099999999999999,
        "(14, 8)": 0.4809999999999999,
        "(14, 9)": 0.49599999999999994,
        "(15, 1)": 0.489,
        "(15, 2)": 0.482,
        "(15, 3)": 0.571,
        "(15, 4)": 0.507,
        "(15, 5)": 0.529,
        "(15, 6)": 0.45799999999999996,
        "(15, 7)": 0.49599999999999994,
        "(15, 8)": 0.5179999999999999,
        "(15, 9)": 0.492,
        "(16, 1)": 0.494,
        "(16, 2)": 0.529,
        "(16, 3)": 0.5299999999999999,
        "(16, 4)": 0.517,
        "(16, 5)": 0.492,
        "(16, 6)": 0.483,
        "(16, 7)": 0.46699999999999997,
        "(16, 8)": 0.5229999999999999,
        "(16, 9)": 0.487,
        "(17, 1)": 0.477,
        "(17, 2)": 0.5,
        "(17, 3)": 0.506,
        "(17, 4)": 0.469,
        "(17, 5)": 0.511,
        "(17, 6)": 0.4809999999999999,
        "(17, 7)": 0.459,
        "(17, 8)": 0.511,
        "(17, 9)": 0.5449999999999999,
        "(18, 1)": 0.509,
        "(18, 2)": 0.512,
        "(18, 3)": 0.492,
        "(18, 4)": 0.479,
        "(18, 5)": 0.4809999999999999,
        "(18, 6)": 0.505,
        "(18, 7)": 0.49599999999999994,
        "(18, 8)": 0.47,
        "(18, 9)": 0.48,
        "(19, 1)": 0.46399999999999997,
        "(19, 2)": 0.484,
        "(19, 3)": 0.48,
        "(19, 4)": 0.5589999999999999,
        "(19, 5)": 0.511,
        "(19, 6)": 0.492,
        "(19, 7)": 0.524,
        "(19, 8)": 0.5199999999999999,
        "(19, 9)": 0.497
    },
    "matching_probabilities": {
        "(0, 10)": 0.0467,
        "(0, 11)": 0.0498,
        "(0, 12)": 0.0528,
        "(0, 13)": 0.0496,
        "(0, 14)": 0.0509,
        "(0, 15)": 0.0481,
        "(0, 16)": 0.0486,
        "(0, 17)": 0.0508,
        "(0, 18)": 0.0473,
        "(0, 19)": 0.0489,
        "(10, 1)": 0.0504,
        "(10, 2)": 0.0471,
        "(10, 3)": 0.0481,
        "(10, 4)": 0.0552,
        "(10, 5)": 0.0473,
        "(10, 6)": 0.0524,
        "(10, 7)": 0.0473,
        "(10, 8)": 0.0513,
        "(10, 9)": 0.0499,
        "(11, 1)": 0.0516,
        "(11, 2)": 0.0498,
        "(11, 3)": 0.048,
        "(11, 4)": 0.0531,
        "(11, 5)": 0.0507,
        "(11, 6)": 0.0505,
        "(11, 7)": 0.0494,
        "(11, 8)": 0.0456,
        "(11, 9)": 0.0504,
        "(12, 1)": 0.0514,
        "(12, 2)": 0.0492,
        "(12, 3)": 0.0493,
        "(12, 4)": 0.0491,
        "(12, 5)": 0.0514,
        "(12, 6)": 0.0532,
        "(12, 7)": 0.0495,
        "(12, 8)": 0.0463,
        "(12, 9)": 0.049,
        "(13, 1)": 0.054,
        "(13, 2)": 0.0496,
        "(13, 3)": 0.0489,
        "(13, 4)": 0.053,
        "(13, 5)": 0.0501,
        "(13, 6)": 0.0482,
        "(13, 7)": 0.0537,
        "(13, 8)": 0.0526,
        "(13, 9)": 0.0496,
        "(14, 1)": 0.0537,
        "(14, 2)": 0.0532,
        "(14, 3)": 0.0467,
        "(14, 4)": 0.0447,
        "(14, 5)": 0.0488,
        "(14, 6)": 0.0497,
        "(14, 7)": 0.051,
        "(14, 8)": 0.0481,
        "(14, 9)": 0.0496,
        "(15, 1)": 0.0489,
        "(15, 2)": 0.0482,
        "(15, 3)": 0.0571,
        "(15, 4)": 0.0507,
        "(15, 5)": 0.0529,
        "(15, 6)": 0.0458,
        "(15, 7)": 0.0496,
        "(15, 8)": 0.0518,
        "(15, 9)": 0.0492,
        "(16, 1)": 0.0494,
        "(16, 2)": 0.0529,
        "(16, 3)": 0.053,
        "(16, 4)": 0.0517,
        "(16, 5)": 0.0492,
        "(16, 6)": 0.0483,
        "(16, 7)": 0.0467,
        "(16, 8)": 0.0523,
        "(16, 9)": 0.0487,
        "(17, 1)": 0.0477,
        "(17, 2)": 0.05,
        "(17, 3)": 0.0506,
        "(17, 4)": 0.0469,
        "(17, 5)": 0.0511,
        "(17, 6)": 0.0481,
        "(17, 7)": 0.0459,
        "(17, 8)": 0.0511,
        "(17, 9)": 0.0545,
        "(18, 1)": 0.0509,
        "(18, 2)": 0.0512,
        "(18, 3)": 0.0492,
        "(18, 4)": 0.0479,
        "(18, 5)": 0.0481,
        "(18, 6)": 0.0505,
        "(18, 7)": 0.0496,
        "(18, 8)": 0.047,
        "(18, 9)": 0.048,
        "(19, 1)": 0.0464,
        "(19, 2)": 0.0484,
        "(19, 3)": 0.048,
        "(19, 4)": 0.0559,
        "(19, 5)": 0.0511,
        "(19, 6)": 0.0492,
        "(19, 7)": 0.0524,
        "(19, 8)": 0.052,
        "(19, 9)": 0.0497
    },
    "matching_counts": {
        "(0, 10)": 467.0,
        "(0, 11)": 498.0,
        "(0, 12)": 528.0,
        "(0, 13)": 496.0,
        "(0, 14)": 509.0,
        "(0, 15)": 481.0,
        "(0, 16)": 486.0,
        "(0, 17)": 508.0,
        "(0, 18)": 473.0,
        "(0, 19)": 489.0,
        "(10, 1)": 504.0,
        "(10, 2)": 471.0,
        "(10, 3)": 481.0,
        "(10, 4)": 552.0,
        "(10, 5)": 473.0,
        "(10, 6)": 524.0,
        "(10, 7)": 473.0,
        "(10, 8)": 513.0,
        "(10, 9)": 499.0,
        "(11, 1)": 516.0,
        "(11, 2)": 498.0,
        "(11, 3)": 480.0,
        "(11, 4)": 531.0,
        "(11, 5)": 507.0,
        "(11, 6)": 505.0,
        "(11, 7)": 494.0,
        "(11, 8)": 456.0,
        "(11, 9)": 504.0,
        "(12, 1)": 514.0,
        "(12, 2)": 492.0,
        "(12, 3)": 493.0,
        "(12, 4)": 491.0,
        "(12, 5)": 514.0,
        "(12, 6)": 532.0,
        "(12, 7)": 495.0,
        "(12, 8)": 463.0,
        "(12, 9)": 490.0,
        "(13, 1)": 540.0,
        "(13, 2)": 496.0,
        "(13, 3)": 489.0,
        "(13, 4)": 530.0,
        "(13, 5)": 501.0,
        "(13, 6)": 482.0,
        "(13, 7)": 537.0,
        "(13, 8)": 526.0,
        "(13, 9)": 496.0,
        "(14, 1)": 537.0,
        "(14, 2)": 532.0,
        "(14, 3)": 467.0,
        "(14, 4)": 447.0,
        "(14, 5)": 488.0,
        "(14, 6)": 497.0,
        "(14, 7)": 510.0,
        "(14, 8)": 481.0,
        "(14, 9)": 496.0,
        "(15, 1)": 489.0,
        "(15, 2)": 482.0,
        "(15, 3)": 571.0,
        "(15, 4)": 507.0,
        "(15, 5)": 529.0,
        "(15, 6)": 458.0,
        "(15, 7)": 496.0,
        "(15, 8)": 518.0,
        "(15, 9)": 492.0,
        "(16, 1)": 494.0,
        "(16, 2)": 529.0,
        "(16, 3)": 530.0,
        "(16, 4)": 517.0,
        "(16, 5)": 492.0,
        "(16, 6)": 483.0,
        "(16, 7)": 467.0,
        "(16, 8)": 523.0,
        "(16, 9)": 487.0,
        "(17, 1)": 477.0,
        "(17, 2)": 500.0,
        "(17, 3)": 506.0,