{
    "min_scaled_matching_probability": 0.241,
    "scaled_matching_probabilities": {
        "(0, 10)": 0.67,
        "(0, 11)": 0.352,
        "(0, 12)": 1.045,
        "(0, 13)": 1.6809999999999998,
        "(0, 14)": 0.709,
        "(0, 15)": 0.707,
        "(0, 16)": 0.966,
        "(0, 17)": 0.872,
        "(0, 18)": 1.533,
        "(0, 19)": 0.731,
        "(10, 1)": 1.305,
        "(10, 2)": 0.751,
        "(10, 3)": 0.7889999999999999,
        "(10, 4)": 0.8209999999999998,
        "(10, 5)": 0.6839999999999999,
        "(10, 6)": 0.922,
        "(10, 7)": 2.178,
        "(10, 8)": 0.703,
        "(10, 9)": 0.412,
        "(11, 1)": 1.4669999999999999,
        "(11, 2)": 0.8029999999999999,
        "(11, 3)": 0.6839999999999999,
        "(11, 4)": 0.8039999999999999,
        "(11, 5)": 0.6950000000000001,
        "(11, 6)": 1.0259999999999998,
        "(11, 7)": 1.395,
        "(11, 8)": 0.8160000000000001,
        "(11, 9)": 0.7149999999999999,
        "(12, 1)": 0.6900000000000001,
        "(12, 2)": 0.704,
        "(12, 3)": 1.0,
        "(12, 4)": 0.6279999999999999,
        "(12, 5)": 1.3389999999999997,
        "(12, 6)": 0.751,
        "(12, 7)": 0.9470000000000001,
        "(12, 8)": 0.46799999999999997,
        "(12, 9)": 0.698,
        "(13, 1)": 0.489,
        "(13, 2)": 1.236,
        "(13, 3)": 0.6759999999999999,
        "(13, 4)": 0.688,
        "(13, 5)": 1.584,
        "(13, 6)": 0.572,
        "(13, 7)": 0.8049999999999999,
        "(13, 8)": 0.709,
        "(13, 9)": 0.7499999999999999,
        "(14, 1)": 0.7299999999999999,
        "(14, 2)": 0.5319999999999999,
        "(14, 3)": 0.7639999999999999,
        "(14, 4)": 1.375,
        "(14, 5)": 0.6719999999999999,
        "(14, 6)": 0.7589999999999999,
        "(14, 7)": 0.7399999999999999,
        "(14, 8)": 0.7929999999999999,
        "(14, 9)": 0.791,
        "(15, 1)": 0.873,
        "(15, 2)": 1.29,
        "(15, 3)": 0.241,
        "(15, 4)": 0.7349999999999999,
        "(15, 5)": 1.143,
        "(15, 6)": 1.565,
        "(15, 7)": 0.731,
        "(15, 8)": 1.3569999999999998,
        "(15, 9)": 0.748,
        "(16, 1)": 0.716,
        "(16, 2)": 1.8119999999999998,
        "(16, 3)": 1.1849999999999998,
        "(16, 4)": 0.918,
        "(16, 5)": 0.727,
        "(16, 6)": 0.723,
        "(16, 7)": 0.729,
        "(16, 8)": 0.884,
        "(16, 9)": 0.5,
        "(17, 1)": 0.68,
        "(17, 2)": 0.822,
        "(17, 3)": 1.2469999999999999,
        "(17, 4)": 0.7099999999999999,
        "(17, 5)": 0.787,
        "(17, 6)": 0.868,
        "(17, 7)": 0.6769999999999999,
        "(17, 8)": 0.7549999999999999,
        "(17, 9)": 1.675,
        "(18, 1)": 0.594,
        "(18, 2)": 0.7639999999999999,
        "(18, 3)": 0.781,
        "(18, 4)": 0.843,
        "(18, 5)": 0.732,
        "(18, 6)": 0.711,
        "(18, 7)": 0.5479999999999999,
        "(18, 8)": 0.6829999999999999,
        "(18, 9)": 1.7449999999999999,
        "(19, 1)": 0.7749999999999999,
        "(19, 2)": 0.68,
        "(19, 3)": 1.471,
        "(19, 4)": 1.095,
        "(19, 5)": 0.8119999999999999,
        "(19, 6)": 0.33599999999999997,
        "(19, 7)": 0.714,
        "(19, 8)": 1.917,
        "(19, 9)": 0.843
    },
    "matching_probabilities": {
        "(0, 10)": 0.067,
        "(0, 11)": 0.0352,
        "(0, 12)": 0.1045,
        "(0, 13)": 0.1681,
        "(0, 14)": 0.0709,
        "(0, 15)": 0.0707,
        "(0, 16)": 0.0966,
        "(0, 17)": 0.0872,
        "(0, 18)": 0.1533,
        "(0, 19)": 0.0731,
        "(10, 1)": 0.1305,
        "(10, 2)": 0.0751,
        "(10, 3)": 0.0789,
        "(10, 4)": 0.08209999999999999,
        "(10, 5)": 0.0684,
        "(10, 6)": 0.0922,
        "(10, 7)": 0.2178,
        "(10, 8)": 0.0703,
        "(10, 9)": 0.0412,
        "(11, 1)": 0.1467,
        "(11, 2)": 0.0803,
        "(11, 3)": 0.0684,
        "(11, 4)": 0.0804,
        "(11, 5)": 0.0695,
        "(11, 6)": 0.1026,
        "(11, 7)": 0.1395,
        "(11, 8)": 0.0816,
        "(11, 9)": 0.0715,
        "(12, 1)": 0.069,
        "(12, 2)": 0.0704,
        "(12, 3)": 0.1,
        "(12, 4)": 0.0628,
        "(12, 5)": 0.1339,
        "(12, 6)": 0.0751,
        "(12, 7)": 0.0947,
        "(12, 8)": 0.0468,
        "(12, 9)": 0.0698,
        "(13, 1)": 0.0489,
        "(13, 2)": 0.1236,
        "(13, 3)": 0.0676,
        "(13, 4)": 0.0688,
        "(13, 5)": 0.1584,
        "(13, 6)": 0.0572,
        "(13, 7)": 0.0805,
        "(13, 8)": 0.0709,
        "(13, 9)": 0.075,
        "(14, 1)": 0.073,
        "(14, 2)": 0.0532,
        "(14, 3)": 0.0764,
        "(14, 4)": 0.1375,
        "(14, 5)": 0.0672,
        "(14, 6)": 0.0759,
        "(14, 7)": 0.074,
        "(14, 8)": 0.0793,
        "(14, 9)": 0.0791,
        "(15, 1)": 0.0873,
        "(15, 2)": 0.129,
        "(15, 3)": 0.0241,
        "(15, 4)": 0.0735,
        "(15, 5)": 0.1143,
        "(15, 6)": 0.1565,
        "(15, 7)": 0.0731,
        "(15, 8)": 0.1357,
        "(15, 9)": 0.0748,
        "(16, 1)": 0.0716,
        "(16, 2)": 0.1812,
        "(16, 3)": 0.1185,
        "(16, 4)": 0.0918,
        "(16, 5)": 0.0727,
        "(16, 6)": 0.0723,
        "(16, 7)": 0.0729,
        "(16, 8)": 0.0884,
        "(16, 9)": 0.05,
        "(17, 1)": 0.068,
        "(17, 2)": 0.0822,
        "(17, 3)": 0.1247,
        "(17, 4)": 0.071,
        "(17, 5)": 0.0787,
        "(17, 6)": 0.0868,
        "(17, 7)": 0.0677,
        "(17, 8)": 0.0755,
        "(17, 9)": 0.1675,
        "(18, 1)": 0.0594,
        "(18, 2)": 0.0764,
        "(18, 3)": 0.0781,
        "(18, 4)": 0.0843,
        "(18, 5)": 0.0732,
        "(18, 6)": 0.0711,
        "(18, 7)": 0.0548,
        "(18, 8)": 0.0683,
        "(18, 9)": 0.1745,
        "(19, 1)": 0.0775,
        "(19, 2)": 0.068,
        "(19, 3)": 0.1471,
        "(19, 4)": 0.1095,
        "(19, 5)": 0.0812,
        "(19, 6)": 0.0336,
        "(19, 7)": 0.0714,
        "(19, 8)": 0.1917,
        "(19, 9)": 0.0843
    },
    "matching_counts": {
        "(0, 10)": 670.0,
        "(0, 11)": 352.0,
        "(0, 12)": 1045.0,
        "(0, 13)": 1681.0,
        "(0, 14)": 709.0,
        "(0, 15)": 707.0,
        "(0, 16)": 966.0,
        "(0, 17)": 872.0,
        "(0, 18)": 1533.0,
        "(0, 19)": 731.0,
        "(10, 1)": 1305.0,
        "(10, 2)": 751.0,
        "(10, 3)": 789.0,
        "(10, 4)": 820.9999999999999,
        "(10, 5)": 684.0,
        "(10, 6)": 922.0,
        "(10, 7)": 2178.0,
        "(10, 8)": 703.0,
        "(10, 9)": 412.0,
        "(11, 1)": 1467.0,
        "(11, 2)": 803.0,
        "(11, 3)": 684.0,
        "(11, 4)": 804.0,
        "(11, 5)": 695.0,
        "(11, 6)": 1026.0,
        "(11, 7)": 1395.0,
        "(11, 8)": 816.0,
        "(11, 9)": 715.0,
        "(12, 1)": 690.0,
        "(12, 2)": 704.0,
        "(12, 3)": 1000.0,
        "(12, 4)": 628.0,
        "(12, 5)": 1339.0,
        "(12, 6)": 751.0,
        "(12, 7)": 947.0,
        "(12, 8)": 468.0,
        "(12, 9)": 698.0,
        "(13, 1)": 489.0,
        "(13, 2)": 1236.0,
        "(13, 3)": 676.0,
        "(13, 4)": 688.0,
        "(13, 5)": 1584.0,
        "(13, 6)": 572.0,
        "(13, 7)": 805.0,
        "(13, 8)": 709.0,
        "(13, 9)": 750.0,
        "(14, 1)": 730.0,
        "(14, 2)": 532.0,
        "(14, 3)": 764.0,
        "(14, 4)": 1375.0,
        "(14, 5)": 672.0,
        "(14, 6)": 759.0,
        "(14, 7)": 740.0,
        "(14, 8)": 793.0,
        "(14, 9)": 791.0,
        "(15, 1)": 873.0,
        "(15, 2)": 1290.0,
        "(15, 3)": 241.0,
        "(15, 4)": 735.0,
        "(15, 5)": 1143.0,
        "(15, 6)": 1565.0,
        "(15, 7)": 731.0,
        "(15, 8)": 1357.0,
        "(15, 9)": 748.0,
        "(16, 1)": 716.0,
        "(16, 2)": 1812.0,
        "(16, 3)": 1185.0,
        "(16, 4)": 918.0,
        "(16, 5)": 727.0,
        "(16, 6)": 723.0,
        "(16, 7)": 729.0,
        "(16, 8)": 884.0,
        "(16, 9)": 500.0,
        "(17, 1)": 680.0,
        "(17, 2)": 822.0,