{
    "min_scaled_matching_probability": 0.531,
    "scaled_matching_probabilities": {
        "(0, 1)": 0.7191000000000001,
        "(0, 2)": 0.6975,
        "(0, 3)": 0.7704,
        "(0, 4)": 0.7884,
        "(0, 5)": 1.215,
        "(0, 6)": 0.6165,
        "(0, 7)": 0.7668,
        "(0, 8)": 0.9279000000000001,
        "(0, 9)": 0.9423,
        "(1, 2)": 0.6822000000000001,
        "(1, 3)": 0.7425,
        "(1, 4)": 1.0854000000000001,
        "(1, 5)": 0.7641000000000001,
        "(1, 6)": 0.6966,
        "(1, 7)": 0.6291000000000001,
        "(1, 8)": 0.9963000000000001,
        "(1, 9)": 0.8802,
        "(2, 3)": 0.8712,
        "(2, 4)": 0.6795,
        "(2, 5)": 0.531,
        "(2, 6)": 0.8487,
        "(2, 7)": 0.7389000000000001,
        "(2, 8)": 0.7227,
        "(2, 9)": 1.3419,
        "(3, 4)": 0.7182,
        "(3, 5)": 0.9765,
        "(3, 6)": 1.1151,
        "(3, 7)": 0.7110000000000001,
        "(3, 8)": 0.7290000000000001,
        "(3, 9)": 0.6930000000000001,
        "(4, 5)": 0.7155,
        "(4, 6)": 0.6957,
        "(4, 7)": 2.0106,
        "(4, 8)": 0.6210000000000001,
        "(4, 9)": 0.9135000000000001,
        "(5, 6)": 0.7038000000000001,
        "(5, 7)": 1.0323,
        "(5, 8)": 0.7200000000000001,
        "(5, 9)": 0.7380000000000001,
        "(6, 7)": 0.7551000000000001,
        "(6, 8)": 2.0655,
        "(6, 9)": 0.6318,
        "(7, 8)": 0.7362,
        "(7, 9)": 0.7371000000000001,
        "(8, 9)": 0.7146
    },
    "matching_probabilities": {
        "(0, 1)": 0.0799,
        "(0, 2)": 0.0775,
        "(0, 3)": 0.0856,
        "(0, 4)": 0.0876,
        "(0, 5)": 0.135,
        "(0, 6)": 0.0685,
        "(0, 7)": 0.0852,
        "(0, 8)": 0.1031,
        "(0, 9)": 0.1047,
        "(1, 2)": 0.0758,
        "(1, 3)": 0.0825,
        "(1, 4)": 0.1206,
        "(1, 5)": 0.0849,
        "(1, 6)": 0.0774,
        "(1, 7)": 0.0699,
        "(1, 8)": 0.1107,
        "(1, 9)": 0.0978,
        "(2, 3)": 0.0968,
        "(2, 4)": 0.0755,
        "(2, 5)": 0.059,
        "(2, 6)": 0.0943,
        "(2, 7)": 0.0821,
        "(2, 8)": 0.0803,
        "(2, 9)": 0.1491,
        "(3, 4)": 0.0798,
        "(3, 5)": 0.1085,
        "(3, 6)": 0.1239,
        "(3, 7)": 0.079,
        "(3, 8)": 0.081,
        "(3, 9)": 0.077,
        "(4, 5)": 0.0795,
        "(4, 6)": 0.0773,
        "(4, 7)": 0.2234,
        "(4, 8)": 0.069,
        "(4, 9)": 0.1015,
        "(5, 6)": 0.0782,
        "(5, 7)": 0.1147,
        "(5, 8)": 0.08,
        "(5, 9)": 0.082,
        "(6, 7)": 0.0839,
        "(6, 8)": 0.2295,
        "(6, 9)": 0.0702,
        "(7, 8)": 0.0818,
        "(7, 9)": 0.0819,
        "(8, 9)": 0.0794
    },
    "matching_counts": {
        "(0, 1)": 799.0,
        "(0, 2)": 775.0,
        "(0, 3)": 856.0,
        "(0, 4)": 876.0,
        "(0, 5)": 1350.0,
        "(0, 6)": 685.0,
        "(0, 7)": 852.0,
        "(0, 8)": 1031.0,
        "(0, 9)": 1047.0,
        "(1, 2)": 758.0,
        "(1, 3)": 825.0,
        "(1, 4)": 1206.0,
        "(1, 5)": 849.0,
        "(1, 6)": 774.0,
        "(1, 7)": 699.0,
        "(1, 8)": 1107.0,
        "(1, 9)": 978.0,
        "(2, 3)": 968.0,
        "(2, 4)": 755.0,
        "(2, 5)": 590.0,
        "(2, 6)": 943.0,
        "(2, 7)": 821.0,
        "(2, 8)": 803.0,
        "(2, 9)": 1491.0,
        "(3, 4)": 798.0,
        "(3, 5)": 1085.0,
        "(3, 6)": 1239.0,
        "(3, 7)": 790.0,
        "(3, 8)": 810.0,
        "(3, 9)": 770.0,
        "(4, 5)": 795.0,
        "(4, 6)": 773.0,
        "(4, 7)": 2234.0,
        "(4, 8)": 690.0,
        "(4, 9)": 1015.0,
        "(5, 6)": 782.0,
        "(5, 7)": 1147.0,
        "(5, 8)": 800.0,
        "(5, 9)": 820.0,
        "(6, 7)": 839.0,
        "(6, 8)": 2295.0,
        "(6, 9)": 702.0,
        "(7, 8)": 818.0,
        "(7, 9)": 819.0,
        "(8, 9)": 794.0
    },
    "simulation_parameters": {
        "graph_file": "uniform_complete_10_order_0.json",
        "c_guarantee": 0.7,
        "experiment_name": "uniform_complete_10_order_0_si_c70_r70_sim10000",
        "average_edge_weight": 0.1111111111111111,
        "r": 0.7,
        "num_sim_instances": 10000,
        "rounding_scheme_class": "SimpleRecursiveRoundingScheme",
        "parallel": true
    }
}