{
    "min_scaled_matching_probability": 0.46699999999999997,
    "scaled_matching_probabilities": {
        "(0, 10)": 0.8799999999999999,
        "(0, 11)": 0.665,
        "(0, 12)": 0.49099999999999994,
        "(0, 13)": 0.507,
        "(0, 14)": 1.121,
        "(0, 15)": 0.691,
        "(0, 16)": 0.484,
        "(0, 17)": 0.512,
        "(0, 18)": 0.586,
        "(0, 19)": 0.524,
        "(10, 1)": 0.49799999999999994,
        "(10, 2)": 0.472,
        "(10, 3)": 0.614,
        "(10, 4)": 0.927,
        "(10, 5)": 0.5079999999999999,
        "(10, 6)": 0.5559999999999999,
        "(10, 7)": 0.728,
        "(10, 8)": 0.511,
        "(10, 9)": 0.576,
        "(11, 1)": 0.5379999999999999,
        "(11, 2)": 0.49099999999999994,
        "(11, 3)": 0.4809999999999999,
        "(11, 4)": 0.5399999999999999,
        "(11, 5)": 0.7779999999999999,
        "(11, 6)": 0.516,
        "(11, 7)": 0.484,
        "(11, 8)": 0.5179999999999999,
        "(11, 9)": 0.729,
        "(12, 1)": 0.582,
        "(12, 2)": 0.512,
        "(12, 3)": 0.484,
        "(12, 4)": 0.737,
        "(12, 5)": 0.5119999999999999,
        "(12, 6)": 1.2049999999999998,
        "(12, 7)": 0.6239999999999999,
        "(12, 8)": 0.5539999999999999,
        "(12, 9)": 0.536,
        "(13, 1)": 0.609,
        "(13, 2)": 0.5419999999999999,
        "(13, 3)": 0.7199999999999999,
        "(13, 4)": 0.5319999999999999,
        "(13, 5)": 0.483,
        "(13, 6)": 0.717,
        "(13, 7)": 0.571,
        "(13, 8)": 0.505,
        "(13, 9)": 1.267,
        "(14, 1)": 0.531,
        "(14, 2)": 0.4809999999999999,
        "(14, 3)": 0.5439999999999999,
        "(14, 4)": 0.5349999999999999,
        "(14, 5)": 0.583,
        "(14, 6)": 0.479,
        "(14, 7)": 0.717,
        "(14, 8)": 0.9199999999999999,
        "(14, 9)": 0.5269999999999999,
        "(15, 1)": 0.4809999999999999,
        "(15, 2)": 1.2690000000000001,
        "(15, 3)": 0.587,
        "(15, 4)": 0.572,
        "(15, 5)": 0.47100000000000003,
        "(15, 6)": 0.5559999999999999,
        "(15, 7)": 0.501,
        "(15, 8)": 0.606,
        "(15, 9)": 0.502,
        "(16, 1)": 0.575,
        "(16, 2)": 0.5399999999999999,
        "(16, 3)": 1.2449999999999999,
        "(16, 4)": 0.691,
        "(16, 5)": 0.49099999999999994,
        "(16, 6)": 0.727,
        "(16, 7)": 0.505,
        "(16, 8)": 0.6869999999999999,
        "(16, 9)": 0.5499999999999999,
        "(17, 1)": 0.5489999999999999,
        "(17, 2)": 0.621,
        "(17, 3)": 0.6629999999999999,
        "(17, 4)": 0.479,
        "(17, 5)": 0.6189999999999999,
        "(17, 6)": 0.588,
        "(17, 7)": 0.96,
        "(17, 8)": 0.5229999999999999,
        "(17, 9)": 0.5249999999999999,
        "(18, 1)": 0.61,
        "(18, 2)": 0.815,
        "(18, 3)": 0.521,
        "(18, 4)": 0.5439999999999999,
        "(18, 5)": 1.2269999999999999,
        "(18, 6)": 0.46699999999999997,
        "(18, 7)": 0.489,
        "(18, 8)": 0.502,
        "(18, 9)": 0.49499999999999994,
        "(19, 1)": 1.283,
        "(19, 2)": 0.606,
        "(19, 3)": 0.4809999999999999,
        "(19, 4)": 0.5029999999999999,
        "(19, 5)": 0.6729999999999999,
        "(19, 6)": 0.6529999999999999,
        "(19, 7)": 0.49099999999999994,
        "(19, 8)": 0.586,
        "(19, 9)": 0.5129999999999999
    },
    "matching_probabilities": {
        "(0, 10)": 0.088,
        "(0, 11)": 0.0665,
        "(0, 12)": 0.0491,
        "(0, 13)": 0.0507,
        "(0, 14)": 0.1121,
        "(0, 15)": 0.0691,
        "(0, 16)": 0.0484,
        "(0, 17)": 0.0512,
        "(0, 18)": 0.0586,
        "(0, 19)": 0.0524,
        "(10, 1)": 0.0498,
        "(10, 2)": 0.0472,
        "(10, 3)": 0.0614,
        "(10, 4)": 0.0927,
        "(10, 5)": 0.0508,
        "(10, 6)": 0.0556,
        "(10, 7)": 0.0728,
        "(10, 8)": 0.0511,
        "(10, 9)": 0.0576,
        "(11, 1)": 0.0538,
        "(11, 2)": 0.0491,
        "(11, 3)": 0.0481,
        "(11, 4)": 0.054,
        "(11, 5)": 0.0778,
        "(11, 6)": 0.0516,
        "(11, 7)": 0.0484,
        "(11, 8)": 0.0518,
        "(11, 9)": 0.0729,
        "(12, 1)": 0.0582,
        "(12, 2)": 0.0512,
        "(12, 3)": 0.0484,
        "(12, 4)": 0.0737,
        "(12, 5)": 0.051199999999999996,
        "(12, 6)": 0.1205,
        "(12, 7)": 0.0624,
        "(12, 8)": 0.0554,
        "(12, 9)": 0.0536,
        "(13, 1)": 0.0609,
        "(13, 2)": 0.0542,
        "(13, 3)": 0.072,
        "(13, 4)": 0.0532,
        "(13, 5)": 0.0483,
        "(13, 6)": 0.0717,
        "(13, 7)": 0.0571,
        "(13, 8)": 0.0505,
        "(13, 9)": 0.1267,
        "(14, 1)": 0.0531,
        "(14, 2)": 0.0481,
        "(14, 3)": 0.0544,
        "(14, 4)": 0.0535,
        "(14, 5)": 0.0583,
        "(14, 6)": 0.0479,
        "(14, 7)": 0.0717,
        "(14, 8)": 0.092,
        "(14, 9)": 0.0527,
        "(15, 1)": 0.0481,
        "(15, 2)": 0.1269,
        "(15, 3)": 0.0587,
        "(15, 4)": 0.0572,
        "(15, 5)": 0.0471,
        "(15, 6)": 0.0556,
        "(15, 7)": 0.0501,
        "(15, 8)": 0.0606,
        "(15, 9)": 0.0502,
        "(16, 1)": 0.0575,
        "(16, 2)": 0.054,
        "(16, 3)": 0.1245,
        "(16, 4)": 0.0691,
        "(16, 5)": 0.0491,
        "(16, 6)": 0.0727,
        "(16, 7)": 0.0505,
        "(16, 8)": 0.0687,
        "(16, 9)": 0.055,
        "(17, 1)": 0.0549,
        "(17, 2)": 0.0621,
        "(17, 3)": 0.0663,
        "(17, 4)": 0.0479,
        "(17, 5)": 0.0619,
        "(17, 6)": 0.0588,
        "(17, 7)": 0.096,
        "(17, 8)": 0.0523,
        "(17, 9)": 0.0525,
        "(18, 1)": 0.061,
        "(18, 2)": 0.0815,
        "(18, 3)": 0.0521,
        "(18, 4)": 0.0544,
        "(18, 5)": 0.1227,
        "(18, 6)": 0.0467,
        "(18, 7)": 0.0489,
        "(18, 8)": 0.0502,
        "(18, 9)": 0.049499999999999995,
        "(19, 1)": 0.1283,
        "(19, 2)": 0.0606,
        "(19, 3)": 0.0481,
        "(19, 4)": 0.0503,
        "(19, 5)": 0.0673,
        "(19, 6)": 0.0653,
        "(19, 7)": 0.0491,
        "(19, 8)": 0.0586,
        "(19, 9)": 0.0513
    },
    "matching_counts": {
        "(0, 10)": 880.0,
        "(0, 11)": 665.0,
        "(0, 12)": 491.0,
        "(0, 13)": 507.0,
        "(0, 14)": 1121.0,
        "(0, 15)": 691.0,
        "(0, 16)": 484.0,
        "(0, 17)": 512.0,
        "(0, 18)": 586.0,
        "(0, 19)": 524.0,
        "(10, 1)": 498.0,
        "(10, 2)": 472.0,
        "(10, 3)": 614.0,
        "(10, 4)": 927.0,
        "(10, 5)": 508.0,
        "(10, 6)": 556.0,
        "(10, 7)": 728.0,
        "(10, 8)": 511.0,
        "(10, 9)": 576.0,
        "(11, 1)": 538.0,
        "(11, 2)": 491.0,
        "(11, 3)": 481.0,
        "(11, 4)": 540.0,
        "(11, 5)": 778.0,
        "(11, 6)": 516.0,
        "(11, 7)": 484.0,
        "(11, 8)": 518.0,
        "(11, 9)": 729.0,
        "(12, 1)": 582.0,
        "(12, 2)": 512.0,
        "(12, 3)": 484.0,
        "(12, 4)": 737.0,
        "(12, 5)": 511.99999999999994,
        "(12, 6)": 1205.0,
        "(12, 7)": 624.0,
        "(12, 8)": 554.0,
        "(12, 9)": 536.0,
        "(13, 1)": 609.0,
        "(13, 2)": 542.0,
        "(13, 3)": 720.0,
        "(13, 4)": 532.0,
        "(13, 5)": 483.0,
        "(13, 6)": 717.0,
        "(13, 7)": 571.0,
        "(13, 8)": 505.0,
        "(13, 9)": 1267.0,
        "(14, 1)": 531.0,
        "(14, 2)": 481.0,
        "(14, 3)": 544.0,
        "(14, 4)": 535.0,
        "(14, 5)": 583.0,
        "(14, 6)": 479.0,
        "(14, 7)": 717.0,
        "(14, 8)": 920.0,
        "(14, 9)": 527.0,
        "(15, 1)": 481.0,
        "(15, 2)": 1269.0,
        "(15, 3)": 587.0,
        "(15, 4)": 572.0,
        "(15, 5)": 471.0,
        "(15, 6)": 556.0,
        "(15, 7)": 501.0,
        "(15, 8)": 606.0,
        "(15, 9)": 502.0,
        "(16, 1)": 575.0,
        "(16, 2)": 540.0,
        "(16, 3)": 1245.0,
        "(16, 4)": 691.0,
        "(16, 5)": 491.0,
        "(16, 6)": 727.0,
        "(16, 7)": 505.0,
        "(16, 8)": 687.0,