{
    "min_scaled_matching_probability": 0.603,
    "scaled_matching_probabilities": {
        "(0, 10)": 0.6569999999999999,
        "(0, 11)": 0.6279999999999999,
        "(0, 12)": 0.65,
        "(0, 13)": 0.716,
        "(0, 14)": 0.688,
        "(0, 15)": 0.6839999999999999,
        "(0, 16)": 0.6539999999999999,
        "(0, 17)": 0.6619999999999999,
        "(0, 18)": 0.64,
        "(0, 19)": 0.6739999999999999,
        "(10, 1)": 0.616,
        "(10, 2)": 0.656,
        "(10, 3)": 0.6279999999999999,
        "(10, 4)": 0.6519999999999999,
        "(10, 5)": 0.701,
        "(10, 6)": 0.688,
        "(10, 7)": 0.711,
        "(10, 8)": 0.6479999999999999,
        "(10, 9)": 0.6769999999999999,
        "(11, 1)": 0.7000000000000001,
        "(11, 2)": 0.6789999999999999,
        "(11, 3)": 0.693,
        "(11, 4)": 0.65,
        "(11, 5)": 0.66,
        "(11, 6)": 0.6759999999999999,
        "(11, 7)": 0.692,
        "(11, 8)": 0.6569999999999999,
        "(11, 9)": 0.6950000000000001,
        "(12, 1)": 0.6759999999999999,
        "(12, 2)": 0.6669999999999999,
        "(12, 3)": 0.703,
        "(12, 4)": 0.666,
        "(12, 5)": 0.651,
        "(12, 6)": 0.666,
        "(12, 7)": 0.651,
        "(12, 8)": 0.6569999999999999,
        "(12, 9)": 0.6529999999999999,
        "(13, 1)": 0.6689999999999999,
        "(13, 2)": 0.6729999999999999,
        "(13, 3)": 0.6529999999999999,
        "(13, 4)": 0.6869999999999999,
        "(13, 5)": 0.646,
        "(13, 6)": 0.6769999999999999,
        "(13, 7)": 0.6279999999999999,
        "(13, 8)": 0.6729999999999999,
        "(13, 9)": 0.656,
        "(14, 1)": 0.6829999999999999,
        "(14, 2)": 0.709,
        "(14, 3)": 0.6619999999999999,
        "(14, 4)": 0.655,
        "(14, 5)": 0.6669999999999999,
        "(14, 6)": 0.6479999999999999,
        "(14, 7)": 0.6719999999999999,
        "(14, 8)": 0.6900000000000001,
        "(14, 9)": 0.688,
        "(15, 1)": 0.631,
        "(15, 2)": 0.704,
        "(15, 3)": 0.65,
        "(15, 4)": 0.661,
        "(15, 5)": 0.603,
        "(15, 6)": 0.645,
        "(15, 7)": 0.6429999999999999,
        "(15, 8)": 0.6589999999999999,
        "(15, 9)": 0.6779999999999999,
        "(16, 1)": 0.67,
        "(16, 2)": 0.636,
        "(16, 3)": 0.6900000000000001,
        "(16, 4)": 0.6579999999999999,
        "(16, 5)": 0.6950000000000001,
        "(16, 6)": 0.6759999999999999,
        "(16, 7)": 0.6329999999999999,
        "(16, 8)": 0.712,
        "(16, 9)": 0.693,
        "(17, 1)": 0.6469999999999999,
        "(17, 2)": 0.671,
        "(17, 3)": 0.621,
        "(17, 4)": 0.6679999999999999,
        "(17, 5)": 0.66,
        "(17, 6)": 0.706,
        "(17, 7)": 0.6729999999999999,
        "(17, 8)": 0.636,
        "(17, 9)": 0.671,
        "(18, 1)": 0.6819999999999999,
        "(18, 2)": 0.622,
        "(18, 3)": 0.6809999999999999,
        "(18, 4)": 0.714,
        "(18, 5)": 0.6629999999999999,
        "(18, 6)": 0.697,
        "(18, 7)": 0.696,
        "(18, 8)": 0.6589999999999999,
        "(18, 9)": 0.6479999999999999,
        "(19, 1)": 0.691,
        "(19, 2)": 0.6769999999999999,
        "(19, 3)": 0.622,
        "(19, 4)": 0.656,
        "(19, 5)": 0.693,
        "(19, 6)": 0.675,
        "(19, 7)": 0.6689999999999999,
        "(19, 8)": 0.68,
        "(19, 9)": 0.6379999999999999
    },
    "matching_probabilities": {
        "(0, 10)": 0.0657,
        "(0, 11)": 0.0628,
        "(0, 12)": 0.065,
        "(0, 13)": 0.0716,
        "(0, 14)": 0.0688,
        "(0, 15)": 0.0684,
        "(0, 16)": 0.0654,
        "(0, 17)": 0.0662,
        "(0, 18)": 0.064,
        "(0, 19)": 0.0674,
        "(10, 1)": 0.0616,
        "(10, 2)": 0.0656,
        "(10, 3)": 0.0628,
        "(10, 4)": 0.0652,
        "(10, 5)": 0.0701,
        "(10, 6)": 0.0688,
        "(10, 7)": 0.0711,
        "(10, 8)": 0.0648,
        "(10, 9)": 0.0677,
        "(11, 1)": 0.07,
        "(11, 2)": 0.0679,
        "(11, 3)": 0.0693,
        "(11, 4)": 0.065,
        "(11, 5)": 0.066,
        "(11, 6)": 0.0676,
        "(11, 7)": 0.0692,
        "(11, 8)": 0.0657,
        "(11, 9)": 0.0695,
        "(12, 1)": 0.0676,
        "(12, 2)": 0.0667,
        "(12, 3)": 0.0703,
        "(12, 4)": 0.0666,
        "(12, 5)": 0.0651,
        "(12, 6)": 0.0666,
        "(12, 7)": 0.0651,
        "(12, 8)": 0.0657,
        "(12, 9)": 0.0653,
        "(13, 1)": 0.0669,
        "(13, 2)": 0.0673,
        "(13, 3)": 0.0653,
        "(13, 4)": 0.0687,
        "(13, 5)": 0.0646,
        "(13, 6)": 0.0677,
        "(13, 7)": 0.0628,
        "(13, 8)": 0.0673,
        "(13, 9)": 0.0656,
        "(14, 1)": 0.0683,
        "(14, 2)": 0.0709,
        "(14, 3)": 0.0662,
        "(14, 4)": 0.0655,
        "(14, 5)": 0.0667,
        "(14, 6)": 0.0648,
        "(14, 7)": 0.0672,
        "(14, 8)": 0.069,
        "(14, 9)": 0.0688,
        "(15, 1)": 0.0631,
        "(15, 2)": 0.0704,
        "(15, 3)": 0.065,
        "(15, 4)": 0.0661,
        "(15, 5)": 0.0603,
        "(15, 6)": 0.0645,
        "(15, 7)": 0.0643,
        "(15, 8)": 0.0659,
        "(15, 9)": 0.0678,
        "(16, 1)": 0.067,
        "(16, 2)": 0.0636,
        "(16, 3)": 0.069,
        "(16, 4)": 0.0658,
        "(16, 5)": 0.0695,
        "(16, 6)": 0.0676,
        "(16, 7)": 0.0633,
        "(16, 8)": 0.0712,
        "(16, 9)": 0.0693,
        "(17, 1)": 0.0647,
        "(17, 2)": 0.0671,
        "(17, 3)": 0.0621,
        "(17, 4)": 0.0668,
        "(17, 5)": 0.066,
        "(17, 6)": 0.0706,
        "(17, 7)": 0.0673,
        "(17, 8)": 0.0636,
        "(17, 9)": 0.0671,
        "(18, 1)": 0.0682,
        "(18, 2)": 0.0622,
        "(18, 3)": 0.0681,
        "(18, 4)": 0.0714,
        "(18, 5)": 0.0663,
        "(18, 6)": 0.0697,
        "(18, 7)": 0.0696,
        "(18, 8)": 0.0659,
        "(18, 9)": 0.0648,
        "(19, 1)": 0.0691,
        "(19, 2)": 0.0677,
        "(19, 3)": 0.0622,
        "(19, 4)": 0.0656,
        "(19, 5)": 0.0693,
        "(19, 6)": 0.0675,
        "(19, 7)": 0.0669,
        "(19, 8)": 0.068,
        "(19, 9)": 0.0638
    },
    "matching_counts": {
        "(0, 10)": 657.0,
        "(0, 11)": 628.0,
        "(0, 12)": 650.0,
        "(0, 13)": 716.0,
        "(0, 14)": 688.0,
        "(0, 15)": 684.0,
        "(0, 16)": 654.0,
        "(0, 17)": 662.0,
        "(0, 18)": 640.0,
        "(0, 19)": 674.0,
        "(10, 1)": 616.0,
        "(10, 2)": 656.0,
        "(10, 3)": 628.0,
        "(10, 4)": 652.0,
        "(10, 5)": 701.0,
        "(10, 6)": 688.0,
        "(10, 7)": 711.0,
        "(10, 8)": 648.0,
        "(10, 9)": 677.0,
        "(11, 1)": 700.0,
        "(11, 2)": 679.0,
        "(11, 3)": 693.0,
        "(11, 4)": 650.0,
        "(11, 5)": 660.0,
        "(11, 6)": 676.0,
        "(11, 7)": 692.0,
        "(11, 8)": 657.0,
        "(11, 9)": 695.0,
        "(12, 1)": 676.0,
        "(12, 2)": 667.0,
        "(12, 3)": 703.0,
        "(12, 4)": 666.0,
        "(12, 5)": 651.0,
        "(12, 6)": 666.0,
        "(12, 7)": 651.0,
        "(12, 8)": 657.0,
        "(12, 9)": 653.0,
        "(13, 1)": 669.0,
        "(13, 2)": 673.0,
        "(13, 3)": 653.0,
        "(13, 4)": 687.0,
        "(13, 5)": 646.0,
        "(13, 6)": 677.0,
        "(13, 7)": 628.0,
        "(13, 8)": 673.0,
        "(13, 9)": 656.0,
        "(14, 1)": 683.0,
        "(14, 2)": 709.0,
        "(14, 3)": 662.0,
        "(14, 4)": 655.0,
        "(14, 5)": 667.0,
        "(14, 6)": 648.0,
        "(14, 7)": 672.0,
        "(14, 8)": 690.0,
        "(14, 9)": 688.0,
        "(15, 1)": 631.0,
        "(15, 2)": 704.0,
        "(15, 3)": 650.0,
        "(15, 4)": 661.0,
        "(15, 5)": 603.0,
        "(15, 6)": 645.0,
        "(15, 7)": 643.0,
        "(15, 8)": 659.0,
        "(15, 9)": 678.0,
        "(16, 1)": 670.0,
        "(16, 2)": 636.0,
        "(16, 3)": 690.0,
        "(16, 4)": 658.0,
        "(16, 5)": 695.0,
        "(16, 6)": 676.0,
        "(16, 7)": 633.0,
        "(16, 8)": 712.0,
        "(16, 9)": 693.0,