{
    "min_scaled_matching_probability": 0.16799999999999995,
    "scaled_matching_probabilities": {
        "(0, 10)": 0.252,
        "(0, 11)": 0.827,
        "(0, 12)": 2.178,
        "(0, 13)": 1.048,
        "(0, 14)": 0.7689999999999999,
        "(0, 15)": 0.82,
        "(0, 16)": 0.951,
        "(0, 17)": 0.822,
        "(0, 18)": 0.782,
        "(0, 19)": 0.6729999999999999,
        "(10, 1)": 1.075,
        "(10, 2)": 2.058,
        "(10, 3)": 0.9009999999999999,
        "(10, 4)": 0.7199999999999999,
        "(10, 5)": 0.741,
        "(10, 6)": 0.477,
        "(10, 7)": 0.7749999999999999,
        "(10, 8)": 0.7949999999999999,
        "(10, 9)": 0.898,
        "(11, 1)": 0.879,
        "(11, 2)": 0.9569999999999999,
        "(11, 3)": 0.7799999999999999,
        "(11, 4)": 0.37199999999999994,
        "(11, 5)": 0.734,
        "(11, 6)": 1.1869999999999998,
        "(11, 7)": 0.907,
        "(11, 8)": 0.758,
        "(11, 9)": 1.3089999999999997,
        "(12, 1)": 0.791,
        "(12, 2)": 0.756,
        "(12, 3)": 0.817,
        "(12, 4)": 0.872,
        "(12, 5)": 0.7499999999999999,
        "(12, 6)": 0.731,
        "(12, 7)": 0.741,
        "(12, 8)": 1.562,
        "(12, 9)": 0.373,
        "(13, 1)": 0.24299999999999997,
        "(13, 2)": 0.762,
        "(13, 3)": 0.734,
        "(13, 4)": 1.3289999999999997,
        "(13, 5)": 1.844,
        "(13, 6)": 0.8099999999999999,
        "(13, 7)": 1.2859999999999998,
        "(13, 8)": 0.7389999999999999,
        "(13, 9)": 0.16799999999999995,
        "(14, 1)": 1.264,
        "(14, 2)": 0.494,
        "(14, 3)": 0.762,
        "(14, 4)": 0.729,
        "(14, 5)": 0.8359999999999999,
        "(14, 6)": 0.781,
        "(14, 7)": 0.99,
        "(14, 8)": 1.706,
        "(14, 9)": 0.8949999999999999,
        "(15, 1)": 0.9109999999999999,
        "(15, 2)": 0.564,
        "(15, 3)": 1.918,
        "(15, 4)": 0.8649999999999999,
        "(15, 5)": 0.6619999999999999,
        "(15, 6)": 0.867,
        "(15, 7)": 0.9159999999999999,
        "(15, 8)": 0.708,
        "(15, 9)": 0.7539999999999999,
        "(16, 1)": 1.625,
        "(16, 2)": 0.7939999999999999,
        "(16, 3)": 0.7729999999999999,
        "(16, 4)": 0.767,
        "(16, 5)": 0.806,
        "(16, 6)": 1.057,
        "(16, 7)": 1.4069999999999998,
        "(16, 8)": 0.427,
        "(16, 9)": 0.733,
        "(17, 1)": 0.761,
        "(17, 2)": 0.7489999999999999,
        "(17, 3)": 0.9909999999999999,
        "(17, 4)": 0.752,
        "(17, 5)": 1.8909999999999998,
        "(17, 6)": 0.8609999999999999,
        "(17, 7)": 0.8749999999999999,
        "(17, 8)": 0.293,
        "(17, 9)": 1.569,
        "(18, 1)": 0.8079999999999999,
        "(18, 2)": 0.699,
        "(18, 3)": 0.786,
        "(18, 4)": 1.502,
        "(18, 5)": 0.762,
        "(18, 6)": 0.728,
        "(18, 7)": 0.439,
        "(18, 8)": 0.913,
        "(18, 9)": 1.786,
        "(19, 1)": 0.746,
        "(19, 2)": 1.071,
        "(19, 3)": 0.8079999999999999,
        "(19, 4)": 0.9059999999999999,
        "(19, 5)": 0.359,
        "(19, 6)": 1.845,
        "(19, 7)": 0.7649999999999999,
        "(19, 8)": 0.62,
        "(19, 9)": 0.7549999999999999
    },
    "matching_probabilities": {
        "(0, 10)": 0.0252,
        "(0, 11)": 0.0827,
        "(0, 12)": 0.2178,
        "(0, 13)": 0.1048,
        "(0, 14)": 0.0769,
        "(0, 15)": 0.082,
        "(0, 16)": 0.0951,
        "(0, 17)": 0.0822,
        "(0, 18)": 0.0782,
        "(0, 19)": 0.0673,
        "(10, 1)": 0.1075,
        "(10, 2)": 0.2058,
        "(10, 3)": 0.0901,
        "(10, 4)": 0.072,
        "(10, 5)": 0.0741,
        "(10, 6)": 0.0477,
        "(10, 7)": 0.0775,
        "(10, 8)": 0.0795,
        "(10, 9)": 0.0898,
        "(11, 1)": 0.0879,
        "(11, 2)": 0.0957,
        "(11, 3)": 0.078,
        "(11, 4)": 0.0372,
        "(11, 5)": 0.0734,
        "(11, 6)": 0.1187,
        "(11, 7)": 0.0907,
        "(11, 8)": 0.0758,
        "(11, 9)": 0.1309,
        "(12, 1)": 0.0791,
        "(12, 2)": 0.0756,
        "(12, 3)": 0.0817,
        "(12, 4)": 0.0872,
        "(12, 5)": 0.075,
        "(12, 6)": 0.0731,
        "(12, 7)": 0.0741,
        "(12, 8)": 0.1562,
        "(12, 9)": 0.0373,
        "(13, 1)": 0.0243,
        "(13, 2)": 0.0762,
        "(13, 3)": 0.0734,
        "(13, 4)": 0.1329,
        "(13, 5)": 0.1844,
        "(13, 6)": 0.081,
        "(13, 7)": 0.1286,
        "(13, 8)": 0.0739,
        "(13, 9)": 0.016799999999999995,
        "(14, 1)": 0.1264,
        "(14, 2)": 0.0494,
        "(14, 3)": 0.0762,
        "(14, 4)": 0.0729,
        "(14, 5)": 0.0836,
        "(14, 6)": 0.0781,
        "(14, 7)": 0.099,
        "(14, 8)": 0.1706,
        "(14, 9)": 0.0895,
        "(15, 1)": 0.0911,
        "(15, 2)": 0.0564,
        "(15, 3)": 0.1918,
        "(15, 4)": 0.0865,
        "(15, 5)": 0.0662,
        "(15, 6)": 0.0867,
        "(15, 7)": 0.0916,
        "(15, 8)": 0.0708,
        "(15, 9)": 0.0754,
        "(16, 1)": 0.1625,
        "(16, 2)": 0.0794,
        "(16, 3)": 0.0773,
        "(16, 4)": 0.0767,
        "(16, 5)": 0.0806,
        "(16, 6)": 0.1057,
        "(16, 7)": 0.1407,
        "(16, 8)": 0.0427,
        "(16, 9)": 0.0733,
        "(17, 1)": 0.0761,
        "(17, 2)": 0.0749,
        "(17, 3)": 0.0991,
        "(17, 4)": 0.0752,
        "(17, 5)": 0.1891,
        "(17, 6)": 0.0861,
        "(17, 7)": 0.0875,
        "(17, 8)": 0.0293,
        "(17, 9)": 0.1569,
        "(18, 1)": 0.0808,
        "(18, 2)": 0.0699,
        "(18, 3)": 0.0786,
        "(18, 4)": 0.1502,
        "(18, 5)": 0.0762,
        "(18, 6)": 0.0728,
        "(18, 7)": 0.0439,
        "(18, 8)": 0.0913,
        "(18, 9)": 0.1786,
        "(19, 1)": 0.0746,
        "(19, 2)": 0.1071,
        "(19, 3)": 0.0808,
        "(19, 4)": 0.0906,
        "(19, 5)": 0.0359,
        "(19, 6)": 0.1845,
        "(19, 7)": 0.0765,
        "(19, 8)": 0.062,
        "(19, 9)": 0.0755
    },
    "matching_counts": {
        "(0, 10)": 252.0,
        "(0, 11)": 827.0,
        "(0, 12)": 2178.0,
        "(0, 13)": 1048.0,
        "(0, 14)": 769.0,
        "(0, 15)": 820.0,
        "(0, 16)": 951.0,
        "(0, 17)": 822.0,
        "(0, 18)": 782.0,
        "(0, 19)": 673.0,
        "(10, 1)": 1075.0,
        "(10, 2)": 2058.0,
        "(10, 3)": 901.0,
        "(10, 4)": 720.0,
        "(10, 5)": 741.0,
        "(10, 6)": 477.0,
        "(10, 7)": 775.0,
        "(10, 8)": 795.0,
        "(10, 9)": 898.0,
        "(11, 1)": 879.0,
        "(11, 2)": 957.0,
        "(11, 3)": 780.0,
        "(11, 4)": 372.0,
        "(11, 5)": 734.0,
        "(11, 6)": 1187.0,
        "(11, 7)": 907.0,
        "(11, 8)": 758.0,
        "(11, 9)": 1309.0,
        "(12, 1)": 791.0,
        "(12, 2)": 756.0,
        "(12, 3)": 817.0,
        "(12, 4)": 872.0,
        "(12, 5)": 750.0,
        "(12, 6)": 731.0,
        "(12, 7)": 741.0,
        "(12, 8)": 1562.0,
        "(12, 9)": 373.0,
        "(13, 1)": 243.0,
        "(13, 2)": 762.0,
        "(13, 3)": 734.0,
        "(13, 4)": 1329.0,
        "(13, 5)": 1844.0,
        "(13, 6)": 810.0,
        "(13, 7)": 1286.0,
        "(13, 8)": 739.0,
        "(13, 9)": 167.99999999999997,
        "(14, 1)": 1264.0,
        "(14, 2)": 494.0,
        "(14, 3)": 762.0,
        "(14, 4)": 729.0,
        "(14, 5)": 836.0,
        "(14, 6)": 781.0,
        "(14, 7)": 990.0,
        "(14, 8)": 1706.0,
        "(14, 9)": 895.0,
        "(15, 1)": 911.0,
        "(15, 2)": 564.0,
        "(15, 3)": 1918.0,
        "(15, 4)": 865.0,
        "(15, 5)": 662.0,
        "(15, 6)": 867.0,
        "(15, 7)": 916.0,
        "(15, 8)": 708.0,
        "(15, 9)": 754.0,
        "(16, 1)": 1625.0,
        "(16, 2)": 794.0,
        "(16, 3)": 773.0,
        "(16, 4)": 767.0,
        "(16, 5)": 806.0,
        "(16, 6)": 1057.0,
        "(16, 7)": 1407.0,
        "(16, 8)": 427.0,
        "(16, 9)": 733.0,
        "(17, 1)": 761.0,
        "(17, 2)": 749.0,
        "(17, 3)": 991.0,