{
    "min_scaled_matching_probability": 0.06599999999999999,
    "scaled_matching_probabilities": {
        "(0, 10)": 0.24899999999999997,
        "(0, 11)": 0.857,
        "(0, 12)": 1.748,
        "(0, 13)": 1.252,
        "(0, 14)": 0.824,
        "(0, 15)": 0.868,
        "(0, 16)": 1.0839999999999999,
        "(0, 17)": 0.8699999999999999,
        "(0, 18)": 0.82,
        "(0, 19)": 0.49799999999999994,
        "(10, 1)": 1.361,
        "(10, 2)": 1.587,
        "(10, 3)": 0.956,
        "(10, 4)": 0.776,
        "(10, 5)": 0.806,
        "(10, 6)": 0.38199999999999995,
        "(10, 7)": 0.8039999999999999,
        "(10, 8)": 0.855,
        "(10, 9)": 0.975,
        "(11, 1)": 0.993,
        "(11, 2)": 1.081,
        "(11, 3)": 0.824,
        "(11, 4)": 0.174,
        "(11, 5)": 0.781,
        "(11, 6)": 0.7879999999999999,
        "(11, 7)": 1.121,
        "(11, 8)": 0.7979999999999999,
        "(11, 9)": 1.789,
        "(12, 1)": 0.829,
        "(12, 2)": 0.7939999999999999,
        "(12, 3)": 0.576,
        "(12, 4)": 0.985,
        "(12, 5)": 0.792,
        "(12, 6)": 0.7929999999999999,
        "(12, 7)": 0.7979999999999999,
        "(12, 8)": 1.658,
        "(12, 9)": 0.40599999999999997,
        "(13, 1)": 0.142,
        "(13, 2)": 0.83,
        "(13, 3)": 0.7779999999999999,
        "(13, 4)": 1.7730000000000001,
        "(13, 5)": 1.922,
        "(13, 6)": 0.859,
        "(13, 7)": 0.9819999999999999,
        "(13, 8)": 0.7899999999999999,
        "(13, 9)": 0.06599999999999999,
        "(14, 1)": 1.647,
        "(14, 2)": 0.416,
        "(14, 3)": 0.838,
        "(14, 4)": 0.43299999999999994,
        "(14, 5)": 0.932,
        "(14, 6)": 0.832,
        "(14, 7)": 0.751,
        "(14, 8)": 1.836,
        "(14, 9)": 0.9919999999999999,
        "(15, 1)": 0.6869999999999999,
        "(15, 2)": 0.5199999999999999,
        "(15, 3)": 2.1229999999999998,
        "(15, 4)": 0.976,
        "(15, 5)": 0.617,
        "(15, 6)": 0.908,
        "(15, 7)": 0.741,
        "(15, 8)": 0.7589999999999999,
        "(15, 9)": 0.8029999999999999,
        "(16, 1)": 1.142,
        "(16, 2)": 0.847,
        "(16, 3)": 0.526,
        "(16, 4)": 0.8160000000000001,
        "(16, 5)": 0.892,
        "(16, 6)": 1.274,
        "(16, 7)": 1.4449999999999998,
        "(16, 8)": 0.426,
        "(16, 9)": 0.7889999999999999,
        "(17, 1)": 0.833,
        "(17, 2)": 0.7729999999999999,
        "(17, 3)": 1.1099999999999999,
        "(17, 4)": 0.8309999999999998,
        "(17, 5)": 1.529,
        "(17, 6)": 0.945,
        "(17, 7)": 1.2289999999999999,
        "(17, 8)": 0.221,
        "(17, 9)": 1.297,
        "(18, 1)": 0.847,
        "(18, 2)": 0.806,
        "(18, 3)": 0.8699999999999999,
        "(18, 4)": 1.2429999999999999,
        "(18, 5)": 0.814,
        "(18, 6)": 0.665,
        "(18, 7)": 0.546,
        "(18, 8)": 1.023,
        "(18, 9)": 1.3589999999999998,
        "(19, 1)": 0.7879999999999999,
        "(19, 2)": 1.3289999999999997,
        "(19, 3)": 0.867,
        "(19, 4)": 0.9669999999999999,
        "(19, 5)": 0.29,
        "(19, 6)": 2.026,
        "(19, 7)": 0.827,
        "(19, 8)": 0.475,
        "(19, 9)": 0.811
    },
    "matching_probabilities": {
        "(0, 10)": 0.0249,
        "(0, 11)": 0.0857,
        "(0, 12)": 0.1748,
        "(0, 13)": 0.1252,
        "(0, 14)": 0.0824,
        "(0, 15)": 0.0868,
        "(0, 16)": 0.1084,
        "(0, 17)": 0.087,
        "(0, 18)": 0.082,
        "(0, 19)": 0.0498,
        "(10, 1)": 0.1361,
        "(10, 2)": 0.1587,
        "(10, 3)": 0.0956,
        "(10, 4)": 0.0776,
        "(10, 5)": 0.0806,
        "(10, 6)": 0.0382,
        "(10, 7)": 0.0804,
        "(10, 8)": 0.0855,
        "(10, 9)": 0.0975,
        "(11, 1)": 0.0993,
        "(11, 2)": 0.1081,
        "(11, 3)": 0.0824,
        "(11, 4)": 0.0174,
        "(11, 5)": 0.0781,
        "(11, 6)": 0.0788,
        "(11, 7)": 0.1121,
        "(11, 8)": 0.0798,
        "(11, 9)": 0.1789,
        "(12, 1)": 0.0829,
        "(12, 2)": 0.0794,
        "(12, 3)": 0.0576,
        "(12, 4)": 0.0985,
        "(12, 5)": 0.0792,
        "(12, 6)": 0.0793,
        "(12, 7)": 0.0798,
        "(12, 8)": 0.1658,
        "(12, 9)": 0.0406,
        "(13, 1)": 0.0142,
        "(13, 2)": 0.083,
        "(13, 3)": 0.0778,
        "(13, 4)": 0.1773,
        "(13, 5)": 0.1922,
        "(13, 6)": 0.0859,
        "(13, 7)": 0.0982,
        "(13, 8)": 0.079,
        "(13, 9)": 0.0066,
        "(14, 1)": 0.1647,
        "(14, 2)": 0.0416,
        "(14, 3)": 0.0838,
        "(14, 4)": 0.0433,
        "(14, 5)": 0.0932,
        "(14, 6)": 0.0832,
        "(14, 7)": 0.0751,
        "(14, 8)": 0.1836,
        "(14, 9)": 0.0992,
        "(15, 1)": 0.0687,
        "(15, 2)": 0.052,
        "(15, 3)": 0.2123,
        "(15, 4)": 0.0976,
        "(15, 5)": 0.0617,
        "(15, 6)": 0.0908,
        "(15, 7)": 0.0741,
        "(15, 8)": 0.0759,
        "(15, 9)": 0.0803,
        "(16, 1)": 0.1142,
        "(16, 2)": 0.0847,
        "(16, 3)": 0.0526,
        "(16, 4)": 0.0816,
        "(16, 5)": 0.0892,
        "(16, 6)": 0.1274,
        "(16, 7)": 0.1445,
        "(16, 8)": 0.0426,
        "(16, 9)": 0.0789,
        "(17, 1)": 0.0833,
        "(17, 2)": 0.0773,
        "(17, 3)": 0.111,
        "(17, 4)": 0.0831,
        "(17, 5)": 0.1529,
        "(17, 6)": 0.0945,
        "(17, 7)": 0.1229,
        "(17, 8)": 0.0221,
        "(17, 9)": 0.1297,
        "(18, 1)": 0.0847,
        "(18, 2)": 0.0806,
        "(18, 3)": 0.087,
        "(18, 4)": 0.1243,
        "(18, 5)": 0.0814,
        "(18, 6)": 0.0665,
        "(18, 7)": 0.0546,
        "(18, 8)": 0.1023,
        "(18, 9)": 0.1359,
        "(19, 1)": 0.0788,
        "(19, 2)": 0.1329,
        "(19, 3)": 0.0867,
        "(19, 4)": 0.0967,
        "(19, 5)": 0.029,
        "(19, 6)": 0.2026,
        "(19, 7)": 0.0827,
        "(19, 8)": 0.0475,
        "(19, 9)": 0.0811
    },
    "matching_counts": {
        "(0, 10)": 249.0,
        "(0, 11)": 857.0,
        "(0, 12)": 1748.0,
        "(0, 13)": 1252.0,
        "(0, 14)": 824.0,
        "(0, 15)": 868.0,
        "(0, 16)": 1084.0,
        "(0, 17)": 870.0,
        "(0, 18)": 820.0,
        "(0, 19)": 498.0,
        "(10, 1)": 1361.0,
        "(10, 2)": 1587.0,
        "(10, 3)": 956.0,
        "(10, 4)": 776.0,
        "(10, 5)": 806.0,
        "(10, 6)": 382.0,
        "(10, 7)": 804.0,
        "(10, 8)": 855.0,
        "(10, 9)": 975.0,
        "(11, 1)": 993.0,
        "(11, 2)": 1081.0,
        "(11, 3)": 824.0,
        "(11, 4)": 174.0,
        "(11, 5)": 781.0,
        "(11, 6)": 788.0,
        "(11, 7)": 1121.0,
        "(11, 8)": 798.0,
        "(11, 9)": 1789.0,
        "(12, 1)": 829.0,
        "(12, 2)": 794.0,
        "(12, 3)": 576.0,
        "(12, 4)": 985.0,
        "(12, 5)": 792.0,
        "(12, 6)": 793.0,
        "(12, 7)": 798.0,
        "(12, 8)": 1658.0,
        "(12, 9)": 406.0,
        "(13, 1)": 142.0,
        "(13, 2)": 830.0,
        "(13, 3)": 778.0,
        "(13, 4)": 1773.0,
        "(13, 5)": 1922.0,
        "(13, 6)": 859.0,
        "(13, 7)": 982.0,
        "(13, 8)": 790.0,
        "(13, 9)": 66.0,
        "(14, 1)": 1647.0,
        "(14, 2)": 416.0,
        "(14, 3)": 838.0,
        "(14, 4)": 433.0,
        "(14, 5)": 932.0,
        "(14, 6)": 832.0,
        "(14, 7)": 751.0,
        "(14, 8)": 1836.0,
        "(14, 9)": 992.0,
        "(15, 1)": 687.0,
        "(15, 2)": 520.0,
        "(15, 3)": 2123.0,
        "(15, 4)": 976.0,
        "(15, 5)": 617.0,
        "(15, 6)": 908.0,
        "(15, 7)": 741.0,
        "(15, 8)": 759.0,
        "(15, 9)": 803.0,
        "(16, 1)": 1142.0,
        "(16, 2)": 847.0,
        "(16, 3)": 526.0,
        "(16, 4)": 816.0,
        "(16, 5)": 892.0,
        "(16, 6)": 1274.0,
        "(16, 7)": 1445.0,
        "(16, 8)": 426.0,
        "(16, 9)": 789.0,
        "(17, 1)": 833.0,
        "(17, 2)": 773.0,
        "(17, 3)": 1110.0,
        "(17, 4)": 831.0,
        "(17, 5)": 1529.0,