{
    "min_scaled_matching_probability": 0.692,
    "scaled_matching_probabilities": {
        "(0, 1)": 0.8019999999999999,
        "(0, 2)": 0.766,
        "(0, 3)": 0.7879999999999999,
        "(0, 4)": 0.694,
        "(0, 5)": 0.7599999999999999,
        "(0, 6)": 0.724,
        "(0, 7)": 0.7299999999999999,
        "(0, 8)": 0.738,
        "(0, 9)": 0.7659999999999998,
        "(0, 10)": 0.7839999999999999,
        "(0, 11)": 0.796,
        "(0, 12)": 0.692,
        "(0, 13)": 0.698,
        "(0, 14)": 0.7679999999999999,
        "(0, 15)": 0.712,
        "(0, 16)": 0.7299999999999999,
        "(0, 17)": 0.742,
        "(0, 18)": 0.7439999999999999,
        "(0, 19)": 0.7639999999999999,
        "(0, 20)": 0.776
    },
    "matching_probabilities": {
        "(0, 1)": 0.0401,
        "(0, 2)": 0.0383,
        "(0, 3)": 0.0394,
        "(0, 4)": 0.0347,
        "(0, 5)": 0.038,
        "(0, 6)": 0.0362,
        "(0, 7)": 0.0365,
        "(0, 8)": 0.0369,
        "(0, 9)": 0.038299999999999994,
        "(0, 10)": 0.0392,
        "(0, 11)": 0.0398,
        "(0, 12)": 0.0346,
        "(0, 13)": 0.0349,
        "(0, 14)": 0.0384,
        "(0, 15)": 0.0356,
        "(0, 16)": 0.0365,
        "(0, 17)": 0.0371,
        "(0, 18)": 0.0372,
        "(0, 19)": 0.0382,
        "(0, 20)": 0.0388
    },
    "matching_counts": {
        "(0, 1)": 401.0,
        "(0, 2)": 383.0,
        "(0, 3)": 394.0,
        "(0, 4)": 347.0,
        "(0, 5)": 380.0,
        "(0, 6)": 362.0,
        "(0, 7)": 365.0,
        "(0, 8)": 369.0,
        "(0, 9)": 382.99999999999994,
        "(0, 10)": 392.0,
        "(0, 11)": 398.0,
        "(0, 12)": 346.0,
        "(0, 13)": 349.0,
        "(0, 14)": 384.0,
        "(0, 15)": 356.0,
        "(0, 16)": 365.0,
        "(0, 17)": 371.0,
        "(0, 18)": 371.99999999999994,
        "(0, 19)": 382.0,
        "(0, 20)": 388.0
    },
    "simulation_parameters": {
        "graph_file": "uniform_star_20_order_0.json",
        "c_guarantee": 0.75,
        "experiment_name": "uniform_star_20_order_0_tr_c75_r70_sim10000",
        "average_edge_weight": 0.05,
        "r": 0.7,
        "num_sim_instances": 10000,
        "rounding_scheme_class": "SimpleRecursiveRoundingSchemeForTree",
        "parallel": true
    }
}