{
    "min_scaled_matching_probability": 0.466,
    "scaled_matching_probabilities": {
        "(0, 10)": 0.693,
        "(0, 11)": 0.466,
        "(0, 12)": 0.665,
        "(0, 13)": 0.6869999999999999,
        "(0, 14)": 1.044,
        "(0, 15)": 0.703,
        "(0, 16)": 0.839,
        "(0, 17)": 1.29,
        "(0, 18)": 0.847,
        "(0, 19)": 0.6419999999999999,
        "(10, 1)": 0.6339999999999999,
        "(10, 2)": 0.913,
        "(10, 3)": 1.038,
        "(10, 4)": 0.6719999999999999,
        "(10, 5)": 0.48,
        "(10, 6)": 0.873,
        "(10, 7)": 0.704,
        "(10, 8)": 0.8359999999999999,
        "(10, 9)": 1.317,
        "(11, 1)": 0.722,
        "(11, 2)": 0.6759999999999999,
        "(11, 3)": 1.8329999999999997,
        "(11, 4)": 1.5959999999999999,
        "(11, 5)": 0.7689999999999999,
        "(11, 6)": 0.6239999999999999,
        "(11, 7)": 0.6289999999999999,
        "(11, 8)": 0.762,
        "(11, 9)": 0.9520000000000001,
        "(12, 1)": 0.707,
        "(12, 2)": 1.341,
        "(12, 3)": 0.741,
        "(12, 4)": 0.665,
        "(12, 5)": 0.9259999999999999,
        "(12, 6)": 0.9189999999999999,
        "(12, 7)": 0.6869999999999999,
        "(12, 8)": 0.6479999999999999,
        "(12, 9)": 1.2269999999999999,
        "(13, 1)": 0.6950000000000001,
        "(13, 2)": 0.655,
        "(13, 3)": 1.291,
        "(13, 4)": 1.1239999999999999,
        "(13, 5)": 0.6859999999999999,
        "(13, 6)": 0.815,
        "(13, 7)": 1.5010000000000001,
        "(13, 8)": 0.6569999999999999,
        "(13, 9)": 0.688,
        "(14, 1)": 0.6679999999999999,
        "(14, 2)": 0.6629999999999999,
        "(14, 3)": 0.6779999999999999,
        "(14, 4)": 0.6819999999999999,
        "(14, 5)": 0.655,
        "(14, 6)": 1.071,
        "(14, 7)": 0.666,
        "(14, 8)": 1.1709999999999998,
        "(14, 9)": 0.8429999999999999,
        "(15, 1)": 0.951,
        "(15, 2)": 0.801,
        "(15, 3)": 0.636,
        "(15, 4)": 0.858,
        "(15, 5)": 1.3189999999999997,
        "(15, 6)": 0.718,
        "(15, 7)": 0.732,
        "(15, 8)": 0.9859999999999999,
        "(15, 9)": 0.7799999999999999,
        "(16, 1)": 0.7589999999999999,
        "(16, 2)": 0.689,
        "(16, 3)": 0.6769999999999999,
        "(16, 4)": 0.6789999999999999,
        "(16, 5)": 1.6209999999999998,
        "(16, 6)": 0.6769999999999999,
        "(16, 7)": 0.688,
        "(16, 8)": 0.7599999999999999,
        "(16, 9)": 0.636,
        "(17, 1)": 1.154,
        "(17, 2)": 0.6639999999999999,
        "(17, 3)": 0.6429999999999999,
        "(17, 4)": 0.728,
        "(17, 5)": 0.753,
        "(17, 6)": 0.5589999999999999,
        "(17, 7)": 1.313,
        "(17, 8)": 1.2659999999999998,
        "(17, 9)": 0.6839999999999999,
        "(18, 1)": 0.8119999999999999,
        "(18, 2)": 1.4089999999999998,
        "(18, 3)": 0.666,
        "(18, 4)": 0.6419999999999999,
        "(18, 5)": 0.6759999999999999,
        "(18, 6)": 0.757,
        "(18, 7)": 0.83,
        "(18, 8)": 0.981,
        "(18, 9)": 0.7749999999999998,
        "(19, 1)": 1.403,
        "(19, 2)": 0.7499999999999999,
        "(19, 3)": 0.8509999999999999,
        "(19, 4)": 0.6579999999999999,
        "(19, 5)": 0.979,
        "(19, 6)": 0.7199999999999999,
        "(19, 7)": 1.192,
        "(19, 8)": 0.7799999999999999,
        "(19, 9)": 0.726
    },
    "matching_probabilities": {
        "(0, 10)": 0.0693,
        "(0, 11)": 0.0466,
        "(0, 12)": 0.0665,
        "(0, 13)": 0.0687,
        "(0, 14)": 0.1044,
        "(0, 15)": 0.0703,
        "(0, 16)": 0.0839,
        "(0, 17)": 0.129,
        "(0, 18)": 0.0847,
        "(0, 19)": 0.0642,
        "(10, 1)": 0.0634,
        "(10, 2)": 0.0913,
        "(10, 3)": 0.1038,
        "(10, 4)": 0.0672,
        "(10, 5)": 0.048,
        "(10, 6)": 0.0873,
        "(10, 7)": 0.0704,
        "(10, 8)": 0.0836,
        "(10, 9)": 0.1317,
        "(11, 1)": 0.0722,
        "(11, 2)": 0.0676,
        "(11, 3)": 0.1833,
        "(11, 4)": 0.1596,
        "(11, 5)": 0.0769,
        "(11, 6)": 0.06239999999999999,
        "(11, 7)": 0.0629,
        "(11, 8)": 0.0762,
        "(11, 9)": 0.0952,
        "(12, 1)": 0.0707,
        "(12, 2)": 0.1341,
        "(12, 3)": 0.0741,
        "(12, 4)": 0.0665,
        "(12, 5)": 0.0926,
        "(12, 6)": 0.0919,
        "(12, 7)": 0.0687,
        "(12, 8)": 0.0648,
        "(12, 9)": 0.1227,
        "(13, 1)": 0.0695,
        "(13, 2)": 0.0655,
        "(13, 3)": 0.1291,
        "(13, 4)": 0.1124,
        "(13, 5)": 0.0686,
        "(13, 6)": 0.0815,
        "(13, 7)": 0.1501,
        "(13, 8)": 0.0657,
        "(13, 9)": 0.0688,
        "(14, 1)": 0.0668,
        "(14, 2)": 0.0663,
        "(14, 3)": 0.0678,
        "(14, 4)": 0.0682,
        "(14, 5)": 0.0655,
        "(14, 6)": 0.1071,
        "(14, 7)": 0.0666,
        "(14, 8)": 0.1171,
        "(14, 9)": 0.08429999999999999,
        "(15, 1)": 0.0951,
        "(15, 2)": 0.0801,
        "(15, 3)": 0.0636,
        "(15, 4)": 0.0858,
        "(15, 5)": 0.1319,
        "(15, 6)": 0.0718,
        "(15, 7)": 0.0732,
        "(15, 8)": 0.0986,
        "(15, 9)": 0.078,
        "(16, 1)": 0.0759,
        "(16, 2)": 0.0689,
        "(16, 3)": 0.0677,
        "(16, 4)": 0.0679,
        "(16, 5)": 0.1621,
        "(16, 6)": 0.0677,
        "(16, 7)": 0.0688,
        "(16, 8)": 0.076,
        "(16, 9)": 0.0636,
        "(17, 1)": 0.1154,
        "(17, 2)": 0.0664,
        "(17, 3)": 0.0643,
        "(17, 4)": 0.0728,
        "(17, 5)": 0.0753,
        "(17, 6)": 0.0559,
        "(17, 7)": 0.1313,
        "(17, 8)": 0.1266,
        "(17, 9)": 0.0684,
        "(18, 1)": 0.0812,
        "(18, 2)": 0.1409,
        "(18, 3)": 0.0666,
        "(18, 4)": 0.0642,
        "(18, 5)": 0.0676,
        "(18, 6)": 0.0757,
        "(18, 7)": 0.083,
        "(18, 8)": 0.0981,
        "(18, 9)": 0.07749999999999999,
        "(19, 1)": 0.1403,
        "(19, 2)": 0.075,
        "(19, 3)": 0.0851,
        "(19, 4)": 0.0658,
        "(19, 5)": 0.0979,
        "(19, 6)": 0.072,
        "(19, 7)": 0.1192,
        "(19, 8)": 0.078,
        "(19, 9)": 0.0726
    },
    "matching_counts": {
        "(0, 10)": 693.0,
        "(0, 11)": 466.0,
        "(0, 12)": 665.0,
        "(0, 13)": 687.0,
        "(0, 14)": 1044.0,
        "(0, 15)": 703.0,
        "(0, 16)": 839.0,
        "(0, 17)": 1290.0,
        "(0, 18)": 847.0,
        "(0, 19)": 642.0,
        "(10, 1)": 634.0,
        "(10, 2)": 913.0,
        "(10, 3)": 1038.0,
        "(10, 4)": 672.0,
        "(10, 5)": 480.0,
        "(10, 6)": 873.0,
        "(10, 7)": 704.0,
        "(10, 8)": 836.0,
        "(10, 9)": 1317.0,
        "(11, 1)": 722.0,
        "(11, 2)": 676.0,
        "(11, 3)": 1832.9999999999998,
        "(11, 4)": 1596.0,
        "(11, 5)": 769.0,
        "(11, 6)": 623.9999999999999,
        "(11, 7)": 629.0,
        "(11, 8)": 762.0,
        "(11, 9)": 952.0,
        "(12, 1)": 707.0,
        "(12, 2)": 1341.0,
        "(12, 3)": 741.0,
        "(12, 4)": 665.0,
        "(12, 5)": 926.0,
        "(12, 6)": 919.0,
        "(12, 7)": 687.0,
        "(12, 8)": 648.0,
        "(12, 9)": 1227.0,
        "(13, 1)": 695.0,
        "(13, 2)": 655.0,
        "(13, 3)": 1291.0,
        "(13, 4)": 1124.0,
        "(13, 5)": 685.9999999999999,
        "(13, 6)": 815.0,
        "(13, 7)": 1501.0,
        "(13, 8)": 657.0,
        "(13, 9)": 688.0,
        "(14, 1)": 668.0,
        "(14, 2)": 663.0,
        "(14, 3)": 678.0,
        "(14, 4)": 682.0,
        "(14, 5)": 655.0,
        "(14, 6)": 1071.0,
        "(14, 7)": 666.0,
        "(14, 8)": 1171.0,
        "(14, 9)": 842.9999999999999,
        "(15, 1)": 951.0,
        "(15, 2)": 801.0,
        "(15, 3)": 636.0,
        "(15, 4)": 858.0,
        "(15, 5)": 1318.9999999999998,
        "(15, 6)": 718.0,
        "(15, 7)": 732.0,
        "(15, 8)": 986.0,
        "(15, 9)": 780.0,
        "(16, 1)": 759.0,
        "(16, 2)": 689.0,
        "(16, 3)": 677.0,