{
    "min_scaled_matching_probability": 0.444,
    "scaled_matching_probabilities": {
        "(0, 10)": 0.9099999999999999,
        "(0, 11)": 0.473,
        "(0, 12)": 0.893,
        "(0, 13)": 0.9569999999999999,
        "(0, 14)": 0.882,
        "(0, 15)": 0.874,
        "(0, 16)": 0.956,
        "(0, 17)": 0.857,
        "(0, 18)": 0.8899999999999999,
        "(0, 19)": 0.9159999999999999,
        "(10, 1)": 0.918,
        "(10, 2)": 0.9189999999999999,
        "(10, 3)": 0.897,
        "(10, 4)": 0.918,
        "(10, 5)": 0.5479999999999999,
        "(10, 6)": 0.8959999999999999,
        "(10, 7)": 0.884,
        "(10, 8)": 0.801,
        "(10, 9)": 0.85,
        "(11, 1)": 0.907,
        "(11, 2)": 0.864,
        "(11, 3)": 0.9159999999999999,
        "(11, 4)": 0.9209999999999999,
        "(11, 5)": 0.953,
        "(11, 6)": 0.877,
        "(11, 7)": 0.867,
        "(11, 8)": 0.9049999999999999,
        "(11, 9)": 0.8849999999999999,
        "(12, 1)": 0.883,
        "(12, 2)": 0.8699999999999999,
        "(12, 3)": 0.879,
        "(12, 4)": 0.5249999999999999,
        "(12, 5)": 0.8749999999999999,
        "(12, 6)": 0.917,
        "(12, 7)": 0.9199999999999999,
        "(12, 8)": 0.873,
        "(12, 9)": 0.8949999999999999,
        "(13, 1)": 0.898,
        "(13, 2)": 0.7549999999999999,
        "(13, 3)": 0.9089999999999999,
        "(13, 4)": 0.811,
        "(13, 5)": 0.8659999999999999,
        "(13, 6)": 0.887,
        "(13, 7)": 0.922,
        "(13, 8)": 0.8559999999999999,
        "(13, 9)": 0.912,
        "(14, 1)": 0.898,
        "(14, 2)": 0.598,
        "(14, 3)": 0.9049999999999999,
        "(14, 4)": 0.922,
        "(14, 5)": 0.8849999999999999,
        "(14, 6)": 0.898,
        "(14, 7)": 0.888,
        "(14, 8)": 0.9199999999999999,
        "(14, 9)": 0.6439999999999999,
        "(15, 1)": 0.645,
        "(15, 2)": 0.898,
        "(15, 3)": 0.9009999999999999,
        "(15, 4)": 0.8799999999999999,
        "(15, 5)": 0.848,
        "(15, 6)": 0.9359999999999999,
        "(15, 7)": 0.9329999999999999,
        "(15, 8)": 0.872,
        "(15, 9)": 0.9299999999999999,
        "(16, 1)": 0.883,
        "(16, 2)": 0.9059999999999999,
        "(16, 3)": 0.884,
        "(16, 4)": 0.897,
        "(16, 5)": 0.7989999999999999,
        "(16, 6)": 0.8799999999999999,
        "(16, 7)": 0.888,
        "(16, 8)": 0.878,
        "(16, 9)": 0.873,
        "(17, 1)": 0.878,
        "(17, 2)": 0.9189999999999999,
        "(17, 3)": 0.9329999999999999,
        "(17, 4)": 0.888,
        "(17, 5)": 0.903,
        "(17, 6)": 0.444,
        "(17, 7)": 0.946,
        "(17, 8)": 0.9139999999999999,
        "(17, 9)": 0.941,
        "(18, 1)": 0.9349999999999999,
        "(18, 2)": 0.8029999999999999,
        "(18, 3)": 0.8649999999999999,
        "(18, 4)": 0.946,
        "(18, 5)": 0.9309999999999999,
        "(18, 6)": 0.8859999999999999,
        "(18, 7)": 0.867,
        "(18, 8)": 0.879,
        "(18, 9)": 0.954,
        "(19, 1)": 0.8699999999999999,
        "(19, 2)": 0.883,
        "(19, 3)": 0.8409999999999999,
        "(19, 4)": 0.862,
        "(19, 5)": 0.873,
        "(19, 6)": 0.9109999999999999,
        "(19, 7)": 0.873,
        "(19, 8)": 0.781,
        "(19, 9)": 0.908
    },
    "matching_probabilities": {
        "(0, 10)": 0.091,
        "(0, 11)": 0.0473,
        "(0, 12)": 0.0893,
        "(0, 13)": 0.0957,
        "(0, 14)": 0.0882,
        "(0, 15)": 0.0874,
        "(0, 16)": 0.0956,
        "(0, 17)": 0.0857,
        "(0, 18)": 0.089,
        "(0, 19)": 0.0916,
        "(10, 1)": 0.0918,
        "(10, 2)": 0.0919,
        "(10, 3)": 0.0897,
        "(10, 4)": 0.0918,
        "(10, 5)": 0.0548,
        "(10, 6)": 0.0896,
        "(10, 7)": 0.0884,
        "(10, 8)": 0.0801,
        "(10, 9)": 0.085,
        "(11, 1)": 0.0907,
        "(11, 2)": 0.0864,
        "(11, 3)": 0.0916,
        "(11, 4)": 0.0921,
        "(11, 5)": 0.0953,
        "(11, 6)": 0.0877,
        "(11, 7)": 0.0867,
        "(11, 8)": 0.0905,
        "(11, 9)": 0.0885,
        "(12, 1)": 0.0883,
        "(12, 2)": 0.087,
        "(12, 3)": 0.0879,
        "(12, 4)": 0.0525,
        "(12, 5)": 0.0875,
        "(12, 6)": 0.0917,
        "(12, 7)": 0.092,
        "(12, 8)": 0.0873,
        "(12, 9)": 0.0895,
        "(13, 1)": 0.0898,
        "(13, 2)": 0.0755,
        "(13, 3)": 0.0909,
        "(13, 4)": 0.0811,
        "(13, 5)": 0.0866,
        "(13, 6)": 0.0887,
        "(13, 7)": 0.0922,
        "(13, 8)": 0.0856,
        "(13, 9)": 0.0912,
        "(14, 1)": 0.0898,
        "(14, 2)": 0.0598,
        "(14, 3)": 0.0905,
        "(14, 4)": 0.0922,
        "(14, 5)": 0.0885,
        "(14, 6)": 0.0898,
        "(14, 7)": 0.0888,
        "(14, 8)": 0.092,
        "(14, 9)": 0.0644,
        "(15, 1)": 0.0645,
        "(15, 2)": 0.0898,
        "(15, 3)": 0.0901,
        "(15, 4)": 0.088,
        "(15, 5)": 0.0848,
        "(15, 6)": 0.0936,
        "(15, 7)": 0.0933,
        "(15, 8)": 0.0872,
        "(15, 9)": 0.093,
        "(16, 1)": 0.0883,
        "(16, 2)": 0.0906,
        "(16, 3)": 0.0884,
        "(16, 4)": 0.0897,
        "(16, 5)": 0.0799,
        "(16, 6)": 0.088,
        "(16, 7)": 0.0888,
        "(16, 8)": 0.0878,
        "(16, 9)": 0.0873,
        "(17, 1)": 0.0878,
        "(17, 2)": 0.0919,
        "(17, 3)": 0.0933,
        "(17, 4)": 0.0888,
        "(17, 5)": 0.0903,
        "(17, 6)": 0.0444,
        "(17, 7)": 0.0946,
        "(17, 8)": 0.0914,
        "(17, 9)": 0.0941,
        "(18, 1)": 0.0935,
        "(18, 2)": 0.0803,
        "(18, 3)": 0.0865,
        "(18, 4)": 0.0946,
        "(18, 5)": 0.0931,
        "(18, 6)": 0.0886,
        "(18, 7)": 0.0867,
        "(18, 8)": 0.0879,
        "(18, 9)": 0.0954,
        "(19, 1)": 0.087,
        "(19, 2)": 0.0883,
        "(19, 3)": 0.0841,
        "(19, 4)": 0.0862,
        "(19, 5)": 0.0873,
        "(19, 6)": 0.0911,
        "(19, 7)": 0.0873,
        "(19, 8)": 0.0781,
        "(19, 9)": 0.0908
    },
    "matching_counts": {
        "(0, 10)": 910.0,
        "(0, 11)": 473.0,
        "(0, 12)": 893.0,
        "(0, 13)": 957.0,
        "(0, 14)": 882.0,
        "(0, 15)": 874.0,
        "(0, 16)": 956.0,
        "(0, 17)": 857.0,
        "(0, 18)": 890.0,
        "(0, 19)": 916.0,
        "(10, 1)": 918.0,
        "(10, 2)": 919.0,
        "(10, 3)": 897.0,
        "(10, 4)": 918.0,
        "(10, 5)": 548.0,
        "(10, 6)": 896.0,
        "(10, 7)": 884.0,
        "(10, 8)": 801.0,
        "(10, 9)": 850.0,
        "(11, 1)": 907.0,
        "(11, 2)": 864.0,
        "(11, 3)": 916.0,
        "(11, 4)": 921.0,
        "(11, 5)": 953.0,
        "(11, 6)": 877.0,
        "(11, 7)": 867.0,
        "(11, 8)": 905.0,
        "(11, 9)": 885.0,
        "(12, 1)": 883.0,
        "(12, 2)": 870.0,
        "(12, 3)": 879.0,
        "(12, 4)": 525.0,
        "(12, 5)": 875.0,
        "(12, 6)": 917.0,
        "(12, 7)": 920.0,
        "(12, 8)": 873.0,
        "(12, 9)": 895.0,
        "(13, 1)": 898.0,
        "(13, 2)": 755.0,
        "(13, 3)": 909.0,
        "(13, 4)": 811.0,
        "(13, 5)": 866.0,
        "(13, 6)": 887.0,
        "(13, 7)": 922.0,
        "(13, 8)": 856.0,
        "(13, 9)": 912.0,
        "(14, 1)": 898.0,
        "(14, 2)": 598.0,
        "(14, 3)": 905.0,
        "(14, 4)": 922.0,
        "(14, 5)": 885.0,
        "(14, 6)": 898.0,
        "(14, 7)": 888.0,
        "(14, 8)": 920.0,
        "(14, 9)": 644.0,
        "(15, 1)": 645.0,
        "(15, 2)": 898.0,
        "(15, 3)": 901.0,
        "(15, 4)": 880.0,
        "(15, 5)": 848.0,
        "(15, 6)": 936.0,
        "(15, 7)": 933.0,
        "(15, 8)": 872.0,
        "(15, 9)": 930.0,
        "(16, 1)": 883.0,
        "(16, 2)": 906.0,
        "(16, 3)": 884.0,
        "(16, 4)": 897.0,
        "(16, 5)": 799.0,
        "(16, 6)": 880.0,
        "(16, 7)": 888.0,
        "(16, 8)": 878.0,
        "(16, 9)": 873.0,
        "(17, 1)": 878.0,
        "(17, 2)": 919.0,
        "(17, 3)": 933.0,