{
    "min_scaled_matching_probability": 0.637,
    "scaled_matching_probabilities": {
        "(0, 10)": 0.709,
        "(0, 11)": 0.734,
        "(0, 12)": 0.713,
        "(0, 13)": 0.717,
        "(0, 14)": 0.6829999999999999,
        "(0, 15)": 0.694,
        "(0, 16)": 0.7000000000000001,
        "(0, 17)": 0.722,
        "(0, 18)": 0.6789999999999999,
        "(0, 19)": 0.692,
        "(10, 1)": 0.732,
        "(10, 2)": 0.6900000000000001,
        "(10, 3)": 0.714,
        "(10, 4)": 0.68,
        "(10, 5)": 0.675,
        "(10, 6)": 0.665,
        "(10, 7)": 0.689,
        "(10, 8)": 0.717,
        "(10, 9)": 0.708,
        "(11, 1)": 0.6589999999999999,
        "(11, 2)": 0.6489999999999999,
        "(11, 3)": 0.7349999999999999,
        "(11, 4)": 0.7589999999999999,
        "(11, 5)": 0.719,
        "(11, 6)": 0.706,
        "(11, 7)": 0.637,
        "(11, 8)": 0.689,
        "(11, 9)": 0.706,
        "(12, 1)": 0.645,
        "(12, 2)": 0.6569999999999999,
        "(12, 3)": 0.737,
        "(12, 4)": 0.675,
        "(12, 5)": 0.711,
        "(12, 6)": 0.7299999999999999,
        "(12, 7)": 0.7399999999999999,
        "(12, 8)": 0.732,
        "(12, 9)": 0.692,
        "(13, 1)": 0.6900000000000001,
        "(13, 2)": 0.6829999999999999,
        "(13, 3)": 0.709,
        "(13, 4)": 0.6689999999999999,
        "(13, 5)": 0.6900000000000001,
        "(13, 6)": 0.7349999999999999,
        "(13, 7)": 0.7000000000000001,
        "(13, 8)": 0.6819999999999999,
        "(13, 9)": 0.685,
        "(14, 1)": 0.689,
        "(14, 2)": 0.698,
        "(14, 3)": 0.6569999999999999,
        "(14, 4)": 0.719,
        "(14, 5)": 0.708,
        "(14, 6)": 0.6809999999999999,
        "(14, 7)": 0.713,
        "(14, 8)": 0.704,
        "(14, 9)": 0.729,
        "(15, 1)": 0.6829999999999999,
        "(15, 2)": 0.7000000000000001,
        "(15, 3)": 0.697,
        "(15, 4)": 0.709,
        "(15, 5)": 0.729,
        "(15, 6)": 0.703,
        "(15, 7)": 0.7149999999999999,
        "(15, 8)": 0.706,
        "(15, 9)": 0.6689999999999999,
        "(16, 1)": 0.6759999999999999,
        "(16, 2)": 0.746,
        "(16, 3)": 0.698,
        "(16, 4)": 0.6950000000000001,
        "(16, 5)": 0.747,
        "(16, 6)": 0.6900000000000001,
        "(16, 7)": 0.714,
        "(16, 8)": 0.685,
        "(16, 9)": 0.6809999999999999,
        "(17, 1)": 0.708,
        "(17, 2)": 0.6859999999999999,
        "(17, 3)": 0.656,
        "(17, 4)": 0.712,
        "(17, 5)": 0.666,
        "(17, 6)": 0.67,
        "(17, 7)": 0.7049999999999998,
        "(17, 8)": 0.702,
        "(17, 9)": 0.709,
        "(18, 1)": 0.697,
        "(18, 2)": 0.751,
        "(18, 3)": 0.713,
        "(18, 4)": 0.699,
        "(18, 5)": 0.6900000000000001,
        "(18, 6)": 0.738,
        "(18, 7)": 0.6739999999999999,
        "(18, 8)": 0.661,
        "(18, 9)": 0.716,
        "(19, 1)": 0.771,
        "(19, 2)": 0.6689999999999999,
        "(19, 3)": 0.6900000000000001,
        "(19, 4)": 0.6779999999999999,
        "(19, 5)": 0.6829999999999999,
        "(19, 6)": 0.736,
        "(19, 7)": 0.726,
        "(19, 8)": 0.701,
        "(19, 9)": 0.697
    },
    "matching_probabilities": {
        "(0, 10)": 0.0709,
        "(0, 11)": 0.0734,
        "(0, 12)": 0.0713,
        "(0, 13)": 0.0717,
        "(0, 14)": 0.0683,
        "(0, 15)": 0.0694,
        "(0, 16)": 0.07,
        "(0, 17)": 0.0722,
        "(0, 18)": 0.0679,
        "(0, 19)": 0.0692,
        "(10, 1)": 0.0732,
        "(10, 2)": 0.069,
        "(10, 3)": 0.0714,
        "(10, 4)": 0.068,
        "(10, 5)": 0.0675,
        "(10, 6)": 0.0665,
        "(10, 7)": 0.0689,
        "(10, 8)": 0.0717,
        "(10, 9)": 0.0708,
        "(11, 1)": 0.0659,
        "(11, 2)": 0.0649,
        "(11, 3)": 0.0735,
        "(11, 4)": 0.0759,
        "(11, 5)": 0.0719,
        "(11, 6)": 0.0706,
        "(11, 7)": 0.0637,
        "(11, 8)": 0.0689,
        "(11, 9)": 0.0706,
        "(12, 1)": 0.0645,
        "(12, 2)": 0.0657,
        "(12, 3)": 0.0737,
        "(12, 4)": 0.0675,
        "(12, 5)": 0.0711,
        "(12, 6)": 0.073,
        "(12, 7)": 0.074,
        "(12, 8)": 0.0732,
        "(12, 9)": 0.0692,
        "(13, 1)": 0.069,
        "(13, 2)": 0.0683,
        "(13, 3)": 0.0709,
        "(13, 4)": 0.0669,
        "(13, 5)": 0.069,
        "(13, 6)": 0.0735,
        "(13, 7)": 0.07,
        "(13, 8)": 0.0682,
        "(13, 9)": 0.0685,
        "(14, 1)": 0.0689,
        "(14, 2)": 0.0698,
        "(14, 3)": 0.0657,
        "(14, 4)": 0.0719,
        "(14, 5)": 0.0708,
        "(14, 6)": 0.0681,
        "(14, 7)": 0.0713,
        "(14, 8)": 0.0704,
        "(14, 9)": 0.0729,
        "(15, 1)": 0.0683,
        "(15, 2)": 0.07,
        "(15, 3)": 0.0697,
        "(15, 4)": 0.0709,
        "(15, 5)": 0.0729,
        "(15, 6)": 0.0703,
        "(15, 7)": 0.0715,
        "(15, 8)": 0.0706,
        "(15, 9)": 0.0669,
        "(16, 1)": 0.0676,
        "(16, 2)": 0.0746,
        "(16, 3)": 0.0698,
        "(16, 4)": 0.0695,
        "(16, 5)": 0.0747,
        "(16, 6)": 0.069,
        "(16, 7)": 0.0714,
        "(16, 8)": 0.0685,
        "(16, 9)": 0.0681,
        "(17, 1)": 0.0708,
        "(17, 2)": 0.0686,
        "(17, 3)": 0.0656,
        "(17, 4)": 0.0712,
        "(17, 5)": 0.0666,
        "(17, 6)": 0.067,
        "(17, 7)": 0.0705,
        "(17, 8)": 0.0702,
        "(17, 9)": 0.0709,
        "(18, 1)": 0.0697,
        "(18, 2)": 0.0751,
        "(18, 3)": 0.0713,
        "(18, 4)": 0.0699,
        "(18, 5)": 0.069,
        "(18, 6)": 0.0738,
        "(18, 7)": 0.0674,
        "(18, 8)": 0.0661,
        "(18, 9)": 0.0716,
        "(19, 1)": 0.0771,
        "(19, 2)": 0.0669,
        "(19, 3)": 0.069,
        "(19, 4)": 0.0678,
        "(19, 5)": 0.0683,
        "(19, 6)": 0.0736,
        "(19, 7)": 0.0726,
        "(19, 8)": 0.0701,
        "(19, 9)": 0.0697
    },
    "matching_counts": {
        "(0, 10)": 709.0,
        "(0, 11)": 734.0,
        "(0, 12)": 713.0,
        "(0, 13)": 717.0,
        "(0, 14)": 683.0,
        "(0, 15)": 694.0,
        "(0, 16)": 700.0,
        "(0, 17)": 722.0,
        "(0, 18)": 679.0,
        "(0, 19)": 692.0,
        "(10, 1)": 732.0,
        "(10, 2)": 690.0,
        "(10, 3)": 714.0,
        "(10, 4)": 680.0,
        "(10, 5)": 675.0,
        "(10, 6)": 665.0,
        "(10, 7)": 689.0,
        "(10, 8)": 717.0,
        "(10, 9)": 708.0,
        "(11, 1)": 659.0,
        "(11, 2)": 649.0,
        "(11, 3)": 735.0,
        "(11, 4)": 759.0,
        "(11, 5)": 719.0,
        "(11, 6)": 706.0,
        "(11, 7)": 637.0,
        "(11, 8)": 689.0,
        "(11, 9)": 706.0,
        "(12, 1)": 645.0,
        "(12, 2)": 657.0,
        "(12, 3)": 737.0,
        "(12, 4)": 675.0,
        "(12, 5)": 711.0,
        "(12, 6)": 730.0,
        "(12, 7)": 740.0,
        "(12, 8)": 732.0,
        "(12, 9)": 692.0,
        "(13, 1)": 690.0,
        "(13, 2)": 683.0,
        "(13, 3)": 709.0,
        "(13, 4)": 669.0,
        "(13, 5)": 690.0,
        "(13, 6)": 735.0,
        "(13, 7)": 700.0,
        "(13, 8)": 682.0,
        "(13, 9)": 685.0,
        "(14, 1)": 689.0,
        "(14, 2)": 698.0,
        "(14, 3)": 657.0,
        "(14, 4)": 719.0,
        "(14, 5)": 708.0,
        "(14, 6)": 681.0,
        "(14, 7)": 713.0,
        "(14, 8)": 704.0,
        "(14, 9)": 729.0,
        "(15, 1)": 683.0,
        "(15, 2)": 700.0,
        "(15, 3)": 697.0,
        "(15, 4)": 709.0,
        "(15, 5)": 729.0,
        "(15, 6)": 703.0,
        "(15, 7)": 715.0,
        "(15, 8)": 706.0,
        "(15, 9)": 669.0,
        "(16, 1)": 676.0,
        "(16, 2)": 746.0,
        "(16, 3)": 698.0,
        "(16, 4)": 695.0,
        "(16, 5)": 747.0,
        "(16, 6)": 690.0,
        "(16, 7)": 714.0,
        "(16, 8)": 685.0,
        "(16, 9)": 681.0,
        "(17, 1)": 708.0,
        "(17, 2)": 686.0,
        "(17, 3)": 656.0,
        "(17, 4)": 712.0,
        "(17, 5)": 666.0,
        "(17, 6)": 670.0,
        "(17, 7)": 705.0,