{
    "min_scaled_matching_probability": 0.737,
    "scaled_matching_probabilities": {
        "(0, 10)": 0.825,
        "(0, 11)": 0.838,
        "(0, 12)": 0.7899999999999999,
        "(0, 13)": 0.829,
        "(0, 14)": 0.776,
        "(0, 15)": 0.8049999999999999,
        "(0, 16)": 0.792,
        "(0, 17)": 0.8089999999999999,
        "(0, 18)": 0.757,
        "(0, 19)": 0.7969999999999999,
        "(10, 1)": 0.8049999999999999,
        "(10, 2)": 0.823,
        "(10, 3)": 0.8039999999999999,
        "(10, 4)": 0.811,
        "(10, 5)": 0.7689999999999999,
        "(10, 6)": 0.8049999999999999,
        "(10, 7)": 0.7949999999999999,
        "(10, 8)": 0.796,
        "(10, 9)": 0.7969999999999999,
        "(11, 1)": 0.737,
        "(11, 2)": 0.7949999999999999,
        "(11, 3)": 0.8210000000000001,
        "(11, 4)": 0.7689999999999999,
        "(11, 5)": 0.791,
        "(11, 6)": 0.832,
        "(11, 7)": 0.7889999999999999,
        "(11, 8)": 0.838,
        "(11, 9)": 0.7939999999999999,
        "(12, 1)": 0.7969999999999999,
        "(12, 2)": 0.7689999999999999,
        "(12, 3)": 0.7969999999999999,
        "(12, 4)": 0.7639999999999999,
        "(12, 5)": 0.82,
        "(12, 6)": 0.848,
        "(12, 7)": 0.8359999999999999,
        "(12, 8)": 0.806,
        "(12, 9)": 0.7879999999999999,
        "(13, 1)": 0.7839999999999999,
        "(13, 2)": 0.828,
        "(13, 3)": 0.776,
        "(13, 4)": 0.791,
        "(13, 5)": 0.7929999999999999,
        "(13, 6)": 0.7839999999999999,
        "(13, 7)": 0.7849999999999999,
        "(13, 8)": 0.771,
        "(13, 9)": 0.8029999999999999,
        "(14, 1)": 0.8019999999999999,
        "(14, 2)": 0.796,
        "(14, 3)": 0.7499999999999999,
        "(14, 4)": 0.7879999999999999,
        "(14, 5)": 0.8160000000000001,
        "(14, 6)": 0.7729999999999999,
        "(14, 7)": 0.806,
        "(14, 8)": 0.824,
        "(14, 9)": 0.819,
        "(15, 1)": 0.7929999999999999,
        "(15, 2)": 0.8309999999999998,
        "(15, 3)": 0.7789999999999999,
        "(15, 4)": 0.813,
        "(15, 5)": 0.8079999999999999,
        "(15, 6)": 0.7799999999999999,
        "(15, 7)": 0.8029999999999999,
        "(15, 8)": 0.811,
        "(15, 9)": 0.7749999999999999,
        "(16, 1)": 0.7889999999999999,
        "(16, 2)": 0.82,
        "(16, 3)": 0.818,
        "(16, 4)": 0.777,
        "(16, 5)": 0.8509999999999999,
        "(16, 6)": 0.7839999999999999,
        "(16, 7)": 0.823,
        "(16, 8)": 0.7929999999999999,
        "(16, 9)": 0.7979999999999999,
        "(17, 1)": 0.825,
        "(17, 2)": 0.782,
        "(17, 3)": 0.7839999999999999,
        "(17, 4)": 0.833,
        "(17, 5)": 0.8029999999999999,
        "(17, 6)": 0.7599999999999999,
        "(17, 7)": 0.7879999999999999,
        "(17, 8)": 0.82,
        "(17, 9)": 0.762,
        "(18, 1)": 0.811,
        "(18, 2)": 0.832,
        "(18, 3)": 0.7699999999999999,
        "(18, 4)": 0.82,
        "(18, 5)": 0.7949999999999999,
        "(18, 6)": 0.835,
        "(18, 7)": 0.792,
        "(18, 8)": 0.761,
        "(18, 9)": 0.776,
        "(19, 1)": 0.887,
        "(19, 2)": 0.751,
        "(19, 3)": 0.8119999999999999,
        "(19, 4)": 0.766,
        "(19, 5)": 0.7639999999999999,
        "(19, 6)": 0.813,
        "(19, 7)": 0.8019999999999999,
        "(19, 8)": 0.786,
        "(19, 9)": 0.862
    },
    "matching_probabilities": {
        "(0, 10)": 0.0825,
        "(0, 11)": 0.0838,
        "(0, 12)": 0.079,
        "(0, 13)": 0.0829,
        "(0, 14)": 0.0776,
        "(0, 15)": 0.0805,
        "(0, 16)": 0.0792,
        "(0, 17)": 0.0809,
        "(0, 18)": 0.0757,
        "(0, 19)": 0.0797,
        "(10, 1)": 0.0805,
        "(10, 2)": 0.0823,
        "(10, 3)": 0.0804,
        "(10, 4)": 0.0811,
        "(10, 5)": 0.0769,
        "(10, 6)": 0.0805,
        "(10, 7)": 0.0795,
        "(10, 8)": 0.0796,
        "(10, 9)": 0.0797,
        "(11, 1)": 0.0737,
        "(11, 2)": 0.0795,
        "(11, 3)": 0.0821,
        "(11, 4)": 0.0769,
        "(11, 5)": 0.0791,
        "(11, 6)": 0.0832,
        "(11, 7)": 0.0789,
        "(11, 8)": 0.0838,
        "(11, 9)": 0.0794,
        "(12, 1)": 0.0797,
        "(12, 2)": 0.0769,
        "(12, 3)": 0.0797,
        "(12, 4)": 0.0764,
        "(12, 5)": 0.082,
        "(12, 6)": 0.0848,
        "(12, 7)": 0.0836,
        "(12, 8)": 0.0806,
        "(12, 9)": 0.0788,
        "(13, 1)": 0.0784,
        "(13, 2)": 0.0828,
        "(13, 3)": 0.0776,
        "(13, 4)": 0.0791,
        "(13, 5)": 0.0793,
        "(13, 6)": 0.0784,
        "(13, 7)": 0.0785,
        "(13, 8)": 0.0771,
        "(13, 9)": 0.0803,
        "(14, 1)": 0.0802,
        "(14, 2)": 0.0796,
        "(14, 3)": 0.075,
        "(14, 4)": 0.0788,
        "(14, 5)": 0.0816,
        "(14, 6)": 0.0773,
        "(14, 7)": 0.0806,
        "(14, 8)": 0.0824,
        "(14, 9)": 0.0819,
        "(15, 1)": 0.0793,
        "(15, 2)": 0.0831,
        "(15, 3)": 0.0779,
        "(15, 4)": 0.0813,
        "(15, 5)": 0.0808,
        "(15, 6)": 0.078,
        "(15, 7)": 0.0803,
        "(15, 8)": 0.0811,
        "(15, 9)": 0.0775,
        "(16, 1)": 0.0789,
        "(16, 2)": 0.082,
        "(16, 3)": 0.0818,
        "(16, 4)": 0.0777,
        "(16, 5)": 0.0851,
        "(16, 6)": 0.0784,
        "(16, 7)": 0.0823,
        "(16, 8)": 0.0793,
        "(16, 9)": 0.0798,
        "(17, 1)": 0.0825,
        "(17, 2)": 0.0782,
        "(17, 3)": 0.0784,
        "(17, 4)": 0.0833,
        "(17, 5)": 0.0803,
        "(17, 6)": 0.076,
        "(17, 7)": 0.0788,
        "(17, 8)": 0.082,
        "(17, 9)": 0.0762,
        "(18, 1)": 0.0811,
        "(18, 2)": 0.0832,
        "(18, 3)": 0.077,
        "(18, 4)": 0.082,
        "(18, 5)": 0.0795,
        "(18, 6)": 0.0835,
        "(18, 7)": 0.0792,
        "(18, 8)": 0.0761,
        "(18, 9)": 0.0776,
        "(19, 1)": 0.0887,
        "(19, 2)": 0.0751,
        "(19, 3)": 0.0812,
        "(19, 4)": 0.0766,
        "(19, 5)": 0.0764,
        "(19, 6)": 0.0813,
        "(19, 7)": 0.0802,
        "(19, 8)": 0.0786,
        "(19, 9)": 0.0862
    },
    "matching_counts": {
        "(0, 10)": 825.0,
        "(0, 11)": 838.0,
        "(0, 12)": 790.0,
        "(0, 13)": 829.0,
        "(0, 14)": 776.0,
        "(0, 15)": 805.0,
        "(0, 16)": 792.0,
        "(0, 17)": 809.0,
        "(0, 18)": 757.0,
        "(0, 19)": 797.0,
        "(10, 1)": 805.0,
        "(10, 2)": 823.0,
        "(10, 3)": 804.0,
        "(10, 4)": 811.0,
        "(10, 5)": 769.0,
        "(10, 6)": 805.0,
        "(10, 7)": 795.0,
        "(10, 8)": 796.0,
        "(10, 9)": 797.0,
        "(11, 1)": 737.0,
        "(11, 2)": 795.0,
        "(11, 3)": 821.0,
        "(11, 4)": 769.0,
        "(11, 5)": 791.0,
        "(11, 6)": 832.0,
        "(11, 7)": 789.0,
        "(11, 8)": 838.0,
        "(11, 9)": 794.0,
        "(12, 1)": 797.0,
        "(12, 2)": 769.0,
        "(12, 3)": 797.0,
        "(12, 4)": 764.0,
        "(12, 5)": 820.0,
        "(12, 6)": 848.0,
        "(12, 7)": 836.0,
        "(12, 8)": 806.0,
        "(12, 9)": 788.0,
        "(13, 1)": 784.0,
        "(13, 2)": 828.0,
        "(13, 3)": 776.0,
        "(13, 4)": 791.0,
        "(13, 5)": 793.0,
        "(13, 6)": 784.0,
        "(13, 7)": 785.0,
        "(13, 8)": 771.0,
        "(13, 9)": 803.0,
        "(14, 1)": 802.0,
        "(14, 2)": 796.0,
        "(14, 3)": 750.0,
        "(14, 4)": 788.0,
        "(14, 5)": 816.0,
        "(14, 6)": 773.0,
        "(14, 7)": 806.0,
        "(14, 8)": 824.0,
        "(14, 9)": 819.0,
        "(15, 1)": 793.0,
        "(15, 2)": 831.0,
        "(15, 3)": 779.0,
        "(15, 4)": 813.0,
        "(15, 5)": 808.0,
        "(15, 6)": 780.0,
        "(15, 7)": 803.0,
        "(15, 8)": 811.0,
        "(15, 9)": 775.0,
        "(16, 1)": 789.0,
        "(16, 2)": 820.0,
        "(16, 3)": 818.0,
        "(16, 4)": 777.0,
        "(16, 5)": 851.0,
        "(16, 6)": 784.0,
        "(16, 7)": 823.0,
        "(16, 8)": 793.0,