{
    "min_scaled_matching_probability": 0.738,
    "scaled_matching_probabilities": {
        "(0, 10)": 0.8019999999999999,
        "(0, 11)": 0.806,
        "(0, 12)": 0.8029999999999999,
        "(0, 13)": 0.8459999999999999,
        "(0, 14)": 0.7439999999999999,
        "(0, 15)": 0.7949999999999999,
        "(0, 16)": 0.811,
        "(0, 17)": 0.738,
        "(0, 18)": 0.796,
        "(0, 19)": 0.838,
        "(10, 1)": 0.829,
        "(10, 2)": 0.8409999999999999,
        "(10, 3)": 0.791,
        "(10, 4)": 0.7949999999999999,
        "(10, 5)": 0.811,
        "(10, 6)": 0.7539999999999999,
        "(10, 7)": 0.8039999999999999,
        "(10, 8)": 0.7749999999999999,
        "(10, 9)": 0.8099999999999999,
        "(11, 1)": 0.7779999999999999,
        "(11, 2)": 0.7839999999999999,
        "(11, 3)": 0.8119999999999999,
        "(11, 4)": 0.828,
        "(11, 5)": 0.838,
        "(11, 6)": 0.817,
        "(11, 7)": 0.7449999999999999,
        "(11, 8)": 0.8609999999999999,
        "(11, 9)": 0.7389999999999999,
        "(12, 1)": 0.8069999999999999,
        "(12, 2)": 0.746,
        "(12, 3)": 0.801,
        "(12, 4)": 0.7589999999999999,
        "(12, 5)": 0.786,
        "(12, 6)": 0.823,
        "(12, 7)": 0.8079999999999999,
        "(12, 8)": 0.814,
        "(12, 9)": 0.8019999999999999,
        "(13, 1)": 0.806,
        "(13, 2)": 0.8210000000000001,
        "(13, 3)": 0.7899999999999999,
        "(13, 4)": 0.7739999999999999,
        "(13, 5)": 0.772,
        "(13, 6)": 0.825,
        "(13, 7)": 0.7979999999999999,
        "(13, 8)": 0.756,
        "(13, 9)": 0.823,
        "(14, 1)": 0.7929999999999999,
        "(14, 2)": 0.813,
        "(14, 3)": 0.8079999999999999,
        "(14, 4)": 0.815,
        "(14, 5)": 0.7939999999999999,
        "(14, 6)": 0.829,
        "(14, 7)": 0.7839999999999999,
        "(14, 8)": 0.792,
        "(14, 9)": 0.777,
        "(15, 1)": 0.823,
        "(15, 2)": 0.82,
        "(15, 3)": 0.777,
        "(15, 4)": 0.758,
        "(15, 5)": 0.82,
        "(15, 6)": 0.813,
        "(15, 7)": 0.832,
        "(15, 8)": 0.7949999999999999,
        "(15, 9)": 0.8160000000000001,
        "(16, 1)": 0.7789999999999999,
        "(16, 2)": 0.7799999999999999,
        "(16, 3)": 0.7999999999999999,
        "(16, 4)": 0.8049999999999999,
        "(16, 5)": 0.7939999999999999,
        "(16, 6)": 0.8039999999999999,
        "(16, 7)": 0.787,
        "(16, 8)": 0.8069999999999999,
        "(16, 9)": 0.7969999999999999,
        "(17, 1)": 0.801,
        "(17, 2)": 0.772,
        "(17, 3)": 0.825,
        "(17, 4)": 0.8089999999999999,
        "(17, 5)": 0.756,
        "(17, 6)": 0.7929999999999999,
        "(17, 7)": 0.853,
        "(17, 8)": 0.7849999999999999,
        "(17, 9)": 0.837,
        "(18, 1)": 0.818,
        "(18, 2)": 0.781,
        "(18, 3)": 0.7749999999999999,
        "(18, 4)": 0.862,
        "(18, 5)": 0.8359999999999999,
        "(18, 6)": 0.801,
        "(18, 7)": 0.7899999999999999,
        "(18, 8)": 0.776,
        "(18, 9)": 0.8019999999999999,
        "(19, 1)": 0.7739999999999999,
        "(19, 2)": 0.827,
        "(19, 3)": 0.7789999999999999,
        "(19, 4)": 0.835,
        "(19, 5)": 0.835,
        "(19, 6)": 0.757,
        "(19, 7)": 0.776,
        "(19, 8)": 0.7739999999999999,
        "(19, 9)": 0.8049999999999999
    },
    "matching_probabilities": {
        "(0, 10)": 0.0802,
        "(0, 11)": 0.0806,
        "(0, 12)": 0.0803,
        "(0, 13)": 0.0846,
        "(0, 14)": 0.0744,
        "(0, 15)": 0.0795,
        "(0, 16)": 0.0811,
        "(0, 17)": 0.0738,
        "(0, 18)": 0.0796,
        "(0, 19)": 0.0838,
        "(10, 1)": 0.0829,
        "(10, 2)": 0.0841,
        "(10, 3)": 0.0791,
        "(10, 4)": 0.0795,
        "(10, 5)": 0.0811,
        "(10, 6)": 0.0754,
        "(10, 7)": 0.0804,
        "(10, 8)": 0.0775,
        "(10, 9)": 0.081,
        "(11, 1)": 0.0778,
        "(11, 2)": 0.0784,
        "(11, 3)": 0.0812,
        "(11, 4)": 0.0828,
        "(11, 5)": 0.0838,
        "(11, 6)": 0.0817,
        "(11, 7)": 0.0745,
        "(11, 8)": 0.0861,
        "(11, 9)": 0.0739,
        "(12, 1)": 0.0807,
        "(12, 2)": 0.0746,
        "(12, 3)": 0.0801,
        "(12, 4)": 0.0759,
        "(12, 5)": 0.0786,
        "(12, 6)": 0.0823,
        "(12, 7)": 0.0808,
        "(12, 8)": 0.0814,
        "(12, 9)": 0.0802,
        "(13, 1)": 0.0806,
        "(13, 2)": 0.0821,
        "(13, 3)": 0.079,
        "(13, 4)": 0.0774,
        "(13, 5)": 0.0772,
        "(13, 6)": 0.0825,
        "(13, 7)": 0.0798,
        "(13, 8)": 0.0756,
        "(13, 9)": 0.0823,
        "(14, 1)": 0.0793,
        "(14, 2)": 0.0813,
        "(14, 3)": 0.0808,
        "(14, 4)": 0.0815,
        "(14, 5)": 0.0794,
        "(14, 6)": 0.0829,
        "(14, 7)": 0.0784,
        "(14, 8)": 0.0792,
        "(14, 9)": 0.0777,
        "(15, 1)": 0.0823,
        "(15, 2)": 0.082,
        "(15, 3)": 0.0777,
        "(15, 4)": 0.0758,
        "(15, 5)": 0.082,
        "(15, 6)": 0.0813,
        "(15, 7)": 0.0832,
        "(15, 8)": 0.0795,
        "(15, 9)": 0.0816,
        "(16, 1)": 0.0779,
        "(16, 2)": 0.078,
        "(16, 3)": 0.08,
        "(16, 4)": 0.0805,
        "(16, 5)": 0.0794,
        "(16, 6)": 0.0804,
        "(16, 7)": 0.0787,
        "(16, 8)": 0.0807,
        "(16, 9)": 0.0797,
        "(17, 1)": 0.0801,
        "(17, 2)": 0.0772,
        "(17, 3)": 0.0825,
        "(17, 4)": 0.0809,
        "(17, 5)": 0.0756,
        "(17, 6)": 0.0793,
        "(17, 7)": 0.0853,
        "(17, 8)": 0.0785,
        "(17, 9)": 0.0837,
        "(18, 1)": 0.0818,
        "(18, 2)": 0.0781,
        "(18, 3)": 0.0775,
        "(18, 4)": 0.0862,
        "(18, 5)": 0.0836,
        "(18, 6)": 0.0801,
        "(18, 7)": 0.079,
        "(18, 8)": 0.0776,
        "(18, 9)": 0.0802,
        "(19, 1)": 0.0774,
        "(19, 2)": 0.0827,
        "(19, 3)": 0.0779,
        "(19, 4)": 0.0835,
        "(19, 5)": 0.0835,
        "(19, 6)": 0.0757,
        "(19, 7)": 0.0776,
        "(19, 8)": 0.0774,
        "(19, 9)": 0.0805
    },
    "matching_counts": {
        "(0, 10)": 802.0,
        "(0, 11)": 806.0,
        "(0, 12)": 803.0,
        "(0, 13)": 846.0,
        "(0, 14)": 744.0,
        "(0, 15)": 795.0,
        "(0, 16)": 811.0,
        "(0, 17)": 738.0,
        "(0, 18)": 796.0,
        "(0, 19)": 838.0,
        "(10, 1)": 829.0,
        "(10, 2)": 841.0,
        "(10, 3)": 791.0,
        "(10, 4)": 795.0,
        "(10, 5)": 811.0,
        "(10, 6)": 754.0,
        "(10, 7)": 804.0,
        "(10, 8)": 775.0,
        "(10, 9)": 810.0,
        "(11, 1)": 778.0,
        "(11, 2)": 784.0,
        "(11, 3)": 812.0,
        "(11, 4)": 828.0,
        "(11, 5)": 838.0,
        "(11, 6)": 817.0,
        "(11, 7)": 745.0,
        "(11, 8)": 861.0,
        "(11, 9)": 739.0,
        "(12, 1)": 807.0,
        "(12, 2)": 746.0,
        "(12, 3)": 801.0,
        "(12, 4)": 759.0,
        "(12, 5)": 786.0,
        "(12, 6)": 823.0,
        "(12, 7)": 808.0,
        "(12, 8)": 814.0,
        "(12, 9)": 802.0,
        "(13, 1)": 806.0,
        "(13, 2)": 821.0,
        "(13, 3)": 790.0,
        "(13, 4)": 774.0,
        "(13, 5)": 772.0,
        "(13, 6)": 825.0,
        "(13, 7)": 798.0,
        "(13, 8)": 756.0,
        "(13, 9)": 823.0,
        "(14, 1)": 793.0,
        "(14, 2)": 813.0,
        "(14, 3)": 808.0,
        "(14, 4)": 815.0,
        "(14, 5)": 794.0,
        "(14, 6)": 829.0,
        "(14, 7)": 784.0,
        "(14, 8)": 792.0,
        "(14, 9)": 777.0,
        "(15, 1)": 823.0,
        "(15, 2)": 820.0,
        "(15, 3)": 777.0,
        "(15, 4)": 758.0,
        "(15, 5)": 820.0,
        "(15, 6)": 813.0,
        "(15, 7)": 832.0,
        "(15, 8)": 795.0,
        "(15, 9)": 816.0,
        "(16, 1)": 779.0,
        "(16, 2)": 780.0,
        "(16, 3)": 800.0,
        "(16, 4)": 805.0,
        "(16, 5)": 794.0,
        "(16, 6)": 804.0,
        "(16, 7)": 787.0,
        "(16, 8)": 807.0,
        "(16, 9)": 797.0,