{
    "min_scaled_matching_probability": 0.146,
    "scaled_matching_probabilities": {
        "(0, 10)": 0.8909999999999999,
        "(0, 11)": 0.146,
        "(0, 12)": 0.7939999999999999,
        "(0, 13)": 0.817,
        "(0, 14)": 2.1519999999999997,
        "(0, 15)": 0.9059999999999999,
        "(0, 16)": 1.2579999999999998,
        "(0, 17)": 0.828,
        "(0, 18)": 1.1079999999999999,
        "(0, 19)": 0.716,
        "(10, 1)": 0.746,
        "(10, 2)": 1.3479999999999999,
        "(10, 3)": 2.034,
        "(10, 4)": 0.8029999999999999,
        "(10, 5)": 0.199,
        "(10, 6)": 1.3389999999999997,
        "(10, 7)": 0.853,
        "(10, 8)": 0.25499999999999995,
        "(10, 9)": 1.153,
        "(11, 1)": 0.867,
        "(11, 2)": 0.8210000000000001,
        "(11, 3)": 0.5439999999999999,
        "(11, 4)": 1.013,
        "(11, 5)": 1.018,
        "(11, 6)": 0.8089999999999999,
        "(11, 7)": 0.7739999999999999,
        "(11, 8)": 0.888,
        "(11, 9)": 1.807,
        "(12, 1)": 0.822,
        "(12, 2)": 1.132,
        "(12, 3)": 1.0059999999999998,
        "(12, 4)": 0.358,
        "(12, 5)": 2.461,
        "(12, 6)": 1.0799999999999998,
        "(12, 7)": 0.839,
        "(12, 8)": 0.7639999999999999,
        "(12, 9)": 0.26999999999999996,
        "(13, 1)": 0.907,
        "(13, 2)": 0.383,
        "(13, 3)": 1.567,
        "(13, 4)": 0.47600000000000003,
        "(13, 5)": 0.842,
        "(13, 6)": 1.077,
        "(13, 7)": 1.8229999999999997,
        "(13, 8)": 0.7939999999999999,
        "(13, 9)": 0.8039999999999999,
        "(14, 1)": 0.7789999999999999,
        "(14, 2)": 0.33799999999999997,
        "(14, 3)": 0.848,
        "(14, 4)": 0.8160000000000001,
        "(14, 5)": 0.791,
        "(14, 6)": 1.9409999999999998,
        "(14, 7)": 0.776,
        "(14, 8)": 0.801,
        "(14, 9)": 0.257,
        "(15, 1)": 0.188,
        "(15, 2)": 1.154,
        "(15, 3)": 0.776,
        "(15, 4)": 1.3900000000000001,
        "(15, 5)": 0.858,
        "(15, 6)": 0.83,
        "(15, 7)": 0.8699999999999999,
        "(15, 8)": 1.698,
        "(15, 9)": 0.9919999999999999,
        "(16, 1)": 0.9159999999999999,
        "(16, 2)": 0.842,
        "(16, 3)": 0.827,
        "(16, 4)": 0.811,
        "(16, 5)": 0.563,
        "(16, 6)": 0.792,
        "(16, 7)": 0.8759999999999999,
        "(16, 8)": 0.97,
        "(16, 9)": 0.791,
        "(17, 1)": 0.864,
        "(17, 2)": 0.825,
        "(17, 3)": 0.776,
        "(17, 4)": 0.8409999999999999,
        "(17, 5)": 0.9420000000000001,
        "(17, 6)": 0.15599999999999997,
        "(17, 7)": 0.43299999999999994,
        "(17, 8)": 1.18,
        "(17, 9)": 0.832,
        "(18, 1)": 1.105,
        "(18, 2)": 0.32899999999999996,
        "(18, 3)": 0.7849999999999999,
        "(18, 4)": 0.787,
        "(18, 5)": 0.83,
        "(18, 6)": 0.874,
        "(18, 7)": 1.312,
        "(18, 8)": 1.4999999999999998,
        "(18, 9)": 0.9859999999999999,
        "(19, 1)": 1.93,
        "(19, 2)": 0.9309999999999999,
        "(19, 3)": 0.346,
        "(19, 4)": 0.7969999999999999,
        "(19, 5)": 0.656,
        "(19, 6)": 0.822,
        "(19, 7)": 1.144,
        "(19, 8)": 0.424,
        "(19, 9)": 0.951
    },
    "matching_probabilities": {
        "(0, 10)": 0.0891,
        "(0, 11)": 0.0146,
        "(0, 12)": 0.0794,
        "(0, 13)": 0.0817,
        "(0, 14)": 0.2152,
        "(0, 15)": 0.0906,
        "(0, 16)": 0.1258,
        "(0, 17)": 0.0828,
        "(0, 18)": 0.1108,
        "(0, 19)": 0.0716,
        "(10, 1)": 0.0746,
        "(10, 2)": 0.1348,
        "(10, 3)": 0.2034,
        "(10, 4)": 0.0803,
        "(10, 5)": 0.0199,
        "(10, 6)": 0.1339,
        "(10, 7)": 0.0853,
        "(10, 8)": 0.0255,
        "(10, 9)": 0.1153,
        "(11, 1)": 0.0867,
        "(11, 2)": 0.0821,
        "(11, 3)": 0.0544,
        "(11, 4)": 0.1013,
        "(11, 5)": 0.1018,
        "(11, 6)": 0.0809,
        "(11, 7)": 0.0774,
        "(11, 8)": 0.0888,
        "(11, 9)": 0.1807,
        "(12, 1)": 0.0822,
        "(12, 2)": 0.1132,
        "(12, 3)": 0.1006,
        "(12, 4)": 0.0358,
        "(12, 5)": 0.2461,
        "(12, 6)": 0.108,
        "(12, 7)": 0.0839,
        "(12, 8)": 0.0764,
        "(12, 9)": 0.027,
        "(13, 1)": 0.0907,
        "(13, 2)": 0.0383,
        "(13, 3)": 0.1567,
        "(13, 4)": 0.0476,
        "(13, 5)": 0.0842,
        "(13, 6)": 0.1077,
        "(13, 7)": 0.1823,
        "(13, 8)": 0.0794,
        "(13, 9)": 0.0804,
        "(14, 1)": 0.0779,
        "(14, 2)": 0.0338,
        "(14, 3)": 0.0848,
        "(14, 4)": 0.0816,
        "(14, 5)": 0.0791,
        "(14, 6)": 0.1941,
        "(14, 7)": 0.0776,
        "(14, 8)": 0.0801,
        "(14, 9)": 0.0257,
        "(15, 1)": 0.0188,
        "(15, 2)": 0.1154,
        "(15, 3)": 0.0776,
        "(15, 4)": 0.139,
        "(15, 5)": 0.0858,
        "(15, 6)": 0.083,
        "(15, 7)": 0.087,
        "(15, 8)": 0.1698,
        "(15, 9)": 0.0992,
        "(16, 1)": 0.0916,
        "(16, 2)": 0.0842,
        "(16, 3)": 0.0827,
        "(16, 4)": 0.0811,
        "(16, 5)": 0.0563,
        "(16, 6)": 0.0792,
        "(16, 7)": 0.0876,
        "(16, 8)": 0.097,
        "(16, 9)": 0.0791,
        "(17, 1)": 0.0864,
        "(17, 2)": 0.0825,
        "(17, 3)": 0.0776,
        "(17, 4)": 0.0841,
        "(17, 5)": 0.0942,
        "(17, 6)": 0.0156,
        "(17, 7)": 0.0433,
        "(17, 8)": 0.118,
        "(17, 9)": 0.0832,
        "(18, 1)": 0.1105,
        "(18, 2)": 0.0329,
        "(18, 3)": 0.0785,
        "(18, 4)": 0.0787,
        "(18, 5)": 0.083,
        "(18, 6)": 0.0874,
        "(18, 7)": 0.1312,
        "(18, 8)": 0.15,
        "(18, 9)": 0.0986,
        "(19, 1)": 0.193,
        "(19, 2)": 0.0931,
        "(19, 3)": 0.0346,
        "(19, 4)": 0.0797,
        "(19, 5)": 0.0656,
        "(19, 6)": 0.0822,
        "(19, 7)": 0.1144,
        "(19, 8)": 0.0424,
        "(19, 9)": 0.0951
    },
    "matching_counts": {
        "(0, 10)": 891.0,
        "(0, 11)": 146.0,
        "(0, 12)": 794.0,
        "(0, 13)": 817.0,
        "(0, 14)": 2152.0,
        "(0, 15)": 906.0,
        "(0, 16)": 1258.0,
        "(0, 17)": 828.0,
        "(0, 18)": 1108.0,
        "(0, 19)": 716.0,
        "(10, 1)": 746.0,
        "(10, 2)": 1348.0,
        "(10, 3)": 2034.0,
        "(10, 4)": 803.0,
        "(10, 5)": 199.0,
        "(10, 6)": 1339.0,
        "(10, 7)": 853.0,
        "(10, 8)": 255.0,
        "(10, 9)": 1153.0,
        "(11, 1)": 867.0,
        "(11, 2)": 821.0,
        "(11, 3)": 544.0,
        "(11, 4)": 1013.0,
        "(11, 5)": 1018.0,
        "(11, 6)": 809.0,
        "(11, 7)": 774.0,
        "(11, 8)": 888.0,
        "(11, 9)": 1807.0,
        "(12, 1)": 822.0,
        "(12, 2)": 1132.0,
        "(12, 3)": 1006.0,
        "(12, 4)": 358.0,
        "(12, 5)": 2461.0,
        "(12, 6)": 1080.0,
        "(12, 7)": 839.0,
        "(12, 8)": 764.0,
        "(12, 9)": 270.0,
        "(13, 1)": 907.0,
        "(13, 2)": 383.0,
        "(13, 3)": 1567.0,
        "(13, 4)": 476.0,
        "(13, 5)": 842.0,
        "(13, 6)": 1077.0,
        "(13, 7)": 1823.0,
        "(13, 8)": 794.0,
        "(13, 9)": 804.0,
        "(14, 1)": 779.0,
        "(14, 2)": 338.0,
        "(14, 3)": 848.0,
        "(14, 4)": 816.0,
        "(14, 5)": 791.0,
        "(14, 6)": 1941.0,
        "(14, 7)": 776.0,
        "(14, 8)": 801.0,
        "(14, 9)": 257.0,
        "(15, 1)": 188.0,
        "(15, 2)": 1154.0,
        "(15, 3)": 776.0,
        "(15, 4)": 1390.0,
        "(15, 5)": 858.0,
        "(15, 6)": 830.0,
        "(15, 7)": 870.0,
        "(15, 8)": 1698.0,
        "(15, 9)": 992.0,
        "(16, 1)": 916.0,
        "(16, 2)": 842.0,
        "(16, 3)": 827.0,
        "(16, 4)": 811.0,
        "(16, 5)": 563.0,
        "(16, 6)": 792.0,
        "(16, 7)": 876.0,
        "(16, 8)": 970.0,
        "(16, 9)": 791.0,
        "(17, 1)": 864.0,
        "(17, 2)": 825.0,
        "(17, 3)": 776.0,