{
    "min_scaled_matching_probability": 0.68,
    "scaled_matching_probabilities": {
        "(0, 10)": 0.7349999999999999,
        "(0, 11)": 0.762,
        "(0, 12)": 0.68,
        "(0, 13)": 0.766,
        "(0, 14)": 0.763,
        "(0, 15)": 0.766,
        "(0, 16)": 0.722,
        "(0, 17)": 0.7839999999999999,
        "(0, 18)": 0.7489999999999999,
        "(0, 19)": 0.7749999999999999,
        "(10, 1)": 0.753,
        "(10, 2)": 0.7049999999999998,
        "(10, 3)": 0.726,
        "(10, 4)": 0.7899999999999999,
        "(10, 5)": 0.7449999999999999,
        "(10, 6)": 0.761,
        "(10, 7)": 0.7929999999999999,
        "(10, 8)": 0.7499999999999999,
        "(10, 9)": 0.727,
        "(11, 1)": 0.761,
        "(11, 2)": 0.767,
        "(11, 3)": 0.791,
        "(11, 4)": 0.703,
        "(11, 5)": 0.736,
        "(11, 6)": 0.7639999999999999,
        "(11, 7)": 0.772,
        "(11, 8)": 0.734,
        "(11, 9)": 0.742,
        "(12, 1)": 0.701,
        "(12, 2)": 0.763,
        "(12, 3)": 0.8029999999999999,
        "(12, 4)": 0.762,
        "(12, 5)": 0.7779999999999999,
        "(12, 6)": 0.743,
        "(12, 7)": 0.7539999999999999,
        "(12, 8)": 0.743,
        "(12, 9)": 0.7879999999999999,
        "(13, 1)": 0.746,
        "(13, 2)": 0.7749999999999999,
        "(13, 3)": 0.7589999999999999,
        "(13, 4)": 0.776,
        "(13, 5)": 0.7599999999999999,
        "(13, 6)": 0.731,
        "(13, 7)": 0.722,
        "(13, 8)": 0.746,
        "(13, 9)": 0.734,
        "(14, 1)": 0.747,
        "(14, 2)": 0.7589999999999999,
        "(14, 3)": 0.737,
        "(14, 4)": 0.7639999999999999,
        "(14, 5)": 0.716,
        "(14, 6)": 0.7639999999999999,
        "(14, 7)": 0.7199999999999999,
        "(14, 8)": 0.752,
        "(14, 9)": 0.7929999999999999,
        "(15, 1)": 0.6869999999999999,
        "(15, 2)": 0.7969999999999999,
        "(15, 3)": 0.734,
        "(15, 4)": 0.734,
        "(15, 5)": 0.688,
        "(15, 6)": 0.7589999999999999,
        "(15, 7)": 0.7439999999999999,
        "(15, 8)": 0.7739999999999999,
        "(15, 9)": 0.756,
        "(16, 1)": 0.742,
        "(16, 2)": 0.717,
        "(16, 3)": 0.7639999999999999,
        "(16, 4)": 0.7789999999999999,
        "(16, 5)": 0.7589999999999999,
        "(16, 6)": 0.792,
        "(16, 7)": 0.743,
        "(16, 8)": 0.753,
        "(16, 9)": 0.7889999999999999,
        "(17, 1)": 0.743,
        "(17, 2)": 0.7979999999999999,
        "(17, 3)": 0.7149999999999999,
        "(17, 4)": 0.723,
        "(17, 5)": 0.748,
        "(17, 6)": 0.787,
        "(17, 7)": 0.762,
        "(17, 8)": 0.701,
        "(17, 9)": 0.7649999999999999,
        "(18, 1)": 0.7779999999999999,
        "(18, 2)": 0.698,
        "(18, 3)": 0.758,
        "(18, 4)": 0.7889999999999999,
        "(18, 5)": 0.7599999999999999,
        "(18, 6)": 0.748,
        "(18, 7)": 0.7499999999999999,
        "(18, 8)": 0.7589999999999999,
        "(18, 9)": 0.733,
        "(19, 1)": 0.771,
        "(19, 2)": 0.719,
        "(19, 3)": 0.7349999999999999,
        "(19, 4)": 0.708,
        "(19, 5)": 0.776,
        "(19, 6)": 0.7349999999999999,
        "(19, 7)": 0.732,
        "(19, 8)": 0.746,
        "(19, 9)": 0.751
    },
    "matching_probabilities": {
        "(0, 10)": 0.0735,
        "(0, 11)": 0.0762,
        "(0, 12)": 0.068,
        "(0, 13)": 0.0766,
        "(0, 14)": 0.0763,
        "(0, 15)": 0.0766,
        "(0, 16)": 0.0722,
        "(0, 17)": 0.0784,
        "(0, 18)": 0.0749,
        "(0, 19)": 0.0775,
        "(10, 1)": 0.0753,
        "(10, 2)": 0.0705,
        "(10, 3)": 0.0726,
        "(10, 4)": 0.079,
        "(10, 5)": 0.0745,
        "(10, 6)": 0.0761,
        "(10, 7)": 0.0793,
        "(10, 8)": 0.075,
        "(10, 9)": 0.0727,
        "(11, 1)": 0.0761,
        "(11, 2)": 0.0767,
        "(11, 3)": 0.0791,
        "(11, 4)": 0.0703,
        "(11, 5)": 0.0736,
        "(11, 6)": 0.0764,
        "(11, 7)": 0.0772,
        "(11, 8)": 0.0734,
        "(11, 9)": 0.0742,
        "(12, 1)": 0.0701,
        "(12, 2)": 0.0763,
        "(12, 3)": 0.0803,
        "(12, 4)": 0.0762,
        "(12, 5)": 0.0778,
        "(12, 6)": 0.0743,
        "(12, 7)": 0.0754,
        "(12, 8)": 0.0743,
        "(12, 9)": 0.0788,
        "(13, 1)": 0.0746,
        "(13, 2)": 0.0775,
        "(13, 3)": 0.0759,
        "(13, 4)": 0.0776,
        "(13, 5)": 0.076,
        "(13, 6)": 0.0731,
        "(13, 7)": 0.0722,
        "(13, 8)": 0.0746,
        "(13, 9)": 0.0734,
        "(14, 1)": 0.0747,
        "(14, 2)": 0.0759,
        "(14, 3)": 0.0737,
        "(14, 4)": 0.0764,
        "(14, 5)": 0.0716,
        "(14, 6)": 0.0764,
        "(14, 7)": 0.072,
        "(14, 8)": 0.0752,
        "(14, 9)": 0.0793,
        "(15, 1)": 0.0687,
        "(15, 2)": 0.0797,
        "(15, 3)": 0.0734,
        "(15, 4)": 0.0734,
        "(15, 5)": 0.0688,
        "(15, 6)": 0.0759,
        "(15, 7)": 0.0744,
        "(15, 8)": 0.0774,
        "(15, 9)": 0.0756,
        "(16, 1)": 0.0742,
        "(16, 2)": 0.0717,
        "(16, 3)": 0.0764,
        "(16, 4)": 0.0779,
        "(16, 5)": 0.0759,
        "(16, 6)": 0.0792,
        "(16, 7)": 0.0743,
        "(16, 8)": 0.0753,
        "(16, 9)": 0.0789,
        "(17, 1)": 0.0743,
        "(17, 2)": 0.0798,
        "(17, 3)": 0.0715,
        "(17, 4)": 0.0723,
        "(17, 5)": 0.0748,
        "(17, 6)": 0.0787,
        "(17, 7)": 0.0762,
        "(17, 8)": 0.0701,
        "(17, 9)": 0.0765,
        "(18, 1)": 0.0778,
        "(18, 2)": 0.0698,
        "(18, 3)": 0.0758,
        "(18, 4)": 0.0789,
        "(18, 5)": 0.076,
        "(18, 6)": 0.0748,
        "(18, 7)": 0.075,
        "(18, 8)": 0.0759,
        "(18, 9)": 0.0733,
        "(19, 1)": 0.0771,
        "(19, 2)": 0.0719,
        "(19, 3)": 0.0735,
        "(19, 4)": 0.0708,
        "(19, 5)": 0.0776,
        "(19, 6)": 0.0735,
        "(19, 7)": 0.0732,
        "(19, 8)": 0.0746,
        "(19, 9)": 0.0751
    },
    "matching_counts": {
        "(0, 10)": 735.0,
        "(0, 11)": 762.0,
        "(0, 12)": 680.0,
        "(0, 13)": 766.0,
        "(0, 14)": 763.0,
        "(0, 15)": 766.0,
        "(0, 16)": 722.0,
        "(0, 17)": 784.0,
        "(0, 18)": 749.0,
        "(0, 19)": 775.0,
        "(10, 1)": 753.0,
        "(10, 2)": 705.0,
        "(10, 3)": 726.0,
        "(10, 4)": 790.0,
        "(10, 5)": 745.0,
        "(10, 6)": 761.0,
        "(10, 7)": 793.0,
        "(10, 8)": 750.0,
        "(10, 9)": 727.0,
        "(11, 1)": 761.0,
        "(11, 2)": 767.0,
        "(11, 3)": 791.0,
        "(11, 4)": 703.0,
        "(11, 5)": 736.0,
        "(11, 6)": 764.0,
        "(11, 7)": 772.0,
        "(11, 8)": 734.0,
        "(11, 9)": 742.0,
        "(12, 1)": 701.0,
        "(12, 2)": 763.0,
        "(12, 3)": 803.0,
        "(12, 4)": 762.0,
        "(12, 5)": 778.0,
        "(12, 6)": 743.0,
        "(12, 7)": 754.0,
        "(12, 8)": 743.0,
        "(12, 9)": 788.0,
        "(13, 1)": 746.0,
        "(13, 2)": 775.0,
        "(13, 3)": 759.0,
        "(13, 4)": 776.0,
        "(13, 5)": 760.0,
        "(13, 6)": 731.0,
        "(13, 7)": 722.0,
        "(13, 8)": 746.0,
        "(13, 9)": 734.0,
        "(14, 1)": 747.0,
        "(14, 2)": 759.0,
        "(14, 3)": 737.0,
        "(14, 4)": 764.0,
        "(14, 5)": 716.0,
        "(14, 6)": 764.0,
        "(14, 7)": 720.0,
        "(14, 8)": 752.0,
        "(14, 9)": 793.0,
        "(15, 1)": 687.0,
        "(15, 2)": 797.0,
        "(15, 3)": 734.0,
        "(15, 4)": 734.0,
        "(15, 5)": 688.0,
        "(15, 6)": 759.0,
        "(15, 7)": 744.0,
        "(15, 8)": 774.0,
        "(15, 9)": 756.0,
        "(16, 1)": 742.0,
        "(16, 2)": 717.0,
        "(16, 3)": 764.0,
        "(16, 4)": 779.0,
        "(16, 5)": 759.0,
        "(16, 6)": 792.0,
        "(16, 7)": 743.0,
        "(16, 8)": 753.0,
        "(16, 9)": 789.0,
        "(17, 1)": 743.0,
        "(17, 2)": 798.0,
        "(17, 3)": 715.0,
        "(17, 4)": 723.0,