{
    "min_scaled_matching_probability": 0.128,
    "scaled_matching_probabilities": {
        "(0, 10)": 0.766,
        "(0, 11)": 0.17099999999999999,
        "(0, 12)": 1.605,
        "(0, 13)": 1.456,
        "(0, 14)": 0.83,
        "(0, 15)": 0.811,
        "(0, 16)": 1.2469999999999999,
        "(0, 17)": 1.254,
        "(0, 18)": 0.6439999999999999,
        "(0, 19)": 0.849,
        "(10, 1)": 1.3379999999999999,
        "(10, 2)": 0.888,
        "(10, 3)": 0.943,
        "(10, 4)": 0.988,
        "(10, 5)": 0.7639999999999999,
        "(10, 6)": 1.283,
        "(10, 7)": 1.3279999999999998,
        "(10, 8)": 0.818,
        "(10, 9)": 0.32199999999999995,
        "(11, 1)": 1.333,
        "(11, 2)": 1.075,
        "(11, 3)": 0.7689999999999999,
        "(11, 4)": 0.504,
        "(11, 5)": 0.8309999999999998,
        "(11, 6)": 1.573,
        "(11, 7)": 0.985,
        "(11, 8)": 1.011,
        "(11, 9)": 0.8119999999999999,
        "(12, 1)": 0.833,
        "(12, 2)": 0.8089999999999999,
        "(12, 3)": 0.34,
        "(12, 4)": 0.393,
        "(12, 5)": 1.962,
        "(12, 6)": 0.845,
        "(12, 7)": 1.303,
        "(12, 8)": 0.128,
        "(12, 9)": 0.801,
        "(13, 1)": 0.617,
        "(13, 2)": 1.398,
        "(13, 3)": 0.776,
        "(13, 4)": 0.7839999999999999,
        "(13, 5)": 0.5449999999999999,
        "(13, 6)": 0.514,
        "(13, 7)": 0.949,
        "(13, 8)": 0.835,
        "(13, 9)": 0.852,
        "(14, 1)": 0.8099999999999999,
        "(14, 2)": 0.34099999999999997,
        "(14, 3)": 0.9109999999999999,
        "(14, 4)": 2.158,
        "(14, 5)": 0.776,
        "(14, 6)": 0.945,
        "(14, 7)": 0.859,
        "(14, 8)": 0.963,
        "(14, 9)": 0.506,
        "(15, 1)": 0.8799999999999999,
        "(15, 2)": 0.8709999999999999,
        "(15, 3)": 0.21,
        "(15, 4)": 0.852,
        "(15, 5)": 1.988,
        "(15, 6)": 0.9619999999999999,
        "(15, 7)": 0.823,
        "(15, 8)": 1.017,
        "(15, 9)": 0.845,
        "(16, 1)": 0.833,
        "(16, 2)": 1.2759999999999998,
        "(16, 3)": 1.7409999999999999,
        "(16, 4)": 0.39999999999999997,
        "(16, 5)": 0.792,
        "(16, 6)": 0.8160000000000001,
        "(16, 7)": 0.8039999999999999,
        "(16, 8)": 1.2790000000000001,
        "(16, 9)": 0.333,
        "(17, 1)": 0.787,
        "(17, 2)": 1.012,
        "(17, 3)": 1.926,
        "(17, 4)": 0.8069999999999999,
        "(17, 5)": 0.22899999999999998,
        "(17, 6)": 1.089,
        "(17, 7)": 0.7999999999999999,
        "(17, 8)": 0.878,
        "(17, 9)": 0.9239999999999999,
        "(18, 1)": 0.461,
        "(18, 2)": 0.8699999999999999,
        "(18, 3)": 0.9049999999999999,
        "(18, 4)": 1.1369999999999998,
        "(18, 5)": 0.855,
        "(18, 6)": 0.8069999999999999,
        "(18, 7)": 0.6329999999999999,
        "(18, 8)": 0.7889999999999999,
        "(18, 9)": 1.8179999999999998,
        "(19, 1)": 0.9859999999999999,
        "(19, 2)": 0.7699999999999999,
        "(19, 3)": 0.7449999999999999,
        "(19, 4)": 0.902,
        "(19, 5)": 0.989,
        "(19, 6)": 0.306,
        "(19, 7)": 0.858,
        "(19, 8)": 1.5879999999999999,
        "(19, 9)": 0.9959999999999999
    },
    "matching_probabilities": {
        "(0, 10)": 0.0766,
        "(0, 11)": 0.0171,
        "(0, 12)": 0.1605,
        "(0, 13)": 0.1456,
        "(0, 14)": 0.083,
        "(0, 15)": 0.0811,
        "(0, 16)": 0.1247,
        "(0, 17)": 0.1254,
        "(0, 18)": 0.0644,
        "(0, 19)": 0.0849,
        "(10, 1)": 0.1338,
        "(10, 2)": 0.0888,
        "(10, 3)": 0.0943,
        "(10, 4)": 0.0988,
        "(10, 5)": 0.0764,
        "(10, 6)": 0.1283,
        "(10, 7)": 0.1328,
        "(10, 8)": 0.0818,
        "(10, 9)": 0.0322,
        "(11, 1)": 0.1333,
        "(11, 2)": 0.1075,
        "(11, 3)": 0.0769,
        "(11, 4)": 0.0504,
        "(11, 5)": 0.0831,
        "(11, 6)": 0.1573,
        "(11, 7)": 0.0985,
        "(11, 8)": 0.1011,
        "(11, 9)": 0.0812,
        "(12, 1)": 0.0833,
        "(12, 2)": 0.0809,
        "(12, 3)": 0.034,
        "(12, 4)": 0.0393,
        "(12, 5)": 0.1962,
        "(12, 6)": 0.0845,
        "(12, 7)": 0.1303,
        "(12, 8)": 0.0128,
        "(12, 9)": 0.0801,
        "(13, 1)": 0.0617,
        "(13, 2)": 0.1398,
        "(13, 3)": 0.0776,
        "(13, 4)": 0.0784,
        "(13, 5)": 0.0545,
        "(13, 6)": 0.0514,
        "(13, 7)": 0.0949,
        "(13, 8)": 0.0835,
        "(13, 9)": 0.0852,
        "(14, 1)": 0.081,
        "(14, 2)": 0.0341,
        "(14, 3)": 0.0911,
        "(14, 4)": 0.2158,
        "(14, 5)": 0.0776,
        "(14, 6)": 0.0945,
        "(14, 7)": 0.0859,
        "(14, 8)": 0.0963,
        "(14, 9)": 0.0506,
        "(15, 1)": 0.088,
        "(15, 2)": 0.0871,
        "(15, 3)": 0.021,
        "(15, 4)": 0.0852,
        "(15, 5)": 0.1988,
        "(15, 6)": 0.0962,
        "(15, 7)": 0.0823,
        "(15, 8)": 0.1017,
        "(15, 9)": 0.0845,
        "(16, 1)": 0.0833,
        "(16, 2)": 0.1276,
        "(16, 3)": 0.1741,
        "(16, 4)": 0.04,
        "(16, 5)": 0.0792,
        "(16, 6)": 0.0816,
        "(16, 7)": 0.0804,
        "(16, 8)": 0.1279,
        "(16, 9)": 0.0333,
        "(17, 1)": 0.0787,
        "(17, 2)": 0.1012,
        "(17, 3)": 0.1926,
        "(17, 4)": 0.0807,
        "(17, 5)": 0.0229,
        "(17, 6)": 0.1089,
        "(17, 7)": 0.08,
        "(17, 8)": 0.0878,
        "(17, 9)": 0.0924,
        "(18, 1)": 0.0461,
        "(18, 2)": 0.087,
        "(18, 3)": 0.0905,
        "(18, 4)": 0.1137,
        "(18, 5)": 0.0855,
        "(18, 6)": 0.0807,
        "(18, 7)": 0.0633,
        "(18, 8)": 0.0789,
        "(18, 9)": 0.1818,
        "(19, 1)": 0.0986,
        "(19, 2)": 0.077,
        "(19, 3)": 0.0745,
        "(19, 4)": 0.0902,
        "(19, 5)": 0.0989,
        "(19, 6)": 0.0306,
        "(19, 7)": 0.0858,
        "(19, 8)": 0.1588,
        "(19, 9)": 0.0996
    },
    "matching_counts": {
        "(0, 10)": 766.0,
        "(0, 11)": 171.0,
        "(0, 12)": 1605.0,
        "(0, 13)": 1456.0,
        "(0, 14)": 830.0,
        "(0, 15)": 811.0,
        "(0, 16)": 1247.0,
        "(0, 17)": 1254.0,
        "(0, 18)": 644.0,
        "(0, 19)": 849.0,
        "(10, 1)": 1338.0,
        "(10, 2)": 888.0,
        "(10, 3)": 943.0,
        "(10, 4)": 988.0,
        "(10, 5)": 764.0,
        "(10, 6)": 1283.0,
        "(10, 7)": 1328.0,
        "(10, 8)": 818.0,
        "(10, 9)": 322.0,
        "(11, 1)": 1333.0,
        "(11, 2)": 1075.0,
        "(11, 3)": 769.0,
        "(11, 4)": 504.0,
        "(11, 5)": 831.0,
        "(11, 6)": 1573.0,
        "(11, 7)": 985.0,
        "(11, 8)": 1011.0,
        "(11, 9)": 812.0,
        "(12, 1)": 833.0,
        "(12, 2)": 809.0,
        "(12, 3)": 340.0,
        "(12, 4)": 393.0,
        "(12, 5)": 1962.0,
        "(12, 6)": 845.0,
        "(12, 7)": 1303.0,
        "(12, 8)": 128.0,
        "(12, 9)": 801.0,
        "(13, 1)": 617.0,
        "(13, 2)": 1398.0,
        "(13, 3)": 776.0,
        "(13, 4)": 784.0,
        "(13, 5)": 545.0,
        "(13, 6)": 514.0,
        "(13, 7)": 949.0,
        "(13, 8)": 835.0,
        "(13, 9)": 852.0,
        "(14, 1)": 810.0,
        "(14, 2)": 341.0,
        "(14, 3)": 911.0,
        "(14, 4)": 2158.0,
        "(14, 5)": 776.0,
        "(14, 6)": 945.0,
        "(14, 7)": 859.0,
        "(14, 8)": 963.0,
        "(14, 9)": 506.0,
        "(15, 1)": 880.0,
        "(15, 2)": 871.0,
        "(15, 3)": 210.0,
        "(15, 4)": 852.0,
        "(15, 5)": 1988.0,
        "(15, 6)": 962.0,
        "(15, 7)": 823.0,
        "(15, 8)": 1017.0,
        "(15, 9)": 845.0,
        "(16, 1)": 833.0,
        "(16, 2)": 1276.0,
        "(16, 3)": 1741.0,
        "(16, 4)": 400.0,
        "(16, 5)": 792.0,
        "(16, 6)": 816.0,
        "(16, 7)": 804.0,
        "(16, 8)": 1279.0,
        "(16, 9)": 333.0,
        "(17, 1)": 787.0,
        "(17, 2)": 1012.0,
        "(17, 3)": 1926.0,