{
    "min_scaled_matching_probability": 0.29,
    "scaled_matching_probabilities": {
        "(0, 10)": 1.009,
        "(0, 11)": 0.32699999999999996,
        "(0, 12)": 1.062,
        "(0, 13)": 1.01,
        "(0, 14)": 1.0,
        "(0, 15)": 1.008,
        "(0, 16)": 0.955,
        "(0, 17)": 0.9919999999999999,
        "(0, 18)": 0.848,
        "(0, 19)": 1.005,
        "(10, 1)": 1.053,
        "(10, 2)": 1.038,
        "(10, 3)": 1.005,
        "(10, 4)": 0.9969999999999999,
        "(10, 5)": 0.988,
        "(10, 6)": 0.993,
        "(10, 7)": 0.9420000000000001,
        "(10, 8)": 0.9420000000000001,
        "(10, 9)": 0.39899999999999997,
        "(11, 1)": 1.004,
        "(11, 2)": 1.004,
        "(11, 3)": 1.007,
        "(11, 4)": 0.602,
        "(11, 5)": 1.005,
        "(11, 6)": 1.022,
        "(11, 7)": 0.918,
        "(11, 8)": 0.976,
        "(11, 9)": 0.999,
        "(12, 1)": 0.961,
        "(12, 2)": 0.983,
        "(12, 3)": 0.7199999999999999,
        "(12, 4)": 0.484,
        "(12, 5)": 1.007,
        "(12, 6)": 1.053,
        "(12, 7)": 1.039,
        "(12, 8)": 0.29,
        "(12, 9)": 0.9859999999999999,
        "(13, 1)": 0.459,
        "(13, 2)": 0.998,
        "(13, 3)": 0.94,
        "(13, 4)": 1.041,
        "(13, 5)": 0.867,
        "(13, 6)": 0.506,
        "(13, 7)": 0.985,
        "(13, 8)": 1.039,
        "(13, 9)": 0.9919999999999999,
        "(14, 1)": 0.9969999999999999,
        "(14, 2)": 0.328,
        "(14, 3)": 1.0059999999999998,
        "(14, 4)": 0.9909999999999999,
        "(14, 5)": 1.0059999999999998,
        "(14, 6)": 0.979,
        "(14, 7)": 1.034,
        "(14, 8)": 0.988,
        "(14, 9)": 0.45299999999999996,
        "(15, 1)": 0.8099999999999999,
        "(15, 2)": 0.9719999999999999,
        "(15, 3)": 0.293,
        "(15, 4)": 0.989,
        "(15, 5)": 0.9859999999999999,
        "(15, 6)": 0.9819999999999999,
        "(15, 7)": 1.017,
        "(15, 8)": 1.031,
        "(15, 9)": 0.979,
        "(16, 1)": 1.012,
        "(16, 2)": 0.9959999999999999,
        "(16, 3)": 1.023,
        "(16, 4)": 0.734,
        "(16, 5)": 1.045,
        "(16, 6)": 0.985,
        "(16, 7)": 1.012,
        "(16, 8)": 0.976,
        "(16, 9)": 0.501,
        "(17, 1)": 1.031,
        "(17, 2)": 0.9569999999999999,
        "(17, 3)": 1.012,
        "(17, 4)": 1.014,
        "(17, 5)": 0.348,
        "(17, 6)": 0.989,
        "(17, 7)": 0.9769999999999999,
        "(17, 8)": 1.015,
        "(17, 9)": 1.002,
        "(18, 1)": 0.45999999999999996,
        "(18, 2)": 1.034,
        "(18, 3)": 1.005,
        "(18, 4)": 0.999,
        "(18, 5)": 0.9919999999999999,
        "(18, 6)": 1.003,
        "(18, 7)": 0.46499999999999997,
        "(18, 8)": 1.001,
        "(18, 9)": 1.01,
        "(19, 1)": 1.0399999999999998,
        "(19, 2)": 0.949,
        "(19, 3)": 0.9669999999999999,
        "(19, 4)": 0.963,
        "(19, 5)": 1.025,
        "(19, 6)": 0.305,
        "(19, 7)": 0.954,
        "(19, 8)": 0.98,
        "(19, 9)": 1.047
    },
    "matching_probabilities": {
        "(0, 10)": 0.1009,
        "(0, 11)": 0.0327,
        "(0, 12)": 0.1062,
        "(0, 13)": 0.101,
        "(0, 14)": 0.1,
        "(0, 15)": 0.1008,
        "(0, 16)": 0.0955,
        "(0, 17)": 0.0992,
        "(0, 18)": 0.0848,
        "(0, 19)": 0.1005,
        "(10, 1)": 0.1053,
        "(10, 2)": 0.1038,
        "(10, 3)": 0.1005,
        "(10, 4)": 0.0997,
        "(10, 5)": 0.0988,
        "(10, 6)": 0.0993,
        "(10, 7)": 0.0942,
        "(10, 8)": 0.0942,
        "(10, 9)": 0.0399,
        "(11, 1)": 0.1004,
        "(11, 2)": 0.1004,
        "(11, 3)": 0.1007,
        "(11, 4)": 0.0602,
        "(11, 5)": 0.1005,
        "(11, 6)": 0.1022,
        "(11, 7)": 0.0918,
        "(11, 8)": 0.0976,
        "(11, 9)": 0.0999,
        "(12, 1)": 0.0961,
        "(12, 2)": 0.0983,
        "(12, 3)": 0.072,
        "(12, 4)": 0.0484,
        "(12, 5)": 0.1007,
        "(12, 6)": 0.1053,
        "(12, 7)": 0.1039,
        "(12, 8)": 0.029,
        "(12, 9)": 0.0986,
        "(13, 1)": 0.0459,
        "(13, 2)": 0.0998,
        "(13, 3)": 0.094,
        "(13, 4)": 0.1041,
        "(13, 5)": 0.0867,
        "(13, 6)": 0.0506,
        "(13, 7)": 0.0985,
        "(13, 8)": 0.1039,
        "(13, 9)": 0.0992,
        "(14, 1)": 0.0997,
        "(14, 2)": 0.0328,
        "(14, 3)": 0.1006,
        "(14, 4)": 0.0991,
        "(14, 5)": 0.1006,
        "(14, 6)": 0.0979,
        "(14, 7)": 0.1034,
        "(14, 8)": 0.0988,
        "(14, 9)": 0.0453,
        "(15, 1)": 0.081,
        "(15, 2)": 0.0972,
        "(15, 3)": 0.0293,
        "(15, 4)": 0.0989,
        "(15, 5)": 0.0986,
        "(15, 6)": 0.0982,
        "(15, 7)": 0.1017,
        "(15, 8)": 0.1031,
        "(15, 9)": 0.0979,
        "(16, 1)": 0.1012,
        "(16, 2)": 0.0996,
        "(16, 3)": 0.1023,
        "(16, 4)": 0.0734,
        "(16, 5)": 0.1045,
        "(16, 6)": 0.0985,
        "(16, 7)": 0.1012,
        "(16, 8)": 0.0976,
        "(16, 9)": 0.0501,
        "(17, 1)": 0.1031,
        "(17, 2)": 0.0957,
        "(17, 3)": 0.1012,
        "(17, 4)": 0.1014,
        "(17, 5)": 0.0348,
        "(17, 6)": 0.0989,
        "(17, 7)": 0.0977,
        "(17, 8)": 0.1015,
        "(17, 9)": 0.1002,
        "(18, 1)": 0.046,
        "(18, 2)": 0.1034,
        "(18, 3)": 0.1005,
        "(18, 4)": 0.0999,
        "(18, 5)": 0.0992,
        "(18, 6)": 0.1003,
        "(18, 7)": 0.0465,
        "(18, 8)": 0.1001,
        "(18, 9)": 0.101,
        "(19, 1)": 0.104,
        "(19, 2)": 0.0949,
        "(19, 3)": 0.0967,
        "(19, 4)": 0.0963,
        "(19, 5)": 0.1025,
        "(19, 6)": 0.0305,
        "(19, 7)": 0.0954,
        "(19, 8)": 0.098,
        "(19, 9)": 0.1047
    },
    "matching_counts": {
        "(0, 10)": 1009.0,
        "(0, 11)": 327.0,
        "(0, 12)": 1062.0,
        "(0, 13)": 1010.0,
        "(0, 14)": 1000.0,
        "(0, 15)": 1008.0,
        "(0, 16)": 955.0,
        "(0, 17)": 992.0,
        "(0, 18)": 848.0,
        "(0, 19)": 1005.0,
        "(10, 1)": 1053.0,
        "(10, 2)": 1038.0,
        "(10, 3)": 1005.0,
        "(10, 4)": 997.0,
        "(10, 5)": 988.0,
        "(10, 6)": 993.0,
        "(10, 7)": 942.0,
        "(10, 8)": 942.0,
        "(10, 9)": 399.0,
        "(11, 1)": 1004.0,
        "(11, 2)": 1004.0,
        "(11, 3)": 1007.0,
        "(11, 4)": 602.0,
        "(11, 5)": 1005.0,
        "(11, 6)": 1022.0,
        "(11, 7)": 918.0,
        "(11, 8)": 976.0,
        "(11, 9)": 999.0,
        "(12, 1)": 961.0,
        "(12, 2)": 983.0,
        "(12, 3)": 720.0,
        "(12, 4)": 484.0,
        "(12, 5)": 1007.0,
        "(12, 6)": 1053.0,
        "(12, 7)": 1039.0,
        "(12, 8)": 290.0,
        "(12, 9)": 986.0,
        "(13, 1)": 459.0,
        "(13, 2)": 998.0,
        "(13, 3)": 940.0,
        "(13, 4)": 1041.0,
        "(13, 5)": 867.0,
        "(13, 6)": 506.0,
        "(13, 7)": 985.0,
        "(13, 8)": 1039.0,
        "(13, 9)": 992.0,
        "(14, 1)": 997.0,
        "(14, 2)": 328.0,
        "(14, 3)": 1006.0,
        "(14, 4)": 991.0,
        "(14, 5)": 1006.0,
        "(14, 6)": 979.0,
        "(14, 7)": 1034.0,
        "(14, 8)": 988.0,
        "(14, 9)": 453.0,
        "(15, 1)": 810.0,
        "(15, 2)": 972.0,
        "(15, 3)": 293.0,
        "(15, 4)": 989.0,
        "(15, 5)": 986.0,
        "(15, 6)": 982.0,
        "(15, 7)": 1017.0,
        "(15, 8)": 1031.0,
        "(15, 9)": 979.0,
        "(16, 1)": 1012.0,
        "(16, 2)": 996.0,
        "(16, 3)": 1023.0,
        "(16, 4)": 734.0,
        "(16, 5)": 1045.0,
        "(16, 6)": 985.0,
        "(16, 7)": 1012.0,
        "(16, 8)": 976.0,
        "(16, 9)": 501.0,
        "(17, 1)": 1031.0,
        "(17, 2)": 957.0,
        "(17, 3)": 1012.0,
        "(17, 4)": 1014.0,
        "(17, 5)": 348.0,
        "(17, 6)": 989.0,
        "(17, 7)": 977.0,
        "(17, 8)": 1015.0,
        "(17, 9)": 1002.0,
        "(18, 1)": 460.0,
        "(18, 2)": 1034.0,