{
    "min_scaled_matching_probability": 0.5643000000000001,
    "scaled_matching_probabilities": {
        "(0, 1)": 0.5822999999999999,
        "(0, 2)": 0.5895,
        "(0, 3)": 0.6093,
        "(0, 4)": 0.6083999999999999,
        "(0, 5)": 0.6372000000000001,
        "(0, 6)": 0.5940000000000001,
        "(0, 7)": 0.6399,
        "(0, 8)": 0.6318,
        "(0, 9)": 0.5994,
        "(1, 2)": 0.6030000000000001,
        "(1, 3)": 0.5822999999999999,
        "(1, 4)": 0.6210000000000001,
        "(1, 5)": 0.6201000000000001,
        "(1, 6)": 0.5895,
        "(1, 7)": 0.5715,
        "(1, 8)": 0.6066,
        "(1, 9)": 0.6282000000000001,
        "(2, 3)": 0.6381000000000001,
        "(2, 4)": 0.6219,
        "(2, 5)": 0.6138,
        "(2, 6)": 0.6075,
        "(2, 7)": 0.6003,
        "(2, 8)": 0.5796,
        "(2, 9)": 0.6309,
        "(3, 4)": 0.6435,
        "(3, 5)": 0.6012000000000001,
        "(3, 6)": 0.6138,
        "(3, 7)": 0.5724,
        "(3, 8)": 0.5778,
        "(3, 9)": 0.6129,
        "(4, 5)": 0.6066,
        "(4, 6)": 0.5643000000000001,
        "(4, 7)": 0.6066,
        "(4, 8)": 0.5697,
        "(4, 9)": 0.5822999999999999,
        "(5, 6)": 0.5931000000000001,
        "(5, 7)": 0.5769000000000001,
        "(5, 8)": 0.6138,
        "(5, 9)": 0.6102000000000001,
        "(6, 7)": 0.6138,
        "(6, 8)": 0.6102000000000001,
        "(6, 9)": 0.5787,
        "(7, 8)": 0.5958,
        "(7, 9)": 0.5850000000000001,
        "(8, 9)": 0.5949000000000001
    },
    "matching_probabilities": {
        "(0, 1)": 0.0647,
        "(0, 2)": 0.0655,
        "(0, 3)": 0.0677,
        "(0, 4)": 0.0676,
        "(0, 5)": 0.0708,
        "(0, 6)": 0.066,
        "(0, 7)": 0.0711,
        "(0, 8)": 0.0702,
        "(0, 9)": 0.0666,
        "(1, 2)": 0.067,
        "(1, 3)": 0.0647,
        "(1, 4)": 0.069,
        "(1, 5)": 0.0689,
        "(1, 6)": 0.0655,
        "(1, 7)": 0.0635,
        "(1, 8)": 0.0674,
        "(1, 9)": 0.0698,
        "(2, 3)": 0.0709,
        "(2, 4)": 0.0691,
        "(2, 5)": 0.0682,
        "(2, 6)": 0.0675,
        "(2, 7)": 0.0667,
        "(2, 8)": 0.0644,
        "(2, 9)": 0.0701,
        "(3, 4)": 0.0715,
        "(3, 5)": 0.0668,
        "(3, 6)": 0.0682,
        "(3, 7)": 0.0636,
        "(3, 8)": 0.0642,
        "(3, 9)": 0.0681,
        "(4, 5)": 0.0674,
        "(4, 6)": 0.0627,
        "(4, 7)": 0.0674,
        "(4, 8)": 0.0633,
        "(4, 9)": 0.0647,
        "(5, 6)": 0.0659,
        "(5, 7)": 0.0641,
        "(5, 8)": 0.0682,
        "(5, 9)": 0.0678,
        "(6, 7)": 0.0682,
        "(6, 8)": 0.0678,
        "(6, 9)": 0.0643,
        "(7, 8)": 0.0662,
        "(7, 9)": 0.065,
        "(8, 9)": 0.0661
    },
    "matching_counts": {
        "(0, 1)": 647.0,
        "(0, 2)": 655.0,
        "(0, 3)": 677.0,
        "(0, 4)": 676.0,
        "(0, 5)": 708.0,
        "(0, 6)": 660.0,
        "(0, 7)": 711.0,
        "(0, 8)": 702.0,
        "(0, 9)": 666.0,
        "(1, 2)": 670.0,
        "(1, 3)": 647.0,
        "(1, 4)": 690.0,
        "(1, 5)": 689.0,
        "(1, 6)": 655.0,
        "(1, 7)": 635.0,
        "(1, 8)": 674.0,
        "(1, 9)": 698.0,
        "(2, 3)": 709.0,
        "(2, 4)": 691.0,
        "(2, 5)": 682.0,
        "(2, 6)": 675.0,
        "(2, 7)": 667.0,
        "(2, 8)": 644.0,
        "(2, 9)": 701.0,
        "(3, 4)": 715.0,
        "(3, 5)": 668.0,
        "(3, 6)": 682.0,
        "(3, 7)": 636.0,
        "(3, 8)": 642.0,
        "(3, 9)": 681.0,
        "(4, 5)": 674.0,
        "(4, 6)": 627.0,
        "(4, 7)": 674.0,
        "(4, 8)": 633.0,
        "(4, 9)": 647.0,
        "(5, 6)": 659.0,
        "(5, 7)": 641.0,
        "(5, 8)": 682.0,
        "(5, 9)": 678.0,
        "(6, 7)": 682.0,
        "(6, 8)": 678.0,
        "(6, 9)": 643.0,
        "(7, 8)": 662.0,
        "(7, 9)": 650.0,
        "(8, 9)": 661.0
    },
    "simulation_parameters": {
        "graph_file": "uniform_complete_10_order_0.json",
        "c_guarantee": 0.6,
        "experiment_name": "uniform_complete_10_order_0_mc_c60_r100_sim10000",
        "average_edge_weight": 0.1111111111111111,
        "r": 1,
        "num_sim_instances": 10000,
        "rounding_scheme_class": "SimulatedRecursiveRoundingScheme",
        "parallel": true
    }
}