{
    "min_scaled_matching_probability": 0.7319999999999999,
    "scaled_matching_probabilities": {
        "(0, 1)": 0.854,
        "(0, 2)": 0.7879999999999999,
        "(0, 3)": 0.818,
        "(0, 4)": 0.7319999999999999,
        "(0, 5)": 0.82,
        "(0, 6)": 0.782,
        "(0, 7)": 0.8019999999999999,
        "(0, 8)": 0.806,
        "(0, 9)": 0.8179999999999998,
        "(0, 10)": 0.818,
        "(0, 11)": 0.854,
        "(0, 12)": 0.752,
        "(0, 13)": 0.734,
        "(0, 14)": 0.822,
        "(0, 15)": 0.758,
        "(0, 16)": 0.7819999999999999,
        "(0, 17)": 0.782,
        "(0, 18)": 0.7939999999999999,
        "(0, 19)": 0.828,
        "(0, 20)": 0.8039999999999999
    },
    "matching_probabilities": {
        "(0, 1)": 0.0427,
        "(0, 2)": 0.0394,
        "(0, 3)": 0.0409,
        "(0, 4)": 0.036599999999999994,
        "(0, 5)": 0.041,
        "(0, 6)": 0.0391,
        "(0, 7)": 0.0401,
        "(0, 8)": 0.0403,
        "(0, 9)": 0.04089999999999999,
        "(0, 10)": 0.0409,
        "(0, 11)": 0.0427,
        "(0, 12)": 0.0376,
        "(0, 13)": 0.0367,
        "(0, 14)": 0.0411,
        "(0, 15)": 0.0379,
        "(0, 16)": 0.039099999999999996,
        "(0, 17)": 0.0391,
        "(0, 18)": 0.0397,
        "(0, 19)": 0.0414,
        "(0, 20)": 0.0402
    },
    "matching_counts": {
        "(0, 1)": 427.0,
        "(0, 2)": 394.0,
        "(0, 3)": 409.0,
        "(0, 4)": 365.99999999999994,
        "(0, 5)": 410.0,
        "(0, 6)": 391.0,
        "(0, 7)": 401.0,
        "(0, 8)": 403.0,
        "(0, 9)": 408.99999999999994,
        "(0, 10)": 409.0,
        "(0, 11)": 427.0,
        "(0, 12)": 376.0,
        "(0, 13)": 367.0,
        "(0, 14)": 411.0,
        "(0, 15)": 379.0,
        "(0, 16)": 390.99999999999994,
        "(0, 17)": 391.0,
        "(0, 18)": 397.0,
        "(0, 19)": 414.0,
        "(0, 20)": 402.0
    },
    "simulation_parameters": {
        "graph_file": "uniform_star_20_order_0.json",
        "c_guarantee": 0.8,
        "experiment_name": "uniform_star_20_order_0_tr_c80_r70_sim10000",
        "average_edge_weight": 0.05,
        "r": 0.7,
        "num_sim_instances": 10000,
        "rounding_scheme_class": "SimpleRecursiveRoundingSchemeForTree",
        "parallel": true
    }
}