{
    "min_scaled_matching_probability": 0.44999999999999996,
    "scaled_matching_probabilities": {
        "(0, 10)": 0.517,
        "(0, 11)": 0.45799999999999996,
        "(0, 12)": 0.485,
        "(0, 13)": 0.4809999999999999,
        "(0, 14)": 0.478,
        "(0, 15)": 0.499,
        "(0, 16)": 0.48599999999999993,
        "(0, 17)": 0.49299999999999994,
        "(0, 18)": 0.506,
        "(0, 19)": 0.5439999999999999,
        "(10, 1)": 0.5229999999999999,
        "(10, 2)": 0.512,
        "(10, 3)": 0.46699999999999997,
        "(10, 4)": 0.485,
        "(10, 5)": 0.485,
        "(10, 6)": 0.49799999999999994,
        "(10, 7)": 0.49599999999999994,
        "(10, 8)": 0.524,
        "(10, 9)": 0.5379999999999999,
        "(11, 1)": 0.5479999999999999,
        "(11, 2)": 0.5,
        "(11, 3)": 0.504,
        "(11, 4)": 0.495,
        "(11, 5)": 0.509,
        "(11, 6)": 0.49299999999999994,
        "(11, 7)": 0.5249999999999999,
        "(11, 8)": 0.484,
        "(11, 9)": 0.478,
        "(12, 1)": 0.45999999999999996,
        "(12, 2)": 0.48,
        "(12, 3)": 0.501,
        "(12, 4)": 0.504,
        "(12, 5)": 0.49799999999999994,
        "(12, 6)": 0.536,
        "(12, 7)": 0.49,
        "(12, 8)": 0.526,
        "(12, 9)": 0.456,
        "(13, 1)": 0.494,
        "(13, 2)": 0.5329999999999999,
        "(13, 3)": 0.521,
        "(13, 4)": 0.497,
        "(13, 5)": 0.482,
        "(13, 6)": 0.5149999999999999,
        "(13, 7)": 0.495,
        "(13, 8)": 0.478,
        "(13, 9)": 0.479,
        "(14, 1)": 0.506,
        "(14, 2)": 0.5229999999999999,
        "(14, 3)": 0.499,
        "(14, 4)": 0.512,
        "(14, 5)": 0.506,
        "(14, 6)": 0.49,
        "(14, 7)": 0.5249999999999999,
        "(14, 8)": 0.48,
        "(14, 9)": 0.507,
        "(15, 1)": 0.48599999999999993,
        "(15, 2)": 0.49299999999999994,
        "(15, 3)": 0.49099999999999994,
        "(15, 4)": 0.506,
        "(15, 5)": 0.47600000000000003,
        "(15, 6)": 0.534,
        "(15, 7)": 0.5279999999999999,
        "(15, 8)": 0.514,
        "(15, 9)": 0.44999999999999996,
        "(16, 1)": 0.5,
        "(16, 2)": 0.49799999999999994,
        "(16, 3)": 0.504,
        "(16, 4)": 0.505,
        "(16, 5)": 0.5439999999999999,
        "(16, 6)": 0.47600000000000003,
        "(16, 7)": 0.49299999999999994,
        "(16, 8)": 0.506,
        "(16, 9)": 0.517,
        "(17, 1)": 0.48,
        "(17, 2)": 0.512,
        "(17, 3)": 0.475,
        "(17, 4)": 0.49,
        "(17, 5)": 0.519,
        "(17, 6)": 0.46699999999999997,
        "(17, 7)": 0.502,
        "(17, 8)": 0.48599999999999993,
        "(17, 9)": 0.485,
        "(18, 1)": 0.488,
        "(18, 2)": 0.5299999999999999,
        "(18, 3)": 0.485,
        "(18, 4)": 0.47,
        "(18, 5)": 0.49799999999999994,
        "(18, 6)": 0.5199999999999999,
        "(18, 7)": 0.536,
        "(18, 8)": 0.475,
        "(18, 9)": 0.522,
        "(19, 1)": 0.497,
        "(19, 2)": 0.46799999999999997,
        "(19, 3)": 0.529,
        "(19, 4)": 0.5,
        "(19, 5)": 0.472,
        "(19, 6)": 0.44999999999999996,
        "(19, 7)": 0.48,
        "(19, 8)": 0.526,
        "(19, 9)": 0.509
    },
    "matching_probabilities": {
        "(0, 10)": 0.0517,
        "(0, 11)": 0.0458,
        "(0, 12)": 0.0485,
        "(0, 13)": 0.0481,
        "(0, 14)": 0.0478,
        "(0, 15)": 0.0499,
        "(0, 16)": 0.0486,
        "(0, 17)": 0.0493,
        "(0, 18)": 0.0506,
        "(0, 19)": 0.0544,
        "(10, 1)": 0.0523,
        "(10, 2)": 0.0512,
        "(10, 3)": 0.0467,
        "(10, 4)": 0.0485,
        "(10, 5)": 0.0485,
        "(10, 6)": 0.0498,
        "(10, 7)": 0.0496,
        "(10, 8)": 0.0524,
        "(10, 9)": 0.0538,
        "(11, 1)": 0.0548,
        "(11, 2)": 0.05,
        "(11, 3)": 0.0504,
        "(11, 4)": 0.0495,
        "(11, 5)": 0.0509,
        "(11, 6)": 0.0493,
        "(11, 7)": 0.0525,
        "(11, 8)": 0.0484,
        "(11, 9)": 0.0478,
        "(12, 1)": 0.046,
        "(12, 2)": 0.048,
        "(12, 3)": 0.0501,
        "(12, 4)": 0.0504,
        "(12, 5)": 0.0498,
        "(12, 6)": 0.0536,
        "(12, 7)": 0.049,
        "(12, 8)": 0.0526,
        "(12, 9)": 0.0456,
        "(13, 1)": 0.0494,
        "(13, 2)": 0.0533,
        "(13, 3)": 0.0521,
        "(13, 4)": 0.0497,
        "(13, 5)": 0.0482,
        "(13, 6)": 0.0515,
        "(13, 7)": 0.0495,
        "(13, 8)": 0.0478,
        "(13, 9)": 0.0479,
        "(14, 1)": 0.0506,
        "(14, 2)": 0.0523,
        "(14, 3)": 0.0499,
        "(14, 4)": 0.0512,
        "(14, 5)": 0.0506,
        "(14, 6)": 0.049,
        "(14, 7)": 0.0525,
        "(14, 8)": 0.048,
        "(14, 9)": 0.0507,
        "(15, 1)": 0.0486,
        "(15, 2)": 0.0493,
        "(15, 3)": 0.0491,
        "(15, 4)": 0.0506,
        "(15, 5)": 0.0476,
        "(15, 6)": 0.0534,
        "(15, 7)": 0.0528,
        "(15, 8)": 0.0514,
        "(15, 9)": 0.045,
        "(16, 1)": 0.05,
        "(16, 2)": 0.0498,
        "(16, 3)": 0.0504,
        "(16, 4)": 0.0505,
        "(16, 5)": 0.0544,
        "(16, 6)": 0.0476,
        "(16, 7)": 0.0493,
        "(16, 8)": 0.0506,
        "(16, 9)": 0.0517,
        "(17, 1)": 0.048,
        "(17, 2)": 0.0512,
        "(17, 3)": 0.0475,
        "(17, 4)": 0.049,
        "(17, 5)": 0.0519,
        "(17, 6)": 0.0467,
        "(17, 7)": 0.0502,
        "(17, 8)": 0.0486,
        "(17, 9)": 0.0485,
        "(18, 1)": 0.0488,
        "(18, 2)": 0.053,
        "(18, 3)": 0.0485,
        "(18, 4)": 0.047,
        "(18, 5)": 0.0498,
        "(18, 6)": 0.052,
        "(18, 7)": 0.0536,
        "(18, 8)": 0.0475,
        "(18, 9)": 0.0522,
        "(19, 1)": 0.0497,
        "(19, 2)": 0.0468,
        "(19, 3)": 0.0529,
        "(19, 4)": 0.05,
        "(19, 5)": 0.0472,
        "(19, 6)": 0.045,
        "(19, 7)": 0.048,
        "(19, 8)": 0.0526,
        "(19, 9)": 0.0509
    },
    "matching_counts": {
        "(0, 10)": 517.0,
        "(0, 11)": 458.0,
        "(0, 12)": 485.0,
        "(0, 13)": 481.0,
        "(0, 14)": 478.0,
        "(0, 15)": 499.0,
        "(0, 16)": 486.0,
        "(0, 17)": 493.0,
        "(0, 18)": 506.0,
        "(0, 19)": 544.0,
        "(10, 1)": 523.0,
        "(10, 2)": 512.0,
        "(10, 3)": 467.0,
        "(10, 4)": 485.0,
        "(10, 5)": 485.0,
        "(10, 6)": 498.0,
        "(10, 7)": 496.0,
        "(10, 8)": 524.0,
        "(10, 9)": 538.0,
        "(11, 1)": 548.0,
        "(11, 2)": 500.0,
        "(11, 3)": 504.0,
        "(11, 4)": 495.0,
        "(11, 5)": 509.0,
        "(11, 6)": 493.0,
        "(11, 7)": 525.0,
        "(11, 8)": 484.0,
        "(11, 9)": 478.0,
        "(12, 1)": 460.0,
        "(12, 2)": 480.0,
        "(12, 3)": 501.0,
        "(12, 4)": 504.0,
        "(12, 5)": 498.0,
        "(12, 6)": 536.0,
        "(12, 7)": 490.0,
        "(12, 8)": 526.0,
        "(12, 9)": 456.0,
        "(13, 1)": 494.0,
        "(13, 2)": 533.0,
        "(13, 3)": 521.0,
        "(13, 4)": 497.0,
        "(13, 5)": 482.0,
        "(13, 6)": 515.0,
        "(13, 7)": 495.0,
        "(13, 8)": 478.0,
        "(13, 9)": 479.0,
        "(14, 1)": 506.0,
        "(14, 2)": 523.0,
        "(14, 3)": 499.0,
        "(14, 4)": 512.0,
        "(14, 5)": 506.0,
        "(14, 6)": 490.0,
        "(14, 7)": 525.0,
        "(14, 8)": 480.0,
        "(14, 9)": 507.0,
        "(15, 1)": 486.0,
        "(15, 2)": 493.0,
        "(15, 3)": 491.0,
        "(15, 4)": 506.0,
        "(15, 5)": 476.0,
        "(15, 6)": 534.0,
        "(15, 7)": 528.0,
        "(15, 8)": 514.0,
        "(15, 9)": 450.0,
        "(16, 1)": 500.0,
        "(16, 2)": 498.0,
        "(16, 3)": 504.0,
        "(16, 4)": 505.0,
        "(16, 5)": 544.0,
        "(16, 6)": 476.0,
        "(16, 7)": 493.0,
        "(16, 8)": 506.0,
        "(16, 9)": 517.0,
        "(17, 1)": 480.0,
        "(17, 2)": 512.0,
        "(17, 3)": 475.0,
        "(17, 4)": 490.0,
        "(17, 5)": 519.0,
        "(17, 6)": 467.0,