{
    "min_scaled_matching_probability": 0.6419999999999999,
    "scaled_matching_probabilities": {
        "(0, 1)": 0.742,
        "(0, 2)": 0.704,
        "(0, 3)": 0.764,
        "(0, 4)": 0.6419999999999999,
        "(0, 5)": 0.724,
        "(0, 6)": 0.6739999999999999,
        "(0, 7)": 0.6759999999999999,
        "(0, 8)": 0.68,
        "(0, 9)": 0.7099999999999999,
        "(0, 10)": 0.7439999999999999,
        "(0, 11)": 0.748,
        "(0, 12)": 0.656,
        "(0, 13)": 0.646,
        "(0, 14)": 0.6940000000000002,
        "(0, 15)": 0.6619999999999999,
        "(0, 16)": 0.68,
        "(0, 17)": 0.6839999999999999,
        "(0, 18)": 0.6719999999999999,
        "(0, 19)": 0.712,
        "(0, 20)": 0.7199999999999999
    },
    "matching_probabilities": {
        "(0, 1)": 0.0371,
        "(0, 2)": 0.0352,
        "(0, 3)": 0.038200000000000005,
        "(0, 4)": 0.0321,
        "(0, 5)": 0.0362,
        "(0, 6)": 0.0337,
        "(0, 7)": 0.0338,
        "(0, 8)": 0.034,
        "(0, 9)": 0.0355,
        "(0, 10)": 0.0372,
        "(0, 11)": 0.0374,
        "(0, 12)": 0.0328,
        "(0, 13)": 0.0323,
        "(0, 14)": 0.03470000000000001,
        "(0, 15)": 0.0331,
        "(0, 16)": 0.034,
        "(0, 17)": 0.0342,
        "(0, 18)": 0.0336,
        "(0, 19)": 0.0356,
        "(0, 20)": 0.036
    },
    "matching_counts": {
        "(0, 1)": 371.0,
        "(0, 2)": 352.0,
        "(0, 3)": 382.00000000000006,
        "(0, 4)": 321.0,
        "(0, 5)": 362.00000000000006,
        "(0, 6)": 337.0,
        "(0, 7)": 338.0,
        "(0, 8)": 340.0,
        "(0, 9)": 355.0,
        "(0, 10)": 372.0,
        "(0, 11)": 374.0,
        "(0, 12)": 328.0,
        "(0, 13)": 323.0,
        "(0, 14)": 347.00000000000006,
        "(0, 15)": 331.0,
        "(0, 16)": 340.0,
        "(0, 17)": 342.0,
        "(0, 18)": 336.0,
        "(0, 19)": 356.0,
        "(0, 20)": 360.0
    },
    "simulation_parameters": {
        "graph_file": "uniform_star_20_order_0.json",
        "c_guarantee": 0.7,
        "experiment_name": "uniform_star_20_order_0_tr_c70_r70_sim10000",
        "average_edge_weight": 0.05,
        "r": 0.7,
        "num_sim_instances": 10000,
        "rounding_scheme_class": "SimpleRecursiveRoundingSchemeForTree",
        "parallel": true
    }
}