{
    "min_scaled_matching_probability": 0.5599999999999999,
    "scaled_matching_probabilities": {
        "(0, 10)": 0.7989999999999999,
        "(0, 11)": 1.836,
        "(0, 12)": 0.719,
        "(0, 13)": 0.713,
        "(0, 14)": 0.61,
        "(0, 15)": 0.6619999999999999,
        "(0, 16)": 0.5599999999999999,
        "(0, 17)": 0.771,
        "(0, 18)": 1.4799999999999998,
        "(0, 19)": 0.612,
        "(10, 1)": 0.651,
        "(10, 2)": 0.6,
        "(10, 3)": 0.637,
        "(10, 4)": 0.753,
        "(10, 5)": 0.813,
        "(10, 6)": 0.63,
        "(10, 7)": 0.645,
        "(10, 8)": 1.898,
        "(10, 9)": 1.126,
        "(11, 1)": 0.8459999999999999,
        "(11, 2)": 0.594,
        "(11, 3)": 0.627,
        "(11, 4)": 0.6839999999999999,
        "(11, 5)": 0.592,
        "(11, 6)": 0.763,
        "(11, 7)": 0.675,
        "(11, 8)": 0.593,
        "(11, 9)": 0.897,
        "(12, 1)": 1.4249999999999998,
        "(12, 2)": 1.164,
        "(12, 3)": 0.612,
        "(12, 4)": 0.582,
        "(12, 5)": 1.5579999999999998,
        "(12, 6)": 0.599,
        "(12, 7)": 0.603,
        "(12, 8)": 0.606,
        "(12, 9)": 0.706,
        "(13, 1)": 1.585,
        "(13, 2)": 0.6429999999999998,
        "(13, 3)": 0.838,
        "(13, 4)": 0.568,
        "(13, 5)": 0.627,
        "(13, 6)": 0.941,
        "(13, 7)": 0.6439999999999998,
        "(13, 8)": 0.579,
        "(13, 9)": 0.606,
        "(14, 1)": 0.594,
        "(14, 2)": 0.845,
        "(14, 3)": 0.604,
        "(14, 4)": 0.7299999999999999,
        "(14, 5)": 0.9569999999999999,
        "(14, 6)": 1.1179999999999999,
        "(14, 7)": 1.758,
        "(14, 8)": 0.6329999999999999,
        "(14, 9)": 0.608,
        "(15, 1)": 0.606,
        "(15, 2)": 0.701,
        "(15, 3)": 0.597,
        "(15, 4)": 0.6679999999999999,
        "(15, 5)": 0.563,
        "(15, 6)": 0.6859999999999999,
        "(15, 7)": 1.5699999999999998,
        "(15, 8)": 0.966,
        "(15, 9)": 1.2939999999999998,
        "(16, 1)": 0.6579999999999998,
        "(16, 2)": 1.146,
        "(16, 3)": 1.391,
        "(16, 4)": 1.236,
        "(16, 5)": 0.6559999999999999,
        "(16, 6)": 0.6829999999999999,
        "(16, 7)": 0.607,
        "(16, 8)": 1.087,
        "(16, 9)": 0.611,
        "(17, 1)": 0.791,
        "(17, 2)": 1.1509999999999998,
        "(17, 3)": 1.053,
        "(17, 4)": 0.762,
        "(17, 5)": 0.588,
        "(17, 6)": 0.576,
        "(17, 7)": 0.627,
        "(17, 8)": 0.68,
        "(17, 9)": 0.6749999999999998,
        "(18, 1)": 0.579,
        "(18, 2)": 0.62,
        "(18, 3)": 1.1749999999999998,
        "(18, 4)": 1.322,
        "(18, 5)": 1.045,
        "(18, 6)": 0.671,
        "(18, 7)": 0.613,
        "(18, 8)": 0.7739999999999999,
        "(18, 9)": 0.627,
        "(19, 1)": 0.578,
        "(19, 2)": 0.646,
        "(19, 3)": 0.791,
        "(19, 4)": 0.6289999999999999,
        "(19, 5)": 0.651,
        "(19, 6)": 0.6519999999999999,
        "(19, 7)": 0.8409999999999999,
        "(19, 8)": 0.611,
        "(19, 9)": 1.196
    },
    "matching_probabilities": {
        "(0, 10)": 0.0799,
        "(0, 11)": 0.1836,
        "(0, 12)": 0.0719,
        "(0, 13)": 0.0713,
        "(0, 14)": 0.061,
        "(0, 15)": 0.0662,
        "(0, 16)": 0.056,
        "(0, 17)": 0.0771,
        "(0, 18)": 0.148,
        "(0, 19)": 0.0612,
        "(10, 1)": 0.0651,
        "(10, 2)": 0.06,
        "(10, 3)": 0.0637,
        "(10, 4)": 0.0753,
        "(10, 5)": 0.0813,
        "(10, 6)": 0.063,
        "(10, 7)": 0.0645,
        "(10, 8)": 0.1898,
        "(10, 9)": 0.1126,
        "(11, 1)": 0.0846,
        "(11, 2)": 0.0594,
        "(11, 3)": 0.0627,
        "(11, 4)": 0.0684,
        "(11, 5)": 0.0592,
        "(11, 6)": 0.0763,
        "(11, 7)": 0.0675,
        "(11, 8)": 0.0593,
        "(11, 9)": 0.0897,
        "(12, 1)": 0.1425,
        "(12, 2)": 0.1164,
        "(12, 3)": 0.0612,
        "(12, 4)": 0.0582,
        "(12, 5)": 0.1558,
        "(12, 6)": 0.0599,
        "(12, 7)": 0.0603,
        "(12, 8)": 0.0606,
        "(12, 9)": 0.0706,
        "(13, 1)": 0.1585,
        "(13, 2)": 0.06429999999999998,
        "(13, 3)": 0.0838,
        "(13, 4)": 0.0568,
        "(13, 5)": 0.0627,
        "(13, 6)": 0.0941,
        "(13, 7)": 0.06439999999999999,
        "(13, 8)": 0.0579,
        "(13, 9)": 0.0606,
        "(14, 1)": 0.0594,
        "(14, 2)": 0.0845,
        "(14, 3)": 0.0604,
        "(14, 4)": 0.073,
        "(14, 5)": 0.0957,
        "(14, 6)": 0.1118,
        "(14, 7)": 0.1758,
        "(14, 8)": 0.0633,
        "(14, 9)": 0.0608,
        "(15, 1)": 0.0606,
        "(15, 2)": 0.0701,
        "(15, 3)": 0.0597,
        "(15, 4)": 0.0668,
        "(15, 5)": 0.0563,
        "(15, 6)": 0.0686,
        "(15, 7)": 0.157,
        "(15, 8)": 0.0966,
        "(15, 9)": 0.1294,
        "(16, 1)": 0.06579999999999998,
        "(16, 2)": 0.1146,
        "(16, 3)": 0.1391,
        "(16, 4)": 0.1236,
        "(16, 5)": 0.06559999999999999,
        "(16, 6)": 0.0683,
        "(16, 7)": 0.0607,
        "(16, 8)": 0.1087,
        "(16, 9)": 0.0611,
        "(17, 1)": 0.0791,
        "(17, 2)": 0.1151,
        "(17, 3)": 0.1053,
        "(17, 4)": 0.0762,
        "(17, 5)": 0.0588,
        "(17, 6)": 0.0576,
        "(17, 7)": 0.0627,
        "(17, 8)": 0.068,
        "(17, 9)": 0.06749999999999999,
        "(18, 1)": 0.0579,
        "(18, 2)": 0.062,
        "(18, 3)": 0.1175,
        "(18, 4)": 0.1322,
        "(18, 5)": 0.1045,
        "(18, 6)": 0.0671,
        "(18, 7)": 0.0613,
        "(18, 8)": 0.0774,
        "(18, 9)": 0.0627,
        "(19, 1)": 0.0578,
        "(19, 2)": 0.0646,
        "(19, 3)": 0.0791,
        "(19, 4)": 0.0629,
        "(19, 5)": 0.0651,
        "(19, 6)": 0.0652,
        "(19, 7)": 0.0841,
        "(19, 8)": 0.0611,
        "(19, 9)": 0.1196
    },
    "matching_counts": {
        "(0, 10)": 799.0,
        "(0, 11)": 1836.0,
        "(0, 12)": 719.0,
        "(0, 13)": 713.0,
        "(0, 14)": 610.0,
        "(0, 15)": 662.0,
        "(0, 16)": 560.0,
        "(0, 17)": 771.0,
        "(0, 18)": 1480.0,
        "(0, 19)": 612.0,
        "(10, 1)": 651.0,
        "(10, 2)": 600.0,
        "(10, 3)": 637.0,
        "(10, 4)": 753.0,
        "(10, 5)": 813.0,
        "(10, 6)": 630.0,
        "(10, 7)": 645.0,
        "(10, 8)": 1898.0,
        "(10, 9)": 1126.0,
        "(11, 1)": 846.0,
        "(11, 2)": 594.0,
        "(11, 3)": 627.0,
        "(11, 4)": 684.0,
        "(11, 5)": 592.0,
        "(11, 6)": 763.0,
        "(11, 7)": 675.0,
        "(11, 8)": 593.0,
        "(11, 9)": 897.0,
        "(12, 1)": 1425.0,
        "(12, 2)": 1164.0,
        "(12, 3)": 612.0,
        "(12, 4)": 582.0,
        "(12, 5)": 1558.0,
        "(12, 6)": 599.0,
        "(12, 7)": 603.0,
        "(12, 8)": 606.0,
        "(12, 9)": 706.0,
        "(13, 1)": 1585.0,
        "(13, 2)": 642.9999999999999,
        "(13, 3)": 838.0,
        "(13, 4)": 568.0,
        "(13, 5)": 627.0,
        "(13, 6)": 941.0,
        "(13, 7)": 643.9999999999999,
        "(13, 8)": 579.0,
        "(13, 9)": 606.0,
        "(14, 1)": 594.0,
        "(14, 2)": 845.0,
        "(14, 3)": 604.0,
        "(14, 4)": 730.0,
        "(14, 5)": 957.0,
        "(14, 6)": 1118.0,
        "(14, 7)": 1758.0,
        "(14, 8)": 632.9999999999999,
        "(14, 9)": 608.0,
        "(15, 1)": 606.0,
        "(15, 2)": 701.0,
        "(15, 3)": 597.0,
        "(15, 4)": 668.0,
        "(15, 5)": 563.0,
        "(15, 6)": 685.9999999999999,
        "(15, 7)": 1570.0,
        "(15, 8)": 966.0,
        "(15, 9)": 1294.0,
        "(16, 1)": 657.9999999999999,
        "(16, 2)": 1146.0,
        "(16, 3)": 1391.0,
        "(16, 4)": 1236.0,
        "(16, 5)": 655.9999999999999,
        "(16, 6)": 683.0,
        "(16, 7)": 607.0,
        "(16, 8)": 1087.0,
        "(16, 9)": 611.0,
        "(17, 1)": 791.0,
        "(17, 2)": 1151.0,
        "(17, 3)": 1053.0,
        "(17, 4)": 762.0,
        "(17, 5)": 588.0,