{
    "min_scaled_matching_probability": 0.364,
    "scaled_matching_probabilities": {
        "(0, 10)": 1.085,
        "(0, 11)": 1.3339999999999999,
        "(0, 12)": 0.843,
        "(0, 13)": 0.6869999999999999,
        "(0, 14)": 0.675,
        "(0, 15)": 0.717,
        "(0, 16)": 0.6589999999999998,
        "(0, 17)": 0.8259999999999998,
        "(0, 18)": 0.98,
        "(0, 19)": 0.688,
        "(10, 1)": 0.8309999999999998,
        "(10, 2)": 0.655,
        "(10, 3)": 0.711,
        "(10, 4)": 0.5089999999999999,
        "(10, 5)": 0.964,
        "(10, 6)": 0.6419999999999999,
        "(10, 7)": 0.732,
        "(10, 8)": 0.727,
        "(10, 9)": 1.705,
        "(11, 1)": 1.059,
        "(11, 2)": 0.666,
        "(11, 3)": 0.734,
        "(11, 4)": 0.756,
        "(11, 5)": 0.6579999999999998,
        "(11, 6)": 0.964,
        "(11, 7)": 0.505,
        "(11, 8)": 0.6779999999999999,
        "(11, 9)": 1.331,
        "(12, 1)": 0.887,
        "(12, 2)": 2.3749999999999996,
        "(12, 3)": 0.688,
        "(12, 4)": 0.6339999999999999,
        "(12, 5)": 0.469,
        "(12, 6)": 0.6639999999999999,
        "(12, 7)": 0.6579999999999999,
        "(12, 8)": 0.717,
        "(12, 9)": 0.815,
        "(13, 1)": 1.1059999999999999,
        "(13, 2)": 0.7699999999999999,
        "(13, 3)": 1.091,
        "(13, 4)": 0.646,
        "(13, 5)": 0.6759999999999999,
        "(13, 6)": 1.36,
        "(13, 7)": 0.733,
        "(13, 8)": 0.6469999999999999,
        "(13, 9)": 0.6809999999999999,
        "(14, 1)": 0.6439999999999999,
        "(14, 2)": 1.073,
        "(14, 3)": 0.693,
        "(14, 4)": 0.8509999999999999,
        "(14, 5)": 1.4549999999999998,
        "(14, 6)": 0.691,
        "(14, 7)": 1.044,
        "(14, 8)": 0.731,
        "(14, 9)": 0.6829999999999998,
        "(15, 1)": 0.6779999999999999,
        "(15, 2)": 0.854,
        "(15, 3)": 0.6859999999999999,
        "(15, 4)": 0.8409999999999999,
        "(15, 5)": 0.6249999999999998,
        "(15, 6)": 0.7549999999999999,
        "(15, 7)": 1.6819999999999997,
        "(15, 8)": 1.403,
        "(15, 9)": 0.6189999999999999,
        "(16, 1)": 0.7889999999999999,
        "(16, 2)": 0.4179999999999999,
        "(16, 3)": 0.963,
        "(16, 4)": 1.3869999999999998,
        "(16, 5)": 0.734,
        "(16, 6)": 0.858,
        "(16, 7)": 0.6529999999999999,
        "(16, 8)": 1.9889999999999999,
        "(16, 9)": 0.671,
        "(17, 1)": 0.9420000000000001,
        "(17, 2)": 0.40599999999999997,
        "(17, 3)": 2.081,
        "(17, 4)": 0.922,
        "(17, 5)": 0.6789999999999999,
        "(17, 6)": 0.6539999999999999,
        "(17, 7)": 0.721,
        "(17, 8)": 0.741,
        "(17, 9)": 0.7449999999999999,
        "(18, 1)": 0.64,
        "(18, 2)": 0.651,
        "(18, 3)": 0.364,
        "(18, 4)": 1.385,
        "(18, 5)": 2.028,
        "(18, 6)": 0.756,
        "(18, 7)": 0.6819999999999999,
        "(18, 8)": 0.946,
        "(18, 9)": 0.7000000000000001,
        "(19, 1)": 0.64,
        "(19, 2)": 0.712,
        "(19, 3)": 1.015,
        "(19, 4)": 0.6569999999999999,
        "(19, 5)": 0.7449999999999998,
        "(19, 6)": 0.709,
        "(19, 7)": 1.14,
        "(19, 8)": 0.698,
        "(19, 9)": 0.7199999999999999
    },
    "matching_probabilities": {
        "(0, 10)": 0.1085,
        "(0, 11)": 0.1334,
        "(0, 12)": 0.0843,
        "(0, 13)": 0.0687,
        "(0, 14)": 0.0675,
        "(0, 15)": 0.0717,
        "(0, 16)": 0.06589999999999999,
        "(0, 17)": 0.08259999999999999,
        "(0, 18)": 0.098,
        "(0, 19)": 0.0688,
        "(10, 1)": 0.0831,
        "(10, 2)": 0.0655,
        "(10, 3)": 0.0711,
        "(10, 4)": 0.050899999999999994,
        "(10, 5)": 0.0964,
        "(10, 6)": 0.0642,
        "(10, 7)": 0.0732,
        "(10, 8)": 0.0727,
        "(10, 9)": 0.1705,
        "(11, 1)": 0.1059,
        "(11, 2)": 0.0666,
        "(11, 3)": 0.0734,
        "(11, 4)": 0.0756,
        "(11, 5)": 0.06579999999999998,
        "(11, 6)": 0.0964,
        "(11, 7)": 0.0505,
        "(11, 8)": 0.0678,
        "(11, 9)": 0.1331,
        "(12, 1)": 0.0887,
        "(12, 2)": 0.23749999999999996,
        "(12, 3)": 0.0688,
        "(12, 4)": 0.0634,
        "(12, 5)": 0.0469,
        "(12, 6)": 0.0664,
        "(12, 7)": 0.0658,
        "(12, 8)": 0.0717,
        "(12, 9)": 0.0815,
        "(13, 1)": 0.1106,
        "(13, 2)": 0.077,
        "(13, 3)": 0.1091,
        "(13, 4)": 0.0646,
        "(13, 5)": 0.0676,
        "(13, 6)": 0.136,
        "(13, 7)": 0.0733,
        "(13, 8)": 0.0647,
        "(13, 9)": 0.0681,
        "(14, 1)": 0.0644,
        "(14, 2)": 0.1073,
        "(14, 3)": 0.0693,
        "(14, 4)": 0.0851,
        "(14, 5)": 0.1455,
        "(14, 6)": 0.0691,
        "(14, 7)": 0.1044,
        "(14, 8)": 0.0731,
        "(14, 9)": 0.06829999999999999,
        "(15, 1)": 0.0678,
        "(15, 2)": 0.0854,
        "(15, 3)": 0.0686,
        "(15, 4)": 0.0841,
        "(15, 5)": 0.062499999999999986,
        "(15, 6)": 0.0755,
        "(15, 7)": 0.1682,
        "(15, 8)": 0.1403,
        "(15, 9)": 0.0619,
        "(16, 1)": 0.0789,
        "(16, 2)": 0.0418,
        "(16, 3)": 0.0963,
        "(16, 4)": 0.1387,
        "(16, 5)": 0.0734,
        "(16, 6)": 0.0858,
        "(16, 7)": 0.0653,
        "(16, 8)": 0.1989,
        "(16, 9)": 0.0671,
        "(17, 1)": 0.0942,
        "(17, 2)": 0.0406,
        "(17, 3)": 0.2081,
        "(17, 4)": 0.0922,
        "(17, 5)": 0.0679,
        "(17, 6)": 0.0654,
        "(17, 7)": 0.0721,
        "(17, 8)": 0.0741,
        "(17, 9)": 0.0745,
        "(18, 1)": 0.064,
        "(18, 2)": 0.0651,
        "(18, 3)": 0.0364,
        "(18, 4)": 0.1385,
        "(18, 5)": 0.2028,
        "(18, 6)": 0.0756,
        "(18, 7)": 0.0682,
        "(18, 8)": 0.0946,
        "(18, 9)": 0.07,
        "(19, 1)": 0.064,
        "(19, 2)": 0.0712,
        "(19, 3)": 0.1015,
        "(19, 4)": 0.0657,
        "(19, 5)": 0.07449999999999998,
        "(19, 6)": 0.0709,
        "(19, 7)": 0.114,
        "(19, 8)": 0.0698,
        "(19, 9)": 0.072
    },
    "matching_counts": {
        "(0, 10)": 1085.0,
        "(0, 11)": 1334.0,
        "(0, 12)": 843.0,
        "(0, 13)": 687.0,
        "(0, 14)": 675.0,
        "(0, 15)": 717.0,
        "(0, 16)": 658.9999999999999,
        "(0, 17)": 825.9999999999999,
        "(0, 18)": 980.0,
        "(0, 19)": 688.0,
        "(10, 1)": 831.0,
        "(10, 2)": 655.0,
        "(10, 3)": 711.0,
        "(10, 4)": 508.99999999999994,
        "(10, 5)": 964.0,
        "(10, 6)": 642.0,
        "(10, 7)": 732.0,
        "(10, 8)": 727.0,
        "(10, 9)": 1705.0,
        "(11, 1)": 1059.0,
        "(11, 2)": 666.0,
        "(11, 3)": 734.0,
        "(11, 4)": 756.0,
        "(11, 5)": 657.9999999999999,
        "(11, 6)": 964.0,
        "(11, 7)": 505.0,
        "(11, 8)": 678.0,
        "(11, 9)": 1331.0,
        "(12, 1)": 887.0,
        "(12, 2)": 2374.9999999999995,
        "(12, 3)": 688.0,
        "(12, 4)": 634.0,
        "(12, 5)": 469.0,
        "(12, 6)": 664.0,
        "(12, 7)": 658.0,
        "(12, 8)": 717.0,
        "(12, 9)": 815.0,
        "(13, 1)": 1106.0,
        "(13, 2)": 770.0,
        "(13, 3)": 1091.0,
        "(13, 4)": 646.0,
        "(13, 5)": 676.0,
        "(13, 6)": 1360.0,
        "(13, 7)": 733.0,
        "(13, 8)": 647.0,
        "(13, 9)": 681.0,
        "(14, 1)": 644.0,
        "(14, 2)": 1073.0,
        "(14, 3)": 693.0,
        "(14, 4)": 851.0,
        "(14, 5)": 1455.0,
        "(14, 6)": 691.0,
        "(14, 7)": 1044.0,
        "(14, 8)": 731.0,
        "(14, 9)": 682.9999999999999,
        "(15, 1)": 678.0,
        "(15, 2)": 854.0,
        "(15, 3)": 686.0,
        "(15, 4)": 841.0,
        "(15, 5)": 624.9999999999999,
        "(15, 6)": 755.0,
        "(15, 7)": 1682.0,
        "(15, 8)": 1403.0,
        "(15, 9)": 619.0,
        "(16, 1)": 789.0,
        "(16, 2)": 417.99999999999994,
        "(16, 3)": 963.0,