{
    "min_scaled_matching_probability": 0.359,
    "scaled_matching_probabilities": {
        "(0, 10)": 0.7599999999999999,
        "(0, 11)": 0.359,
        "(0, 12)": 0.699,
        "(0, 13)": 0.728,
        "(0, 14)": 1.244,
        "(0, 15)": 0.757,
        "(0, 16)": 0.907,
        "(0, 17)": 1.647,
        "(0, 18)": 0.9199999999999999,
        "(0, 19)": 0.6719999999999999,
        "(10, 1)": 0.6629999999999999,
        "(10, 2)": 0.922,
        "(10, 3)": 1.163,
        "(10, 4)": 0.713,
        "(10, 5)": 0.40199999999999997,
        "(10, 6)": 0.9329999999999999,
        "(10, 7)": 0.758,
        "(10, 8)": 0.5129999999999999,
        "(10, 9)": 1.7530000000000001,
        "(11, 1)": 0.7599999999999999,
        "(11, 2)": 0.7099999999999999,
        "(11, 3)": 1.441,
        "(11, 4)": 1.5279999999999998,
        "(11, 5)": 0.815,
        "(11, 6)": 0.6589999999999999,
        "(11, 7)": 0.6669999999999999,
        "(11, 8)": 0.792,
        "(11, 9)": 1.119,
        "(12, 1)": 0.732,
        "(12, 2)": 1.796,
        "(12, 3)": 0.8039999999999999,
        "(12, 4)": 0.593,
        "(12, 5)": 1.1169999999999998,
        "(12, 6)": 1.073,
        "(12, 7)": 0.721,
        "(12, 8)": 0.714,
        "(12, 9)": 0.699,
        "(13, 1)": 0.756,
        "(13, 2)": 0.40199999999999997,
        "(13, 3)": 1.5559999999999998,
        "(13, 4)": 0.6759999999999999,
        "(13, 5)": 0.724,
        "(13, 6)": 0.874,
        "(13, 7)": 2.068,
        "(13, 8)": 0.6859999999999999,
        "(13, 9)": 0.729,
        "(14, 1)": 0.6950000000000001,
        "(14, 2)": 0.5099999999999999,
        "(14, 3)": 0.7000000000000001,
        "(14, 4)": 0.711,
        "(14, 5)": 0.697,
        "(14, 6)": 1.264,
        "(14, 7)": 0.702,
        "(14, 8)": 1.5509999999999997,
        "(14, 9)": 0.573,
        "(15, 1)": 0.506,
        "(15, 2)": 0.8799999999999999,
        "(15, 3)": 0.6769999999999999,
        "(15, 4)": 0.968,
        "(15, 5)": 1.607,
        "(15, 6)": 0.736,
        "(15, 7)": 0.7639999999999999,
        "(15, 8)": 1.2269999999999999,
        "(15, 9)": 0.827,
        "(16, 1)": 0.8069999999999999,
        "(16, 2)": 0.743,
        "(16, 3)": 0.728,
        "(16, 4)": 0.707,
        "(16, 5)": 1.262,
        "(16, 6)": 0.709,
        "(16, 7)": 0.727,
        "(16, 8)": 0.7969999999999999,
        "(16, 9)": 0.6719999999999999,
        "(17, 1)": 0.9640000000000001,
        "(17, 2)": 0.689,
        "(17, 3)": 0.6719999999999999,
        "(17, 4)": 0.758,
        "(17, 5)": 0.7969999999999999,
        "(17, 6)": 0.5299999999999999,
        "(17, 7)": 0.7449999999999999,
        "(17, 8)": 1.145,
        "(17, 9)": 0.7299999999999999,
        "(18, 1)": 0.879,
        "(18, 2)": 1.011,
        "(18, 3)": 0.707,
        "(18, 4)": 0.6769999999999999,
        "(18, 5)": 0.707,
        "(18, 6)": 0.8019999999999999,
        "(18, 7)": 0.917,
        "(18, 8)": 1.1159999999999999,
        "(18, 9)": 0.818,
        "(19, 1)": 1.957,
        "(19, 2)": 0.7779999999999999,
        "(19, 3)": 0.62,
        "(19, 4)": 0.6779999999999999,
        "(19, 5)": 0.763,
        "(19, 6)": 0.7489999999999999,
        "(19, 7)": 1.3359999999999999,
        "(19, 8)": 0.499,
        "(19, 9)": 0.733
    },
    "matching_probabilities": {
        "(0, 10)": 0.076,
        "(0, 11)": 0.0359,
        "(0, 12)": 0.0699,
        "(0, 13)": 0.0728,
        "(0, 14)": 0.1244,
        "(0, 15)": 0.0757,
        "(0, 16)": 0.0907,
        "(0, 17)": 0.1647,
        "(0, 18)": 0.092,
        "(0, 19)": 0.0672,
        "(10, 1)": 0.0663,
        "(10, 2)": 0.0922,
        "(10, 3)": 0.1163,
        "(10, 4)": 0.0713,
        "(10, 5)": 0.0402,
        "(10, 6)": 0.0933,
        "(10, 7)": 0.0758,
        "(10, 8)": 0.0513,
        "(10, 9)": 0.1753,
        "(11, 1)": 0.076,
        "(11, 2)": 0.071,
        "(11, 3)": 0.1441,
        "(11, 4)": 0.1528,
        "(11, 5)": 0.0815,
        "(11, 6)": 0.0659,
        "(11, 7)": 0.0667,
        "(11, 8)": 0.0792,
        "(11, 9)": 0.1119,
        "(12, 1)": 0.0732,
        "(12, 2)": 0.1796,
        "(12, 3)": 0.0804,
        "(12, 4)": 0.0593,
        "(12, 5)": 0.1117,
        "(12, 6)": 0.1073,
        "(12, 7)": 0.0721,
        "(12, 8)": 0.0714,
        "(12, 9)": 0.0699,
        "(13, 1)": 0.0756,
        "(13, 2)": 0.0402,
        "(13, 3)": 0.1556,
        "(13, 4)": 0.0676,
        "(13, 5)": 0.0724,
        "(13, 6)": 0.0874,
        "(13, 7)": 0.2068,
        "(13, 8)": 0.0686,
        "(13, 9)": 0.0729,
        "(14, 1)": 0.0695,
        "(14, 2)": 0.051,
        "(14, 3)": 0.07,
        "(14, 4)": 0.0711,
        "(14, 5)": 0.0697,
        "(14, 6)": 0.1264,
        "(14, 7)": 0.0702,
        "(14, 8)": 0.1551,
        "(14, 9)": 0.0573,
        "(15, 1)": 0.0506,
        "(15, 2)": 0.088,
        "(15, 3)": 0.0677,
        "(15, 4)": 0.0968,
        "(15, 5)": 0.1607,
        "(15, 6)": 0.0736,
        "(15, 7)": 0.0764,
        "(15, 8)": 0.1227,
        "(15, 9)": 0.0827,
        "(16, 1)": 0.0807,
        "(16, 2)": 0.0743,
        "(16, 3)": 0.0728,
        "(16, 4)": 0.0707,
        "(16, 5)": 0.1262,
        "(16, 6)": 0.0709,
        "(16, 7)": 0.0727,
        "(16, 8)": 0.0797,
        "(16, 9)": 0.0672,
        "(17, 1)": 0.09640000000000001,
        "(17, 2)": 0.0689,
        "(17, 3)": 0.0672,
        "(17, 4)": 0.0758,
        "(17, 5)": 0.0797,
        "(17, 6)": 0.053,
        "(17, 7)": 0.0745,
        "(17, 8)": 0.1145,
        "(17, 9)": 0.073,
        "(18, 1)": 0.0879,
        "(18, 2)": 0.1011,
        "(18, 3)": 0.0707,
        "(18, 4)": 0.0677,
        "(18, 5)": 0.0707,
        "(18, 6)": 0.0802,
        "(18, 7)": 0.0917,
        "(18, 8)": 0.1116,
        "(18, 9)": 0.0818,
        "(19, 1)": 0.1957,
        "(19, 2)": 0.0778,
        "(19, 3)": 0.062,
        "(19, 4)": 0.0678,
        "(19, 5)": 0.0763,
        "(19, 6)": 0.0749,
        "(19, 7)": 0.1336,
        "(19, 8)": 0.0499,
        "(19, 9)": 0.0733
    },
    "matching_counts": {
        "(0, 10)": 760.0,
        "(0, 11)": 359.0,
        "(0, 12)": 699.0,
        "(0, 13)": 728.0,
        "(0, 14)": 1244.0,
        "(0, 15)": 757.0,
        "(0, 16)": 907.0,
        "(0, 17)": 1647.0,
        "(0, 18)": 920.0,
        "(0, 19)": 672.0,
        "(10, 1)": 663.0,
        "(10, 2)": 922.0,
        "(10, 3)": 1163.0,
        "(10, 4)": 713.0,
        "(10, 5)": 402.0,
        "(10, 6)": 933.0,
        "(10, 7)": 758.0,
        "(10, 8)": 513.0,
        "(10, 9)": 1753.0,
        "(11, 1)": 760.0,
        "(11, 2)": 710.0,
        "(11, 3)": 1441.0,
        "(11, 4)": 1528.0,
        "(11, 5)": 815.0,
        "(11, 6)": 659.0,
        "(11, 7)": 667.0,
        "(11, 8)": 792.0,
        "(11, 9)": 1119.0,
        "(12, 1)": 732.0,
        "(12, 2)": 1796.0,
        "(12, 3)": 804.0,
        "(12, 4)": 593.0,
        "(12, 5)": 1117.0,
        "(12, 6)": 1073.0,
        "(12, 7)": 721.0,
        "(12, 8)": 714.0,
        "(12, 9)": 699.0,
        "(13, 1)": 756.0,
        "(13, 2)": 402.0,
        "(13, 3)": 1556.0,
        "(13, 4)": 676.0,
        "(13, 5)": 724.0,
        "(13, 6)": 874.0,
        "(13, 7)": 2068.0,
        "(13, 8)": 686.0,
        "(13, 9)": 729.0,
        "(14, 1)": 695.0,
        "(14, 2)": 510.0,
        "(14, 3)": 700.0,
        "(14, 4)": 711.0,
        "(14, 5)": 697.0,
        "(14, 6)": 1264.0,
        "(14, 7)": 702.0,
        "(14, 8)": 1551.0,
        "(14, 9)": 573.0,
        "(15, 1)": 506.0,
        "(15, 2)": 880.0,
        "(15, 3)": 677.0,
        "(15, 4)": 968.0,
        "(15, 5)": 1607.0,
        "(15, 6)": 736.0,
        "(15, 7)": 764.0,
        "(15, 8)": 1227.0,
        "(15, 9)": 827.0,
        "(16, 1)": 807.0,
        "(16, 2)": 743.0,
        "(16, 3)": 728.0,
        "(16, 4)": 707.0,
        "(16, 5)": 1262.0,
        "(16, 6)": 709.0,
        "(16, 7)": 727.0,
        "(16, 8)": 797.0,
        "(16, 9)": 672.0,
        "(17, 1)": 964.0000000000001,
        "(17, 2)": 689.0,