{
    "min_scaled_matching_probability": 0.45999999999999996,
    "scaled_matching_probabilities": {
        "(0, 10)": 0.5,
        "(0, 11)": 1.2449999999999999,
        "(0, 12)": 0.49799999999999994,
        "(0, 13)": 0.519,
        "(0, 14)": 0.611,
        "(0, 15)": 0.517,
        "(0, 16)": 0.5549999999999999,
        "(0, 17)": 0.641,
        "(0, 18)": 0.5439999999999999,
        "(0, 19)": 0.5079999999999999,
        "(10, 1)": 0.483,
        "(10, 2)": 0.567,
        "(10, 3)": 0.61,
        "(10, 4)": 0.5479999999999999,
        "(10, 5)": 1.1280000000000001,
        "(10, 6)": 0.5579999999999999,
        "(10, 7)": 0.48,
        "(10, 8)": 0.9039999999999999,
        "(10, 9)": 0.604,
        "(11, 1)": 0.511,
        "(11, 2)": 0.519,
        "(11, 3)": 0.752,
        "(11, 4)": 0.707,
        "(11, 5)": 0.568,
        "(11, 6)": 0.49,
        "(11, 7)": 0.45999999999999996,
        "(11, 8)": 0.539,
        "(11, 9)": 0.61,
        "(12, 1)": 0.5179999999999999,
        "(12, 2)": 0.6519999999999999,
        "(12, 3)": 0.5199999999999999,
        "(12, 4)": 1.2110000000000003,
        "(12, 5)": 0.59,
        "(12, 6)": 0.627,
        "(12, 7)": 0.479,
        "(12, 8)": 0.497,
        "(12, 9)": 0.777,
        "(13, 1)": 0.5079999999999999,
        "(13, 2)": 0.9229999999999999,
        "(13, 3)": 0.614,
        "(13, 4)": 0.7849999999999999,
        "(13, 5)": 0.489,
        "(13, 6)": 0.5539999999999999,
        "(13, 7)": 0.6789999999999999,
        "(13, 8)": 0.49099999999999994,
        "(13, 9)": 0.516,
        "(14, 1)": 0.49299999999999994,
        "(14, 2)": 1.1150000000000002,
        "(14, 3)": 0.5149999999999999,
        "(14, 4)": 0.516,
        "(14, 5)": 0.5,
        "(14, 6)": 0.5599999999999999,
        "(14, 7)": 0.502,
        "(14, 8)": 0.608,
        "(14, 9)": 0.95,
        "(15, 1)": 0.988,
        "(15, 2)": 0.541,
        "(15, 3)": 0.49099999999999994,
        "(15, 4)": 0.564,
        "(15, 5)": 0.602,
        "(15, 6)": 0.5149999999999999,
        "(15, 7)": 0.5319999999999999,
        "(15, 8)": 0.569,
        "(15, 9)": 0.5429999999999999,
        "(16, 1)": 0.495,
        "(16, 2)": 0.5,
        "(16, 3)": 0.5099999999999999,
        "(16, 4)": 0.479,
        "(16, 5)": 0.855,
        "(16, 6)": 0.504,
        "(16, 7)": 0.5279999999999999,
        "(16, 8)": 0.5279999999999999,
        "(16, 9)": 0.475,
        "(17, 1)": 0.763,
        "(17, 2)": 0.48599999999999993,
        "(17, 3)": 0.48,
        "(17, 4)": 0.536,
        "(17, 5)": 0.5379999999999999,
        "(17, 6)": 1.276,
        "(17, 7)": 0.7199999999999999,
        "(17, 8)": 0.65,
        "(17, 9)": 0.5079999999999999,
        "(18, 1)": 0.536,
        "(18, 2)": 0.7829999999999999,
        "(18, 3)": 0.48,
        "(18, 4)": 0.49799999999999994,
        "(18, 5)": 0.504,
        "(18, 6)": 0.5449999999999999,
        "(18, 7)": 0.544,
        "(18, 8)": 0.612,
        "(18, 9)": 0.529,
        "(19, 1)": 0.67,
        "(19, 2)": 0.531,
        "(19, 3)": 0.7349999999999999,
        "(19, 4)": 0.506,
        "(19, 5)": 0.7549999999999999,
        "(19, 6)": 0.509,
        "(19, 7)": 0.613,
        "(19, 8)": 0.854,
        "(19, 9)": 0.512
    },
    "matching_probabilities": {
        "(0, 10)": 0.05,
        "(0, 11)": 0.1245,
        "(0, 12)": 0.0498,
        "(0, 13)": 0.0519,
        "(0, 14)": 0.0611,
        "(0, 15)": 0.0517,
        "(0, 16)": 0.0555,
        "(0, 17)": 0.0641,
        "(0, 18)": 0.0544,
        "(0, 19)": 0.0508,
        "(10, 1)": 0.0483,
        "(10, 2)": 0.0567,
        "(10, 3)": 0.061,
        "(10, 4)": 0.0548,
        "(10, 5)": 0.11280000000000003,
        "(10, 6)": 0.0558,
        "(10, 7)": 0.048,
        "(10, 8)": 0.0904,
        "(10, 9)": 0.0604,
        "(11, 1)": 0.0511,
        "(11, 2)": 0.0519,
        "(11, 3)": 0.0752,
        "(11, 4)": 0.0707,
        "(11, 5)": 0.0568,
        "(11, 6)": 0.049,
        "(11, 7)": 0.046,
        "(11, 8)": 0.0539,
        "(11, 9)": 0.061,
        "(12, 1)": 0.0518,
        "(12, 2)": 0.0652,
        "(12, 3)": 0.052,
        "(12, 4)": 0.12110000000000003,
        "(12, 5)": 0.059,
        "(12, 6)": 0.0627,
        "(12, 7)": 0.0479,
        "(12, 8)": 0.0497,
        "(12, 9)": 0.0777,
        "(13, 1)": 0.0508,
        "(13, 2)": 0.0923,
        "(13, 3)": 0.0614,
        "(13, 4)": 0.0785,
        "(13, 5)": 0.0489,
        "(13, 6)": 0.0554,
        "(13, 7)": 0.0679,
        "(13, 8)": 0.0491,
        "(13, 9)": 0.0516,
        "(14, 1)": 0.0493,
        "(14, 2)": 0.11150000000000003,
        "(14, 3)": 0.0515,
        "(14, 4)": 0.0516,
        "(14, 5)": 0.05,
        "(14, 6)": 0.056,
        "(14, 7)": 0.0502,
        "(14, 8)": 0.0608,
        "(14, 9)": 0.095,
        "(15, 1)": 0.0988,
        "(15, 2)": 0.0541,
        "(15, 3)": 0.0491,
        "(15, 4)": 0.0564,
        "(15, 5)": 0.0602,
        "(15, 6)": 0.0515,
        "(15, 7)": 0.0532,
        "(15, 8)": 0.0569,
        "(15, 9)": 0.0543,
        "(16, 1)": 0.0495,
        "(16, 2)": 0.05,
        "(16, 3)": 0.051,
        "(16, 4)": 0.0479,
        "(16, 5)": 0.0855,
        "(16, 6)": 0.0504,
        "(16, 7)": 0.0528,
        "(16, 8)": 0.0528,
        "(16, 9)": 0.0475,
        "(17, 1)": 0.0763,
        "(17, 2)": 0.0486,
        "(17, 3)": 0.048,
        "(17, 4)": 0.0536,
        "(17, 5)": 0.0538,
        "(17, 6)": 0.12760000000000002,
        "(17, 7)": 0.072,
        "(17, 8)": 0.065,
        "(17, 9)": 0.0508,
        "(18, 1)": 0.0536,
        "(18, 2)": 0.0783,
        "(18, 3)": 0.048,
        "(18, 4)": 0.0498,
        "(18, 5)": 0.0504,
        "(18, 6)": 0.0545,
        "(18, 7)": 0.05440000000000001,
        "(18, 8)": 0.0612,
        "(18, 9)": 0.0529,
        "(19, 1)": 0.067,
        "(19, 2)": 0.0531,
        "(19, 3)": 0.0735,
        "(19, 4)": 0.0506,
        "(19, 5)": 0.0755,
        "(19, 6)": 0.0509,
        "(19, 7)": 0.0613,
        "(19, 8)": 0.0854,
        "(19, 9)": 0.0512
    },
    "matching_counts": {
        "(0, 10)": 500.0,
        "(0, 11)": 1245.0,
        "(0, 12)": 498.0,
        "(0, 13)": 519.0,
        "(0, 14)": 611.0,
        "(0, 15)": 517.0,
        "(0, 16)": 555.0,
        "(0, 17)": 641.0,
        "(0, 18)": 544.0,
        "(0, 19)": 508.0,
        "(10, 1)": 483.0,
        "(10, 2)": 567.0,
        "(10, 3)": 610.0,
        "(10, 4)": 548.0,
        "(10, 5)": 1128.0000000000002,
        "(10, 6)": 558.0,
        "(10, 7)": 480.0,
        "(10, 8)": 904.0,
        "(10, 9)": 604.0,
        "(11, 1)": 511.0,
        "(11, 2)": 519.0,
        "(11, 3)": 752.0,
        "(11, 4)": 707.0,
        "(11, 5)": 568.0,
        "(11, 6)": 490.0,
        "(11, 7)": 460.0,
        "(11, 8)": 539.0,
        "(11, 9)": 610.0,
        "(12, 1)": 518.0,
        "(12, 2)": 652.0,
        "(12, 3)": 520.0,
        "(12, 4)": 1211.0000000000002,
        "(12, 5)": 590.0,
        "(12, 6)": 627.0,
        "(12, 7)": 479.0,
        "(12, 8)": 497.0,
        "(12, 9)": 777.0,
        "(13, 1)": 508.0,
        "(13, 2)": 923.0,
        "(13, 3)": 614.0,
        "(13, 4)": 785.0,
        "(13, 5)": 489.0,
        "(13, 6)": 554.0,
        "(13, 7)": 679.0,
        "(13, 8)": 491.0,
        "(13, 9)": 516.0,
        "(14, 1)": 493.0,
        "(14, 2)": 1115.0000000000002,
        "(14, 3)": 515.0,
        "(14, 4)": 516.0,
        "(14, 5)": 500.0,
        "(14, 6)": 560.0,
        "(14, 7)": 502.0,
        "(14, 8)": 608.0,
        "(14, 9)": 950.0,
        "(15, 1)": 988.0,
        "(15, 2)": 541.0,
        "(15, 3)": 491.0,
        "(15, 4)": 564.0,
        "(15, 5)": 602.0,
        "(15, 6)": 515.0,
        "(15, 7)": 532.0,
        "(15, 8)": 569.0,
        "(15, 9)": 543.0,
        "(16, 1)": 495.0,
        "(16, 2)": 500.0,
        "(16, 3)": 510.0,
        "(16, 4)": 479.0,
        "(16, 5)": 855.0,
        "(16, 6)": 504.0,
        "(16, 7)": 528.0,
        "(16, 8)": 528.0,
        "(16, 9)": 475.0,
        "(17, 1)": 763.0,