{
    "min_scaled_matching_probability": 0.6779999999999999,
    "scaled_matching_probabilities": {
        "(0, 10)": 0.761,
        "(0, 11)": 0.8039999999999999,
        "(0, 12)": 0.7249999999999999,
        "(0, 13)": 0.7889999999999999,
        "(0, 14)": 0.724,
        "(0, 15)": 0.748,
        "(0, 16)": 0.729,
        "(0, 17)": 0.7829999999999999,
        "(0, 18)": 0.732,
        "(0, 19)": 0.742,
        "(10, 1)": 0.742,
        "(10, 2)": 0.746,
        "(10, 3)": 0.747,
        "(10, 4)": 0.742,
        "(10, 5)": 0.736,
        "(10, 6)": 0.7299999999999999,
        "(10, 7)": 0.7299999999999999,
        "(10, 8)": 0.771,
        "(10, 9)": 0.772,
        "(11, 1)": 0.702,
        "(11, 2)": 0.726,
        "(11, 3)": 0.777,
        "(11, 4)": 0.806,
        "(11, 5)": 0.7439999999999999,
        "(11, 6)": 0.766,
        "(11, 7)": 0.708,
        "(11, 8)": 0.771,
        "(11, 9)": 0.7449999999999999,
        "(12, 1)": 0.726,
        "(12, 2)": 0.718,
        "(12, 3)": 0.734,
        "(12, 4)": 0.704,
        "(12, 5)": 0.7799999999999999,
        "(12, 6)": 0.7969999999999999,
        "(12, 7)": 0.7829999999999999,
        "(12, 8)": 0.782,
        "(12, 9)": 0.7439999999999999,
        "(13, 1)": 0.7539999999999999,
        "(13, 2)": 0.752,
        "(13, 3)": 0.738,
        "(13, 4)": 0.7399999999999999,
        "(13, 5)": 0.743,
        "(13, 6)": 0.786,
        "(13, 7)": 0.736,
        "(13, 8)": 0.719,
        "(13, 9)": 0.7439999999999999,
        "(14, 1)": 0.743,
        "(14, 2)": 0.7649999999999999,
        "(14, 3)": 0.708,
        "(14, 4)": 0.7549999999999999,
        "(14, 5)": 0.7649999999999999,
        "(14, 6)": 0.741,
        "(14, 7)": 0.753,
        "(14, 8)": 0.7539999999999999,
        "(14, 9)": 0.7939999999999999,
        "(15, 1)": 0.7449999999999999,
        "(15, 2)": 0.771,
        "(15, 3)": 0.7639999999999999,
        "(15, 4)": 0.741,
        "(15, 5)": 0.7639999999999999,
        "(15, 6)": 0.742,
        "(15, 7)": 0.766,
        "(15, 8)": 0.7599999999999999,
        "(15, 9)": 0.719,
        "(16, 1)": 0.741,
        "(16, 2)": 0.7929999999999999,
        "(16, 3)": 0.7439999999999999,
        "(16, 4)": 0.758,
        "(16, 5)": 0.8039999999999999,
        "(16, 6)": 0.748,
        "(16, 7)": 0.7749999999999999,
        "(16, 8)": 0.7399999999999999,
        "(16, 9)": 0.702,
        "(17, 1)": 0.762,
        "(17, 2)": 0.752,
        "(17, 3)": 0.724,
        "(17, 4)": 0.7799999999999999,
        "(17, 5)": 0.757,
        "(17, 6)": 0.6779999999999999,
        "(17, 7)": 0.747,
        "(17, 8)": 0.771,
        "(17, 9)": 0.731,
        "(18, 1)": 0.758,
        "(18, 2)": 0.7929999999999999,
        "(18, 3)": 0.746,
        "(18, 4)": 0.758,
        "(18, 5)": 0.734,
        "(18, 6)": 0.7829999999999999,
        "(18, 7)": 0.7539999999999999,
        "(18, 8)": 0.707,
        "(18, 9)": 0.766,
        "(19, 1)": 0.823,
        "(19, 2)": 0.704,
        "(19, 3)": 0.7829999999999999,
        "(19, 4)": 0.718,
        "(19, 5)": 0.714,
        "(19, 6)": 0.752,
        "(19, 7)": 0.7679999999999999,
        "(19, 8)": 0.716,
        "(19, 9)": 0.781
    },
    "matching_probabilities": {
        "(0, 10)": 0.0761,
        "(0, 11)": 0.0804,
        "(0, 12)": 0.0725,
        "(0, 13)": 0.0789,
        "(0, 14)": 0.0724,
        "(0, 15)": 0.0748,
        "(0, 16)": 0.0729,
        "(0, 17)": 0.0783,
        "(0, 18)": 0.0732,
        "(0, 19)": 0.0742,
        "(10, 1)": 0.0742,
        "(10, 2)": 0.0746,
        "(10, 3)": 0.0747,
        "(10, 4)": 0.0742,
        "(10, 5)": 0.0736,
        "(10, 6)": 0.073,
        "(10, 7)": 0.073,
        "(10, 8)": 0.0771,
        "(10, 9)": 0.0772,
        "(11, 1)": 0.0702,
        "(11, 2)": 0.0726,
        "(11, 3)": 0.0777,
        "(11, 4)": 0.0806,
        "(11, 5)": 0.0744,
        "(11, 6)": 0.0766,
        "(11, 7)": 0.0708,
        "(11, 8)": 0.0771,
        "(11, 9)": 0.0745,
        "(12, 1)": 0.0726,
        "(12, 2)": 0.0718,
        "(12, 3)": 0.0734,
        "(12, 4)": 0.0704,
        "(12, 5)": 0.078,
        "(12, 6)": 0.0797,
        "(12, 7)": 0.0783,
        "(12, 8)": 0.0782,
        "(12, 9)": 0.0744,
        "(13, 1)": 0.0754,
        "(13, 2)": 0.0752,
        "(13, 3)": 0.0738,
        "(13, 4)": 0.074,
        "(13, 5)": 0.0743,
        "(13, 6)": 0.0786,
        "(13, 7)": 0.0736,
        "(13, 8)": 0.0719,
        "(13, 9)": 0.0744,
        "(14, 1)": 0.0743,
        "(14, 2)": 0.0765,
        "(14, 3)": 0.0708,
        "(14, 4)": 0.0755,
        "(14, 5)": 0.0765,
        "(14, 6)": 0.0741,
        "(14, 7)": 0.0753,
        "(14, 8)": 0.0754,
        "(14, 9)": 0.0794,
        "(15, 1)": 0.0745,
        "(15, 2)": 0.0771,
        "(15, 3)": 0.0764,
        "(15, 4)": 0.0741,
        "(15, 5)": 0.0764,
        "(15, 6)": 0.0742,
        "(15, 7)": 0.0766,
        "(15, 8)": 0.076,
        "(15, 9)": 0.0719,
        "(16, 1)": 0.0741,
        "(16, 2)": 0.0793,
        "(16, 3)": 0.0744,
        "(16, 4)": 0.0758,
        "(16, 5)": 0.0804,
        "(16, 6)": 0.0748,
        "(16, 7)": 0.0775,
        "(16, 8)": 0.074,
        "(16, 9)": 0.0702,
        "(17, 1)": 0.0762,
        "(17, 2)": 0.0752,
        "(17, 3)": 0.0724,
        "(17, 4)": 0.078,
        "(17, 5)": 0.0757,
        "(17, 6)": 0.0678,
        "(17, 7)": 0.0747,
        "(17, 8)": 0.0771,
        "(17, 9)": 0.0731,
        "(18, 1)": 0.0758,
        "(18, 2)": 0.0793,
        "(18, 3)": 0.0746,
        "(18, 4)": 0.0758,
        "(18, 5)": 0.0734,
        "(18, 6)": 0.0783,
        "(18, 7)": 0.0754,
        "(18, 8)": 0.0707,
        "(18, 9)": 0.0766,
        "(19, 1)": 0.0823,
        "(19, 2)": 0.0704,
        "(19, 3)": 0.0783,
        "(19, 4)": 0.0718,
        "(19, 5)": 0.0714,
        "(19, 6)": 0.0752,
        "(19, 7)": 0.0768,
        "(19, 8)": 0.0716,
        "(19, 9)": 0.0781
    },
    "matching_counts": {
        "(0, 10)": 761.0,
        "(0, 11)": 804.0,
        "(0, 12)": 725.0,
        "(0, 13)": 789.0,
        "(0, 14)": 724.0,
        "(0, 15)": 748.0,
        "(0, 16)": 729.0,
        "(0, 17)": 783.0,
        "(0, 18)": 732.0,
        "(0, 19)": 742.0,
        "(10, 1)": 742.0,
        "(10, 2)": 746.0,
        "(10, 3)": 747.0,
        "(10, 4)": 742.0,
        "(10, 5)": 736.0,
        "(10, 6)": 730.0,
        "(10, 7)": 730.0,
        "(10, 8)": 771.0,
        "(10, 9)": 772.0,
        "(11, 1)": 702.0,
        "(11, 2)": 726.0,
        "(11, 3)": 777.0,
        "(11, 4)": 806.0,
        "(11, 5)": 744.0,
        "(11, 6)": 766.0,
        "(11, 7)": 708.0,
        "(11, 8)": 771.0,
        "(11, 9)": 745.0,
        "(12, 1)": 726.0,
        "(12, 2)": 718.0,
        "(12, 3)": 734.0,
        "(12, 4)": 704.0,
        "(12, 5)": 780.0,
        "(12, 6)": 797.0,
        "(12, 7)": 783.0,
        "(12, 8)": 782.0,
        "(12, 9)": 744.0,
        "(13, 1)": 754.0,
        "(13, 2)": 752.0,
        "(13, 3)": 738.0,
        "(13, 4)": 740.0,
        "(13, 5)": 743.0,
        "(13, 6)": 786.0,
        "(13, 7)": 736.0,
        "(13, 8)": 719.0,
        "(13, 9)": 744.0,
        "(14, 1)": 743.0,
        "(14, 2)": 765.0,
        "(14, 3)": 708.0,
        "(14, 4)": 755.0,
        "(14, 5)": 765.0,
        "(14, 6)": 741.0,
        "(14, 7)": 753.0,
        "(14, 8)": 754.0,
        "(14, 9)": 794.0,
        "(15, 1)": 745.0,
        "(15, 2)": 771.0,
        "(15, 3)": 764.0,
        "(15, 4)": 741.0,
        "(15, 5)": 764.0,
        "(15, 6)": 742.0,
        "(15, 7)": 766.0,
        "(15, 8)": 760.0,
        "(15, 9)": 719.0,
        "(16, 1)": 741.0,
        "(16, 2)": 793.0,
        "(16, 3)": 744.0,
        "(16, 4)": 758.0,
        "(16, 5)": 804.0,
        "(16, 6)": 748.0,
        "(16, 7)": 775.0,
        "(16, 8)": 740.0,
        "(16, 9)": 702.0,
        "(17, 1)": 762.0,
        "(17, 2)": 752.0,
        "(17, 3)": 724.0,
        "(17, 4)": 780.0,
        "(17, 5)": 757.0,
        "(17, 6)": 678.0,