{
    "min_scaled_matching_probability": 0.6606000000000001,
    "scaled_matching_probabilities": {
        "(0, 1)": 0.6786,
        "(0, 2)": 0.6606000000000001,
        "(0, 3)": 0.6939000000000001,
        "(0, 4)": 0.7128000000000001,
        "(0, 5)": 0.7083,
        "(0, 6)": 0.6885,
        "(0, 7)": 0.7335,
        "(0, 8)": 0.7074,
        "(0, 9)": 0.7227,
        "(1, 2)": 0.6966,
        "(1, 3)": 0.6669,
        "(1, 4)": 0.7001999999999999,
        "(1, 5)": 0.6633,
        "(1, 6)": 0.7245,
        "(1, 7)": 0.7038000000000001,
        "(1, 8)": 0.6759000000000001,
        "(1, 9)": 0.7650000000000001,
        "(2, 3)": 0.7128000000000001,
        "(2, 4)": 0.7236,
        "(2, 5)": 0.7254,
        "(2, 6)": 0.7065,
        "(2, 7)": 0.684,
        "(2, 8)": 0.6903,
        "(2, 9)": 0.6885,
        "(3, 4)": 0.7434000000000001,
        "(3, 5)": 0.7065,
        "(3, 6)": 0.7047,
        "(3, 7)": 0.6768000000000001,
        "(3, 8)": 0.6876,
        "(3, 9)": 0.7065,
        "(4, 5)": 0.7200000000000001,
        "(4, 6)": 0.6696,
        "(4, 7)": 0.7218,
        "(4, 8)": 0.7074,
        "(4, 9)": 0.6705,
        "(5, 6)": 0.6975,
        "(5, 7)": 0.6804,
        "(5, 8)": 0.7011000000000001,
        "(5, 9)": 0.7074,
        "(6, 7)": 0.6822000000000001,
        "(6, 8)": 0.7128000000000001,
        "(6, 9)": 0.6804,
        "(7, 8)": 0.7001999999999999,
        "(7, 9)": 0.6921,
        "(8, 9)": 0.6903
    },
    "matching_probabilities": {
        "(0, 1)": 0.0754,
        "(0, 2)": 0.0734,
        "(0, 3)": 0.0771,
        "(0, 4)": 0.0792,
        "(0, 5)": 0.0787,
        "(0, 6)": 0.0765,
        "(0, 7)": 0.0815,
        "(0, 8)": 0.0786,
        "(0, 9)": 0.0803,
        "(1, 2)": 0.0774,
        "(1, 3)": 0.0741,
        "(1, 4)": 0.0778,
        "(1, 5)": 0.0737,
        "(1, 6)": 0.0805,
        "(1, 7)": 0.0782,
        "(1, 8)": 0.0751,
        "(1, 9)": 0.085,
        "(2, 3)": 0.0792,
        "(2, 4)": 0.0804,
        "(2, 5)": 0.0806,
        "(2, 6)": 0.0785,
        "(2, 7)": 0.076,
        "(2, 8)": 0.0767,
        "(2, 9)": 0.0765,
        "(3, 4)": 0.0826,
        "(3, 5)": 0.0785,
        "(3, 6)": 0.0783,
        "(3, 7)": 0.0752,
        "(3, 8)": 0.0764,
        "(3, 9)": 0.0785,
        "(4, 5)": 0.08,
        "(4, 6)": 0.0744,
        "(4, 7)": 0.0802,
        "(4, 8)": 0.0786,
        "(4, 9)": 0.0745,
        "(5, 6)": 0.0775,
        "(5, 7)": 0.0756,
        "(5, 8)": 0.0779,
        "(5, 9)": 0.0786,
        "(6, 7)": 0.0758,
        "(6, 8)": 0.0792,
        "(6, 9)": 0.0756,
        "(7, 8)": 0.0778,
        "(7, 9)": 0.0769,
        "(8, 9)": 0.0767
    },
    "matching_counts": {
        "(0, 1)": 754.0,
        "(0, 2)": 734.0,
        "(0, 3)": 771.0,
        "(0, 4)": 792.0,
        "(0, 5)": 787.0,
        "(0, 6)": 765.0,
        "(0, 7)": 815.0,
        "(0, 8)": 786.0,
        "(0, 9)": 803.0,
        "(1, 2)": 774.0,
        "(1, 3)": 741.0,
        "(1, 4)": 778.0,
        "(1, 5)": 737.0,
        "(1, 6)": 805.0,
        "(1, 7)": 782.0,
        "(1, 8)": 751.0,
        "(1, 9)": 850.0,
        "(2, 3)": 792.0,
        "(2, 4)": 804.0,
        "(2, 5)": 806.0,
        "(2, 6)": 785.0,
        "(2, 7)": 760.0,
        "(2, 8)": 767.0,
        "(2, 9)": 765.0,
        "(3, 4)": 826.0,
        "(3, 5)": 785.0,
        "(3, 6)": 783.0,
        "(3, 7)": 752.0,
        "(3, 8)": 764.0,
        "(3, 9)": 785.0,
        "(4, 5)": 800.0,
        "(4, 6)": 744.0,
        "(4, 7)": 802.0,
        "(4, 8)": 786.0,
        "(4, 9)": 745.0,
        "(5, 6)": 775.0,
        "(5, 7)": 756.0,
        "(5, 8)": 779.0,
        "(5, 9)": 786.0,
        "(6, 7)": 758.0,
        "(6, 8)": 792.0,
        "(6, 9)": 756.0,
        "(7, 8)": 778.0,
        "(7, 9)": 769.0,
        "(8, 9)": 767.0
    },
    "simulation_parameters": {
        "graph_file": "uniform_complete_10_order_0.json",
        "c_guarantee": 0.7,
        "experiment_name": "uniform_complete_10_order_0_mc_c70_r100_sim10000",
        "average_edge_weight": 0.1111111111111111,
        "r": 1,
        "num_sim_instances": 10000,
        "rounding_scheme_class": "SimulatedRecursiveRoundingScheme",
        "parallel": true
    }
}