{
    "min_scaled_matching_probability": 0.5619999999999999,
    "scaled_matching_probabilities": {
        "(0, 10)": 0.6449999999999998,
        "(0, 11)": 1.045,
        "(0, 12)": 0.604,
        "(0, 13)": 0.617,
        "(0, 14)": 0.822,
        "(0, 15)": 0.607,
        "(0, 16)": 0.704,
        "(0, 17)": 0.943,
        "(0, 18)": 0.721,
        "(0, 19)": 0.564,
        "(10, 1)": 0.583,
        "(10, 2)": 0.792,
        "(10, 3)": 0.8099999999999999,
        "(10, 4)": 0.63,
        "(10, 5)": 0.591,
        "(10, 6)": 0.728,
        "(10, 7)": 0.6309999999999999,
        "(10, 8)": 1.4289999999999998,
        "(10, 9)": 0.833,
        "(11, 1)": 0.645,
        "(11, 2)": 0.612,
        "(11, 3)": 1.6109999999999998,
        "(11, 4)": 1.3079999999999998,
        "(11, 5)": 0.6919999999999998,
        "(11, 6)": 0.604,
        "(11, 7)": 0.566,
        "(11, 8)": 0.6469999999999999,
        "(11, 9)": 0.7689999999999999,
        "(12, 1)": 0.616,
        "(12, 2)": 0.945,
        "(12, 3)": 0.6589999999999998,
        "(12, 4)": 0.685,
        "(12, 5)": 0.7789999999999999,
        "(12, 6)": 0.757,
        "(12, 7)": 0.6189999999999999,
        "(12, 8)": 0.614,
        "(12, 9)": 2.063,
        "(13, 1)": 0.617,
        "(13, 2)": 0.8359999999999999,
        "(13, 3)": 0.9339999999999999,
        "(13, 4)": 1.918,
        "(13, 5)": 0.617,
        "(13, 6)": 0.722,
        "(13, 7)": 0.9619999999999999,
        "(13, 8)": 0.601,
        "(13, 9)": 0.612,
        "(14, 1)": 0.591,
        "(14, 2)": 0.824,
        "(14, 3)": 0.603,
        "(14, 4)": 0.6329999999999999,
        "(14, 5)": 0.595,
        "(14, 6)": 0.823,
        "(14, 7)": 0.597,
        "(14, 8)": 0.878,
        "(14, 9)": 1.2189999999999999,
        "(15, 1)": 1.784,
        "(15, 2)": 0.713,
        "(15, 3)": 0.5619999999999999,
        "(15, 4)": 0.708,
        "(15, 5)": 0.903,
        "(15, 6)": 0.627,
        "(15, 7)": 0.645,
        "(15, 8)": 0.7689999999999999,
        "(15, 9)": 0.702,
        "(16, 1)": 0.6429999999999998,
        "(16, 2)": 0.63,
        "(16, 3)": 0.605,
        "(16, 4)": 0.588,
        "(16, 5)": 2.304,
        "(16, 6)": 0.608,
        "(16, 7)": 0.62,
        "(16, 8)": 0.6429999999999999,
        "(16, 9)": 0.566,
        "(17, 1)": 1.474,
        "(17, 2)": 0.576,
        "(17, 3)": 0.574,
        "(17, 4)": 0.65,
        "(17, 5)": 0.6429999999999999,
        "(17, 6)": 0.959,
        "(17, 7)": 1.3619999999999999,
        "(17, 8)": 1.01,
        "(17, 9)": 0.622,
        "(18, 1)": 0.6809999999999999,
        "(18, 2)": 2.129,
        "(18, 3)": 0.596,
        "(18, 4)": 0.569,
        "(18, 5)": 0.609,
        "(18, 6)": 0.655,
        "(18, 7)": 0.694,
        "(18, 8)": 0.781,
        "(18, 9)": 0.6819999999999999,
        "(19, 1)": 0.907,
        "(19, 2)": 0.6519999999999999,
        "(19, 3)": 1.644,
        "(19, 4)": 0.587,
        "(19, 5)": 1.174,
        "(19, 6)": 0.6339999999999999,
        "(19, 7)": 0.879,
        "(19, 8)": 1.1509999999999998,
        "(19, 9)": 0.6529999999999998
    },
    "matching_probabilities": {
        "(0, 10)": 0.06449999999999999,
        "(0, 11)": 0.1045,
        "(0, 12)": 0.0604,
        "(0, 13)": 0.0617,
        "(0, 14)": 0.0822,
        "(0, 15)": 0.0607,
        "(0, 16)": 0.0704,
        "(0, 17)": 0.0943,
        "(0, 18)": 0.0721,
        "(0, 19)": 0.0564,
        "(10, 1)": 0.0583,
        "(10, 2)": 0.0792,
        "(10, 3)": 0.081,
        "(10, 4)": 0.063,
        "(10, 5)": 0.0591,
        "(10, 6)": 0.0728,
        "(10, 7)": 0.06309999999999999,
        "(10, 8)": 0.1429,
        "(10, 9)": 0.0833,
        "(11, 1)": 0.0645,
        "(11, 2)": 0.0612,
        "(11, 3)": 0.1611,
        "(11, 4)": 0.1308,
        "(11, 5)": 0.06919999999999998,
        "(11, 6)": 0.0604,
        "(11, 7)": 0.0566,
        "(11, 8)": 0.0647,
        "(11, 9)": 0.0769,
        "(12, 1)": 0.0616,
        "(12, 2)": 0.0945,
        "(12, 3)": 0.06589999999999999,
        "(12, 4)": 0.0685,
        "(12, 5)": 0.0779,
        "(12, 6)": 0.0757,
        "(12, 7)": 0.0619,
        "(12, 8)": 0.0614,
        "(12, 9)": 0.2063,
        "(13, 1)": 0.0617,
        "(13, 2)": 0.0836,
        "(13, 3)": 0.0934,
        "(13, 4)": 0.1918,
        "(13, 5)": 0.0617,
        "(13, 6)": 0.0722,
        "(13, 7)": 0.0962,
        "(13, 8)": 0.0601,
        "(13, 9)": 0.0612,
        "(14, 1)": 0.0591,
        "(14, 2)": 0.0824,
        "(14, 3)": 0.0603,
        "(14, 4)": 0.0633,
        "(14, 5)": 0.0595,
        "(14, 6)": 0.0823,
        "(14, 7)": 0.0597,
        "(14, 8)": 0.0878,
        "(14, 9)": 0.1219,
        "(15, 1)": 0.1784,
        "(15, 2)": 0.0713,
        "(15, 3)": 0.0562,
        "(15, 4)": 0.0708,
        "(15, 5)": 0.0903,
        "(15, 6)": 0.0627,
        "(15, 7)": 0.0645,
        "(15, 8)": 0.0769,
        "(15, 9)": 0.0702,
        "(16, 1)": 0.06429999999999998,
        "(16, 2)": 0.063,
        "(16, 3)": 0.0605,
        "(16, 4)": 0.0588,
        "(16, 5)": 0.2304,
        "(16, 6)": 0.0608,
        "(16, 7)": 0.062,
        "(16, 8)": 0.0643,
        "(16, 9)": 0.0566,
        "(17, 1)": 0.1474,
        "(17, 2)": 0.0576,
        "(17, 3)": 0.0574,
        "(17, 4)": 0.065,
        "(17, 5)": 0.0643,
        "(17, 6)": 0.0959,
        "(17, 7)": 0.1362,
        "(17, 8)": 0.101,
        "(17, 9)": 0.0622,
        "(18, 1)": 0.0681,
        "(18, 2)": 0.2129,
        "(18, 3)": 0.0596,
        "(18, 4)": 0.0569,
        "(18, 5)": 0.0609,
        "(18, 6)": 0.0655,
        "(18, 7)": 0.0694,
        "(18, 8)": 0.0781,
        "(18, 9)": 0.0682,
        "(19, 1)": 0.0907,
        "(19, 2)": 0.0652,
        "(19, 3)": 0.1644,
        "(19, 4)": 0.0587,
        "(19, 5)": 0.1174,
        "(19, 6)": 0.0634,
        "(19, 7)": 0.0879,
        "(19, 8)": 0.1151,
        "(19, 9)": 0.06529999999999998
    },
    "matching_counts": {
        "(0, 10)": 644.9999999999999,
        "(0, 11)": 1045.0,
        "(0, 12)": 604.0,
        "(0, 13)": 617.0,
        "(0, 14)": 822.0,
        "(0, 15)": 607.0,
        "(0, 16)": 704.0,
        "(0, 17)": 943.0,
        "(0, 18)": 721.0,
        "(0, 19)": 564.0,
        "(10, 1)": 583.0,
        "(10, 2)": 792.0,
        "(10, 3)": 810.0,
        "(10, 4)": 630.0,
        "(10, 5)": 591.0,
        "(10, 6)": 728.0,
        "(10, 7)": 630.9999999999999,
        "(10, 8)": 1429.0,
        "(10, 9)": 833.0,
        "(11, 1)": 645.0,
        "(11, 2)": 612.0,
        "(11, 3)": 1611.0,
        "(11, 4)": 1308.0,
        "(11, 5)": 691.9999999999999,
        "(11, 6)": 604.0,
        "(11, 7)": 566.0,
        "(11, 8)": 647.0,
        "(11, 9)": 769.0,
        "(12, 1)": 616.0,
        "(12, 2)": 945.0,
        "(12, 3)": 658.9999999999999,
        "(12, 4)": 685.0,
        "(12, 5)": 779.0,
        "(12, 6)": 757.0,
        "(12, 7)": 619.0,
        "(12, 8)": 614.0,
        "(12, 9)": 2063.0,
        "(13, 1)": 617.0,
        "(13, 2)": 836.0,
        "(13, 3)": 934.0,
        "(13, 4)": 1918.0,
        "(13, 5)": 617.0,
        "(13, 6)": 722.0,
        "(13, 7)": 962.0,
        "(13, 8)": 601.0,
        "(13, 9)": 612.0,
        "(14, 1)": 591.0,
        "(14, 2)": 824.0,
        "(14, 3)": 603.0,
        "(14, 4)": 633.0,
        "(14, 5)": 595.0,
        "(14, 6)": 823.0,
        "(14, 7)": 597.0,
        "(14, 8)": 878.0,
        "(14, 9)": 1219.0,
        "(15, 1)": 1784.0,
        "(15, 2)": 713.0,
        "(15, 3)": 562.0,
        "(15, 4)": 708.0,
        "(15, 5)": 903.0,
        "(15, 6)": 627.0,
        "(15, 7)": 645.0,
        "(15, 8)": 769.0,
        "(15, 9)": 702.0,
        "(16, 1)": 642.9999999999999,
        "(16, 2)": 630.0,
        "(16, 3)": 605.0,
        "(16, 4)": 588.0,
        "(16, 5)": 2304.0,
        "(16, 6)": 608.0,
        "(16, 7)": 620.0,
        "(16, 8)": 643.0,
        "(16, 9)": 566.0,
        "(17, 1)": 1474.0,
        "(17, 2)": 576.0,
        "(17, 3)": 574.0,
        "(17, 4)": 650.0,