{
    "min_scaled_matching_probability": 0.531,
    "scaled_matching_probabilities": {
        "(0, 10)": 0.623,
        "(0, 11)": 0.597,
        "(0, 12)": 0.646,
        "(0, 13)": 0.606,
        "(0, 14)": 0.599,
        "(0, 15)": 0.616,
        "(0, 16)": 0.605,
        "(0, 17)": 0.607,
        "(0, 18)": 0.566,
        "(0, 19)": 0.589,
        "(10, 1)": 0.588,
        "(10, 2)": 0.586,
        "(10, 3)": 0.61,
        "(10, 4)": 0.636,
        "(10, 5)": 0.582,
        "(10, 6)": 0.572,
        "(10, 7)": 0.615,
        "(10, 8)": 0.6289999999999999,
        "(10, 9)": 0.601,
        "(11, 1)": 0.6329999999999999,
        "(11, 2)": 0.59,
        "(11, 3)": 0.569,
        "(11, 4)": 0.645,
        "(11, 5)": 0.597,
        "(11, 6)": 0.614,
        "(11, 7)": 0.606,
        "(11, 8)": 0.5529999999999999,
        "(11, 9)": 0.5529999999999999,
        "(12, 1)": 0.627,
        "(12, 2)": 0.584,
        "(12, 3)": 0.621,
        "(12, 4)": 0.6339999999999999,
        "(12, 5)": 0.615,
        "(12, 6)": 0.596,
        "(12, 7)": 0.594,
        "(12, 8)": 0.531,
        "(12, 9)": 0.588,
        "(13, 1)": 0.613,
        "(13, 2)": 0.632,
        "(13, 3)": 0.612,
        "(13, 4)": 0.645,
        "(13, 5)": 0.597,
        "(13, 6)": 0.5589999999999999,
        "(13, 7)": 0.606,
        "(13, 8)": 0.636,
        "(13, 9)": 0.5479999999999999,
        "(14, 1)": 0.6339999999999999,
        "(14, 2)": 0.621,
        "(14, 3)": 0.578,
        "(14, 4)": 0.5559999999999999,
        "(14, 5)": 0.585,
        "(14, 6)": 0.623,
        "(14, 7)": 0.593,
        "(14, 8)": 0.615,
        "(14, 9)": 0.595,
        "(15, 1)": 0.601,
        "(15, 2)": 0.587,
        "(15, 3)": 0.612,
        "(15, 4)": 0.6,
        "(15, 5)": 0.607,
        "(15, 6)": 0.566,
        "(15, 7)": 0.609,
        "(15, 8)": 0.641,
        "(15, 9)": 0.592,
        "(16, 1)": 0.582,
        "(16, 2)": 0.6189999999999999,
        "(16, 3)": 0.591,
        "(16, 4)": 0.598,
        "(16, 5)": 0.594,
        "(16, 6)": 0.602,
        "(16, 7)": 0.614,
        "(16, 8)": 0.623,
        "(16, 9)": 0.6239999999999999,
        "(17, 1)": 0.6189999999999999,
        "(17, 2)": 0.602,
        "(17, 3)": 0.626,
        "(17, 4)": 0.565,
        "(17, 5)": 0.613,
        "(17, 6)": 0.59,
        "(17, 7)": 0.588,
        "(17, 8)": 0.582,
        "(17, 9)": 0.6429999999999999,
        "(18, 1)": 0.581,
        "(18, 2)": 0.599,
        "(18, 3)": 0.604,
        "(18, 4)": 0.578,
        "(18, 5)": 0.588,
        "(18, 6)": 0.612,
        "(18, 7)": 0.605,
        "(18, 8)": 0.57,
        "(18, 9)": 0.594,
        "(19, 1)": 0.58,
        "(19, 2)": 0.568,
        "(19, 3)": 0.586,
        "(19, 4)": 0.6289999999999999,
        "(19, 5)": 0.618,
        "(19, 6)": 0.5589999999999999,
        "(19, 7)": 0.6189999999999999,
        "(19, 8)": 0.6339999999999999,
        "(19, 9)": 0.603
    },
    "matching_probabilities": {
        "(0, 10)": 0.0623,
        "(0, 11)": 0.0597,
        "(0, 12)": 0.0646,
        "(0, 13)": 0.0606,
        "(0, 14)": 0.0599,
        "(0, 15)": 0.0616,
        "(0, 16)": 0.0605,
        "(0, 17)": 0.0607,
        "(0, 18)": 0.0566,
        "(0, 19)": 0.0589,
        "(10, 1)": 0.0588,
        "(10, 2)": 0.0586,
        "(10, 3)": 0.061,
        "(10, 4)": 0.0636,
        "(10, 5)": 0.0582,
        "(10, 6)": 0.0572,
        "(10, 7)": 0.0615,
        "(10, 8)": 0.0629,
        "(10, 9)": 0.0601,
        "(11, 1)": 0.0633,
        "(11, 2)": 0.059,
        "(11, 3)": 0.0569,
        "(11, 4)": 0.0645,
        "(11, 5)": 0.0597,
        "(11, 6)": 0.0614,
        "(11, 7)": 0.0606,
        "(11, 8)": 0.0553,
        "(11, 9)": 0.0553,
        "(12, 1)": 0.0627,
        "(12, 2)": 0.0584,
        "(12, 3)": 0.0621,
        "(12, 4)": 0.0634,
        "(12, 5)": 0.0615,
        "(12, 6)": 0.0596,
        "(12, 7)": 0.0594,
        "(12, 8)": 0.0531,
        "(12, 9)": 0.0588,
        "(13, 1)": 0.0613,
        "(13, 2)": 0.0632,
        "(13, 3)": 0.0612,
        "(13, 4)": 0.0645,
        "(13, 5)": 0.0597,
        "(13, 6)": 0.0559,
        "(13, 7)": 0.0606,
        "(13, 8)": 0.0636,
        "(13, 9)": 0.0548,
        "(14, 1)": 0.0634,
        "(14, 2)": 0.0621,
        "(14, 3)": 0.0578,
        "(14, 4)": 0.0556,
        "(14, 5)": 0.0585,
        "(14, 6)": 0.0623,
        "(14, 7)": 0.0593,
        "(14, 8)": 0.0615,
        "(14, 9)": 0.0595,
        "(15, 1)": 0.0601,
        "(15, 2)": 0.0587,
        "(15, 3)": 0.0612,
        "(15, 4)": 0.06,
        "(15, 5)": 0.0607,
        "(15, 6)": 0.0566,
        "(15, 7)": 0.0609,
        "(15, 8)": 0.0641,
        "(15, 9)": 0.0592,
        "(16, 1)": 0.0582,
        "(16, 2)": 0.0619,
        "(16, 3)": 0.0591,
        "(16, 4)": 0.0598,
        "(16, 5)": 0.0594,
        "(16, 6)": 0.0602,
        "(16, 7)": 0.0614,
        "(16, 8)": 0.0623,
        "(16, 9)": 0.0624,
        "(17, 1)": 0.0619,
        "(17, 2)": 0.0602,
        "(17, 3)": 0.0626,
        "(17, 4)": 0.0565,
        "(17, 5)": 0.0613,
        "(17, 6)": 0.059,
        "(17, 7)": 0.0588,
        "(17, 8)": 0.0582,
        "(17, 9)": 0.0643,
        "(18, 1)": 0.0581,
        "(18, 2)": 0.0599,
        "(18, 3)": 0.0604,
        "(18, 4)": 0.0578,
        "(18, 5)": 0.0588,
        "(18, 6)": 0.0612,
        "(18, 7)": 0.0605,
        "(18, 8)": 0.057,
        "(18, 9)": 0.0594,
        "(19, 1)": 0.058,
        "(19, 2)": 0.0568,
        "(19, 3)": 0.0586,
        "(19, 4)": 0.0629,
        "(19, 5)": 0.0618,
        "(19, 6)": 0.0559,
        "(19, 7)": 0.0619,
        "(19, 8)": 0.0634,
        "(19, 9)": 0.0603
    },
    "matching_counts": {
        "(0, 10)": 623.0,
        "(0, 11)": 597.0,
        "(0, 12)": 646.0,
        "(0, 13)": 606.0,
        "(0, 14)": 599.0,
        "(0, 15)": 616.0,
        "(0, 16)": 605.0,
        "(0, 17)": 607.0,
        "(0, 18)": 566.0,
        "(0, 19)": 589.0,
        "(10, 1)": 588.0,
        "(10, 2)": 586.0,
        "(10, 3)": 610.0,
        "(10, 4)": 636.0,
        "(10, 5)": 582.0,
        "(10, 6)": 572.0,
        "(10, 7)": 615.0,
        "(10, 8)": 629.0,
        "(10, 9)": 601.0,
        "(11, 1)": 633.0,
        "(11, 2)": 590.0,
        "(11, 3)": 569.0,
        "(11, 4)": 645.0,
        "(11, 5)": 597.0,
        "(11, 6)": 614.0,
        "(11, 7)": 606.0,
        "(11, 8)": 553.0,
        "(11, 9)": 553.0,
        "(12, 1)": 627.0,
        "(12, 2)": 584.0,
        "(12, 3)": 621.0,
        "(12, 4)": 634.0,
        "(12, 5)": 615.0,
        "(12, 6)": 596.0,
        "(12, 7)": 594.0,
        "(12, 8)": 531.0,
        "(12, 9)": 588.0,
        "(13, 1)": 613.0,
        "(13, 2)": 632.0,
        "(13, 3)": 612.0,
        "(13, 4)": 645.0,
        "(13, 5)": 597.0,
        "(13, 6)": 559.0,
        "(13, 7)": 606.0,
        "(13, 8)": 636.0,
        "(13, 9)": 548.0,
        "(14, 1)": 634.0,
        "(14, 2)": 621.0,
        "(14, 3)": 578.0,
        "(14, 4)": 556.0,
        "(14, 5)": 585.0,
        "(14, 6)": 623.0,
        "(14, 7)": 593.0,
        "(14, 8)": 615.0,
        "(14, 9)": 595.0,
        "(15, 1)": 601.0,
        "(15, 2)": 587.0,
        "(15, 3)": 612.0,
        "(15, 4)": 600.0,
        "(15, 5)": 607.0,
        "(15, 6)": 566.0,
        "(15, 7)": 609.0,
        "(15, 8)": 641.0,
        "(15, 9)": 592.0,
        "(16, 1)": 582.0,
        "(16, 2)": 619.0,
        "(16, 3)": 591.0,
        "(16, 4)": 598.0,
        "(16, 5)": 594.0,
        "(16, 6)": 602.0,
        "(16, 7)": 614.0,
        "(16, 8)": 623.0,
        "(16, 9)": 624.0,
        "(17, 1)": 619.0,
        "(17, 2)": 602.0,
        "(17, 3)": 626.0,
        "(17, 4)": 565.0,
        "(17, 5)": 613.0,
        "(17, 6)": 590.0,
        "(17, 7)": 588.0,
        "(17, 8)": 582.0,
        "(17, 9)": 643.0,
        "(18, 1)": 581.0,
        "(18, 2)": 599.0,
        "(18, 3)": 604.0,
        "(18, 4)": 578.0,
        "(18, 5)": 588.0,
        "(18, 6)": 612.0,
        "(18, 7)": 605.0,