{
    "min_scaled_matching_probability": 0.622,
    "scaled_matching_probabilities": {
        "(0, 10)": 0.6839999999999999,
        "(0, 11)": 0.6479999999999999,
        "(0, 12)": 0.6669999999999999,
        "(0, 13)": 0.689,
        "(0, 14)": 0.6489999999999999,
        "(0, 15)": 0.66,
        "(0, 16)": 0.6719999999999999,
        "(0, 17)": 0.701,
        "(0, 18)": 0.6569999999999999,
        "(0, 19)": 0.6679999999999999,
        "(10, 1)": 0.7149999999999999,
        "(10, 2)": 0.6639999999999999,
        "(10, 3)": 0.67,
        "(10, 4)": 0.6819999999999999,
        "(10, 5)": 0.6419999999999999,
        "(10, 6)": 0.6419999999999999,
        "(10, 7)": 0.64,
        "(10, 8)": 0.706,
        "(10, 9)": 0.6809999999999999,
        "(11, 1)": 0.6859999999999999,
        "(11, 2)": 0.651,
        "(11, 3)": 0.698,
        "(11, 4)": 0.6689999999999999,
        "(11, 5)": 0.6789999999999999,
        "(11, 6)": 0.6579999999999999,
        "(11, 7)": 0.6339999999999999,
        "(11, 8)": 0.63,
        "(11, 9)": 0.651,
        "(12, 1)": 0.625,
        "(12, 2)": 0.622,
        "(12, 3)": 0.6639999999999999,
        "(12, 4)": 0.623,
        "(12, 5)": 0.6639999999999999,
        "(12, 6)": 0.699,
        "(12, 7)": 0.7149999999999999,
        "(12, 8)": 0.691,
        "(12, 9)": 0.651,
        "(13, 1)": 0.64,
        "(13, 2)": 0.655,
        "(13, 3)": 0.675,
        "(13, 4)": 0.6339999999999999,
        "(13, 5)": 0.6669999999999999,
        "(13, 6)": 0.688,
        "(13, 7)": 0.66,
        "(13, 8)": 0.6389999999999999,
        "(13, 9)": 0.651,
        "(14, 1)": 0.6569999999999999,
        "(14, 2)": 0.698,
        "(14, 3)": 0.6239999999999999,
        "(14, 4)": 0.66,
        "(14, 5)": 0.6839999999999999,
        "(14, 6)": 0.632,
        "(14, 7)": 0.6779999999999999,
        "(14, 8)": 0.6809999999999999,
        "(14, 9)": 0.711,
        "(15, 1)": 0.661,
        "(15, 2)": 0.6479999999999999,
        "(15, 3)": 0.635,
        "(15, 4)": 0.6789999999999999,
        "(15, 5)": 0.693,
        "(15, 6)": 0.6839999999999999,
        "(15, 7)": 0.6809999999999999,
        "(15, 8)": 0.6719999999999999,
        "(15, 9)": 0.631,
        "(16, 1)": 0.6429999999999999,
        "(16, 2)": 0.6839999999999999,
        "(16, 3)": 0.6839999999999999,
        "(16, 4)": 0.694,
        "(16, 5)": 0.724,
        "(16, 6)": 0.665,
        "(16, 7)": 0.6739999999999999,
        "(16, 8)": 0.709,
        "(16, 9)": 0.6689999999999999,
        "(17, 1)": 0.6669999999999999,
        "(17, 2)": 0.66,
        "(17, 3)": 0.622,
        "(17, 4)": 0.6729999999999999,
        "(17, 5)": 0.6239999999999999,
        "(17, 6)": 0.626,
        "(17, 7)": 0.6689999999999999,
        "(17, 8)": 0.6639999999999999,
        "(17, 9)": 0.6739999999999999,
        "(18, 1)": 0.6419999999999999,
        "(18, 2)": 0.711,
        "(18, 3)": 0.6539999999999999,
        "(18, 4)": 0.651,
        "(18, 5)": 0.6489999999999999,
        "(18, 6)": 0.701,
        "(18, 7)": 0.66,
        "(18, 8)": 0.632,
        "(18, 9)": 0.691,
        "(19, 1)": 0.711,
        "(19, 2)": 0.635,
        "(19, 3)": 0.7049999999999998,
        "(19, 4)": 0.666,
        "(19, 5)": 0.6479999999999999,
        "(19, 6)": 0.6629999999999999,
        "(19, 7)": 0.685,
        "(19, 8)": 0.675,
        "(19, 9)": 0.6519999999999999
    },
    "matching_probabilities": {
        "(0, 10)": 0.0684,
        "(0, 11)": 0.0648,
        "(0, 12)": 0.0667,
        "(0, 13)": 0.0689,
        "(0, 14)": 0.0649,
        "(0, 15)": 0.066,
        "(0, 16)": 0.0672,
        "(0, 17)": 0.0701,
        "(0, 18)": 0.0657,
        "(0, 19)": 0.0668,
        "(10, 1)": 0.0715,
        "(10, 2)": 0.0664,
        "(10, 3)": 0.067,
        "(10, 4)": 0.0682,
        "(10, 5)": 0.0642,
        "(10, 6)": 0.0642,
        "(10, 7)": 0.064,
        "(10, 8)": 0.0706,
        "(10, 9)": 0.0681,
        "(11, 1)": 0.0686,
        "(11, 2)": 0.0651,
        "(11, 3)": 0.0698,
        "(11, 4)": 0.0669,
        "(11, 5)": 0.0679,
        "(11, 6)": 0.0658,
        "(11, 7)": 0.0634,
        "(11, 8)": 0.063,
        "(11, 9)": 0.0651,
        "(12, 1)": 0.0625,
        "(12, 2)": 0.0622,
        "(12, 3)": 0.0664,
        "(12, 4)": 0.0623,
        "(12, 5)": 0.0664,
        "(12, 6)": 0.0699,
        "(12, 7)": 0.0715,
        "(12, 8)": 0.0691,
        "(12, 9)": 0.0651,
        "(13, 1)": 0.064,
        "(13, 2)": 0.0655,
        "(13, 3)": 0.0675,
        "(13, 4)": 0.0634,
        "(13, 5)": 0.0667,
        "(13, 6)": 0.0688,
        "(13, 7)": 0.066,
        "(13, 8)": 0.0639,
        "(13, 9)": 0.0651,
        "(14, 1)": 0.0657,
        "(14, 2)": 0.0698,
        "(14, 3)": 0.0624,
        "(14, 4)": 0.066,
        "(14, 5)": 0.0684,
        "(14, 6)": 0.0632,
        "(14, 7)": 0.0678,
        "(14, 8)": 0.0681,
        "(14, 9)": 0.0711,
        "(15, 1)": 0.0661,
        "(15, 2)": 0.0648,
        "(15, 3)": 0.0635,
        "(15, 4)": 0.0679,
        "(15, 5)": 0.0693,
        "(15, 6)": 0.0684,
        "(15, 7)": 0.0681,
        "(15, 8)": 0.0672,
        "(15, 9)": 0.0631,
        "(16, 1)": 0.0643,
        "(16, 2)": 0.0684,
        "(16, 3)": 0.0684,
        "(16, 4)": 0.0694,
        "(16, 5)": 0.0724,
        "(16, 6)": 0.0665,
        "(16, 7)": 0.0674,
        "(16, 8)": 0.0709,
        "(16, 9)": 0.0669,
        "(17, 1)": 0.0667,
        "(17, 2)": 0.066,
        "(17, 3)": 0.0622,
        "(17, 4)": 0.0673,
        "(17, 5)": 0.0624,
        "(17, 6)": 0.0626,
        "(17, 7)": 0.0669,
        "(17, 8)": 0.0664,
        "(17, 9)": 0.0674,
        "(18, 1)": 0.0642,
        "(18, 2)": 0.0711,
        "(18, 3)": 0.0654,
        "(18, 4)": 0.0651,
        "(18, 5)": 0.0649,
        "(18, 6)": 0.0701,
        "(18, 7)": 0.066,
        "(18, 8)": 0.0632,
        "(18, 9)": 0.0691,
        "(19, 1)": 0.0711,
        "(19, 2)": 0.0635,
        "(19, 3)": 0.0705,
        "(19, 4)": 0.0666,
        "(19, 5)": 0.0648,
        "(19, 6)": 0.0663,
        "(19, 7)": 0.0685,
        "(19, 8)": 0.0675,
        "(19, 9)": 0.0652
    },
    "matching_counts": {
        "(0, 10)": 684.0,
        "(0, 11)": 648.0,
        "(0, 12)": 667.0,
        "(0, 13)": 689.0,
        "(0, 14)": 649.0,
        "(0, 15)": 660.0,
        "(0, 16)": 672.0,
        "(0, 17)": 701.0,
        "(0, 18)": 657.0,
        "(0, 19)": 668.0,
        "(10, 1)": 715.0,
        "(10, 2)": 664.0,
        "(10, 3)": 670.0,
        "(10, 4)": 682.0,
        "(10, 5)": 642.0,
        "(10, 6)": 642.0,
        "(10, 7)": 640.0,
        "(10, 8)": 706.0,
        "(10, 9)": 681.0,
        "(11, 1)": 686.0,
        "(11, 2)": 651.0,
        "(11, 3)": 698.0,
        "(11, 4)": 669.0,
        "(11, 5)": 679.0,
        "(11, 6)": 658.0,
        "(11, 7)": 634.0,
        "(11, 8)": 630.0,
        "(11, 9)": 651.0,
        "(12, 1)": 625.0,
        "(12, 2)": 622.0,
        "(12, 3)": 664.0,
        "(12, 4)": 623.0,
        "(12, 5)": 664.0,
        "(12, 6)": 699.0,
        "(12, 7)": 715.0,
        "(12, 8)": 691.0,
        "(12, 9)": 651.0,
        "(13, 1)": 640.0,
        "(13, 2)": 655.0,
        "(13, 3)": 675.0,
        "(13, 4)": 634.0,
        "(13, 5)": 667.0,
        "(13, 6)": 688.0,
        "(13, 7)": 660.0,
        "(13, 8)": 639.0,
        "(13, 9)": 651.0,
        "(14, 1)": 657.0,
        "(14, 2)": 698.0,
        "(14, 3)": 624.0,
        "(14, 4)": 660.0,
        "(14, 5)": 684.0,
        "(14, 6)": 632.0,
        "(14, 7)": 678.0,
        "(14, 8)": 681.0,
        "(14, 9)": 711.0,
        "(15, 1)": 661.0,
        "(15, 2)": 648.0,
        "(15, 3)": 635.0,
        "(15, 4)": 679.0,
        "(15, 5)": 693.0,
        "(15, 6)": 684.0,
        "(15, 7)": 681.0,
        "(15, 8)": 672.0,
        "(15, 9)": 631.0,
        "(16, 1)": 643.0,
        "(16, 2)": 684.0,
        "(16, 3)": 684.0,
        "(16, 4)": 694.0,
        "(16, 5)": 724.0,
        "(16, 6)": 665.0,
        "(16, 7)": 674.0,
        "(16, 8)": 709.0,