{
    "min_scaled_matching_probability": 0.43799999999999994,
    "scaled_matching_probabilities": {
        "(0, 1)": 0.5499999999999999,
        "(0, 2)": 0.488,
        "(0, 3)": 0.5539999999999999,
        "(0, 4)": 0.47600000000000003,
        "(0, 5)": 0.5579999999999999,
        "(0, 6)": 0.47600000000000003,
        "(0, 7)": 0.512,
        "(0, 8)": 0.474,
        "(0, 9)": 0.484,
        "(0, 10)": 0.512,
        "(0, 11)": 0.576,
        "(0, 12)": 0.49000000000000005,
        "(0, 13)": 0.482,
        "(0, 14)": 0.5319999999999999,
        "(0, 15)": 0.46399999999999997,
        "(0, 16)": 0.43799999999999994,
        "(0, 17)": 0.4459999999999999,
        "(0, 18)": 0.45799999999999996,
        "(0, 19)": 0.4699999999999999,
        "(0, 20)": 0.492
    },
    "matching_probabilities": {
        "(0, 1)": 0.0275,
        "(0, 2)": 0.0244,
        "(0, 3)": 0.0277,
        "(0, 4)": 0.0238,
        "(0, 5)": 0.0279,
        "(0, 6)": 0.0238,
        "(0, 7)": 0.0256,
        "(0, 8)": 0.0237,
        "(0, 9)": 0.0242,
        "(0, 10)": 0.0256,
        "(0, 11)": 0.0288,
        "(0, 12)": 0.024500000000000004,
        "(0, 13)": 0.0241,
        "(0, 14)": 0.0266,
        "(0, 15)": 0.0232,
        "(0, 16)": 0.0219,
        "(0, 17)": 0.022299999999999997,
        "(0, 18)": 0.0229,
        "(0, 19)": 0.023499999999999997,
        "(0, 20)": 0.0246
    },
    "matching_counts": {
        "(0, 1)": 275.0,
        "(0, 2)": 244.0,
        "(0, 3)": 277.0,
        "(0, 4)": 238.0,
        "(0, 5)": 279.0,
        "(0, 6)": 238.0,
        "(0, 7)": 256.0,
        "(0, 8)": 237.0,
        "(0, 9)": 242.0,
        "(0, 10)": 256.0,
        "(0, 11)": 288.0,
        "(0, 12)": 245.00000000000003,
        "(0, 13)": 241.0,
        "(0, 14)": 266.0,
        "(0, 15)": 232.0,
        "(0, 16)": 219.0,
        "(0, 17)": 222.99999999999997,
        "(0, 18)": 229.0,
        "(0, 19)": 234.99999999999997,
        "(0, 20)": 246.0
    },
    "simulation_parameters": {
        "graph_file": "uniform_star_20_order_0.json",
        "c_guarantee": 0.5,
        "experiment_name": "uniform_star_20_order_0_tr_c50_r70_sim10000",
        "average_edge_weight": 0.05,
        "r": 0.7,
        "num_sim_instances": 10000,
        "rounding_scheme_class": "SimpleRecursiveRoundingSchemeForTree",
        "parallel": true
    }
}