{
    "min_scaled_matching_probability": 0.6282000000000001,
    "scaled_matching_probabilities": {
        "(0, 1)": 0.6462000000000001,
        "(0, 2)": 0.6354,
        "(0, 3)": 0.6777000000000001,
        "(0, 4)": 0.6786,
        "(0, 5)": 0.6696,
        "(0, 6)": 0.6543,
        "(0, 7)": 0.7065,
        "(0, 8)": 0.6714,
        "(0, 9)": 0.6813,
        "(1, 2)": 0.6651,
        "(1, 3)": 0.6363,
        "(1, 4)": 0.6732000000000001,
        "(1, 5)": 0.639,
        "(1, 6)": 0.6759000000000001,
        "(1, 7)": 0.6696,
        "(1, 8)": 0.6345,
        "(1, 9)": 0.7227,
        "(2, 3)": 0.6804,
        "(2, 4)": 0.6894,
        "(2, 5)": 0.6813,
        "(2, 6)": 0.6705,
        "(2, 7)": 0.6633,
        "(2, 8)": 0.6687000000000001,
        "(2, 9)": 0.6552000000000001,
        "(3, 4)": 0.7074,
        "(3, 5)": 0.6696,
        "(3, 6)": 0.6642000000000001,
        "(3, 7)": 0.6462000000000001,
        "(3, 8)": 0.6651,
        "(3, 9)": 0.6804,
        "(4, 5)": 0.684,
        "(4, 6)": 0.6372000000000001,
        "(4, 7)": 0.6669,
        "(4, 8)": 0.6696,
        "(4, 9)": 0.6282000000000001,
        "(5, 6)": 0.6687000000000001,
        "(5, 7)": 0.6444,
        "(5, 8)": 0.6732000000000001,
        "(5, 9)": 0.6786,
        "(6, 7)": 0.6543,
        "(6, 8)": 0.6966,
        "(6, 9)": 0.6651,
        "(7, 8)": 0.6624,
        "(7, 9)": 0.657,
        "(8, 9)": 0.6624
    },
    "matching_probabilities": {
        "(0, 1)": 0.0718,
        "(0, 2)": 0.0706,
        "(0, 3)": 0.0753,
        "(0, 4)": 0.0754,
        "(0, 5)": 0.0744,
        "(0, 6)": 0.0727,
        "(0, 7)": 0.0785,
        "(0, 8)": 0.0746,
        "(0, 9)": 0.0757,
        "(1, 2)": 0.0739,
        "(1, 3)": 0.0707,
        "(1, 4)": 0.0748,
        "(1, 5)": 0.071,
        "(1, 6)": 0.0751,
        "(1, 7)": 0.0744,
        "(1, 8)": 0.0705,
        "(1, 9)": 0.0803,
        "(2, 3)": 0.0756,
        "(2, 4)": 0.0766,
        "(2, 5)": 0.0757,
        "(2, 6)": 0.0745,
        "(2, 7)": 0.0737,
        "(2, 8)": 0.0743,
        "(2, 9)": 0.0728,
        "(3, 4)": 0.0786,
        "(3, 5)": 0.0744,
        "(3, 6)": 0.0738,
        "(3, 7)": 0.0718,
        "(3, 8)": 0.0739,
        "(3, 9)": 0.0756,
        "(4, 5)": 0.076,
        "(4, 6)": 0.0708,
        "(4, 7)": 0.0741,
        "(4, 8)": 0.0744,
        "(4, 9)": 0.0698,
        "(5, 6)": 0.0743,
        "(5, 7)": 0.0716,
        "(5, 8)": 0.0748,
        "(5, 9)": 0.0754,
        "(6, 7)": 0.0727,
        "(6, 8)": 0.0774,
        "(6, 9)": 0.0739,
        "(7, 8)": 0.0736,
        "(7, 9)": 0.073,
        "(8, 9)": 0.0736
    },
    "matching_counts": {
        "(0, 1)": 718.0,
        "(0, 2)": 706.0,
        "(0, 3)": 753.0,
        "(0, 4)": 754.0,
        "(0, 5)": 744.0,
        "(0, 6)": 727.0,
        "(0, 7)": 785.0,
        "(0, 8)": 746.0,
        "(0, 9)": 757.0,
        "(1, 2)": 739.0,
        "(1, 3)": 707.0,
        "(1, 4)": 748.0,
        "(1, 5)": 710.0,
        "(1, 6)": 751.0,
        "(1, 7)": 744.0,
        "(1, 8)": 705.0,
        "(1, 9)": 803.0,
        "(2, 3)": 756.0,
        "(2, 4)": 766.0,
        "(2, 5)": 757.0,
        "(2, 6)": 745.0,
        "(2, 7)": 737.0,
        "(2, 8)": 743.0,
        "(2, 9)": 728.0,
        "(3, 4)": 786.0,
        "(3, 5)": 744.0,
        "(3, 6)": 738.0,
        "(3, 7)": 718.0,
        "(3, 8)": 739.0,
        "(3, 9)": 756.0,
        "(4, 5)": 760.0,
        "(4, 6)": 708.0,
        "(4, 7)": 741.0,
        "(4, 8)": 744.0,
        "(4, 9)": 698.0,
        "(5, 6)": 743.0,
        "(5, 7)": 716.0,
        "(5, 8)": 748.0,
        "(5, 9)": 754.0,
        "(6, 7)": 727.0,
        "(6, 8)": 774.0,
        "(6, 9)": 739.0,
        "(7, 8)": 736.0,
        "(7, 9)": 730.0,
        "(8, 9)": 736.0
    },
    "simulation_parameters": {
        "graph_file": "uniform_complete_10_order_0.json",
        "c_guarantee": 0.6666666666666666,
        "experiment_name": "uniform_complete_10_order_0_mc_c66_r100_sim10000",
        "average_edge_weight": 0.1111111111111111,
        "r": 1,
        "num_sim_instances": 10000,
        "rounding_scheme_class": "SimulatedRecursiveRoundingScheme",
        "parallel": true
    }
}