{
    "min_scaled_matching_probability": 0.6289999999999999,
    "scaled_matching_probabilities": {
        "(0, 10)": 0.6689999999999999,
        "(0, 11)": 0.6950000000000001,
        "(0, 12)": 0.757,
        "(0, 13)": 0.723,
        "(0, 14)": 0.675,
        "(0, 15)": 0.685,
        "(0, 16)": 0.707,
        "(0, 17)": 0.718,
        "(0, 18)": 0.6950000000000001,
        "(0, 19)": 0.666,
        "(10, 1)": 0.692,
        "(10, 2)": 0.693,
        "(10, 3)": 0.731,
        "(10, 4)": 0.724,
        "(10, 5)": 0.6779999999999999,
        "(10, 6)": 0.6839999999999999,
        "(10, 7)": 0.721,
        "(10, 8)": 0.7549999999999999,
        "(10, 9)": 0.736,
        "(11, 1)": 0.7449999999999999,
        "(11, 2)": 0.6829999999999999,
        "(11, 3)": 0.6729999999999999,
        "(11, 4)": 0.731,
        "(11, 5)": 0.7249999999999999,
        "(11, 6)": 0.6809999999999999,
        "(11, 7)": 0.693,
        "(11, 8)": 0.697,
        "(11, 9)": 0.689,
        "(12, 1)": 0.7000000000000001,
        "(12, 2)": 0.698,
        "(12, 3)": 0.709,
        "(12, 4)": 0.6769999999999999,
        "(12, 5)": 0.727,
        "(12, 6)": 0.6769999999999999,
        "(12, 7)": 0.716,
        "(12, 8)": 0.6589999999999999,
        "(12, 9)": 0.723,
        "(13, 1)": 0.689,
        "(13, 2)": 0.6779999999999999,
        "(13, 3)": 0.719,
        "(13, 4)": 0.751,
        "(13, 5)": 0.6950000000000001,
        "(13, 6)": 0.6869999999999999,
        "(13, 7)": 0.66,
        "(13, 8)": 0.711,
        "(13, 9)": 0.726,
        "(14, 1)": 0.737,
        "(14, 2)": 0.733,
        "(14, 3)": 0.724,
        "(14, 4)": 0.675,
        "(14, 5)": 0.694,
        "(14, 6)": 0.698,
        "(14, 7)": 0.692,
        "(14, 8)": 0.738,
        "(14, 9)": 0.68,
        "(15, 1)": 0.6900000000000001,
        "(15, 2)": 0.6729999999999999,
        "(15, 3)": 0.696,
        "(15, 4)": 0.701,
        "(15, 5)": 0.717,
        "(15, 6)": 0.6819999999999999,
        "(15, 7)": 0.6779999999999999,
        "(15, 8)": 0.762,
        "(15, 9)": 0.729,
        "(16, 1)": 0.691,
        "(16, 2)": 0.7349999999999999,
        "(16, 3)": 0.6819999999999999,
        "(16, 4)": 0.688,
        "(16, 5)": 0.697,
        "(16, 6)": 0.704,
        "(16, 7)": 0.721,
        "(16, 8)": 0.701,
        "(16, 9)": 0.6289999999999999,
        "(17, 1)": 0.707,
        "(17, 2)": 0.701,
        "(17, 3)": 0.671,
        "(17, 4)": 0.651,
        "(17, 5)": 0.704,
        "(17, 6)": 0.732,
        "(17, 7)": 0.707,
        "(17, 8)": 0.6839999999999999,
        "(17, 9)": 0.7000000000000001,
        "(18, 1)": 0.692,
        "(18, 2)": 0.7249999999999999,
        "(18, 3)": 0.703,
        "(18, 4)": 0.6619999999999999,
        "(18, 5)": 0.727,
        "(18, 6)": 0.721,
        "(18, 7)": 0.7249999999999999,
        "(18, 8)": 0.6679999999999999,
        "(18, 9)": 0.711,
        "(19, 1)": 0.706,
        "(19, 2)": 0.646,
        "(19, 3)": 0.702,
        "(19, 4)": 0.714,
        "(19, 5)": 0.692,
        "(19, 6)": 0.6829999999999999,
        "(19, 7)": 0.711,
        "(19, 8)": 0.7199999999999999,
        "(19, 9)": 0.701
    },
    "matching_probabilities": {
        "(0, 10)": 0.0669,
        "(0, 11)": 0.0695,
        "(0, 12)": 0.0757,
        "(0, 13)": 0.0723,
        "(0, 14)": 0.0675,
        "(0, 15)": 0.0685,
        "(0, 16)": 0.0707,
        "(0, 17)": 0.0718,
        "(0, 18)": 0.0695,
        "(0, 19)": 0.0666,
        "(10, 1)": 0.0692,
        "(10, 2)": 0.0693,
        "(10, 3)": 0.0731,
        "(10, 4)": 0.0724,
        "(10, 5)": 0.0678,
        "(10, 6)": 0.0684,
        "(10, 7)": 0.0721,
        "(10, 8)": 0.0755,
        "(10, 9)": 0.0736,
        "(11, 1)": 0.0745,
        "(11, 2)": 0.0683,
        "(11, 3)": 0.0673,
        "(11, 4)": 0.0731,
        "(11, 5)": 0.0725,
        "(11, 6)": 0.0681,
        "(11, 7)": 0.0693,
        "(11, 8)": 0.0697,
        "(11, 9)": 0.0689,
        "(12, 1)": 0.07,
        "(12, 2)": 0.0698,
        "(12, 3)": 0.0709,
        "(12, 4)": 0.0677,
        "(12, 5)": 0.0727,
        "(12, 6)": 0.0677,
        "(12, 7)": 0.0716,
        "(12, 8)": 0.0659,
        "(12, 9)": 0.0723,
        "(13, 1)": 0.0689,
        "(13, 2)": 0.0678,
        "(13, 3)": 0.0719,
        "(13, 4)": 0.0751,
        "(13, 5)": 0.0695,
        "(13, 6)": 0.0687,
        "(13, 7)": 0.066,
        "(13, 8)": 0.0711,
        "(13, 9)": 0.0726,
        "(14, 1)": 0.0737,
        "(14, 2)": 0.0733,
        "(14, 3)": 0.0724,
        "(14, 4)": 0.0675,
        "(14, 5)": 0.0694,
        "(14, 6)": 0.0698,
        "(14, 7)": 0.0692,
        "(14, 8)": 0.0738,
        "(14, 9)": 0.068,
        "(15, 1)": 0.069,
        "(15, 2)": 0.0673,
        "(15, 3)": 0.0696,
        "(15, 4)": 0.0701,
        "(15, 5)": 0.0717,
        "(15, 6)": 0.0682,
        "(15, 7)": 0.0678,
        "(15, 8)": 0.0762,
        "(15, 9)": 0.0729,
        "(16, 1)": 0.0691,
        "(16, 2)": 0.0735,
        "(16, 3)": 0.0682,
        "(16, 4)": 0.0688,
        "(16, 5)": 0.0697,
        "(16, 6)": 0.0704,
        "(16, 7)": 0.0721,
        "(16, 8)": 0.0701,
        "(16, 9)": 0.0629,
        "(17, 1)": 0.0707,
        "(17, 2)": 0.0701,
        "(17, 3)": 0.0671,
        "(17, 4)": 0.0651,
        "(17, 5)": 0.0704,
        "(17, 6)": 0.0732,
        "(17, 7)": 0.0707,
        "(17, 8)": 0.0684,
        "(17, 9)": 0.07,
        "(18, 1)": 0.0692,
        "(18, 2)": 0.0725,
        "(18, 3)": 0.0703,
        "(18, 4)": 0.0662,
        "(18, 5)": 0.0727,
        "(18, 6)": 0.0721,
        "(18, 7)": 0.0725,
        "(18, 8)": 0.0668,
        "(18, 9)": 0.0711,
        "(19, 1)": 0.0706,
        "(19, 2)": 0.0646,
        "(19, 3)": 0.0702,
        "(19, 4)": 0.0714,
        "(19, 5)": 0.0692,
        "(19, 6)": 0.0683,
        "(19, 7)": 0.0711,
        "(19, 8)": 0.072,
        "(19, 9)": 0.0701
    },
    "matching_counts": {
        "(0, 10)": 669.0,
        "(0, 11)": 695.0,
        "(0, 12)": 757.0,
        "(0, 13)": 723.0,
        "(0, 14)": 675.0,
        "(0, 15)": 685.0,
        "(0, 16)": 707.0,
        "(0, 17)": 718.0,
        "(0, 18)": 695.0,
        "(0, 19)": 666.0,
        "(10, 1)": 692.0,
        "(10, 2)": 693.0,
        "(10, 3)": 731.0,
        "(10, 4)": 724.0,
        "(10, 5)": 678.0,
        "(10, 6)": 684.0,
        "(10, 7)": 721.0,
        "(10, 8)": 755.0,
        "(10, 9)": 736.0,
        "(11, 1)": 745.0,
        "(11, 2)": 683.0,
        "(11, 3)": 673.0,
        "(11, 4)": 731.0,
        "(11, 5)": 725.0,
        "(11, 6)": 681.0,
        "(11, 7)": 693.0,
        "(11, 8)": 697.0,
        "(11, 9)": 689.0,
        "(12, 1)": 700.0,
        "(12, 2)": 698.0,
        "(12, 3)": 709.0,
        "(12, 4)": 677.0,
        "(12, 5)": 727.0,
        "(12, 6)": 677.0,
        "(12, 7)": 716.0,
        "(12, 8)": 659.0,
        "(12, 9)": 723.0,
        "(13, 1)": 689.0,
        "(13, 2)": 678.0,
        "(13, 3)": 719.0,
        "(13, 4)": 751.0,
        "(13, 5)": 695.0,
        "(13, 6)": 687.0,
        "(13, 7)": 660.0,
        "(13, 8)": 711.0,
        "(13, 9)": 726.0,
        "(14, 1)": 737.0,
        "(14, 2)": 733.0,
        "(14, 3)": 724.0,
        "(14, 4)": 675.0,
        "(14, 5)": 694.0,
        "(14, 6)": 698.0,
        "(14, 7)": 692.0,
        "(14, 8)": 738.0,
        "(14, 9)": 680.0,
        "(15, 1)": 690.0,
        "(15, 2)": 673.0,
        "(15, 3)": 696.0,
        "(15, 4)": 701.0,
        "(15, 5)": 717.0,
        "(15, 6)": 682.0,
        "(15, 7)": 678.0,
        "(15, 8)": 762.0,
        "(15, 9)": 729.0,
        "(16, 1)": 691.0,
        "(16, 2)": 735.0,
        "(16, 3)": 682.0,
        "(16, 4)": 688.0,
        "(16, 5)": 697.0,
        "(16, 6)": 704.0,
        "(16, 7)": 721.0,
        "(16, 8)": 701.0,
        "(16, 9)": 629.0,
        "(17, 1)": 707.0,
        "(17, 2)": 701.0,
        "(17, 3)": 671.0,
        "(17, 4)": 651.0,
        "(17, 5)": 704.0,
        "(17, 6)": 732.0,
        "(17, 7)": 707.0,
        "(17, 8)": 684.0,