{
    "min_scaled_matching_probability": 0.19099999999999998,
    "scaled_matching_probabilities": {
        "(0, 10)": 0.627,
        "(0, 11)": 0.5139999999999998,
        "(0, 12)": 0.961,
        "(0, 13)": 1.158,
        "(0, 14)": 0.6729999999999999,
        "(0, 15)": 0.6789999999999999,
        "(0, 16)": 0.829,
        "(0, 17)": 0.792,
        "(0, 18)": 2.165,
        "(0, 19)": 0.689,
        "(10, 1)": 0.8749999999999999,
        "(10, 2)": 0.7249999999999999,
        "(10, 3)": 0.748,
        "(10, 4)": 0.7539999999999999,
        "(10, 5)": 0.656,
        "(10, 6)": 0.8609999999999999,
        "(10, 7)": 2.466999999999999,
        "(10, 8)": 0.666,
        "(10, 9)": 0.6279999999999999,
        "(11, 1)": 1.1059999999999997,
        "(11, 2)": 0.781,
        "(11, 3)": 0.6819999999999999,
        "(11, 4)": 0.8839999999999999,
        "(11, 5)": 0.6489999999999999,
        "(11, 6)": 0.9099999999999999,
        "(11, 7)": 1.476,
        "(11, 8)": 0.7649999999999999,
        "(11, 9)": 0.6739999999999999,
        "(12, 1)": 0.6819999999999999,
        "(12, 2)": 0.6689999999999998,
        "(12, 3)": 1.1559999999999997,
        "(12, 4)": 0.5299999999999999,
        "(12, 5)": 1.102,
        "(12, 6)": 0.714,
        "(12, 7)": 0.8319999999999997,
        "(12, 8)": 0.84,
        "(12, 9)": 0.6679999999999999,
        "(13, 1)": 0.531,
        "(13, 2)": 1.688,
        "(13, 3)": 0.6389999999999999,
        "(13, 4)": 0.6769999999999998,
        "(13, 5)": 1.8099999999999998,
        "(13, 6)": 0.5469999999999999,
        "(13, 7)": 0.758,
        "(13, 8)": 0.6669999999999999,
        "(13, 9)": 0.718,
        "(14, 1)": 0.692,
        "(14, 2)": 0.541,
        "(14, 3)": 0.726,
        "(14, 4)": 1.133,
        "(14, 5)": 0.6389999999999999,
        "(14, 6)": 0.717,
        "(14, 7)": 0.704,
        "(14, 8)": 0.751,
        "(14, 9)": 0.954,
        "(15, 1)": 1.052,
        "(15, 2)": 1.535,
        "(15, 3)": 0.19099999999999998,
        "(15, 4)": 0.704,
        "(15, 5)": 0.8459999999999999,
        "(15, 6)": 1.8509999999999998,
        "(15, 7)": 0.697,
        "(15, 8)": 1.162,
        "(15, 9)": 0.714,
        "(16, 1)": 0.7009999999999997,
        "(16, 2)": 1.3469999999999998,
        "(16, 3)": 1.005,
        "(16, 4)": 1.351,
        "(16, 5)": 0.6729999999999999,
        "(16, 6)": 0.6869999999999999,
        "(16, 7)": 0.688,
        "(16, 8)": 0.8309999999999998,
        "(16, 9)": 0.7399999999999999,
        "(17, 1)": 0.646,
        "(17, 2)": 0.763,
        "(17, 3)": 1.055,
        "(17, 4)": 0.6759999999999999,
        "(17, 5)": 1.325,
        "(17, 6)": 0.8029999999999999,
        "(17, 7)": 0.6439999999999998,
        "(17, 8)": 0.7169999999999999,
        "(17, 9)": 1.251,
        "(18, 1)": 0.5559999999999999,
        "(18, 2)": 0.732,
        "(18, 3)": 0.711,
        "(18, 4)": 0.7989999999999999,
        "(18, 5)": 0.701,
        "(18, 6)": 0.6669999999999999,
        "(18, 7)": 0.48599999999999993,
        "(18, 8)": 0.6389999999999999,
        "(18, 9)": 1.7619999999999998,
        "(19, 1)": 0.719,
        "(19, 2)": 0.646,
        "(19, 3)": 2.0319999999999996,
        "(19, 4)": 1.295,
        "(19, 5)": 0.7449999999999999,
        "(19, 6)": 0.376,
        "(19, 7)": 0.671,
        "(19, 8)": 1.4069999999999998,
        "(19, 9)": 0.7879999999999999
    },
    "matching_probabilities": {
        "(0, 10)": 0.0627,
        "(0, 11)": 0.05139999999999999,
        "(0, 12)": 0.0961,
        "(0, 13)": 0.1158,
        "(0, 14)": 0.0673,
        "(0, 15)": 0.0679,
        "(0, 16)": 0.0829,
        "(0, 17)": 0.0792,
        "(0, 18)": 0.2165,
        "(0, 19)": 0.0689,
        "(10, 1)": 0.0875,
        "(10, 2)": 0.0725,
        "(10, 3)": 0.0748,
        "(10, 4)": 0.0754,
        "(10, 5)": 0.0656,
        "(10, 6)": 0.0861,
        "(10, 7)": 0.24669999999999995,
        "(10, 8)": 0.0666,
        "(10, 9)": 0.0628,
        "(11, 1)": 0.11059999999999998,
        "(11, 2)": 0.0781,
        "(11, 3)": 0.0682,
        "(11, 4)": 0.08839999999999999,
        "(11, 5)": 0.0649,
        "(11, 6)": 0.091,
        "(11, 7)": 0.1476,
        "(11, 8)": 0.0765,
        "(11, 9)": 0.0674,
        "(12, 1)": 0.0682,
        "(12, 2)": 0.06689999999999999,
        "(12, 3)": 0.11559999999999998,
        "(12, 4)": 0.053,
        "(12, 5)": 0.1102,
        "(12, 6)": 0.0714,
        "(12, 7)": 0.08319999999999998,
        "(12, 8)": 0.084,
        "(12, 9)": 0.0668,
        "(13, 1)": 0.0531,
        "(13, 2)": 0.1688,
        "(13, 3)": 0.0639,
        "(13, 4)": 0.06769999999999998,
        "(13, 5)": 0.181,
        "(13, 6)": 0.0547,
        "(13, 7)": 0.0758,
        "(13, 8)": 0.0667,
        "(13, 9)": 0.0718,
        "(14, 1)": 0.0692,
        "(14, 2)": 0.0541,
        "(14, 3)": 0.0726,
        "(14, 4)": 0.1133,
        "(14, 5)": 0.0639,
        "(14, 6)": 0.0717,
        "(14, 7)": 0.0704,
        "(14, 8)": 0.0751,
        "(14, 9)": 0.0954,
        "(15, 1)": 0.1052,
        "(15, 2)": 0.1535,
        "(15, 3)": 0.0191,
        "(15, 4)": 0.0704,
        "(15, 5)": 0.0846,
        "(15, 6)": 0.1851,
        "(15, 7)": 0.0697,
        "(15, 8)": 0.1162,
        "(15, 9)": 0.0714,
        "(16, 1)": 0.07009999999999998,
        "(16, 2)": 0.1347,
        "(16, 3)": 0.1005,
        "(16, 4)": 0.1351,
        "(16, 5)": 0.0673,
        "(16, 6)": 0.0687,
        "(16, 7)": 0.0688,
        "(16, 8)": 0.0831,
        "(16, 9)": 0.074,
        "(17, 1)": 0.0646,
        "(17, 2)": 0.0763,
        "(17, 3)": 0.1055,
        "(17, 4)": 0.0676,
        "(17, 5)": 0.1325,
        "(17, 6)": 0.0803,
        "(17, 7)": 0.06439999999999999,
        "(17, 8)": 0.07169999999999999,
        "(17, 9)": 0.1251,
        "(18, 1)": 0.0556,
        "(18, 2)": 0.0732,
        "(18, 3)": 0.0711,
        "(18, 4)": 0.0799,
        "(18, 5)": 0.0701,
        "(18, 6)": 0.0667,
        "(18, 7)": 0.0486,
        "(18, 8)": 0.0639,
        "(18, 9)": 0.1762,
        "(19, 1)": 0.0719,
        "(19, 2)": 0.0646,
        "(19, 3)": 0.20319999999999996,
        "(19, 4)": 0.1295,
        "(19, 5)": 0.0745,
        "(19, 6)": 0.0376,
        "(19, 7)": 0.0671,
        "(19, 8)": 0.1407,
        "(19, 9)": 0.0788
    },
    "matching_counts": {
        "(0, 10)": 627.0,
        "(0, 11)": 513.9999999999999,
        "(0, 12)": 961.0,
        "(0, 13)": 1158.0,
        "(0, 14)": 673.0,
        "(0, 15)": 679.0,
        "(0, 16)": 829.0,
        "(0, 17)": 792.0,
        "(0, 18)": 2165.0,
        "(0, 19)": 689.0,
        "(10, 1)": 875.0,
        "(10, 2)": 725.0,
        "(10, 3)": 748.0,
        "(10, 4)": 754.0,
        "(10, 5)": 656.0,
        "(10, 6)": 861.0,
        "(10, 7)": 2466.9999999999995,
        "(10, 8)": 666.0,
        "(10, 9)": 628.0,
        "(11, 1)": 1105.9999999999998,
        "(11, 2)": 781.0,
        "(11, 3)": 682.0,
        "(11, 4)": 883.9999999999999,
        "(11, 5)": 649.0,
        "(11, 6)": 910.0,
        "(11, 7)": 1476.0,
        "(11, 8)": 765.0,
        "(11, 9)": 674.0,
        "(12, 1)": 682.0,
        "(12, 2)": 668.9999999999999,
        "(12, 3)": 1155.9999999999998,
        "(12, 4)": 530.0,
        "(12, 5)": 1102.0,
        "(12, 6)": 714.0,
        "(12, 7)": 831.9999999999999,
        "(12, 8)": 840.0,
        "(12, 9)": 668.0,
        "(13, 1)": 531.0,
        "(13, 2)": 1688.0,
        "(13, 3)": 639.0,
        "(13, 4)": 676.9999999999999,
        "(13, 5)": 1810.0,
        "(13, 6)": 547.0,
        "(13, 7)": 758.0,
        "(13, 8)": 667.0,
        "(13, 9)": 718.0,
        "(14, 1)": 692.0,
        "(14, 2)": 541.0,
        "(14, 3)": 726.0,
        "(14, 4)": 1133.0,
        "(14, 5)": 639.0,
        "(14, 6)": 717.0,
        "(14, 7)": 704.0,
        "(14, 8)": 751.0,
        "(14, 9)": 954.0,
        "(15, 1)": 1052.0,
        "(15, 2)": 1535.0,
        "(15, 3)": 191.0,
        "(15, 4)": 704.0,
        "(15, 5)": 846.0,
        "(15, 6)": 1851.0,