{
    "min_scaled_matching_probability": 0.9139999999999999,
    "scaled_matching_probabilities": {
        "(0, 1)": 1.0699999999999998,
        "(0, 2)": 1.0799999999999998,
        "(0, 3)": 0.922,
        "(0, 4)": 0.9139999999999999,
        "(0, 5)": 0.958,
        "(0, 6)": 0.9719999999999999,
        "(0, 7)": 1.0559999999999998,
        "(0, 8)": 0.978,
        "(0, 9)": 1.0559999999999998,
        "(0, 10)": 1.0059999999999998,
        "(0, 11)": 1.0599999999999998,
        "(0, 12)": 1.014,
        "(0, 13)": 0.922,
        "(0, 14)": 0.946,
        "(0, 15)": 1.028,
        "(0, 16)": 1.034,
        "(0, 17)": 0.956,
        "(0, 18)": 0.966,
        "(0, 19)": 0.9919999999999999,
        "(0, 20)": 0.998
    },
    "matching_probabilities": {
        "(0, 1)": 0.0535,
        "(0, 2)": 0.054,
        "(0, 3)": 0.0461,
        "(0, 4)": 0.0457,
        "(0, 5)": 0.0479,
        "(0, 6)": 0.0486,
        "(0, 7)": 0.0528,
        "(0, 8)": 0.0489,
        "(0, 9)": 0.0528,
        "(0, 10)": 0.0503,
        "(0, 11)": 0.053,
        "(0, 12)": 0.0507,
        "(0, 13)": 0.0461,
        "(0, 14)": 0.0473,
        "(0, 15)": 0.0514,
        "(0, 16)": 0.0517,
        "(0, 17)": 0.0478,
        "(0, 18)": 0.0483,
        "(0, 19)": 0.0496,
        "(0, 20)": 0.0499
    },
    "matching_counts": {
        "(0, 1)": 535.0,
        "(0, 2)": 540.0,
        "(0, 3)": 461.0,
        "(0, 4)": 457.0,
        "(0, 5)": 479.0,
        "(0, 6)": 486.0,
        "(0, 7)": 528.0,
        "(0, 8)": 489.0,
        "(0, 9)": 528.0,
        "(0, 10)": 503.0,
        "(0, 11)": 530.0,
        "(0, 12)": 507.0,
        "(0, 13)": 461.0,
        "(0, 14)": 473.0,
        "(0, 15)": 514.0,
        "(0, 16)": 517.0,
        "(0, 17)": 478.0,
        "(0, 18)": 483.0,
        "(0, 19)": 496.0,
        "(0, 20)": 499.0
    },
    "simulation_parameters": {
        "graph_file": "uniform_star_20_order_0.json",
        "c_guarantee": 1.0,
        "experiment_name": "uniform_star_20_order_0_mc_c100_r100_sim10000",
        "average_edge_weight": 0.05,
        "r": 1,
        "num_sim_instances": 10000,
        "rounding_scheme_class": "SimulatedRecursiveRoundingScheme",
        "parallel": true
    }
}