{
    "fractional_matching": {
        "(0, 30)": 1.1675401581459648e-06,
        "(0, 31)": 0.003126145477251374,
        "(0, 32)": 0,
        "(0, 33)": 0.017491203385153177,
        "(0, 34)": 0.0008680947951255625,
        "(0, 35)": 0,
        "(0, 36)": 0.021636869764904285,
        "(0, 37)": 0,
        "(0, 38)": 2.0394861921585304e-05,
        "(0, 39)": 0,
        "(1, 30)": 0,
        "(1, 31)": 0.0012550514210972696,
        "(1, 32)": 0.0049803171542522435,
        "(1, 33)": 0,
        "(1, 34)": 0,
        "(1, 35)": 7.44458272613533e-05,
        "(1, 36)": 0,
        "(1, 37)": 9.425939733143109e-06,
        "(1, 38)": 0.00017718456749665784,
        "(1, 39)": 0,
        "(2, 30)": 0.034822970836681864,
        "(2, 31)": 0.00019452160748890216,
        "(2, 32)": 0,
        "(2, 33)": 4.2977254747186586e-06,
        "(2, 34)": 0.00013504991925802586,
        "(2, 35)": 0.25289770602410594,
        "(2, 36)": 0.13590872293673953,
        "(2, 37)": 0,
        "(2, 38)": 0.20176140253661484,
        "(2, 39)": 4.689200372780924e-06,
        "(3, 30)": 0.05989207708066126,
        "(3, 31)": 0.020082430577318962,
        "(3, 32)": 0.0007041615040391314,
        "(3, 33)": 2.5434131838227842e-06,
        "(3, 34)": 0,
        "(3, 35)": 3.3390986805955783e-06,
        "(3, 36)": 0,
        "(3, 37)": 1.2474587704996002e-05,
        "(3, 38)": 0.000128744606684809,
        "(3, 39)": 0.7683390224730158,
        "(4, 30)": 0.03907410222234287,
        "(4, 31)": 1.3237119881746838e-06,
        "(4, 32)": 0,
        "(4, 33)": 0,
        "(4, 34)": 0,
        "(4, 35)": 0,
        "(4, 36)": 0,
        "(4, 37)": 0,
        "(4, 38)": 0.005884332834958187,
        "(4, 39)": 0.021052914991201446,
        "(5, 30)": 7.553606466329881e-05,
        "(5, 31)": 0,
        "(5, 32)": 0.6274208417663337,
        "(5, 33)": 0,
        "(5, 34)": 1.4227180136921441e-05,
        "(5, 35)": 0.0005208790910010158,
        "(5, 36)": 1.9365029213864168e-06,
        "(5, 37)": 0,
        "(5, 38)": 0,
        "(5, 39)": 0.0007259259906312128,
        "(6, 30)": 0,
        "(6, 31)": 0.19981999331050332,
        "(6, 32)": 0,
        "(6, 33)": 0.04497467021057416,
        "(6, 34)": 0,
        "(6, 35)": 3.926378674747056e-06,
        "(6, 36)": 0.00262453495498649,
        "(6, 37)": 2.0967089307814626e-06,
        "(6, 38)": 0.0007969432972459481,
        "(6, 39)": 0,
        "(7, 30)": 0.17399356143284558,
        "(7, 31)": 0.3333869302239122,
        "(7, 32)": 3.1013830321712137e-06,
        "(7, 33)": 4.013518950484685e-05,
        "(7, 34)": 3.279901813461106e-06,
        "(7, 35)": 0.35204980562688487,
        "(7, 36)": 0.0008366860705414462,
        "(7, 37)": 0,
        "(7, 38)": 3.0728174348691985e-06,
        "(7, 39)": 0,
        "(8, 30)": 0,
        "(8, 31)": 0,
        "(8, 32)": 0.030260786754840147,
        "(8, 33)": 0,
        "(8, 34)": 8.232483781489356e-05,
        "(8, 35)": 0.00010293459242386711,
        "(8, 36)": 5.289279999627943e-06,
        "(8, 37)": 0,
        "(8, 38)": 0.014749783439997197,
        "(8, 39)": 0,
        "(9, 30)": 0,
        "(9, 31)": 0,
        "(9, 32)": 0,
        "(9, 33)": 0,
        "(9, 34)": 0.7134857328944011,
        "(9, 35)": 0,
        "(9, 36)": 2.186510677432533e-05,
        "(9, 37)": 0.03283444095347677,
        "(9, 38)": 0.22049161449934696,
        "(9, 39)": 0.0008877521439377843,
        "(10, 30)": 0.0031943542176902707,
        "(10, 31)": 0,
        "(10, 32)": 0.004615241897342949,
        "(10, 33)": 0.0002109572665558019,
        "(10, 34)": 3.130505103625283e-06,
        "(10, 35)": 0,
        "(10, 36)": 0,
        "(10, 37)": 0.48424423733480954,
        "(10, 38)": 0.01909811991534597,
        "(10, 39)": 0,
        "(11, 30)": 6.027044650210487e-05,
        "(11, 31)": 0.17505571422210361,
        "(11, 32)": 0,
        "(11, 33)": 0,
        "(11, 34)": 0,
        "(11, 35)": 6.821462964913311e-06,
        "(11, 36)": 0,
        "(11, 37)": 0.00023020446977755656,
        "(11, 38)": 0,
        "(11, 39)": 0.0910988977287614,
        "(12, 30)": 2.2228172075516994e-05,
        "(12, 31)": 1.545636018778736e-05,
        "(12, 32)": 0.011348252431962913,
        "(12, 33)": 2.5835185858289743e-05,
        "(12, 34)": 0,
        "(12, 35)": 0.2771363840948785,
        "(12, 36)": 0.38828439559455136,
        "(12, 37)": 0.17718946909331107,
        "(12, 38)": 3.8976474450659486e-05,
        "(12, 39)": 0.00039557873428163273,
        "(13, 30)": 6.67363006063611e-06,
        "(13, 31)": 0,
        "(13, 32)": 0,
        "(13, 33)": 0.17467429337648802,
        "(13, 34)": 3.051565536077292e-05,
        "(13, 35)": 0.0008020741680011361,
        "(13, 36)": 0.0016718022495705632,
        "(13, 37)": 0,
        "(13, 38)": 0.011804486333423025,
        "(13, 39)": 4.7628812615718014e-05,
        "(14, 30)": 0,
        "(14, 31)": 0,
        "(14, 32)": 0.21780790926384003,
        "(14, 33)": 0,
        "(14, 34)": 0,
        "(14, 35)": 0,
        "(14, 36)": 0.0035187126572287513,
        "(14, 37)": 4.7226311035497805e-06,
        "(14, 38)": 8.012973262139278e-05,
        "(14, 39)": 0,
        "(15, 30)": 0.0006285643696084467,
        "(15, 31)": 0.009994588842473,
        "(15, 32)": 0,
        "(15, 33)": 0.01007470324279145,
        "(15, 34)": 0.010268733987405859,
        "(15, 35)": 0.08405364899933561,
        "(15, 36)": 5.926070415517046e-06,
        "(15, 37)": 0.00840999976408474,
        "(15, 38)": 0.019437183032683814,
        "(15, 39)": 3.009755049830472e-06,
        "(16, 30)": 0.05687858730412209,
        "(16, 31)": 0,
        "(16, 32)": 0.0017650242383445798,
        "(16, 33)": 0.00010403481014135846,
        "(16, 34)": 7.693356319472712e-05,
        "(16, 35)": 0,
        "(16, 36)": 0,
        "(16, 37)": 0,
        "(16, 38)": 0.29204949386355045,
        "(16, 39)": 0.0009677009727456344,
        "(17, 30)": 0,
        "(17, 31)": 4.852088999952558e-05,
        "(17, 32)": 0,
        "(17, 33)": 0.014684988938597338,
        "(17, 34)": 0,
        "(17, 35)": 0,
        "(17, 36)": 0,
        "(17, 37)": 0.0006009189131257688,
        "(17, 38)": 7.051935947813687e-05,
        "(17, 39)": 0.01843461232067085,
        "(18, 30)": 1.6376041383330313e-05,
        "(18, 31)": 0,
        "(18, 32)": 0.0001646854385066486,
        "(18, 33)": 0,
        "(18, 34)": 0,
        "(18, 35)": 4.728227686018557e-06,
        "(18, 36)": 0,
        "(18, 37)": 0.0029697151945276582,
        "(18, 38)": 9.349793426611406e-06,
        "(18, 39)": 5.906958058752812e-05,
        "(19, 30)": 0.13891020540716834,
        "(19, 31)": 3.209223032545767e-06,
        "(19, 32)": 8.839936882486971e-05,
        "(19, 33)": 6.671822841709787e-05,
        "(19, 34)": 0.006453685348643142,
        "(19, 35)": 4.589012312480479e-06,
        "(19, 36)": 0,
        "(19, 37)": 0.0004588629512156837,
        "(19, 38)": 0,
        "(19, 39)": 0,
        "(20, 30)": 0.3215075627071481,
        "(20, 31)": 0.12321010266099436,
        "(20, 32)": 0,
        "(20, 33)": 0.0006929130013375246,
        "(20, 34)": 0,
        "(20, 35)": 0,
        "(20, 36)": 0,
        "(20, 37)": 0.027882215418194172,
        "(20, 38)": 1.1438341836461027e-06,
        "(20, 39)": 0,
        "(21, 30)": 0,
        "(21, 31)": 1.4221004869526721e-05,
        "(21, 32)": 1.0021280343588793e-06,
        "(21, 33)": 1.1487149330093076e-06,
        "(21, 34)": 0.17988818734210157,
        "(21, 35)": 0,
        "(21, 36)": 0.006548732675375653,
        "(21, 37)": 1.3258857300126324e-06,
        "(21, 38)": 0.009128492453802007,
        "(21, 39)": 0,
        "(22, 30)": 1.3156387140435938e-06,
        "(22, 31)": 0,
        "(22, 32)": 2.3043520284610306e-05,
        "(22, 33)": 0.735298232434275,
        "(22, 34)": 0.0006085433726206689,
        "(22, 35)": 0.011177230508872144,
        "(22, 36)": 0.00021428733946033705,
        "(22, 37)": 0.1618889319206531,