{
    "fractional_matching": {
        "(0, 10)": 0.0013012916451164722,
        "(0, 11)": 0.2023898594431276,
        "(0, 12)": 0.0007817960688356616,
        "(0, 13)": 0.006572340197201579,
        "(0, 14)": 0.038231981098660446,
        "(0, 15)": 0.004648538969795589,
        "(0, 16)": 0.12088762447034469,
        "(0, 17)": 0.14998560586579016,
        "(0, 18)": 0.46966655817113184,
        "(0, 19)": 0.004884068078552004,
        "(1, 10)": 0.008383194350814928,
        "(1, 11)": 0.6188015868666341,
        "(1, 12)": 0.0017525816953146542,
        "(1, 13)": 0.09728274341253955,
        "(1, 14)": 0.16378344377807025,
        "(1, 15)": 0.017255845747119997,
        "(1, 16)": 0.016848476108742145,
        "(1, 17)": 0.008458037317508077,
        "(1, 18)": 0.0007042452425916688,
        "(1, 19)": 0.0658178474637393,
        "(2, 10)": 0.006843065117809901,
        "(2, 11)": 0.04464596046052763,
        "(2, 12)": 0.15171270865656555,
        "(2, 13)": 0.0009171884943679352,
        "(2, 14)": 0.0369256365147681,
        "(2, 15)": 0.05061730771442413,
        "(2, 16)": 0.0014287896315612846,
        "(2, 17)": 0.6281695382537845,
        "(2, 18)": 0.06327999871452603,
        "(2, 19)": 0.014972235278488042,
        "(3, 10)": 0.0015906957632489096,
        "(3, 11)": 0.0001646930411511654,
        "(3, 12)": 0.4747919178374963,
        "(3, 13)": 0.0013010424917997095,
        "(3, 14)": 0.09163902508138203,
        "(3, 15)": 0.2905160246390025,
        "(3, 16)": 0.006721691028311782,
        "(3, 17)": 0.10110977736435177,
        "(3, 18)": 0.005811039572605858,
        "(3, 19)": 0.023897287279650067,
        "(4, 10)": 0.15333186583935624,
        "(4, 11)": 0.00032116014984045945,
        "(4, 12)": 0.009867385070170978,
        "(4, 13)": 0.11481555153607455,
        "(4, 14)": 0.2494014741803796,
        "(4, 15)": 0.012004874058791632,
        "(4, 16)": 0.03517837206691337,
        "(4, 17)": 0.02810284505573582,
        "(4, 18)": 0.010933481721869266,
        "(4, 19)": 0.28937542106777936,
        "(5, 10)": 0.013926471900142538,
        "(5, 11)": 0.007134098556972615,
        "(5, 12)": 0.00018815578664007127,
        "(5, 13)": 0.0027509776525740373,
        "(5, 14)": 0.0958169550137347,
        "(5, 15)": 0.5122984488598178,
        "(5, 16)": 0.0002006572381760425,
        "(5, 17)": 0.0003062112627875534,
        "(5, 18)": 0.0026877976155337503,
        "(5, 19)": 0.3645671065757091,
        "(6, 10)": 0.19239075087926324,
        "(6, 11)": 0.017365179355095847,
        "(6, 12)": 0.041837850202533854,
        "(6, 13)": 0.38705643222534997,
        "(6, 14)": 0.009001147409892992,
        "(6, 15)": 0.09508889657771918,
        "(6, 16)": 0.12537329159817995,
        "(6, 17)": 0.01607673772521856,
        "(6, 18)": 0.0029567689228309963,
        "(6, 19)": 0.10470840945892308,
        "(7, 10)": 0.05061291640247617,
        "(7, 11)": 0.001494009940778997,
        "(7, 12)": 0.0421512560568566,
        "(7, 13)": 0.26827259609187426,
        "(7, 14)": 0.013254843421826585,
        "(7, 15)": 0.012917973119316006,
        "(7, 16)": 0.5176621822469604,
        "(7, 17)": 0.004433953470055343,
        "(7, 18)": 0.001212295512479468,
        "(7, 19)": 0.07765974078818655,
        "(8, 10)": 0.3364378221997487,
        "(8, 11)": 0.018312408261583354,
        "(8, 12)": 0.14989785538847347,
        "(8, 13)": 0.00441691342529022,
        "(8, 14)": 0.01040784378630233,
        "(8, 15)": 0.0005497600045399979,
        "(8, 16)": 0.04118704672174803,
        "(8, 17)": 0.05463674411790027,
        "(8, 18)": 0.37779098353473584,
        "(8, 19)": 0.003990202091951177,
        "(9, 10)": 0.18765678939625416,
        "(9, 11)": 0.0893225529048208,
        "(9, 12)": 0.10629444067674126,
        "(9, 13)": 0.024481825337782016,
        "(9, 14)": 0.2758139447076374,
        "(9, 15)": 0.0021222374637626176,
        "(9, 16)": 0.11428699888813867,
        "(9, 17)": 0.004682510713263132,
        "(9, 18)": 0.06018875235551068,
        "(9, 19)": 0.03211327961785017
    },
    "edge_arrival_order": [
        "(7, 11)",
        "(8, 15)",
        "(3, 10)",
        "(7, 13)",
        "(8, 16)",
        "(4, 11)",
        "(3, 16)",
        "(5, 14)",
        "(8, 19)",
        "(2, 16)",
        "(6, 14)",
        "(4, 17)",
        "(7, 18)",
        "(4, 18)",
        "(6, 15)",
        "(0, 11)",
        "(1, 16)",
        "(2, 17)",
        "(6, 12)",
        "(5, 12)",
        "(8, 14)",
        "(9, 18)",
        "(5, 13)",
        "(0, 10)",
        "(7, 17)",
        "(9, 17)",
        "(3, 12)",
        "(3, 14)",
        "(8, 12)",
        "(3, 11)",
        "(0, 12)",
        "(1, 12)",
        "(1, 10)",
        "(3, 13)",
        "(4, 14)",
        "(9, 15)",
        "(3, 15)",
        "(2, 13)",
        "(9, 10)",
        "(1, 18)",
        "(9, 12)",
        "(2, 10)",
        "(3, 19)",
        "(1, 15)",
        "(7, 19)",
        "(0, 17)",
        "(1, 13)",
        "(6, 13)",
        "(7, 12)",
        "(2, 14)",
        "(7, 16)",
        "(2, 15)",
        "(9, 14)",
        "(2, 11)",
        "(5, 17)",
        "(8, 18)",
        "(2, 12)",
        "(3, 18)",
        "(8, 13)",
        "(6, 19)",
        "(9, 13)",
        "(4, 15)",
        "(4, 19)",
        "(5, 16)",
        "(4, 13)",
        "(2, 18)",
        "(5, 15)",
        "(1, 14)",
        "(5, 18)",
        "(9, 19)",
        "(5, 19)",
        "(6, 10)",
        "(9, 11)",
        "(4, 16)",
        "(6, 11)",
        "(5, 10)",
        "(1, 11)",
        "(4, 12)",
        "(6, 17)",
        "(3, 17)",
        "(7, 10)",
        "(1, 17)",
        "(8, 17)",
        "(0, 16)",
        "(8, 10)",
        "(4, 10)",
        "(0, 18)",
        "(0, 13)",
        "(0, 14)",
        "(6, 18)",
        "(7, 14)",
        "(1, 19)",
        "(6, 16)",
        "(8, 11)",
        "(2, 19)",
        "(9, 16)",
        "(7, 15)",
        "(0, 15)",
        "(5, 11)",
        "(0, 19)"
    ]
}