{
    "fractional_matching": {
        "(0, 20)": 0.0007529495391827381,
        "(0, 21)": 0.6781088706331903,
        "(0, 22)": 1.0910547086745168e-05,
        "(0, 23)": 0.0035392006322759345,
        "(0, 24)": 0.008518573150209994,
        "(0, 25)": 9.788667229148214e-06,
        "(0, 26)": 0.04593617977898812,
        "(0, 27)": 0.0007015614839231223,
        "(0, 28)": 0.06815692010622419,
        "(0, 29)": 0.0001298086404325184,
        "(1, 20)": 1.6683912762260277e-06,
        "(1, 21)": 0.14537632082355492,
        "(1, 22)": 0.28321769005449865,
        "(1, 23)": 0.0011968583965785786,
        "(1, 24)": 0.0018722914517731912,
        "(1, 25)": 0.0017707434674783514,
        "(1, 26)": 9.3056409799297e-06,
        "(1, 27)": 0.0018520518696424483,
        "(1, 28)": 0.11156643755700343,
        "(1, 29)": 2.6554289234881807e-05,
        "(2, 20)": 0.015154995901985541,
        "(2, 21)": 0.0013685504209164656,
        "(2, 22)": 4.3508639065845616e-05,
        "(2, 23)": 0.09229463214626751,
        "(2, 24)": 0.01355016420079878,
        "(2, 25)": 0.5697112844193197,
        "(2, 26)": 0.043721576244421245,
        "(2, 27)": 0.00031683867067447,
        "(2, 28)": 0.17715127608103048,
        "(2, 29)": 0.038323153862686726,
        "(3, 20)": 0.13930583069377214,
        "(3, 21)": 0.03796555085803565,
        "(3, 22)": 0.030819812886988488,
        "(3, 23)": 0.01970068902479808,
        "(3, 24)": 0.002402237008698074,
        "(3, 25)": 0.011911772756710522,
        "(3, 26)": 2.7185506246502406e-05,
        "(3, 27)": 0.006623871342735504,
        "(3, 28)": 3.750991085587527e-05,
        "(3, 29)": 0.0279628644781456,
        "(4, 20)": 0.02103888051048625,
        "(4, 21)": 0.002367647173778576,
        "(4, 22)": 0.0007545793109367331,
        "(4, 23)": 1.1958540771298466e-06,
        "(4, 24)": 0.007406333610125101,
        "(4, 25)": 0.00020695094588751216,
        "(4, 26)": 2.754679107194261e-06,
        "(4, 27)": 5.0952567013710094e-06,
        "(4, 28)": 0,
        "(4, 29)": 3.674088352112955e-05,
        "(5, 20)": 0.035317954405851885,
        "(5, 21)": 0.0002625230376519318,
        "(5, 22)": 2.213329958946726e-06,
        "(5, 23)": 0.0003247448122969207,
        "(5, 24)": 0.20195004548036544,
        "(5, 25)": 0.02580731160213264,
        "(5, 26)": 0,
        "(5, 27)": 2.230617388168444e-06,
        "(5, 28)": 0,
        "(5, 29)": 0.2699342515160512,
        "(6, 20)": 0.00012391564328785186,
        "(6, 21)": 0.028143906496106232,
        "(6, 22)": 0.0007418580487769762,
        "(6, 23)": 1.0911853298230467e-06,
        "(6, 24)": 5.871542566340287e-06,
        "(6, 25)": 0.0018026273486489103,
        "(6, 26)": 0.5751745459240527,
        "(6, 27)": 1.1153687079794123e-05,
        "(6, 28)": 2.056194861920732e-06,
        "(6, 29)": 0.00228187615231465,
        "(7, 20)": 0.00025178065491422935,
        "(7, 21)": 0.0002809308499470326,
        "(7, 22)": 0,
        "(7, 23)": 0.23743779839060386,
        "(7, 24)": 0.3248839220315565,
        "(7, 25)": 0.0002540250953112444,
        "(7, 26)": 0.0001036148046493677,
        "(7, 27)": 1.5494893654225602e-06,
        "(7, 28)": 0.0034257483774226814,
        "(7, 29)": 0.0018283517528875973,
        "(8, 20)": 1.0414939996332183e-05,
        "(8, 21)": 3.549794683558003e-05,
        "(8, 22)": 0.006108609553454354,
        "(8, 23)": 2.358257449844128e-05,
        "(8, 24)": 1.5148322063225855e-05,
        "(8, 25)": 0.12841287289475276,
        "(8, 26)": 0.006958145152067038,
        "(8, 27)": 4.425995045165743e-06,
        "(8, 28)": 0.02746122408148885,
        "(8, 29)": 0,
        "(9, 20)": 0,
        "(9, 21)": 1.029454705225429e-05,
        "(9, 22)": 5.362111791546512e-06,
        "(9, 23)": 4.601992316727065e-05,
        "(9, 24)": 0.0005167728191591189,
        "(9, 25)": 0,
        "(9, 26)": 0.2711411298424237,
        "(9, 27)": 0.04792127343015113,
        "(9, 28)": 0.0010117427975970036,
        "(9, 29)": 0.008473601004990429,
        "(10, 20)": 0.06785124839870867,
        "(10, 21)": 7.046489250551233e-05,
        "(10, 22)": 0.0002871196816305359,
        "(10, 23)": 0.45963409483963247,
        "(10, 24)": 0.2723157227521513,
        "(10, 25)": 2.769797274303972e-06,
        "(10, 26)": 5.4332369436335474e-05,
        "(10, 27)": 0.07652085743974449,
        "(10, 28)": 0.024270603984599726,
        "(10, 29)": 0,
        "(11, 20)": 0.009225995644315341,
        "(11, 21)": 0.016566530276755902,
        "(11, 22)": 0.00019111762741063455,
        "(11, 23)": 1.1933902362795468e-05,
        "(11, 24)": 5.2053647385616494e-05,
        "(11, 25)": 0.0048665363945488834,
        "(11, 26)": 8.213458144120734e-05,
        "(11, 27)": 0.03125719921871861,
        "(11, 28)": 9.179788665823612e-05,
        "(11, 29)": 0.3173604776532913,
        "(12, 20)": 0.4739716146358467,
        "(12, 21)": 1.915013805050954e-06,
        "(12, 22)": 0.21616838707359495,
        "(12, 23)": 0,
        "(12, 24)": 1.3254651169778658e-05,
        "(12, 25)": 0.0024023442486274245,
        "(12, 26)": 0.006758449759592918,
        "(12, 27)": 0.00016479362311795593,
        "(12, 28)": 5.871764863985822e-06,
        "(12, 29)": 0.1850578444483839,
        "(13, 20)": 0,
        "(13, 21)": 5.437217772333803e-06,
        "(13, 22)": 0.00012529768764643455,
        "(13, 23)": 0.1470108306608099,
        "(13, 24)": 0.10464559434352633,
        "(13, 25)": 6.174175569086373e-05,
        "(13, 26)": 0.024595713047258907,
        "(13, 27)": 0.20316607113678725,
        "(13, 28)": 0.004282970683014695,
        "(13, 29)": 0.06294990401948353,
        "(14, 20)": 1.952599635672494e-06,
        "(14, 21)": 0.08899487677585928,
        "(14, 22)": 0.26800897633381787,
        "(14, 23)": 2.519622731603448e-06,
        "(14, 24)": 0.02752022752129366,
        "(14, 25)": 0,
        "(14, 26)": 5.640947056745842e-06,
        "(14, 27)": 6.179346710721957e-05,
        "(14, 28)": 8.373443528675779e-05,
        "(14, 29)": 0.02887861058084037,
        "(15, 20)": 0.004169853769725602,
        "(15, 21)": 2.292167669501057e-06,
        "(15, 22)": 0,
        "(15, 23)": 8.848790544874818e-06,
        "(15, 24)": 3.8033988361759446e-05,
        "(15, 25)": 0.25228713382978385,
        "(15, 26)": 0.003985739244051568,
        "(15, 27)": 0.43180158974844846,
        "(15, 28)": 2.078698298957985e-05,
        "(15, 29)": 6.339123378658389e-06,
        "(16, 20)": 3.176652942735593e-05,
        "(16, 21)": 1.0755287495997145e-06,
        "(16, 22)": 0.0027437048626567616,
        "(16, 23)": 0.015186758527016194,
        "(16, 24)": 0.03156674428833814,
        "(16, 25)": 0.0002641060697396521,
        "(16, 26)": 0.010391704041105893,
        "(16, 27)": 2.2996989622660872e-05,
        "(16, 28)": 0.0001488487529340205,
        "(16, 29)": 5.515386974471879e-06,
        "(17, 20)": 0,
        "(17, 21)": 0.00035583074609422347,
        "(17, 22)": 0.01385620432783592,
        "(17, 23)": 0.019276420836674028,
        "(17, 24)": 0.002310095974323094,
        "(17, 25)": 2.746793247994792e-06,
        "(17, 26)": 0.009897268172794954,
        "(17, 27)": 0.00016273417681333637,
        "(17, 28)": 0.00019595690361226661,
        "(17, 29)": 0.056474216943735334,
        "(18, 20)": 1.0078740531844839e-05,
        "(18, 21)": 5.764236403187506e-05,
        "(18, 22)": 0.17013280588808305,
        "(18, 23)": 0.00021200414384623214,
        "(18, 24)": 0.00040332377693652757,
        "(18, 25)": 0.000127223689078485,
        "(18, 26)": 0.0011510605856994208,
        "(18, 27)": 0.194194942749497,
        "(18, 28)": 0.5727326145475102,
        "(18, 29)": 1.5275090860042128e-05,
        "(19, 20)": 0.23277838043321053,
        "(19, 21)": 2.2020767277475367e-05,
        "(19, 22)": 0.006780641498667999,
        "(19, 23)": 0.004089745947528647,
        "(19, 24)": 9.391237657718788e-06,
        "(19, 25)": 9.693588880362058e-05,