{
    "fractional_matching": {
        "(0, 10)": 0.0016860439739547644,
        "(0, 11)": 0.14055920100428215,
        "(0, 12)": 6.111194560959683e-05,
        "(0, 13)": 0.0009699405129316684,
        "(0, 14)": 0.008856054708694905,
        "(0, 15)": 3.515623126468825e-05,
        "(0, 16)": 0.026760109510670708,
        "(0, 17)": 0.00032099443551517027,
        "(0, 18)": 0.0465169984976329,
        "(0, 19)": 0.0029308439478591343,
        "(0, 20)": 1.1634687343390101e-05,
        "(0, 21)": 0.2443335345596198,
        "(0, 22)": 0.42472407130841755,
        "(0, 23)": 0.0005579834293523657,
        "(0, 24)": 0.0001062306669924373,
        "(0, 25)": 0.015394446850639563,
        "(0, 26)": 2.0224533590080237e-05,
        "(0, 27)": 0.005094675097087885,
        "(0, 28)": 0.0808603248938852,
        "(0, 29)": 0.0001846603719958315,
        "(1, 10)": 0.0038498751231835623,
        "(1, 11)": 0.0012740868903754617,
        "(1, 12)": 8.027495264752873e-05,
        "(1, 13)": 0.006692223559466107,
        "(1, 14)": 0.00024256473051182322,
        "(1, 15)": 0.3209497377530799,
        "(1, 16)": 0.020221717368726046,
        "(1, 17)": 0.00013954165061299102,
        "(1, 18)": 0.2443335345596198,
        "(1, 19)": 0.03515133583760171,
        "(1, 20)": 0.18463465844922286,
        "(1, 21)": 0.0022147404868360383,
        "(1, 22)": 0.061103435906923007,
        "(1, 23)": 0.0004216493658330269,
        "(1, 24)": 4.618024793498882e-05,
        "(1, 25)": 0.10621587460802981,
        "(1, 26)": 1.5283001813219963e-05,
        "(1, 27)": 0.0007329515190945201,
        "(1, 28)": 2.656638501799811e-05,
        "(1, 29)": 0.011633067239032591,
        "(2, 10)": 0.05642192264565967,
        "(2, 11)": 0.01074178579568367,
        "(2, 12)": 0.03245817394854648,
        "(2, 13)": 0.0006767955565766021,
        "(2, 14)": 0.006179490799417941,
        "(2, 15)": 0.018672406161883016,
        "(2, 16)": 7.412459056414493e-05,
        "(2, 17)": 0.00022398034183132852,
        "(2, 18)": 4.2642092675688164e-05,
        "(2, 19)": 0.001176471190296303,
        "(2, 20)": 0.09807801757668998,
        "(2, 21)": 0.0035549123084762492,
        "(2, 22)": 0.000128850499155665,
        "(2, 23)": 0.0020450554796758048,
        "(2, 24)": 0.17386554614436836,
        "(2, 25)": 0.1704886519409221,
        "(2, 26)": 1.4112076240913352e-05,
        "(2, 27)": 2.4530969465361617e-05,
        "(2, 28)": 0.00038934419234393106,
        "(2, 29)": 0.42472407130841755,
        "(3, 10)": 0.00032099443551521743,
        "(3, 11)": 0.0808603248938852,
        "(3, 12)": 0.015394446850639563,
        "(3, 13)": 0.00018466037199578434,
        "(3, 14)": 1.1634687343437255e-05,
        "(3, 15)": 0.046516998497632946,
        "(3, 16)": 0.2443335345596198,
        "(3, 17)": 0.0001062306669924373,
        "(3, 18)": 6.111194560954967e-05,
        "(3, 19)": 0.026760109510670708,
        "(3, 20)": 0.0016860439739547174,
        "(3, 21)": 0.0005579834293523657,
        "(3, 22)": 3.515623126468825e-05,
        "(3, 23)": 0.14055920100428215,
        "(3, 24)": 0.42472407130841755,
        "(3, 25)": 0.00885605470869481,
        "(3, 26)": 0.0009699405129316684,
        "(3, 27)": 2.0224533590127393e-05,
        "(3, 28)": 0.0029308439478591343,
        "(3, 29)": 0.005094675097087932,
        "(4, 10)": 0.005623371609969159,
        "(4, 11)": 0.0006158877878683103,
        "(4, 12)": 0.08925155122081624,
        "(4, 13)": 0.00323499032530288,
        "(4, 14)": 3.880454573451811e-05,
        "(4, 15)": 0.2443335345596198,
        "(4, 16)": 0.029537122041008442,
        "(4, 17)": 2.232332108490414e-05,
        "(4, 18)": 0.1208023120173199,
        "(4, 19)": 1.2842069268565249e-05,
        "(4, 20)": 6.74537970375147e-05,
        "(4, 21)": 0.00020382337903376342,
        "(4, 22)": 0.000354305419135724,
        "(4, 23)": 0.0018610120636969188,
        "(4, 24)": 0.0010705954432494778,
        "(4, 25)": 0.00011725468366269072,
        "(4, 26)": 0.42472407130841755,
        "(4, 27)": 0.01699199531301774,
        "(4, 28)": 0.009775085884019286,
        "(4, 29)": 0.05134426901571943,
        "(5, 10)": 0.026760109510670708,
        "(5, 11)": 0.0003209944355151231,
        "(5, 12)": 0.0016860439739548115,
        "(5, 13)": 0.42472407130841755,
        "(5, 14)": 0.2443335345596198,
        "(5, 15)": 2.0224533590127393e-05,
        "(5, 16)": 0.0005579834293523657,
        "(5, 17)": 0.005094675097087932,
        "(5, 18)": 0.046516998497632855,
        "(5, 19)": 1.1634687343437255e-05,
        "(5, 20)": 0.015394446850639563,
        "(5, 21)": 0.008856054708694905,
        "(5, 22)": 0.0009699405129317155,
        "(5, 23)": 0.0001062306669924373,
        "(5, 24)": 3.515623126468825e-05,
        "(5, 25)": 0.0808603248938852,
        "(5, 26)": 6.111194560954967e-05,
        "(5, 27)": 0.0029308439478591343,
        "(5, 28)": 0.00018466037199578434,
        "(5, 29)": 0.14055920100428215,
        "(6, 10)": 0.28840899200456055,
        "(6, 11)": 2.3872848059910102e-05,
        "(6, 12)": 0.0549082248245639,
        "(6, 13)": 7.21359622798974e-05,
        "(6, 14)": 1.3733474838166849e-05,
        "(6, 15)": 0.003459540460740455,
        "(6, 16)": 0.0019901903513985576,
        "(6, 17)": 0.000378898794031162,
        "(6, 18)": 0.00012539367403041637,
        "(6, 19)": 0.0954467623031753,
        "(6, 20)": 4.149808269260612e-05,
        "(6, 21)": 0.0002179713556163852,
        "(6, 22)": 0.0011449086026738228,
        "(6, 23)": 0.018171459380977202,
        "(6, 24)": 0.16591475071842676,
        "(6, 25)": 0.0006586383596701752,
        "(6, 26)": 0.006013706272412314,
        "(6, 27)": 0.3209497377530799,
        "(6, 28)": 0.010453603171073031,
        "(6, 29)": 0.03158738002875724,
        "(7, 10)": 6.111194560954967e-05,
        "(7, 11)": 0.046516998497632855,
        "(7, 12)": 0.0808603248938852,
        "(7, 13)": 0.0016860439739547174,
        "(7, 14)": 0.14055920100428215,
        "(7, 15)": 0.0001062306669924373,
        "(7, 16)": 3.515623126468825e-05,
        "(7, 17)": 0.005094675097087932,
        "(7, 18)": 0.0005579834293523657,
        "(7, 19)": 0.026760109510670708,
        "(7, 20)": 0.00885605470869481,
        "(7, 21)": 2.0224533590127393e-05,
        "(7, 22)": 0.0009699405129317155,
        "(7, 23)": 0.0029308439478591343,
        "(7, 24)": 0.00018466037199578434,
        "(7, 25)": 0.42472407130841755,
        "(7, 26)": 0.015394446850639563,
        "(7, 27)": 0.2443335345596198,
        "(7, 28)": 0.00032099443551521743,
        "(7, 29)": 1.1634687343437255e-05,
        "(8, 10)": 0.001749666670977468,
        "(8, 11)": 3.648284805808517e-05,
        "(8, 12)": 0.08391158098883553,
        "(8, 13)": 0.04827231268133128,
        "(8, 14)": 0.02776989950784332,
        "(8, 15)": 0.009190237027929682,
        "(8, 16)": 0.25355343551233245,
        "(8, 17)": 0.00019162851225852634,
        "(8, 18)": 0.0010065411190472912,
        "(8, 19)": 6.341799863076629e-05,
        "(8, 20)": 2.098770429791062e-05,
        "(8, 21)": 0.00528692214113803,
        "(8, 22)": 0.21838143449029848,
        "(8, 23)": 0.015975354729046463,
        "(8, 24)": 0.0005790388770262388,
        "(8, 25)": 0.00011023927035331586,
        "(8, 26)": 0.1458631880872983,
        "(8, 27)": 0.0030414390446632756,
        "(8, 28)": 0.0003331071277297439,
        "(8, 29)": 0.18463465844922286,
        "(9, 10)": 6.111194560954967e-05,
        "(9, 11)": 0.0005579834293523657,
        "(9, 12)": 0.2443335345596198,
        "(9, 13)": 0.00032099443551521743,
        "(9, 14)": 3.515623126468825e-05,
        "(9, 15)": 0.008856054708694905,
        "(9, 16)": 0.0009699405129317155,
        "(9, 17)": 0.0808603248938852,
        "(9, 18)": 0.42472407130841755,
        "(9, 19)": 0.00018466037199578434,
        "(9, 20)": 0.14055920100428215,
        "(9, 21)": 0.0001062306669924373,
        "(9, 22)": 0.026760109510670708,