{
    "fractional_matching": {
        "(0, 20)": 0.0029308439478591343,
        "(0, 21)": 0.3209497377530799,
        "(0, 22)": 0.0001062306669924373,
        "(0, 23)": 0.005094675097087932,
        "(0, 24)": 0.015394446850639563,
        "(0, 25)": 0.00010623066699248446,
        "(0, 26)": 0.046516998497632855,
        "(0, 27)": 0.004813972618442075,
        "(0, 28)": 0.0808603248938852,
        "(0, 29)": 0.0005579834293523657,
        "(1, 20)": 0.00010623066699239016,
        "(1, 21)": 0.2443335345596198,
        "(1, 22)": 0.42472407130841755,
        "(1, 23)": 0.0029308439478591343,
        "(1, 24)": 0.0016860439739547174,
        "(1, 25)": 0.015394446850639516,
        "(1, 26)": 0.00010623066699239016,
        "(1, 27)": 0.008368110637604858,
        "(1, 28)": 0.14055920100428215,
        "(1, 29)": 0.00032099443551517027,
        "(2, 20)": 0.015394446850639563,
        "(2, 21)": 0.020221717368726046,
        "(2, 22)": 0.0001846603719958315,
        "(2, 23)": 0.0808603248938852,
        "(2, 24)": 0.005094675097087932,
        "(2, 25)": 0.2443335345596198,
        "(2, 26)": 0.14055920100428215,
        "(2, 27)": 0.0027693625687701603,
        "(2, 28)": 0.2443335345596198,
        "(2, 29)": 0.026760109510670708,
        "(3, 20)": 0.14055920100428215,
        "(3, 21)": 0.061103435906923007,
        "(3, 22)": 0.0465169984976329,
        "(3, 23)": 0.026760109510670753,
        "(3, 24)": 0.0009699405129316212,
        "(3, 25)": 0.046516998497632946,
        "(3, 26)": 0.0001846603719958315,
        "(3, 27)": 0.014546255492798824,
        "(3, 28)": 0.0003209944355152646,
        "(3, 29)": 0.015394446850639563,
        "(4, 20)": 0.026760109510670708,
        "(4, 21)": 0.011633067239032591,
        "(4, 22)": 0.0029308439478591343,
        "(4, 23)": 2.0224533590080237e-05,
        "(4, 24)": 0.008856054708694905,
        "(4, 25)": 0.002930843947859087,
        "(4, 26)": 3.51562312647354e-05,
        "(4, 27)": 0.00010037765164511812,
        "(4, 28)": 1.1634687343390101e-05,
        "(4, 29)": 0.0001062306669924373,
        "(5, 20)": 0.0808603248938852,
        "(5, 21)": 0.0038498751231835623,
        "(5, 22)": 2.0224533590080237e-05,
        "(5, 23)": 0.0016860439739547174,
        "(5, 24)": 0.0808603248938852,
        "(5, 25)": 0.0808603248938852,
        "(5, 26)": 1.1634687343390101e-05,
        "(5, 27)": 3.321922035276374e-05,
        "(5, 28)": 3.51562312647354e-05,
        "(5, 29)": 0.42472407130841755,
        "(6, 20)": 0.0009699405129316212,
        "(6, 21)": 0.10621587460802981,
        "(6, 22)": 0.0016860439739547644,
        "(6, 23)": 3.515623126468825e-05,
        "(6, 24)": 2.0224533590080237e-05,
        "(6, 25)": 0.005094675097087885,
        "(6, 26)": 0.2443335345596198,
        "(6, 27)": 0.000174486097260152,
        "(6, 28)": 2.0224533590174546e-05,
        "(6, 29)": 0.0029308439478591343,
        "(7, 20)": 0.0016860439739547174,
        "(7, 21)": 0.006692223559466107,
        "(7, 22)": 1.1634687343390101e-05,
        "(7, 23)": 0.2443335345596198,
        "(7, 24)": 0.42472407130841755,
        "(7, 25)": 0.0016860439739547644,
        "(7, 26)": 0.0009699405129316684,
        "(7, 27)": 1.9110217838869598e-05,
        "(7, 28)": 0.005094675097087885,
        "(7, 29)": 0.0016860439739547174,
        "(8, 20)": 0.00032099443551521743,
        "(8, 21)": 0.00024256473051182322,
        "(8, 22)": 0.015394446850639563,
        "(8, 23)": 0.0005579834293523657,
        "(8, 24)": 6.111194560964398e-05,
        "(8, 25)": 0.14055920100428215,
        "(8, 26)": 0.005094675097087932,
        "(8, 27)": 5.774484676995752e-05,
        "(8, 28)": 0.046516998497632855,
        "(8, 29)": 1.1634687343390101e-05,
        "(9, 20)": 3.51562312647354e-05,
        "(9, 21)": 0.00013954165061299102,
        "(9, 22)": 6.111194560959683e-05,
        "(9, 23)": 0.00032099443551521743,
        "(9, 24)": 0.0005579834293523185,
        "(9, 25)": 3.515623126468825e-05,
        "(9, 26)": 0.42472407130841755,
        "(9, 27)": 0.04395404079598987,
        "(9, 28)": 0.0029308439478591343,
        "(9, 29)": 0.005094675097087885,
        "(10, 20)": 0.0465169984976329,
        "(10, 21)": 0.0007329515190945201,
        "(10, 22)": 0.0009699405129316684,
        "(10, 23)": 0.42472407130841755,
        "(10, 24)": 0.2443335345596198,
        "(10, 25)": 2.0224533590127393e-05,
        "(10, 26)": 0.0005579834293523185,
        "(10, 27)": 0.11426391987537529,
        "(10, 28)": 0.015394446850639516,
        "(10, 29)": 2.0224533590127393e-05,
        "(11, 20)": 0.008856054708694905,
        "(11, 21)": 0.03515133583760171,
        "(11, 22)": 0.00032099443551521743,
        "(11, 23)": 0.0001062306669924373,
        "(11, 24)": 0.0001846603719958315,
        "(11, 25)": 0.026760109510670708,
        "(11, 26)": 0.00032099443551517027,
        "(11, 27)": 0.07640514508569775,
        "(11, 28)": 0.0005579834293524128,
        "(11, 29)": 0.2443335345596198,
        "(12, 20)": 0.42472407130841755,
        "(12, 21)": 2.656638501799811e-05,
        "(12, 22)": 0.0808603248938852,
        "(12, 23)": 1.1634687343390101e-05,
        "(12, 24)": 1.1634687343390101e-05,
        "(12, 25)": 0.008856054708694857,
        "(12, 26)": 0.008856054708694905,
        "(12, 27)": 0.0009164994787282563,
        "(12, 28)": 6.111194560959683e-05,
        "(12, 29)": 0.14055920100428215,
        "(13, 20)": 2.0224533590080237e-05,
        "(13, 21)": 8.027495264752873e-05,
        "(13, 22)": 0.0005579834293523657,
        "(13, 23)": 0.14055920100428215,
        "(13, 24)": 0.14055920100428215,
        "(13, 25)": 0.0001846603719958315,
        "(13, 26)": 0.0808603248938852,
        "(13, 27)": 0.3209497377530799,
        "(13, 28)": 0.008856054708694857,
        "(13, 29)": 0.0465169984976329,
        "(14, 20)": 6.111194560959683e-05,
        "(14, 21)": 0.18463465844922286,
        "(14, 22)": 0.14055920100428215,
        "(14, 23)": 6.111194560959683e-05,
        "(14, 24)": 0.046516998497632855,
        "(14, 25)": 1.1634687343342947e-05,
        "(14, 26)": 6.111194560959683e-05,
        "(14, 27)": 0.0005272400887707328,
        "(14, 28)": 0.0001846603719958315,
        "(14, 29)": 0.008856054708694857,
        "(15, 20)": 0.005094675097087932,
        "(15, 21)": 4.618024793498882e-05,
        "(15, 22)": 3.515623126468825e-05,
        "(15, 23)": 0.0001846603719958315,
        "(15, 24)": 0.00010623066699248446,
        "(15, 25)": 0.42472407130841755,
        "(15, 26)": 0.0029308439478591343,
        "(15, 27)": 0.2443335345596198,
        "(15, 28)": 0.00010623066699239016,
        "(15, 29)": 3.51562312647354e-05,
        "(16, 20)": 0.0005579834293523657,
        "(16, 21)": 1.528300181317281e-05,
        "(16, 22)": 0.005094675097087885,
        "(16, 23)": 0.0465169984976329,
        "(16, 24)": 0.026760109510670708,
        "(16, 25)": 0.0005579834293523185,
        "(16, 26)": 0.026760109510670708,
        "(16, 27)": 0.00030330853171103074,
        "(16, 28)": 0.0016860439739547174,
        "(16, 29)": 6.111194560959683e-05,
        "(17, 20)": 1.1634687343390101e-05,
        "(17, 21)": 0.0022147404868360383,
        "(17, 22)": 0.026760109510670708,
        "(17, 23)": 0.015394446850639563,
        "(17, 24)": 0.0029308439478591343,
        "(17, 25)": 6.111194560959683e-05,
        "(17, 26)": 0.015394446850639563,
        "(17, 27)": 0.001593147623632969,
        "(17, 28)": 0.0009699405129316684,
        "(17, 29)": 0.0808603248938852,
        "(18, 20)": 0.00018466037199578434,
        "(18, 21)": 0.0012740868903754617,
        "(18, 22)": 0.2443335345596198,
        "(18, 23)": 0.0009699405129316684,
        "(18, 24)": 0.00032099443551517027,
        "(18, 25)": 0.0009699405129316684,
        "(18, 26)": 0.0016860439739547644,
        "(18, 27)": 0.14055920100428215,
        "(18, 28)": 0.42472407130841755,
        "(18, 29)": 0.0001846603719958315,