{
    "fractional_matching": {
        "(0, 1)": 0.45210978028446436,
        "(0, 2)": 0.18634800340873475,
        "(1, 3)": 0.1357159834238857,
        "(1, 4)": 0.24770652685559771,
        "(2, 5)": 0.3401192368527523,
        "(2, 6)": 0.24770652685559771,
        "(3, 7)": 0.27876071340588937,
        "(3, 8)": 0.3401192368527523,
        "(4, 9)": 0.1357159834238857,
        "(4, 10)": 0.24770652685559771,
        "(5, 11)": 0.1357159834238857,
        "(5, 12)": 0.24770652685559771,
        "(6, 13)": 0.1357159834238857,
        "(6, 14)": 0.45210978028446436,
        "(7, 15)": 0.1357159834238857,
        "(7, 16)": 0.24770652685559771,
        "(8, 17)": 0.24770652685559771,
        "(8, 18)": 0.18634800340873475,
        "(9, 19)": 0.24770652685559771,
        "(9, 20)": 0.45210978028446436,
        "(10, 21)": 0.1357159834238857,
        "(10, 22)": 0.45210978028446436,
        "(11, 23)": 0.45210978028446436,
        "(11, 24)": 0.24770652685559771,
        "(12, 25)": 0.1357159834238857,
        "(12, 26)": 0.45210978028446436,
        "(13, 27)": 0.1357159834238857,
        "(13, 28)": 0.24770652685559771,
        "(14, 29)": 0.24770652685559771,
        "(14, 30)": 0.1357159834238857,
        "(15, 31)": 0.24770652685559771,
        "(15, 32)": 0.45210978028446436,
        "(16, 33)": 0.45210978028446436,
        "(16, 34)": 0.1357159834238857,
        "(17, 35)": 0.45210978028446436,
        "(17, 36)": 0.1357159834238857,
        "(18, 37)": 0.45210978028446436,
        "(18, 38)": 0.16345677197802605,
        "(19, 39)": 0.18634800340873475,
        "(19, 40)": 0.3401192368527523,
        "(20, 41)": 0.24770652685559771,
        "(20, 42)": 0.1357159834238857,
        "(21, 43)": 0.24770652685559771,
        "(21, 44)": 0.45210978028446436,
        "(22, 45)": 0.1357159834238857,
        "(22, 46)": 0.24770652685559771,
        "(23, 47)": 0.24770652685559771,
        "(23, 48)": 0.1357159834238857,
        "(24, 49)": 0.1357159834238857,
        "(24, 50)": 0.45210978028446436,
        "(25, 51)": 0.24770652685559771,
        "(25, 52)": 0.45210978028446436,
        "(26, 53)": 0.1357159834238857,
        "(26, 54)": 0.24770652685559771,
        "(27, 55)": 0.24770652685559771,
        "(27, 56)": 0.45210978028446436,
        "(28, 57)": 0.1357159834238857,
        "(28, 58)": 0.45210978028446436,
        "(29, 59)": 0.18634800340873475,
        "(29, 60)": 0.3401192368527523,
        "(30, 61)": 0.21408879196287514,
        "(30, 62)": 0.39075125683760137
    },
    "edge_arrival_order": [
        "(7, 16)",
        "(20, 42)",
        "(24, 49)",
        "(30, 62)",
        "(2, 5)",
        "(9, 20)",
        "(21, 44)",
        "(28, 57)",
        "(22, 45)",
        "(11, 23)",
        "(0, 1)",
        "(8, 18)",
        "(25, 51)",
        "(1, 4)",
        "(23, 47)",
        "(6, 13)",
        "(22, 46)",
        "(10, 22)",
        "(3, 8)",
        "(27, 55)",
        "(25, 52)",
        "(26, 54)",
        "(5, 12)",
        "(14, 29)",
        "(14, 30)",
        "(2, 6)",
        "(27, 56)",
        "(18, 37)",
        "(6, 14)",
        "(26, 53)",
        "(13, 27)",
        "(19, 40)",
        "(21, 43)",
        "(17, 36)",
        "(4, 10)",
        "(4, 9)",
        "(8, 17)",
        "(17, 35)",
        "(15, 32)",
        "(29, 60)",
        "(3, 7)",
        "(12, 26)",
        "(24, 50)",
        "(30, 61)",
        "(29, 59)",
        "(16, 34)",
        "(5, 11)",
        "(23, 48)",
        "(28, 58)",
        "(12, 25)",
        "(20, 41)",
        "(13, 28)",
        "(9, 19)",
        "(15, 31)",
        "(10, 21)",
        "(16, 33)",
        "(7, 15)",
        "(0, 2)",
        "(19, 39)",
        "(18, 38)",
        "(11, 24)",
        "(1, 3)"
    ]
}