{
    "fractional_matching": {
        "(0, 1)": 0.45210978028446436,
        "(0, 2)": 0.24770652685559771,
        "(1, 3)": 0.1357159834238857,
        "(1, 4)": 0.24770652685559771,
        "(2, 5)": 0.1357159834238857,
        "(2, 6)": 0.24770652685559771,
        "(3, 7)": 0.18634800340873475,
        "(3, 8)": 0.45210978028446436,
        "(4, 9)": 0.45210978028446436,
        "(4, 10)": 0.1357159834238857,
        "(5, 11)": 0.24770652685559771,
        "(5, 12)": 0.45210978028446436,
        "(6, 13)": 0.45210978028446436,
        "(6, 14)": 0.1357159834238857
    },
    "edge_arrival_order": [
        "(3, 7)",
        "(2, 6)",
        "(4, 10)",
        "(3, 8)",
        "(6, 13)",
        "(4, 9)",
        "(0, 1)",
        "(5, 11)",
        "(5, 12)",
        "(6, 14)",
        "(2, 5)",
        "(1, 3)",
        "(1, 4)",
        "(0, 2)"
    ]
}