{
    "fractional_matching": {
        "(0, 1)": 0.45210978028446436,
        "(0, 2)": 0.24770652685559771,
        "(0, 3)": 0.1020982485311631,
        "(1, 4)": 0.07435745997702271,
        "(1, 5)": 0.24770652685559771,
        "(1, 6)": 0.1020982485311631,
        "(2, 7)": 0.07435745997702271,
        "(2, 8)": 0.1357159834238857,
        "(2, 9)": 0.1357159834238857,
        "(3, 10)": 0.07435745997702271,
        "(3, 11)": 0.24770652685559771,
        "(3, 12)": 0.45210978028446436,
        "(4, 13)": 0.24770652685559771,
        "(4, 14)": 0.1357159834238857,
        "(4, 15)": 0.45210978028446436,
        "(5, 16)": 0.1357159834238857,
        "(5, 17)": 0.45210978028446436,
        "(5, 18)": 0.07435745997702271,
        "(6, 19)": 0.24770652685559771,
        "(6, 20)": 0.45210978028446436,
        "(6, 21)": 0.0895563667130329,
        "(7, 22)": 0.24770652685559771,
        "(7, 23)": 0.1357159834238857,
        "(7, 24)": 0.45210978028446436,
        "(8, 25)": 0.24770652685559771,
        "(8, 26)": 0.45210978028446436,
        "(8, 27)": 0.07435745997702271,
        "(9, 28)": 0.24770652685559771,
        "(9, 29)": 0.07435745997702271,
        "(9, 30)": 0.45210978028446436,
        "(10, 31)": 0.1357159834238857,
        "(10, 32)": 0.45210978028446436,
        "(10, 33)": 0.24770652685559771,
        "(11, 34)": 0.07435745997702271,
        "(11, 35)": 0.1357159834238857,
        "(11, 36)": 0.45210978028446436,
        "(12, 37)": 0.07435745997702271,
        "(12, 38)": 0.1357159834238857,
        "(12, 39)": 0.24770652685559771
    },
    "edge_arrival_order": [
        "(1, 5)",
        "(6, 21)",
        "(7, 24)",
        "(5, 17)",
        "(8, 27)",
        "(7, 23)",
        "(10, 31)",
        "(0, 2)",
        "(8, 25)",
        "(1, 6)",
        "(11, 34)",
        "(5, 18)",
        "(3, 11)",
        "(9, 28)",
        "(2, 8)",
        "(11, 35)",
        "(7, 22)",
        "(2, 7)",
        "(5, 16)",
        "(0, 1)",
        "(1, 4)",
        "(6, 19)",
        "(9, 30)",
        "(12, 37)",
        "(6, 20)",
        "(10, 33)",
        "(4, 15)",
        "(2, 9)",
        "(10, 32)",
        "(3, 10)",
        "(3, 12)",
        "(8, 26)",
        "(9, 29)",
        "(11, 36)",
        "(0, 3)",
        "(12, 39)",
        "(4, 14)",
        "(4, 13)",
        "(12, 38)"
    ]
}