{
    "fractional_matching": {
        "(0, 1)": 0.6315821783496006,
        "(0, 2)": 0.26955234020164437,
        "(1, 3)": 0.04809759447881041,
        "(1, 4)": 0.2764858341154858,
        "(2, 5)": 0.2007303505290466,
        "(2, 6)": 0.3898441525396375,
        "(3, 7)": 0.1322077677449121,
        "(3, 8)": 0.7577458975798705,
        "(4, 9)": 0.3649911090428269,
        "(4, 10)": 0.12921275212506578,
        "(5, 11)": 0.3462841936810658,
        "(5, 12)": 0.3932173042166709,
        "(6, 13)": 0.3491622056279121,
        "(6, 14)": 0.05263557838658385
    },
    "edge_arrival_order": [
        "(5, 11)",
        "(4, 10)",
        "(1, 4)",
        "(1, 3)",
        "(5, 12)",
        "(0, 2)",
        "(2, 6)",
        "(3, 7)",
        "(2, 5)",
        "(6, 13)",
        "(3, 8)",
        "(0, 1)",
        "(4, 9)",
        "(6, 14)"
    ]
}