{
    "fractional_matching": {
        "(0, 1)": 0.41500341793425516,
        "(0, 2)": 0.12413326082348534,
        "(0, 3)": 0.08409341330852424,
        "(1, 4)": 0.030636254641116634,
        "(1, 5)": 0.3840404583007461,
        "(1, 6)": 0.0811726938487675,
        "(2, 7)": 0.14118852195111697,
        "(2, 8)": 0.4129193488961968,
        "(2, 9)": 0.16541713467998376,
        "(3, 10)": 0.14669654349084613,
        "(3, 11)": 0.1798607172348231,
        "(3, 12)": 0.30222131482710335,
        "(4, 13)": 0.25078276961623286,
        "(4, 14)": 0.13373312987865754,
        "(4, 15)": 0.08435226918777886,
        "(5, 16)": 0.12204801680701281,
        "(5, 17)": 0.13760968759123463,
        "(5, 18)": 0.10423433273025733,
        "(6, 19)": 0.10977386632156064,
        "(6, 20)": 0.35961067692282805,
        "(6, 21)": 0.10671778260788935,
        "(7, 22)": 0.08437185106440481,
        "(7, 23)": 0.23511562798552443,
        "(7, 24)": 0.06603672377781958,
        "(8, 25)": 0.02021333194411096,
        "(8, 26)": 0.18140824483275014,
        "(8, 27)": 0.0864279142893383,
        "(9, 28)": 0.12644451876041354,
        "(9, 29)": 0.39893640645499795,
        "(9, 30)": 0.14061025423752727,
        "(10, 31)": 0.1368990086080914,
        "(10, 32)": 0.13155622908059653,
        "(10, 33)": 0.35647511315094793,
        "(11, 34)": 0.025191746676281403,
        "(11, 35)": 0.12216992194678758,
        "(11, 36)": 0.5403937632238738,
        "(12, 37)": 0.5541754929835467,
        "(12, 38)": 0.09078088336599371,
        "(12, 39)": 0.028473355890517773,
        "(13, 40)": 0.022989004619555463,
        "(13, 41)": 0.2614405160618911,
        "(13, 42)": 0.41791912856971797,
        "(14, 43)": 0.21965048192216402,
        "(14, 44)": 0.5301419310262074,
        "(14, 45)": 0.04762727321337215,
        "(15, 46)": 0.18347844524194148,
        "(15, 47)": 0.04627506669120455,
        "(15, 48)": 0.6139207742939907,
        "(16, 49)": 0.716952035080006,
        "(16, 50)": 0.05109606396702793,
        "(16, 51)": 0.0706889802661541,
        "(17, 52)": 0.022451074231073606,
        "(17, 53)": 0.7691997034612499,
        "(17, 54)": 0.052890939407676564,
        "(18, 55)": 0.06395594541721308,
        "(18, 56)": 0.698088647248244,
        "(18, 57)": 0.10730088682284604,
        "(19, 58)": 0.4726849961213935,
        "(19, 59)": 0.05219515019195477,
        "(19, 60)": 0.28312656808431763,
        "(20, 61)": 0.42008245574745834,
        "(20, 62)": 0.036862983423405625,
        "(20, 63)": 0.16070678843909872,
        "(21, 64)": 0.4417009457817962,
        "(21, 65)": 0.26930809345891193,
        "(21, 66)": 0.0940174596069231,
        "(22, 67)": 0.0907782268484878,
        "(22, 68)": 0.5087589238432844,
        "(22, 69)": 0.24276473797488335,
        "(23, 70)": 0.19975194014868147,
        "(23, 71)": 0.17727684092341628,
        "(23, 72)": 0.27861124565030254,
        "(24, 73)": 0.6222615398366196,
        "(24, 74)": 0.04060835975626565,
        "(24, 75)": 0.2568147793933079,
        "(25, 76)": 0.63958427643197,
        "(25, 77)": 0.07462594466111237,
        "(25, 78)": 0.2586870975313901,
        "(26, 79)": 0.5860772931014301,
        "(26, 80)": 0.03656717507150522,
        "(26, 81)": 0.1724862213293142,
        "(27, 82)": 0.052874239886928166,
        "(27, 83)": 0.7228467625111914,
        "(27, 84)": 0.12261153518117983,
        "(28, 85)": 0.04955595966583917,
        "(28, 86)": 0.22774963417155755,
        "(28, 87)": 0.5277909898369693,
        "(29, 88)": 0.17523126779317974,
        "(29, 89)": 0.31378179875864476,
        "(29, 90)": 0.04953116826839133,
        "(30, 91)": 0.15907320412536718,
        "(30, 92)": 0.35902325493745013,
        "(30, 93)": 0.18919496897195975,
        "(31, 94)": 0.2622231150642068,
        "(31, 95)": 0.16926334284683364,
        "(31, 96)": 0.3143931261980318,
        "(32, 97)": 0.11001528196274958,
        "(32, 98)": 0.04653762511610332,
        "(32, 99)": 0.6998611773437335,
        "(33, 100)": 0.4891575073889126,
        "(33, 101)": 0.12021126099925267,
        "(33, 102)": 0.022948446108333066,
        "(34, 103)": 0.3590151332569711,
        "(34, 104)": 0.038247240255833384,
        "(34, 105)": 0.5049122328882228,
        "(35, 106)": 0.0679051431385752,
        "(35, 107)": 0.4422689427505747,
        "(35, 108)": 0.3438354244134571,
        "(36, 109)": 0.03337839937117053,
        "(36, 110)": 0.21484733237858555,
        "(36, 111)": 0.18456126831389028,
        "(37, 112)": 0.08569290033542515,
        "(37, 113)": 0.10460048258251446,
        "(37, 114)": 0.18950339220670026,
        "(38, 115)": 0.21491059733908782,
        "(38, 116)": 0.15707650035697573,
        "(38, 117)": 0.35648951758954467,
        "(39, 118)": 0.586844315542023,
        "(39, 119)": 0.0701103758861915,
        "(39, 120)": 0.2620943463087625
    },
    "edge_arrival_order": [
        "(5, 16)",
        "(36, 111)",
        "(10, 31)",
        "(18, 56)",
        "(19, 59)",
        "(16, 50)",
        "(3, 11)",
        "(29, 89)",
        "(18, 57)",
        "(36, 110)",
        "(39, 118)",
        "(13, 41)",
        "(32, 98)",
        "(0, 1)",
        "(27, 82)",
        "(18, 55)",
        "(22, 68)",
        "(32, 97)",
        "(2, 7)",
        "(33, 102)",
        "(14, 45)",
        "(25, 76)",
        "(21, 64)",
        "(29, 88)",
        "(22, 67)",
        "(32, 99)",
        "(38, 116)",
        "(0, 3)",
        "(11, 36)",
        "(35, 108)",
        "(37, 113)",
        "(17, 53)",
        "(11, 35)",
        "(16, 51)",
        "(27, 84)",
        "(9, 29)",
        "(33, 101)",
        "(6, 20)",
        "(25, 77)",
        "(13, 42)",
        "(3, 12)",
        "(37, 114)",
        "(14, 44)",
        "(15, 47)",
        "(30, 91)",
        "(4, 15)",
        "(26, 80)",
        "(21, 65)",
        "(22, 69)",
        "(33, 100)",
        "(23, 70)",
        "(6, 19)",
        "(2, 9)",
        "(24, 74)",
        "(24, 73)",
        "(7, 22)",
        "(31, 96)",
        "(19, 60)",
        "(29, 90)",
        "(26, 81)",
        "(14, 43)",
        "(34, 105)",
        "(21, 66)",
        "(20, 62)",
        "(28, 87)",
        "(10, 33)",
        "(35, 107)",
        "(1, 4)",
        "(9, 30)",
        "(30, 93)",
        "(23, 72)",
        "(5, 17)",
        "(31, 94)",
        "(38, 115)",
        "(6, 21)",
        "(38, 117)",
        "(10, 32)",
        "(25, 78)",
        "(7, 23)",
        "(13, 40)",
        "(12, 38)",
        "(7, 24)",
        "(1, 5)",
        "(12, 39)",
        "(5, 18)",
        "(28, 86)",
        "(4, 13)",
        "(2, 8)",
        "(15, 48)",
        "(30, 92)",
        "(16, 49)",
        "(28, 85)",
        "(23, 71)",
        "(35, 106)",
        "(3, 10)",
        "(20, 61)",
        "(9, 28)",
        "(20, 63)",
        "(0, 2)",
        "(4, 14)",
        "(39, 120)",
        "(36, 109)",
        "(17, 54)",
        "(26, 79)",
        "(34, 103)",
        "(37, 112)",
        "(11, 34)",
        "(34, 104)",
        "(12, 37)",
        "(15, 46)",
        "(17, 52)",
        "(19, 58)",
        "(8, 25)",
        "(1, 6)",
        "(39, 119)",
        "(27, 83)",
        "(31, 95)",
        "(8, 27)",
        "(8, 26)",
        "(24, 75)"
    ]
}