{
    "fractional_matching": {
        "(0, 1)": 0.05363352104624101,
        "(0, 2)": 0.06393418231438648,
        "(0, 3)": 0.12665456835539782,
        "(0, 4)": 0.02925636922892828,
        "(0, 5)": 0.07821676545518537,
        "(0, 6)": 0.029785111685576137,
        "(0, 7)": 0.004480569142444349,
        "(0, 8)": 0.500386269508136,
        "(0, 9)": 0.09746282648356668,
        "(1, 2)": 0.1327526427738374,
        "(1, 3)": 0.0018843567163985859,
        "(1, 4)": 0.23625814292246267,
        "(1, 5)": 0.05039936143897488,
        "(1, 6)": 0.021398198543305134,
        "(1, 7)": 0.2529412223897089,
        "(1, 8)": 0.002107574238624883,
        "(1, 9)": 0.2454927587958213,
        "(2, 3)": 0.26782478682169486,
        "(2, 4)": 0.003323359922805008,
        "(2, 5)": 0.09728652417994574,
        "(2, 6)": 0.0767818284508962,
        "(2, 7)": 0.23644150847690437,
        "(2, 8)": 0.0038191815053990985,
        "(2, 9)": 0.01003540574358446,
        "(3, 4)": 0.01702226982705067,
        "(3, 5)": 0.029217564435825235,
        "(3, 6)": 0.0107540675753461,
        "(3, 7)": 0.012373619632942048,
        "(3, 8)": 0.1622004939308662,
        "(3, 9)": 0.2578194514652059,
        "(4, 5)": 0.12728334230022303,
        "(4, 6)": 0.453441496847347,
        "(4, 7)": 0.00040041433998046607,
        "(4, 8)": 0.009582326875717919,
        "(4, 9)": 0.12043325336803465,
        "(5, 6)": 0.06800953553231068,
        "(5, 7)": 0.440424651281137,
        "(5, 8)": 0.0020614179994113695,
        "(5, 9)": 0.08557761909556987,
        "(6, 7)": 0.0016796373769646662,
        "(6, 8)": 0.2652981267202831,
        "(6, 9)": 0.05053167545363888,
        "(7, 8)": 0.00040184554417606837,
        "(7, 9)": 0.050653156857583266,
        "(8, 9)": 0.05175275997486363
    },
    "edge_arrival_order": [
        "(3, 5)",
        "(6, 7)",
        "(1, 3)",
        "(3, 9)",
        "(4, 7)",
        "(2, 3)",
        "(1, 6)",
        "(7, 8)",
        "(0, 1)",
        "(7, 9)",
        "(0, 7)",
        "(5, 7)",
        "(5, 9)",
        "(6, 9)",
        "(2, 7)",
        "(1, 2)",
        "(0, 3)",
        "(2, 5)",
        "(3, 4)",
        "(1, 4)",
        "(3, 6)",
        "(0, 6)",
        "(5, 8)",
        "(2, 6)",
        "(1, 8)",
        "(6, 8)",
        "(0, 9)",
        "(1, 7)",
        "(4, 9)",
        "(0, 8)",
        "(2, 8)",
        "(2, 4)",
        "(3, 8)",
        "(3, 7)",
        "(2, 9)",
        "(4, 6)",
        "(1, 5)",
        "(0, 5)",
        "(1, 9)",
        "(0, 4)",
        "(8, 9)",
        "(4, 8)",
        "(5, 6)",
        "(0, 2)",
        "(4, 5)"
    ]
}