{
    "fractional_matching": {
        "(0, 1)": 0.45210978028446436,
        "(0, 2)": 0.24770652685559771,
        "(0, 3)": 0.11729715526717327,
        "(0, 4)": 0.040739725084300134,
        "(1, 5)": 0.24770652685559771,
        "(1, 6)": 0.07435745997702271,
        "(1, 7)": 0.040739725084300134,
        "(1, 8)": 0.1357159834238857,
        "(2, 9)": 0.0559386318203103,
        "(2, 10)": 0.45210978028446436,
        "(2, 11)": 0.040739725084300134,
        "(2, 12)": 0.1357159834238857,
        "(3, 13)": 0.1357159834238857,
        "(3, 14)": 0.1357159834238857,
        "(3, 15)": 0.21740218995902638,
        "(3, 16)": 0.24770652685559771,
        "(4, 17)": 0.24770652685559771,
        "(4, 18)": 0.45210978028446436,
        "(4, 19)": 0.07435745997702271,
        "(4, 20)": 0.1357159834238857,
        "(5, 21)": 0.040739725084300134,
        "(5, 22)": 0.07435745997702271,
        "(5, 23)": 0.45210978028446436,
        "(5, 24)": 0.1357159834238857,
        "(6, 25)": 0.11729715526717321,
        "(6, 26)": 0.21408879196287514,
        "(6, 27)": 0.06426596417133888,
        "(6, 28)": 0.45210978028446436,
        "(7, 29)": 0.24770652685559771,
        "(7, 30)": 0.1357159834238857,
        "(7, 31)": 0.45210978028446436,
        "(7, 32)": 0.07435745997702271,
        "(8, 33)": 0.45210978028446436,
        "(8, 34)": 0.040739725084300134,
        "(8, 35)": 0.24770652685559771,
        "(8, 36)": 0.07435745997702271,
        "(9, 37)": 0.1357159834238857,
        "(9, 38)": 0.24770652685559771,
        "(9, 39)": 0.049067057435328666,
        "(9, 40)": 0.45210978028446436,
        "(10, 41)": 0.1357159834238857,
        "(10, 42)": 0.24770652685559771,
        "(10, 43)": 0.040739725084300134,
        "(10, 44)": 0.07435745997702271,
        "(11, 45)": 0.24770652685559771,
        "(11, 46)": 0.45210978028446436,
        "(11, 47)": 0.07435745997702271,
        "(11, 48)": 0.1357159834238857,
        "(12, 49)": 0.040739725084300134,
        "(12, 50)": 0.45210978028446436,
        "(12, 51)": 0.24770652685559771,
        "(12, 52)": 0.07435745997702271,
        "(13, 53)": 0.07435745997702271,
        "(13, 54)": 0.24770652685559771,
        "(13, 55)": 0.040739725084300134,
        "(13, 56)": 0.45210978028446436,
        "(14, 57)": 0.07435745997702271,
        "(14, 58)": 0.45210978028446436,
        "(14, 59)": 0.040739725084300134,
        "(14, 60)": 0.24770652685559771,
        "(15, 61)": 0.1494168705198609,
        "(15, 62)": 0.04485250796822704,
        "(15, 63)": 0.08186404201833432,
        "(15, 64)": 0.45210978028446436,
        "(16, 65)": 0.45210978028446436,
        "(16, 66)": 0.07435745997702271,
        "(16, 67)": 0.040739725084300134,
        "(16, 68)": 0.1357159834238857,
        "(17, 69)": 0.1020982485311631,
        "(17, 70)": 0.3401192368527523,
        "(17, 71)": 0.05593863182031025,
        "(17, 72)": 0.18634800340873475,
        "(18, 73)": 0.24770652685559771,
        "(18, 74)": 0.040739725084300134,
        "(18, 75)": 0.1357159834238857,
        "(18, 76)": 0.07435745997702271,
        "(19, 77)": 0.24770652685559771,
        "(19, 78)": 0.0559386318203103,
        "(19, 79)": 0.45210978028446436,
        "(19, 80)": 0.1020982485311631,
        "(20, 81)": 0.05593863182031025,
        "(20, 82)": 0.45210978028446436,
        "(20, 83)": 0.1020982485311631,
        "(20, 84)": 0.18634800340873475
    },
    "edge_arrival_order": [
        "(0, 4)",
        "(17, 69)",
        "(17, 72)",
        "(14, 57)",
        "(1, 7)",
        "(11, 45)",
        "(20, 82)",
        "(1, 8)",
        "(18, 74)",
        "(1, 5)",
        "(15, 61)",
        "(13, 55)",
        "(10, 44)",
        "(17, 71)",
        "(20, 84)",
        "(5, 21)",
        "(11, 46)",
        "(13, 54)",
        "(7, 31)",
        "(4, 19)",
        "(9, 39)",
        "(11, 47)",
        "(5, 23)",
        "(7, 32)",
        "(4, 17)",
        "(10, 41)",
        "(2, 11)",
        "(4, 20)",
        "(0, 2)",
        "(3, 13)",
        "(10, 43)",
        "(8, 35)",
        "(7, 30)",
        "(0, 1)",
        "(19, 79)",
        "(6, 27)",
        "(20, 81)",
        "(6, 26)",
        "(4, 18)",
        "(3, 16)",
        "(3, 15)",
        "(12, 50)",
        "(8, 34)",
        "(14, 59)",
        "(5, 24)",
        "(17, 70)",
        "(12, 52)",
        "(2, 12)",
        "(16, 68)",
        "(15, 64)",
        "(6, 28)",
        "(18, 75)",
        "(16, 65)",
        "(14, 58)",
        "(8, 36)",
        "(6, 25)",
        "(14, 60)",
        "(2, 10)",
        "(9, 37)",
        "(2, 9)",
        "(9, 40)",
        "(19, 77)",
        "(13, 53)",
        "(8, 33)",
        "(15, 63)",
        "(3, 14)",
        "(12, 51)",
        "(18, 73)",
        "(20, 83)",
        "(16, 67)",
        "(5, 22)",
        "(19, 80)",
        "(12, 49)",
        "(13, 56)",
        "(9, 38)",
        "(15, 62)",
        "(10, 42)",
        "(16, 66)",
        "(7, 29)",
        "(0, 3)",
        "(19, 78)",
        "(18, 76)",
        "(11, 48)",
        "(1, 6)"
    ]
}