{
    "fractional_matching": {
        "(0, 10)": 0,
        "(0, 11)": 0.0022890987096137695,
        "(0, 12)": 0,
        "(0, 13)": 0.012935072477625074,
        "(0, 14)": 0.004216701131641271,
        "(0, 15)": 0,
        "(0, 16)": 0.04828773506007866,
        "(0, 17)": 0,
        "(0, 18)": 2.387012454110599e-06,
        "(0, 19)": 1.0416063331762797e-06,
        "(0, 20)": 0,
        "(0, 21)": 0.0009190028453374325,
        "(0, 22)": 0.02301275833187631,
        "(0, 23)": 0,
        "(0, 24)": 0,
        "(0, 25)": 9.609347416437621e-05,
        "(0, 26)": 0,
        "(0, 27)": 0,
        "(0, 28)": 3.167043118108328e-06,
        "(0, 29)": 0,
        "(0, 30)": 0.0004876415235979024,
        "(0, 31)": 2.2882020686396205e-05,
        "(0, 32)": 0,
        "(0, 33)": 0,
        "(0, 34)": 0.0014811923751836954,
        "(0, 35)": 0.25418934418037387,
        "(0, 36)": 0.3033120999862868,
        "(0, 37)": 0,
        "(0, 38)": 0.3487404944924699,
        "(0, 39)": 2.090637365119171e-06,
        "(1, 10)": 0.022314539663578627,
        "(1, 11)": 0.010634814406082221,
        "(1, 12)": 0.0009271770118022841,
        "(1, 13)": 1.967517778926349e-05,
        "(1, 14)": 0,
        "(1, 15)": 6.427914280524331e-05,
        "(1, 16)": 0,
        "(1, 17)": 5.224652307152972e-06,
        "(1, 18)": 9.471044734610006e-05,
        "(1, 19)": 0.7683390224730158,
        "(1, 20)": 0.008538963079194953,
        "(1, 21)": 5.8976229375382875e-06,
        "(1, 22)": 2.275233315004723e-05,
        "(1, 23)": 0,
        "(1, 24)": 0,
        "(1, 25)": 1.353906371117592e-05,
        "(1, 26)": 0,
        "(1, 27)": 0,
        "(1, 28)": 0.004510111340681711,
        "(1, 29)": 0.029190496933001332,
        "(1, 30)": 4.993709960607116e-05,
        "(1, 31)": 1.0102712401252247e-06,
        "(1, 32)": 0.14534892552439216,
        "(1, 33)": 0,
        "(1, 34)": 9.196339828537915e-05,
        "(1, 35)": 0.0022476605763661174,
        "(1, 36)": 3.470594061138353e-06,
        "(1, 37)": 0,
        "(1, 38)": 0,
        "(1, 39)": 0.007574570709242033,
        "(2, 10)": 0,
        "(2, 11)": 0.03941772587072439,
        "(2, 12)": 0,
        "(2, 13)": 0.18806746774849242,
        "(2, 14)": 0,
        "(2, 15)": 0.000390226481500942,
        "(2, 16)": 0.010627660469110406,
        "(2, 17)": 0,
        "(2, 18)": 0.0026589746627461324,
        "(2, 19)": 3.8063218620960885e-06,
        "(2, 20)": 0.1473254693955983,
        "(2, 21)": 0.10479188187447465,
        "(2, 22)": 6.477196662361991e-05,
        "(2, 23)": 0.00026860928668221324,
        "(2, 24)": 2.1144310422695527e-05,
        "(2, 25)": 0.28458847520069436,
        "(2, 26)": 0.0010942588828692897,
        "(2, 27)": 0,
        "(2, 28)": 0,
        "(2, 29)": 0,
        "(2, 30)": 0,
        "(2, 31)": 0,
        "(2, 32)": 0.19162439333282438,
        "(2, 33)": 0,
        "(2, 34)": 0.004676238923707299,
        "(2, 35)": 0.010269553270130249,
        "(2, 36)": 0,
        "(2, 37)": 0,
        "(2, 38)": 0.01410729390556561,
        "(2, 39)": 1.5869715850672055e-06,
        "(3, 10)": 0,
        "(3, 11)": 0,
        "(3, 12)": 0,
        "(3, 13)": 0,
        "(3, 14)": 0.7134857328944011,
        "(3, 15)": 0,
        "(3, 16)": 7.5534355093100136e-06,
        "(3, 17)": 0.00174949513513773,
        "(3, 18)": 0.22049161449934696,
        "(3, 19)": 0.0006836274768573562,
        "(3, 20)": 8.302708039719032e-05,
        "(3, 21)": 0,
        "(3, 22)": 0.0033636874277620673,
        "(3, 23)": 0.0005037572042965798,
        "(3, 24)": 0,
        "(3, 25)": 1.24521902724984e-06,
        "(3, 26)": 0,
        "(3, 27)": 0.03197108905813555,
        "(3, 28)": 0.003065648043724222,
        "(3, 29)": 0,
        "(3, 30)": 2.8585546493677607e-06,
        "(3, 31)": 0.003654115032015892,
        "(3, 32)": 8.385883021227824e-06,
        "(3, 33)": 0,
        "(3, 34)": 0,
        "(3, 35)": 3.8288521315744435e-05,
        "(3, 36)": 0,
        "(3, 37)": 0.00043848042061531123,
        "(3, 38)": 0,
        "(3, 39)": 0.020450273051322226,
        "(4, 10)": 3.398604803754387e-06,
        "(4, 11)": 1.9614564487228047e-05,
        "(4, 12)": 0.14323903834388932,
        "(4, 13)": 8.55010282049464e-05,
        "(4, 14)": 0,
        "(4, 15)": 0.040221901725733596,
        "(4, 16)": 0.12512639874215878,
        "(4, 17)": 0.011559870215001761,
        "(4, 18)": 1.3727709776325714e-05,
        "(4, 19)": 0.00029069832899951815,
        "(4, 20)": 0,
        "(4, 21)": 0,
        "(4, 22)": 0,
        "(4, 23)": 0.17467429337648802,
        "(4, 24)": 1.780584831686933e-05,
        "(4, 25)": 0.001291836975011425,
        "(4, 26)": 0.0002480369611377583,
        "(4, 27)": 0,
        "(4, 28)": 0.0029374271859323527,
        "(4, 29)": 0.00010349926518847888,
        "(4, 30)": 0,
        "(4, 31)": 1.4885730309220526e-06,
        "(4, 32)": 0.4996247362953167,
        "(4, 33)": 0,
        "(4, 34)": 0,
        "(4, 35)": 0,
        "(4, 36)": 0.0005220538462848689,
        "(4, 37)": 0,
        "(4, 38)": 1.593140278985143e-05,
        "(4, 39)": 2.111284671352912e-06,
        "(5, 10)": 1.6170798136116714e-06,
        "(5, 11)": 0.00020302433818277546,
        "(5, 12)": 0,
        "(5, 13)": 0.006477243437184729,
        "(5, 14)": 0.04753453682226252,
        "(5, 15)": 0.029928750736116297,
        "(5, 16)": 0,
        "(5, 17)": 0.0006559217987681552,
        "(5, 18)": 0.01766549204054038,
        "(5, 19)": 0,
        "(5, 20)": 0.0037786603232752964,
        "(5, 21)": 0,
        "(5, 22)": 0.0006542014767382638,
        "(5, 23)": 6.0081727757216824e-05,
        "(5, 24)": 1.4705158222712768e-05,
        "(5, 25)": 0,
        "(5, 26)": 0,
        "(5, 27)": 0,
        "(5, 28)": 0.6193445422154981,
        "(5, 29)": 0.00018215989682083877,
        "(5, 30)": 0,
        "(5, 31)": 6.381919482304526e-06,
        "(5, 32)": 0,
        "(5, 33)": 0.02884575019702491,
        "(5, 34)": 0,
        "(5, 35)": 0,
        "(5, 36)": 0,
        "(5, 37)": 2.0261783858186646e-05,
        "(5, 38)": 2.5742754623979016e-06,
        "(5, 39)": 0.2446236170365768,
        "(6, 10)": 8.124541747014435e-06,
        "(6, 11)": 0,
        "(6, 12)": 0.0012511774762398644,
        "(6, 13)": 1.0670407222992555e-06,
        "(6, 14)": 0,
        "(6, 15)": 3.2774567154121276e-05,
        "(6, 16)": 0,
        "(6, 17)": 0.02021519464835703,
        "(6, 18)": 1.5728928244921367e-05,
        "(6, 19)": 0.0015531892775707587,
        "(6, 20)": 0.17342426452003448,
        "(6, 21)": 0.00012876391980442436,
        "(6, 22)": 0.0006716033924459397,
        "(6, 23)": 0.010715111866274758,
        "(6, 24)": 0.2784800627549111,
        "(6, 25)": 4.256962650183859e-05,
        "(6, 26)": 0,
        "(6, 27)": 0.005580744581203745,
        "(6, 28)": 1.1449003749449651e-06,
        "(6, 29)": 0,
        "(6, 30)": 0.3215075627071481,
        "(6, 31)": 0.05980796568032483,
        "(6, 32)": 0,
        "(6, 33)": 0.03763456354546787,
        "(6, 34)": 0,
        "(6, 35)": 0,
        "(6, 36)": 0,
        "(6, 37)": 0.08892499820449795,
        "(6, 38)": 0,
        "(6, 39)": 2.2792846903392906e-06,
        "(7, 10)": 0,
        "(7, 11)": 3.4912159173281877e-06,
        "(7, 12)": 1.1078084786455702e-06,
        "(7, 13)": 0,
        "(7, 14)": 0.16619319391902657,
        "(7, 15)": 0,
        "(7, 16)": 0.0005239888335976906,
        "(7, 17)": 0,
        "(7, 18)": 0.0006667795981874776,
        "(7, 19)": 0,
        "(7, 20)": 0,
        "(7, 21)": 0,
        "(7, 22)": 3.0362726573853747e-05,
        "(7, 23)": 0.735298232434275,
        "(7, 24)": 0.0006163095544161177,
        "(7, 25)": 0.007030165866768005,
        "(7, 26)": 0.00014168298680166153,
        "(7, 27)": 0.014686565245869027,
        "(7, 28)": 0,
        "(7, 29)": 5.223906230167007e-06,
        "(7, 30)": 0.00016887576239766933,
        "(7, 31)": 0.0001388717824401008,
        "(7, 32)": 0,