{
    "fractional_matching": {
        "(0, 1)": 0.0004146287505580712,
        "(0, 2)": 0.005846232343534468,
        "(0, 3)": 0.027126810768686088,
        "(0, 4)": 0.7154824945691587,
        "(0, 5)": 0.0009765197890246817,
        "(0, 6)": 0.006660449095697982,
        "(0, 7)": 0.05976586359718745,
        "(0, 8)": 0.000964740230093298,
        "(0, 9)": 0.011770386207039197,
        "(0, 10)": 0.17061209657969692
    },
    "edge_arrival_order": [
        "(0, 7)",
        "(0, 9)",
        "(0, 10)",
        "(0, 8)",
        "(0, 6)",
        "(0, 4)",
        "(0, 1)",
        "(0, 5)",
        "(0, 2)",
        "(0, 3)"
    ]
}