{
    "fractional_matching": {
        "(0, 1)": 0.3856490461894624,
        "(0, 2)": 0.14249521231388504,
        "(0, 3)": 0.14350591883747738,
        "(0, 4)": 0.009959527252295956,
        "(1, 5)": 0.26554369016739704,
        "(1, 6)": 0.05586535663051599,
        "(1, 7)": 0.06622720935634505,
        "(1, 8)": 0.11069990061591128,
        "(2, 9)": 0.025839921926284252,
        "(2, 10)": 0.4130316721342466,
        "(2, 11)": 0.020830915452279948,
        "(2, 12)": 0.3350082677795529,
        "(3, 13)": 0.1601767502544014,
        "(3, 14)": 0.0683405772690402,
        "(3, 15)": 0.2500792095128822,
        "(3, 16)": 0.28862434204758264,
        "(4, 17)": 0.07229538240545569,
        "(4, 18)": 0.7941071904823134,
        "(4, 19)": 0.02790896544610605,
        "(4, 20)": 0.07051151829523669,
        "(5, 21)": 0.003171632920158084,
        "(5, 22)": 0.01138908982303612,
        "(5, 23)": 0.6547792608700942,
        "(5, 24)": 0.06287633006342652,
        "(6, 25)": 0.23060271190962242,
        "(6, 26)": 0.1733669971695251,
        "(6, 27)": 0.034315135818408185,
        "(6, 28)": 0.4578174064931487,
        "(7, 29)": 0.156669708058373,
        "(7, 30)": 0.23055929651127974,
        "(7, 31)": 0.30862811997521267,
        "(7, 32)": 0.14218150879651967,
        "(8, 33)": 0.21491600516348053,
        "(8, 34)": 0.20540099723609767,
        "(8, 35)": 0.21022379026468332,
        "(8, 36)": 0.15127951564607717,
        "(9, 37)": 0.23512485183548731,
        "(9, 38)": 0.20558881334731646,
        "(9, 39)": 0.13089276643985337,
        "(9, 40)": 0.2620943463087625,
        "(10, 41)": 0.18412458539333215,
        "(10, 42)": 0.353222609016062,
        "(10, 43)": 0.00400268482380544,
        "(10, 44)": 0.03864170685453286,
        "(11, 45)": 0.47279108686816695,
        "(11, 46)": 0.34593179164879084,
        "(11, 47)": 0.029501803687439123,
        "(11, 48)": 0.1128017807511878,
        "(12, 49)": 0.01095508760141757,
        "(12, 50)": 0.26675058466476664,
        "(12, 51)": 0.29251988678906626,
        "(12, 52)": 0.07399020603038652,
        "(13, 53)": 0.014883268364323072,
        "(13, 54)": 0.127102113308992,
        "(13, 55)": 0.021287327506930936,
        "(13, 56)": 0.6434474424160681,
        "(14, 57)": 0.0083017613138706,
        "(14, 58)": 0.7062366983739223,
        "(14, 59)": 0.00655170907105586,
        "(14, 60)": 0.2022995388817207,
        "(15, 61)": 0.020868000284251752,
        "(15, 62)": 0.010856355262971911,
        "(15, 63)": 0.05792738144796407,
        "(15, 64)": 0.6515772139158607,
        "(16, 65)": 0.5298671194512015,
        "(16, 66)": 0.039623344715303606,
        "(16, 67)": 0.008133332185124601,
        "(16, 68)": 0.11955682052536257,
        "(17, 69)": 0.07356124838258786,
        "(17, 70)": 0.49181511739350103,
        "(17, 71)": 0.019484092843675152,
        "(17, 72)": 0.3125118642391446,
        "(18, 73)": 0.058819721876632286,
        "(18, 74)": 0.016379241730545904,
        "(18, 75)": 0.08150430084809365,
        "(18, 76)": 0.015796545554920362,
        "(19, 77)": 0.26787983693562345,
        "(19, 78)": 0.07989918290599053,
        "(19, 79)": 0.3590151332569711,
        "(19, 80)": 0.15266949842673125,
        "(20, 81)": 0.08454387940573811,
        "(20, 82)": 0.42084397999384804,
        "(20, 83)": 0.07639445536325054,
        "(20, 84)": 0.22294800784336302
    },
    "edge_arrival_order": [
        "(4, 19)",
        "(5, 23)",
        "(5, 21)",
        "(7, 31)",
        "(2, 10)",
        "(6, 28)",
        "(10, 41)",
        "(11, 47)",
        "(18, 75)",
        "(16, 65)",
        "(20, 84)",
        "(15, 62)",
        "(1, 8)",
        "(12, 51)",
        "(19, 78)",
        "(2, 11)",
        "(1, 6)",
        "(8, 35)",
        "(20, 83)",
        "(6, 26)",
        "(20, 81)",
        "(3, 15)",
        "(4, 17)",
        "(19, 80)",
        "(17, 69)",
        "(19, 77)",
        "(10, 42)",
        "(5, 22)",
        "(12, 49)",
        "(20, 82)",
        "(15, 64)",
        "(14, 59)",
        "(12, 52)",
        "(9, 37)",
        "(9, 38)",
        "(19, 79)",
        "(0, 1)",
        "(5, 24)",
        "(7, 32)",
        "(13, 56)",
        "(16, 66)",
        "(11, 45)",
        "(14, 57)",
        "(13, 53)",
        "(18, 73)",
        "(8, 34)",
        "(13, 55)",
        "(1, 5)",
        "(10, 43)",
        "(18, 74)",
        "(15, 63)",
        "(11, 46)",
        "(14, 60)",
        "(7, 29)",
        "(3, 14)",
        "(8, 36)",
        "(18, 76)",
        "(9, 40)",
        "(16, 68)",
        "(2, 12)",
        "(3, 16)",
        "(14, 58)",
        "(6, 25)",
        "(4, 20)",
        "(0, 4)",
        "(12, 50)",
        "(4, 18)",
        "(1, 7)",
        "(17, 71)",
        "(0, 3)",
        "(6, 27)",
        "(8, 33)",
        "(10, 44)",
        "(2, 9)",
        "(11, 48)",
        "(3, 13)",
        "(7, 30)",
        "(13, 54)",
        "(17, 70)",
        "(9, 39)",
        "(16, 67)",
        "(15, 61)",
        "(0, 2)",
        "(17, 72)"
    ]
}