{
    "fractional_matching": {
        "(0, 1)": 0.6131038203905697,
        "(0, 2)": 0.18090219890090806,
        "(1, 3)": 0.19409107532020653,
        "(1, 4)": 0.10957181618085847,
        "(2, 5)": 0.4762575554410757,
        "(2, 6)": 0.2738356328469254,
        "(3, 7)": 0.2089205018657733,
        "(3, 8)": 0.33419709576435364,
        "(4, 9)": 0.0794103187277535,
        "(4, 10)": 0.29484045798263914,
        "(5, 11)": 0.07192948319046462,
        "(5, 12)": 0.4007685522126414,
        "(6, 13)": 0.12328560511580518,
        "(6, 14)": 0.4803285670250919,
        "(7, 15)": 0.0861022584483352,
        "(7, 16)": 0.25021369656428843,
        "(8, 17)": 0.23860980025151382,
        "(8, 18)": 0.2951367619462685,
        "(9, 19)": 0.4248673796316223,
        "(9, 20)": 0.3886794267823437,
        "(10, 21)": 0.13678382324129762,
        "(10, 22)": 0.21637662389559456,
        "(11, 23)": 0.6157324249271807,
        "(11, 24)": 0.17934851265080193,
        "(12, 25)": 0.06945290289084073,
        "(12, 26)": 0.4333072472265388,
        "(13, 27)": 0.030234100419227087,
        "(13, 28)": 0.31376027126448985,
        "(14, 29)": 0.11313506096072941,
        "(14, 30)": 0.29867170045012725,
        "(15, 31)": 0.07149027689417439,
        "(15, 32)": 0.6986733237985514,
        "(16, 33)": 0.5138128891148209,
        "(16, 34)": 0.11766874723512366,
        "(17, 35)": 0.4833864728629613,
        "(17, 36)": 0.1691640150893471,
        "(18, 37)": 0.24444725111919655,
        "(18, 38)": 0.35768306374155673,
        "(19, 39)": 0.15278461636668278,
        "(19, 40)": 0.21673452367019588,
        "(20, 41)": 0.3533655885655602,
        "(20, 42)": 0.07336091342214571,
        "(21, 43)": 0.16937267718041368,
        "(21, 44)": 0.6514744141270612,
        "(22, 45)": 0.11939568091489562,
        "(22, 46)": 0.237726182530125,
        "(23, 47)": 0.2732921867453172,
        "(23, 48)": 0.06865993747952114,
        "(24, 49)": 0.08978756227575095,
        "(24, 50)": 0.5383628744143802,
        "(25, 51)": 0.1577270404840077,
        "(25, 52)": 0.39353197826072484,
        "(26, 53)": 0.26562970870376423,
        "(26, 54)": 0.1473313085330303,
        "(27, 55)": 0.17434882265997245,
        "(27, 56)": 0.7695041608737048,
        "(28, 57)": 0.06412380667852037,
        "(28, 58)": 0.4892177537343385,
        "(29, 59)": 0.15475285756986723,
        "(29, 60)": 0.47491914925773276,
        "(30, 61)": 0.1684811809660928,
        "(30, 62)": 0.4687375255607871
    },
    "edge_arrival_order": [
        "(20, 42)",
        "(4, 9)",
        "(19, 39)",
        "(7, 16)",
        "(26, 53)",
        "(11, 24)",
        "(19, 40)",
        "(1, 4)",
        "(21, 44)",
        "(8, 18)",
        "(2, 5)",
        "(25, 52)",
        "(14, 29)",
        "(16, 34)",
        "(9, 19)",
        "(5, 11)",
        "(29, 59)",
        "(25, 51)",
        "(24, 50)",
        "(10, 22)",
        "(24, 49)",
        "(3, 7)",
        "(6, 14)",
        "(20, 41)",
        "(18, 37)",
        "(17, 36)",
        "(15, 32)",
        "(29, 60)",
        "(0, 2)",
        "(3, 8)",
        "(13, 27)",
        "(14, 30)",
        "(0, 1)",
        "(27, 56)",
        "(7, 15)",
        "(18, 38)",
        "(8, 17)",
        "(1, 3)",
        "(22, 46)",
        "(13, 28)",
        "(10, 21)",
        "(12, 26)",
        "(16, 33)",
        "(22, 45)",
        "(12, 25)",
        "(17, 35)",
        "(15, 31)",
        "(21, 43)",
        "(23, 47)",
        "(11, 23)",
        "(27, 55)",
        "(28, 57)",
        "(5, 12)",
        "(28, 58)",
        "(30, 62)",
        "(26, 54)",
        "(9, 20)",
        "(23, 48)",
        "(4, 10)",
        "(6, 13)",
        "(30, 61)",
        "(2, 6)"
    ]
}