{
    "fractional_matching": {
        "(0, 1)": 0.5337544477272835,
        "(0, 2)": 0.15370099559306585,
        "(0, 3)": 0.08053309905253563,
        "(1, 4)": 0.041722655225576964,
        "(1, 5)": 0.18361763862867242,
        "(1, 6)": 0.04348544743911144,
        "(2, 7)": 0.017683466237232146,
        "(2, 8)": 0.18441869836518088,
        "(2, 9)": 0.14758399050930518,
        "(3, 10)": 0.01440057813214862,
        "(3, 11)": 0.14851976106049355,
        "(3, 12)": 0.5821924914235628,
        "(4, 13)": 0.5670748095629902,
        "(4, 14)": 0.14751419966657317,
        "(4, 15)": 0.2269975998441521,
        "(5, 16)": 0.055976564847990254,
        "(5, 17)": 0.6938039573654493,
        "(5, 18)": 0.025375195852943302,
        "(6, 19)": 0.5193011868111848,
        "(6, 20)": 0.35067800123900295,
        "(6, 21)": 0.030385263494882787,
        "(7, 22)": 0.39191166338175437,
        "(7, 23)": 0.16123038362115333,
        "(7, 24)": 0.395832371519939,
        "(8, 25)": 0.23927222385101707,
        "(8, 26)": 0.48175525246997825,
        "(8, 27)": 0.02918196934307009,
        "(9, 28)": 0.1614695786912019,
        "(9, 29)": 0.08897232334223,
        "(9, 30)": 0.47043759150041903,
        "(10, 31)": 0.042222591210936286,
        "(10, 32)": 0.6950846489611948,
        "(10, 33)": 0.23768781636481234,
        "(11, 34)": 0.12500251800004117,
        "(11, 35)": 0.18443238140161303,
        "(11, 36)": 0.37001968571547955,
        "(12, 37)": 0.0804400179595288,
        "(12, 38)": 0.05851524927738451,
        "(12, 39)": 0.2579960880470681
    },
    "edge_arrival_order": [
        "(10, 32)",
        "(1, 5)",
        "(0, 3)",
        "(2, 7)",
        "(8, 27)",
        "(6, 21)",
        "(10, 33)",
        "(6, 19)",
        "(2, 8)",
        "(12, 37)",
        "(4, 15)",
        "(10, 31)",
        "(8, 26)",
        "(1, 4)",
        "(0, 1)",
        "(2, 9)",
        "(0, 2)",
        "(8, 25)",
        "(4, 14)",
        "(3, 11)",
        "(7, 23)",
        "(5, 17)",
        "(9, 29)",
        "(12, 38)",
        "(5, 18)",
        "(5, 16)",
        "(7, 22)",
        "(9, 28)",
        "(7, 24)",
        "(9, 30)",
        "(11, 34)",
        "(11, 35)",
        "(11, 36)",
        "(3, 12)",
        "(12, 39)",
        "(6, 20)",
        "(3, 10)",
        "(4, 13)",
        "(1, 6)"
    ]
}