{
    "fractional_matching": {
        "(0, 1)": 0.3333333333333333,
        "(0, 2)": 0.3333333333333333,
        "(1, 3)": 0.3333333333333333,
        "(1, 4)": 0.3333333333333333,
        "(2, 5)": 0.3333333333333333,
        "(2, 6)": 0.3333333333333333,
        "(3, 7)": 0.3333333333333333,
        "(3, 8)": 0.3333333333333333,
        "(4, 9)": 0.3333333333333333,
        "(4, 10)": 0.3333333333333333,
        "(5, 11)": 0.3333333333333333,
        "(5, 12)": 0.3333333333333333,
        "(6, 13)": 0.3333333333333333,
        "(6, 14)": 0.3333333333333333
    },
    "edge_arrival_order": [
        "(3, 7)",
        "(4, 10)",
        "(2, 6)",
        "(1, 3)",
        "(6, 13)",
        "(6, 14)",
        "(5, 11)",
        "(0, 2)",
        "(0, 1)",
        "(4, 9)",
        "(5, 12)",
        "(3, 8)",
        "(1, 4)",
        "(2, 5)"
    ]
}