{
    "fractional_matching": {
        "(0, 1)": 0.05263157894736842,
        "(0, 2)": 0.05263157894736842,
        "(0, 3)": 0.05263157894736842,
        "(0, 4)": 0.05263157894736842,
        "(0, 5)": 0.05263157894736842,
        "(0, 6)": 0.05263157894736842,
        "(0, 7)": 0.05263157894736842,
        "(0, 8)": 0.05263157894736842,
        "(0, 9)": 0.05263157894736842,
        "(0, 10)": 0.05263157894736842,
        "(0, 11)": 0.05263157894736842,
        "(0, 12)": 0.05263157894736842,
        "(0, 13)": 0.05263157894736842,
        "(0, 14)": 0.05263157894736842,
        "(0, 15)": 0.05263157894736842,
        "(0, 16)": 0.05263157894736842,
        "(0, 17)": 0.05263157894736842,
        "(0, 18)": 0.05263157894736842,
        "(0, 19)": 0.05263157894736842,
        "(1, 2)": 0.05263157894736842,
        "(1, 3)": 0.05263157894736842,
        "(1, 4)": 0.05263157894736842,
        "(1, 5)": 0.05263157894736842,
        "(1, 6)": 0.05263157894736842,
        "(1, 7)": 0.05263157894736842,
        "(1, 8)": 0.05263157894736842,
        "(1, 9)": 0.05263157894736842,
        "(1, 10)": 0.05263157894736842,
        "(1, 11)": 0.05263157894736842,
        "(1, 12)": 0.05263157894736842,
        "(1, 13)": 0.05263157894736842,
        "(1, 14)": 0.05263157894736842,
        "(1, 15)": 0.05263157894736842,
        "(1, 16)": 0.05263157894736842,
        "(1, 17)": 0.05263157894736842,
        "(1, 18)": 0.05263157894736842,
        "(1, 19)": 0.05263157894736842,
        "(2, 3)": 0.05263157894736842,
        "(2, 4)": 0.05263157894736842,
        "(2, 5)": 0.05263157894736842,
        "(2, 6)": 0.05263157894736842,
        "(2, 7)": 0.05263157894736842,
        "(2, 8)": 0.05263157894736842,
        "(2, 9)": 0.05263157894736842,
        "(2, 10)": 0.05263157894736842,
        "(2, 11)": 0.05263157894736842,
        "(2, 12)": 0.05263157894736842,
        "(2, 13)": 0.05263157894736842,
        "(2, 14)": 0.05263157894736842,
        "(2, 15)": 0.05263157894736842,
        "(2, 16)": 0.05263157894736842,
        "(2, 17)": 0.05263157894736842,
        "(2, 18)": 0.05263157894736842,
        "(2, 19)": 0.05263157894736842,
        "(3, 4)": 0.05263157894736842,
        "(3, 5)": 0.05263157894736842,
        "(3, 6)": 0.05263157894736842,
        "(3, 7)": 0.05263157894736842,
        "(3, 8)": 0.05263157894736842,
        "(3, 9)": 0.05263157894736842,
        "(3, 10)": 0.05263157894736842,
        "(3, 11)": 0.05263157894736842,
        "(3, 12)": 0.05263157894736842,
        "(3, 13)": 0.05263157894736842,
        "(3, 14)": 0.05263157894736842,
        "(3, 15)": 0.05263157894736842,
        "(3, 16)": 0.05263157894736842,
        "(3, 17)": 0.05263157894736842,
        "(3, 18)": 0.05263157894736842,
        "(3, 19)": 0.05263157894736842,
        "(4, 5)": 0.05263157894736842,
        "(4, 6)": 0.05263157894736842,
        "(4, 7)": 0.05263157894736842,
        "(4, 8)": 0.05263157894736842,
        "(4, 9)": 0.05263157894736842,
        "(4, 10)": 0.05263157894736842,
        "(4, 11)": 0.05263157894736842,
        "(4, 12)": 0.05263157894736842,
        "(4, 13)": 0.05263157894736842,
        "(4, 14)": 0.05263157894736842,
        "(4, 15)": 0.05263157894736842,
        "(4, 16)": 0.05263157894736842,
        "(4, 17)": 0.05263157894736842,
        "(4, 18)": 0.05263157894736842,
        "(4, 19)": 0.05263157894736842,
        "(5, 6)": 0.05263157894736842,
        "(5, 7)": 0.05263157894736842,
        "(5, 8)": 0.05263157894736842,
        "(5, 9)": 0.05263157894736842,
        "(5, 10)": 0.05263157894736842,
        "(5, 11)": 0.05263157894736842,
        "(5, 12)": 0.05263157894736842,
        "(5, 13)": 0.05263157894736842,
        "(5, 14)": 0.05263157894736842,
        "(5, 15)": 0.05263157894736842,
        "(5, 16)": 0.05263157894736842,
        "(5, 17)": 0.05263157894736842,
        "(5, 18)": 0.05263157894736842,
        "(5, 19)": 0.05263157894736842,
        "(6, 7)": 0.05263157894736842,
        "(6, 8)": 0.05263157894736842,
        "(6, 9)": 0.05263157894736842,
        "(6, 10)": 0.05263157894736842,
        "(6, 11)": 0.05263157894736842,
        "(6, 12)": 0.05263157894736842,
        "(6, 13)": 0.05263157894736842,
        "(6, 14)": 0.05263157894736842,
        "(6, 15)": 0.05263157894736842,
        "(6, 16)": 0.05263157894736842,
        "(6, 17)": 0.05263157894736842,
        "(6, 18)": 0.05263157894736842,
        "(6, 19)": 0.05263157894736842,
        "(7, 8)": 0.05263157894736842,
        "(7, 9)": 0.05263157894736842,
        "(7, 10)": 0.05263157894736842,
        "(7, 11)": 0.05263157894736842,
        "(7, 12)": 0.05263157894736842,
        "(7, 13)": 0.05263157894736842,
        "(7, 14)": 0.05263157894736842,
        "(7, 15)": 0.05263157894736842,
        "(7, 16)": 0.05263157894736842,
        "(7, 17)": 0.05263157894736842,
        "(7, 18)": 0.05263157894736842,
        "(7, 19)": 0.05263157894736842,
        "(8, 9)": 0.05263157894736842,
        "(8, 10)": 0.05263157894736842,
        "(8, 11)": 0.05263157894736842,
        "(8, 12)": 0.05263157894736842,
        "(8, 13)": 0.05263157894736842,
        "(8, 14)": 0.05263157894736842,
        "(8, 15)": 0.05263157894736842,
        "(8, 16)": 0.05263157894736842,
        "(8, 17)": 0.05263157894736842,
        "(8, 18)": 0.05263157894736842,
        "(8, 19)": 0.05263157894736842,
        "(9, 10)": 0.05263157894736842,
        "(9, 11)": 0.05263157894736842,
        "(9, 12)": 0.05263157894736842,
        "(9, 13)": 0.05263157894736842,
        "(9, 14)": 0.05263157894736842,
        "(9, 15)": 0.05263157894736842,
        "(9, 16)": 0.05263157894736842,
        "(9, 17)": 0.05263157894736842,
        "(9, 18)": 0.05263157894736842,
        "(9, 19)": 0.05263157894736842,
        "(10, 11)": 0.05263157894736842,
        "(10, 12)": 0.05263157894736842,
        "(10, 13)": 0.05263157894736842,
        "(10, 14)": 0.05263157894736842,
        "(10, 15)": 0.05263157894736842,
        "(10, 16)": 0.05263157894736842,
        "(10, 17)": 0.05263157894736842,
        "(10, 18)": 0.05263157894736842,
        "(10, 19)": 0.05263157894736842,
        "(11, 12)": 0.05263157894736842,
        "(11, 13)": 0.05263157894736842,
        "(11, 14)": 0.05263157894736842,
        "(11, 15)": 0.05263157894736842,
        "(11, 16)": 0.05263157894736842,
        "(11, 17)": 0.05263157894736842,
        "(11, 18)": 0.05263157894736842,
        "(11, 19)": 0.05263157894736842,
        "(12, 13)": 0.05263157894736842,
        "(12, 14)": 0.05263157894736842,
        "(12, 15)": 0.05263157894736842,
        "(12, 16)": 0.05263157894736842,
        "(12, 17)": 0.05263157894736842,
        "(12, 18)": 0.05263157894736842,
        "(12, 19)": 0.05263157894736842,
        "(13, 14)": 0.05263157894736842,
        "(13, 15)": 0.05263157894736842,
        "(13, 16)": 0.05263157894736842,
        "(13, 17)": 0.05263157894736842,
        "(13, 18)": 0.05263157894736842,
        "(13, 19)": 0.05263157894736842,
        "(14, 15)": 0.05263157894736842,
        "(14, 16)": 0.05263157894736842,
        "(14, 17)": 0.05263157894736842,
        "(14, 18)": 0.05263157894736842,
        "(14, 19)": 0.05263157894736842,
        "(15, 16)": 0.05263157894736842,
        "(15, 17)": 0.05263157894736842,
        "(15, 18)": 0.05263157894736842,
        "(15, 19)": 0.05263157894736842,
        "(16, 17)": 0.05263157894736842,
        "(16, 18)": 0.05263157894736842,
        "(16, 19)": 0.05263157894736842,
        "(17, 18)": 0.05263157894736842,
        "(17, 19)": 0.05263157894736842,
        "(18, 19)": 0.05263157894736842
    },