{
    "fractional_matching": {
        "(0, 10)": 0.03333333333333333,
        "(0, 11)": 0.03333333333333333,
        "(0, 12)": 0.03333333333333333,
        "(0, 13)": 0.03333333333333333,
        "(0, 14)": 0.03333333333333333,
        "(0, 15)": 0.03333333333333333,
        "(0, 16)": 0.03333333333333333,
        "(0, 17)": 0.03333333333333333,
        "(0, 18)": 0.03333333333333333,
        "(0, 19)": 0.03333333333333333,
        "(0, 20)": 0.03333333333333333,
        "(0, 21)": 0.03333333333333333,
        "(0, 22)": 0.03333333333333333,
        "(0, 23)": 0.03333333333333333,
        "(0, 24)": 0.03333333333333333,
        "(0, 25)": 0.03333333333333333,
        "(0, 26)": 0.03333333333333333,
        "(0, 27)": 0.03333333333333333,
        "(0, 28)": 0.03333333333333333,
        "(0, 29)": 0.03333333333333333,
        "(0, 30)": 0.03333333333333333,
        "(0, 31)": 0.03333333333333333,
        "(0, 32)": 0.03333333333333333,
        "(0, 33)": 0.03333333333333333,
        "(0, 34)": 0.03333333333333333,
        "(0, 35)": 0.03333333333333333,
        "(0, 36)": 0.03333333333333333,
        "(0, 37)": 0.03333333333333333,
        "(0, 38)": 0.03333333333333333,
        "(0, 39)": 0.03333333333333333,
        "(1, 10)": 0.03333333333333333,
        "(1, 11)": 0.03333333333333333,
        "(1, 12)": 0.03333333333333333,
        "(1, 13)": 0.03333333333333333,
        "(1, 14)": 0.03333333333333333,
        "(1, 15)": 0.03333333333333333,
        "(1, 16)": 0.03333333333333333,
        "(1, 17)": 0.03333333333333333,
        "(1, 18)": 0.03333333333333333,
        "(1, 19)": 0.03333333333333333,
        "(1, 20)": 0.03333333333333333,
        "(1, 21)": 0.03333333333333333,
        "(1, 22)": 0.03333333333333333,
        "(1, 23)": 0.03333333333333333,
        "(1, 24)": 0.03333333333333333,
        "(1, 25)": 0.03333333333333333,
        "(1, 26)": 0.03333333333333333,
        "(1, 27)": 0.03333333333333333,
        "(1, 28)": 0.03333333333333333,
        "(1, 29)": 0.03333333333333333,
        "(1, 30)": 0.03333333333333333,
        "(1, 31)": 0.03333333333333333,
        "(1, 32)": 0.03333333333333333,
        "(1, 33)": 0.03333333333333333,
        "(1, 34)": 0.03333333333333333,
        "(1, 35)": 0.03333333333333333,
        "(1, 36)": 0.03333333333333333,
        "(1, 37)": 0.03333333333333333,
        "(1, 38)": 0.03333333333333333,
        "(1, 39)": 0.03333333333333333,
        "(2, 10)": 0.03333333333333333,
        "(2, 11)": 0.03333333333333333,
        "(2, 12)": 0.03333333333333333,
        "(2, 13)": 0.03333333333333333,
        "(2, 14)": 0.03333333333333333,
        "(2, 15)": 0.03333333333333333,
        "(2, 16)": 0.03333333333333333,
        "(2, 17)": 0.03333333333333333,
        "(2, 18)": 0.03333333333333333,
        "(2, 19)": 0.03333333333333333,
        "(2, 20)": 0.03333333333333333,
        "(2, 21)": 0.03333333333333333,
        "(2, 22)": 0.03333333333333333,
        "(2, 23)": 0.03333333333333333,
        "(2, 24)": 0.03333333333333333,
        "(2, 25)": 0.03333333333333333,
        "(2, 26)": 0.03333333333333333,
        "(2, 27)": 0.03333333333333333,
        "(2, 28)": 0.03333333333333333,
        "(2, 29)": 0.03333333333333333,
        "(2, 30)": 0.03333333333333333,
        "(2, 31)": 0.03333333333333333,
        "(2, 32)": 0.03333333333333333,
        "(2, 33)": 0.03333333333333333,
        "(2, 34)": 0.03333333333333333,
        "(2, 35)": 0.03333333333333333,
        "(2, 36)": 0.03333333333333333,
        "(2, 37)": 0.03333333333333333,
        "(2, 38)": 0.03333333333333333,
        "(2, 39)": 0.03333333333333333,
        "(3, 10)": 0.03333333333333333,
        "(3, 11)": 0.03333333333333333,
        "(3, 12)": 0.03333333333333333,
        "(3, 13)": 0.03333333333333333,
        "(3, 14)": 0.03333333333333333,
        "(3, 15)": 0.03333333333333333,
        "(3, 16)": 0.03333333333333333,
        "(3, 17)": 0.03333333333333333,
        "(3, 18)": 0.03333333333333333,
        "(3, 19)": 0.03333333333333333,
        "(3, 20)": 0.03333333333333333,
        "(3, 21)": 0.03333333333333333,
        "(3, 22)": 0.03333333333333333,
        "(3, 23)": 0.03333333333333333,
        "(3, 24)": 0.03333333333333333,
        "(3, 25)": 0.03333333333333333,
        "(3, 26)": 0.03333333333333333,
        "(3, 27)": 0.03333333333333333,
        "(3, 28)": 0.03333333333333333,
        "(3, 29)": 0.03333333333333333,
        "(3, 30)": 0.03333333333333333,
        "(3, 31)": 0.03333333333333333,
        "(3, 32)": 0.03333333333333333,
        "(3, 33)": 0.03333333333333333,
        "(3, 34)": 0.03333333333333333,
        "(3, 35)": 0.03333333333333333,
        "(3, 36)": 0.03333333333333333,
        "(3, 37)": 0.03333333333333333,
        "(3, 38)": 0.03333333333333333,
        "(3, 39)": 0.03333333333333333,
        "(4, 10)": 0.03333333333333333,
        "(4, 11)": 0.03333333333333333,
        "(4, 12)": 0.03333333333333333,
        "(4, 13)": 0.03333333333333333,
        "(4, 14)": 0.03333333333333333,
        "(4, 15)": 0.03333333333333333,
        "(4, 16)": 0.03333333333333333,
        "(4, 17)": 0.03333333333333333,
        "(4, 18)": 0.03333333333333333,
        "(4, 19)": 0.03333333333333333,
        "(4, 20)": 0.03333333333333333,
        "(4, 21)": 0.03333333333333333,
        "(4, 22)": 0.03333333333333333,
        "(4, 23)": 0.03333333333333333,
        "(4, 24)": 0.03333333333333333,
        "(4, 25)": 0.03333333333333333,
        "(4, 26)": 0.03333333333333333,
        "(4, 27)": 0.03333333333333333,
        "(4, 28)": 0.03333333333333333,
        "(4, 29)": 0.03333333333333333,
        "(4, 30)": 0.03333333333333333,
        "(4, 31)": 0.03333333333333333,
        "(4, 32)": 0.03333333333333333,
        "(4, 33)": 0.03333333333333333,
        "(4, 34)": 0.03333333333333333,
        "(4, 35)": 0.03333333333333333,
        "(4, 36)": 0.03333333333333333,
        "(4, 37)": 0.03333333333333333,
        "(4, 38)": 0.03333333333333333,
        "(4, 39)": 0.03333333333333333,
        "(5, 10)": 0.03333333333333333,
        "(5, 11)": 0.03333333333333333,
        "(5, 12)": 0.03333333333333333,
        "(5, 13)": 0.03333333333333333,
        "(5, 14)": 0.03333333333333333,
        "(5, 15)": 0.03333333333333333,
        "(5, 16)": 0.03333333333333333,
        "(5, 17)": 0.03333333333333333,
        "(5, 18)": 0.03333333333333333,
        "(5, 19)": 0.03333333333333333,
        "(5, 20)": 0.03333333333333333,
        "(5, 21)": 0.03333333333333333,
        "(5, 22)": 0.03333333333333333,
        "(5, 23)": 0.03333333333333333,
        "(5, 24)": 0.03333333333333333,
        "(5, 25)": 0.03333333333333333,
        "(5, 26)": 0.03333333333333333,
        "(5, 27)": 0.03333333333333333,
        "(5, 28)": 0.03333333333333333,
        "(5, 29)": 0.03333333333333333,
        "(5, 30)": 0.03333333333333333,
        "(5, 31)": 0.03333333333333333,
        "(5, 32)": 0.03333333333333333,
        "(5, 33)": 0.03333333333333333,
        "(5, 34)": 0.03333333333333333,
        "(5, 35)": 0.03333333333333333,
        "(5, 36)": 0.03333333333333333,
        "(5, 37)": 0.03333333333333333,
        "(5, 38)": 0.03333333333333333,
        "(5, 39)": 0.03333333333333333,
        "(6, 10)": 0.03333333333333333,
        "(6, 11)": 0.03333333333333333,
        "(6, 12)": 0.03333333333333333,
        "(6, 13)": 0.03333333333333333,
        "(6, 14)": 0.03333333333333333,
        "(6, 15)": 0.03333333333333333,
        "(6, 16)": 0.03333333333333333,
        "(6, 17)": 0.03333333333333333,
        "(6, 18)": 0.03333333333333333,
        "(6, 19)": 0.03333333333333333,
        "(6, 20)": 0.03333333333333333,
        "(6, 21)": 0.03333333333333333,
        "(6, 22)": 0.03333333333333333,
        "(6, 23)": 0.03333333333333333,
        "(6, 24)": 0.03333333333333333,
        "(6, 25)": 0.03333333333333333,
        "(6, 26)": 0.03333333333333333,
        "(6, 27)": 0.03333333333333333,
        "(6, 28)": 0.03333333333333333,