{
    "fractional_matching": {
        "(0, 1)": 0.3333333333333333,
        "(0, 2)": 0.3333333333333333,
        "(1, 3)": 0.3333333333333333,
        "(1, 4)": 0.3333333333333333,
        "(2, 5)": 0.3333333333333333,
        "(2, 6)": 0.3333333333333333,
        "(3, 7)": 0.3333333333333333,
        "(3, 8)": 0.3333333333333333,
        "(4, 9)": 0.3333333333333333,
        "(4, 10)": 0.3333333333333333,
        "(5, 11)": 0.3333333333333333,
        "(5, 12)": 0.3333333333333333,
        "(6, 13)": 0.3333333333333333,
        "(6, 14)": 0.3333333333333333,
        "(7, 15)": 0.3333333333333333,
        "(7, 16)": 0.3333333333333333,
        "(8, 17)": 0.3333333333333333,
        "(8, 18)": 0.3333333333333333,
        "(9, 19)": 0.3333333333333333,
        "(9, 20)": 0.3333333333333333,
        "(10, 21)": 0.3333333333333333,
        "(10, 22)": 0.3333333333333333,
        "(11, 23)": 0.3333333333333333,
        "(11, 24)": 0.3333333333333333,
        "(12, 25)": 0.3333333333333333,
        "(12, 26)": 0.3333333333333333,
        "(13, 27)": 0.3333333333333333,
        "(13, 28)": 0.3333333333333333,
        "(14, 29)": 0.3333333333333333,
        "(14, 30)": 0.3333333333333333
    },
    "edge_arrival_order": [
        "(11, 24)",
        "(13, 27)",
        "(9, 20)",
        "(5, 12)",
        "(12, 25)",
        "(6, 14)",
        "(0, 1)",
        "(2, 6)",
        "(6, 13)",
        "(12, 26)",
        "(5, 11)",
        "(3, 7)",
        "(2, 5)",
        "(14, 30)",
        "(10, 21)",
        "(11, 23)",
        "(1, 3)",
        "(10, 22)",
        "(9, 19)",
        "(4, 10)",
        "(7, 16)",
        "(8, 17)",
        "(14, 29)",
        "(1, 4)",
        "(0, 2)",
        "(8, 18)",
        "(13, 28)",
        "(7, 15)",
        "(3, 8)",
        "(4, 9)"
    ]
}